solid OpenSCAD_Model
  facet normal -0.703886 -0.0693303 -0.706921
    outer loop
      vertex -8.923 -1.17474 141.15
      vertex -9.27001 -1.22042 141.5
      vertex -8.98073 -0.588628 141.15
    endloop
  endfacet
  facet normal 0.600641 -0.373501 -0.706914
    outer loop
      vertex 7.77424 -5.19458 141.5
      vertex 7.48323 -5.00013 141.15
      vertex 7.79423 -4.5 141.15
    endloop
  endfacet
  facet normal 0.706917 0.0231432 -0.706917
    outer loop
      vertex 9.35 0 141.5
      vertex 9 0 141.15
      vertex 9.32998 0.611519 141.5
    endloop
  endfacet
  facet normal 0.706918 0.0231425 -0.706917
    outer loop
      vertex 9 0 141.15
      vertex 8.98073 0.588628 141.15
      vertex 9.32998 0.611519 141.5
    endloop
  endfacet
  facet normal -0.703891 0.0693255 -0.706917
    outer loop
      vertex -8.98073 0.588628 141.15
      vertex -9.32998 0.611519 141.5
      vertex -9.27001 1.22042 141.5
    endloop
  endfacet
  facet normal -0.661966 -0.249155 -0.70691
    outer loop
      vertex -8.63827 -3.57809 141.5
      vertex -8.8538 -3.00546 141.5
      vertex -8.31492 -3.44415 141.15
    endloop
  endfacet
  facet normal 0.249155 -0.661966 -0.70691
    outer loop
      vertex 3.57809 -8.63827 141.5
      vertex 3.00546 -8.8538 141.5
      vertex 3.44415 -8.31492 141.15
    endloop
  endfacet
  facet normal 0.688826 -0.160603 -0.706912
    outer loop
      vertex 9.03141 -2.41996 141.5
      vertex 8.82707 -1.75581 141.15
      vertex 9.17034 -1.82409 141.5
    endloop
  endfacet
  facet normal 0.373501 -0.600641 -0.706914
    outer loop
      vertex 5.19458 -7.77424 141.5
      vertex 4.5 -7.79423 141.15
      vertex 5.00013 -7.48323 141.15
    endloop
  endfacet
  facet normal -0.697853 0.11522 -0.706912
    outer loop
      vertex -8.82707 1.75581 141.15
      vertex -9.27001 1.22042 141.5
      vertex -9.17034 1.82409 141.5
    endloop
  endfacet
  facet normal 0.697853 -0.11522 -0.706912
    outer loop
      vertex 9.17034 -1.82409 141.5
      vertex 8.82707 -1.75581 141.15
      vertex 9.27001 -1.22042 141.5
    endloop
  endfacet
  facet normal -0.449052 -0.54718 -0.706361
    outer loop
      vertex -5.47885 -7.14018 141.15
      vertex -5.8135 -7.08629 141.321
      vertex -5.69225 -6.96505 141.15
    endloop
  endfacet
  facet normal 0.706918 -0.0231425 -0.706917
    outer loop
      vertex 9.32998 -0.611519 141.5
      vertex 8.98073 -0.588628 141.15
      vertex 9 0 141.15
    endloop
  endfacet
  facet normal -0.411987 -0.574925 -0.706914
    outer loop
      vertex -5.19458 -7.77424 141.5
      vertex -5.69192 -7.41785 141.5
      vertex -5.00013 -7.48323 141.15
    endloop
  endfacet
  facet normal -0.600641 0.373501 -0.706914
    outer loop
      vertex -7.48323 5.00013 141.15
      vertex -7.79423 4.5 141.15
      vertex -7.77424 5.19458 141.5
    endloop
  endfacet
  facet normal -0.574925 -0.411987 -0.706914
    outer loop
      vertex -7.41785 -5.69192 141.5
      vertex -7.77424 -5.19458 141.5
      vertex -7.48323 -5.00013 141.15
    endloop
  endfacet
  facet normal -0.644249 -0.291901 -0.706921
    outer loop
      vertex -8.38576 -4.1354 141.5
      vertex -8.63827 -3.57809 141.5
      vertex -8.07185 -3.9806 141.15
    endloop
  endfacet
  facet normal -0.0693255 -0.703891 -0.706917
    outer loop
      vertex -0.611519 -9.32998 141.5
      vertex -1.22042 -9.27001 141.5
      vertex -0.588628 -8.98073 141.15
    endloop
  endfacet
  facet normal -0.703891 -0.0693255 -0.706917
    outer loop
      vertex -9.27001 -1.22042 141.5
      vertex -9.32998 -0.611519 141.5
      vertex -8.98073 -0.588628 141.15
    endloop
  endfacet
  facet normal -0.697853 -0.11522 -0.706912
    outer loop
      vertex -9.17034 -1.82409 141.5
      vertex -9.27001 -1.22042 141.5
      vertex -8.82707 -1.75581 141.15
    endloop
  endfacet
  facet normal 0.333411 -0.623779 -0.706921
    outer loop
      vertex 4.1354 -8.38576 141.5
      vertex 3.9806 -8.07185 141.15
      vertex 4.5 -7.79423 141.15
    endloop
  endfacet
  facet normal -0.11522 0.697853 -0.706912
    outer loop
      vertex -1.75581 8.82707 141.15
      vertex -1.82409 9.17034 141.5
      vertex -1.22042 9.27001 141.5
    endloop
  endfacet
  facet normal 0.411987 -0.574925 -0.706914
    outer loop
      vertex 5.19458 -7.77424 141.5
      vertex 5.00013 -7.48323 141.15
      vertex 5.69192 -7.41785 141.5
    endloop
  endfacet
  facet normal -0.249135 -0.661959 -0.706924
    outer loop
      vertex -3.00546 -8.8538 141.5
      vertex -3.44415 -8.31492 141.15
      vertex -2.89295 -8.52237 141.15
    endloop
  endfacet
  facet normal 0.0231432 0.706917 -0.706917
    outer loop
      vertex 0.611519 9.32998 141.5
      vertex 0 9 141.15
      vertex 0 9.35 141.5
    endloop
  endfacet
  facet normal 0.703886 -0.0693303 -0.706921
    outer loop
      vertex 9.27001 -1.22042 141.5
      vertex 8.923 -1.17474 141.15
      vertex 8.98073 -0.588628 141.15
    endloop
  endfacet
  facet normal 0.706917 -0.0231432 -0.706917
    outer loop
      vertex 9.32998 -0.611519 141.5
      vertex 9 0 141.15
      vertex 9.35 0 141.5
    endloop
  endfacet
  facet normal -0.706918 -0.0231425 -0.706917
    outer loop
      vertex -8.98073 -0.588628 141.15
      vertex -9.32998 -0.611519 141.5
      vertex -9 0 141.15
    endloop
  endfacet
  facet normal 0.600634 -0.373504 -0.706918
    outer loop
      vertex 8.09734 -4.675 141.5
      vertex 7.77424 -5.19458 141.5
      vertex 7.79423 -4.5 141.15
    endloop
  endfacet
  facet normal -0.205316 -0.676834 -0.706924
    outer loop
      vertex -2.41996 -9.03141 141.5
      vertex -3.00546 -8.8538 141.5
      vertex -2.89295 -8.52237 141.15
    endloop
  endfacet
  facet normal 0.676834 -0.205315 -0.706924
    outer loop
      vertex 9.03141 -2.41996 141.5
      vertex 8.52237 -2.89295 141.15
      vertex 8.69333 -2.32937 141.15
    endloop
  endfacet
  facet normal 0.160614 0.688812 -0.706924
    outer loop
      vertex 2.32937 8.69333 141.15
      vertex 1.75581 8.82707 141.15
      vertex 2.41996 9.03141 141.5
    endloop
  endfacet
  facet normal -0.688826 -0.160603 -0.706912
    outer loop
      vertex -9.03141 -2.41996 141.5
      vertex -9.17034 -1.82409 141.5
      vertex -8.82707 -1.75581 141.15
    endloop
  endfacet
  facet normal -0.706918 0.0231425 -0.706917
    outer loop
      vertex -9 0 141.15
      vertex -9.32998 0.611519 141.5
      vertex -8.98073 0.588628 141.15
    endloop
  endfacet
  facet normal 0.333415 0.62378 -0.706918
    outer loop
      vertex 4.5 7.79423 141.15
      vertex 4.1354 8.38576 141.5
      vertex 4.675 8.09734 141.5
    endloop
  endfacet
  facet normal 0.373504 -0.600634 -0.706918
    outer loop
      vertex 4.675 -8.09734 141.5
      vertex 4.5 -7.79423 141.15
      vertex 5.19458 -7.77424 141.5
    endloop
  endfacet
  facet normal 0.644249 -0.291901 -0.706921
    outer loop
      vertex 8.38576 -4.1354 141.5
      vertex 8.07185 -3.9806 141.15
      vertex 8.63827 -3.57809 141.5
    endloop
  endfacet
  facet normal -0.0693255 0.703891 -0.706917
    outer loop
      vertex -0.588628 8.98073 141.15
      vertex -1.22042 9.27001 141.5
      vertex -0.611519 9.32998 141.5
    endloop
  endfacet
  facet normal 0.676834 0.205316 -0.706924
    outer loop
      vertex 9.03141 2.41996 141.5
      vertex 8.52237 2.89295 141.15
      vertex 8.8538 3.00546 141.5
    endloop
  endfacet
  facet normal -0.0693303 -0.703886 -0.706921
    outer loop
      vertex -0.588628 -8.98073 141.15
      vertex -1.22042 -9.27001 141.5
      vertex -1.17474 -8.923 141.15
    endloop
  endfacet
  facet normal 0.249135 0.661959 -0.706924
    outer loop
      vertex 3.44415 8.31492 141.15
      vertex 2.89295 8.52237 141.15
      vertex 3.00546 8.8538 141.5
    endloop
  endfacet
  facet normal 0.373504 0.600634 -0.706918
    outer loop
      vertex 5.19458 7.77424 141.5
      vertex 4.5 7.79423 141.15
      vertex 4.675 8.09734 141.5
    endloop
  endfacet
  facet normal 0.0231425 -0.706918 -0.706917
    outer loop
      vertex 0.611519 -9.32998 141.5
      vertex 0 -9 141.15
      vertex 0.588628 -8.98073 141.15
    endloop
  endfacet
  facet normal -0.333411 0.623779 -0.706921
    outer loop
      vertex -3.9806 8.07185 141.15
      vertex -4.5 7.79423 141.15
      vertex -4.1354 8.38576 141.5
    endloop
  endfacet
  facet normal 0.703891 -0.0693255 -0.706917
    outer loop
      vertex 9.27001 -1.22042 141.5
      vertex 8.98073 -0.588628 141.15
      vertex 9.32998 -0.611519 141.5
    endloop
  endfacet
  facet normal -0.600641 -0.373501 -0.706914
    outer loop
      vertex -7.77424 -5.19458 141.5
      vertex -7.79423 -4.5 141.15
      vertex -7.48323 -5.00013 141.15
    endloop
  endfacet
  facet normal -0.449198 -0.546356 -0.706906
    outer loop
      vertex -5.69192 -7.41785 141.5
      vertex -5.8135 -7.08629 141.321
      vertex -5.47885 -7.14018 141.15
    endloop
  endfacet
  facet normal -0.448352 -0.546341 -0.707455
    outer loop
      vertex -5.8135 -7.08629 141.321
      vertex -5.69192 -7.41785 141.5
      vertex -5.94081 -7.2136 141.5
    endloop
  endfacet
  facet normal 0.688826 0.160603 -0.706912
    outer loop
      vertex 9.17034 1.82409 141.5
      vertex 8.82707 1.75581 141.15
      vertex 9.03141 2.41996 141.5
    endloop
  endfacet
  facet normal -0.661959 -0.249135 -0.706924
    outer loop
      vertex -8.31492 -3.44415 141.15
      vertex -8.8538 -3.00546 141.5
      vertex -8.52237 -2.89295 141.15
    endloop
  endfacet
  facet normal 0.205315 0.676834 -0.706924
    outer loop
      vertex 2.89295 8.52237 141.15
      vertex 2.32937 8.69333 141.15
      vertex 2.41996 9.03141 141.5
    endloop
  endfacet
  facet normal 0.11522 -0.697853 -0.706912
    outer loop
      vertex 1.82409 -9.17034 141.5
      vertex 1.22042 -9.27001 141.5
      vertex 1.75581 -8.82707 141.15
    endloop
  endfacet
  facet normal 0.205316 0.676834 -0.706924
    outer loop
      vertex 2.89295 8.52237 141.15
      vertex 2.41996 9.03141 141.5
      vertex 3.00546 8.8538 141.5
    endloop
  endfacet
  facet normal 0.448352 0.546341 -0.707455
    outer loop
      vertex 5.8135 7.08629 141.321
      vertex 5.69192 7.41785 141.5
      vertex 5.94081 7.2136 141.5
    endloop
  endfacet
  facet normal 0.449198 0.546356 -0.706906
    outer loop
      vertex 5.69192 7.41785 141.5
      vertex 5.8135 7.08629 141.321
      vertex 5.47885 7.14018 141.15
    endloop
  endfacet
  facet normal -0.291917 0.644253 -0.70691
    outer loop
      vertex -3.44415 8.31492 141.15
      vertex -3.9806 8.07185 141.15
      vertex -3.57809 8.63827 141.5
    endloop
  endfacet
  facet normal -0.600634 0.373504 -0.706918
    outer loop
      vertex -7.79423 4.5 141.15
      vertex -8.09734 4.675 141.5
      vertex -7.77424 5.19458 141.5
    endloop
  endfacet
  facet normal 0.661959 -0.249135 -0.706924
    outer loop
      vertex 8.8538 -3.00546 141.5
      vertex 8.31492 -3.44415 141.15
      vertex 8.52237 -2.89295 141.15
    endloop
  endfacet
  facet normal 0.333411 0.623779 -0.706921
    outer loop
      vertex 4.5 7.79423 141.15
      vertex 3.9806 8.07185 141.15
      vertex 4.1354 8.38576 141.5
    endloop
  endfacet
  facet normal 0.697846 -0.115209 -0.706921
    outer loop
      vertex 9.27001 -1.22042 141.5
      vertex 8.82707 -1.75581 141.15
      vertex 8.923 -1.17474 141.15
    endloop
  endfacet
  facet normal 0.623779 0.333411 -0.706921
    outer loop
      vertex 8.07185 3.9806 141.15
      vertex 7.79423 4.5 141.15
      vertex 8.38576 4.1354 141.5
    endloop
  endfacet
  facet normal -0.0231425 0.706918 -0.706917
    outer loop
      vertex -0.588628 8.98073 141.15
      vertex -0.611519 9.32998 141.5
      vertex 0 9 141.15
    endloop
  endfacet
  facet normal -0.706917 0.0231432 -0.706917
    outer loop
      vertex -9 0 141.15
      vertex -9.35 0 141.5
      vertex -9.32998 0.611519 141.5
    endloop
  endfacet
  facet normal 0.661966 -0.249155 -0.70691
    outer loop
      vertex 8.63827 -3.57809 141.5
      vertex 8.31492 -3.44415 141.15
      vertex 8.8538 -3.00546 141.5
    endloop
  endfacet
  facet normal -0.291901 0.644249 -0.706921
    outer loop
      vertex -3.9806 8.07185 141.15
      vertex -4.1354 8.38576 141.5
      vertex -3.57809 8.63827 141.5
    endloop
  endfacet
  facet normal -0.623779 -0.333411 -0.706921
    outer loop
      vertex -7.79423 -4.5 141.15
      vertex -8.38576 -4.1354 141.5
      vertex -8.07185 -3.9806 141.15
    endloop
  endfacet
  facet normal 0.623779 -0.333411 -0.706921
    outer loop
      vertex 8.38576 -4.1354 141.5
      vertex 7.79423 -4.5 141.15
      vertex 8.07185 -3.9806 141.15
    endloop
  endfacet
  facet normal -0.676834 0.205315 -0.706924
    outer loop
      vertex -8.69333 2.32937 141.15
      vertex -9.03141 2.41996 141.5
      vertex -8.52237 2.89295 141.15
    endloop
  endfacet
  facet normal -0.574922 -0.411988 -0.706917
    outer loop
      vertex -7.41785 -5.69192 141.5
      vertex -7.48323 -5.00013 141.15
      vertex -7.14018 -5.47885 141.15
    endloop
  endfacet
  facet normal 0.115209 0.697846 -0.706921
    outer loop
      vertex 1.75581 8.82707 141.15
      vertex 1.17474 8.923 141.15
      vertex 1.22042 9.27001 141.5
    endloop
  endfacet
  facet normal 0.574925 -0.411987 -0.706914
    outer loop
      vertex 7.77424 -5.19458 141.5
      vertex 7.41785 -5.69192 141.5
      vertex 7.48323 -5.00013 141.15
    endloop
  endfacet
  facet normal -0.644253 -0.291917 -0.70691
    outer loop
      vertex -8.07185 -3.9806 141.15
      vertex -8.63827 -3.57809 141.5
      vertex -8.31492 -3.44415 141.15
    endloop
  endfacet
  facet normal -0.546356 0.449198 -0.706906
    outer loop
      vertex -7.41785 5.69192 141.5
      vertex -7.08629 5.8135 141.321
      vertex -7.14018 5.47885 141.15
    endloop
  endfacet
  facet normal -0.546341 0.448352 -0.707455
    outer loop
      vertex -7.08629 5.8135 141.321
      vertex -7.41785 5.69192 141.5
      vertex -7.2136 5.94081 141.5
    endloop
  endfacet
  facet normal -0.249155 -0.661966 -0.70691
    outer loop
      vertex -3.00546 -8.8538 141.5
      vertex -3.57809 -8.63827 141.5
      vertex -3.44415 -8.31492 141.15
    endloop
  endfacet
  facet normal 0.688812 -0.160614 -0.706924
    outer loop
      vertex 9.03141 -2.41996 141.5
      vertex 8.69333 -2.32937 141.15
      vertex 8.82707 -1.75581 141.15
    endloop
  endfacet
  facet normal 0.54718 0.449052 -0.706361
    outer loop
      vertex 7.14018 5.47885 141.15
      vertex 6.96505 5.69225 141.15
      vertex 7.08629 5.8135 141.321
    endloop
  endfacet
  facet normal -0.0231432 -0.706917 -0.706917
    outer loop
      vertex 0 -9.35 141.5
      vertex -0.611519 -9.32998 141.5
      vertex 0 -9 141.15
    endloop
  endfacet
  facet normal 0.0693303 -0.703886 -0.706921
    outer loop
      vertex 1.22042 -9.27001 141.5
      vertex 0.588628 -8.98073 141.15
      vertex 1.17474 -8.923 141.15
    endloop
  endfacet
  facet normal 0.697853 0.11522 -0.706912
    outer loop
      vertex 9.27001 1.22042 141.5
      vertex 8.82707 1.75581 141.15
      vertex 9.17034 1.82409 141.5
    endloop
  endfacet
  facet normal 0.205315 -0.676834 -0.706924
    outer loop
      vertex 2.41996 -9.03141 141.5
      vertex 2.32937 -8.69333 141.15
      vertex 2.89295 -8.52237 141.15
    endloop
  endfacet
  facet normal 0.676834 -0.205316 -0.706924
    outer loop
      vertex 8.8538 -3.00546 141.5
      vertex 8.52237 -2.89295 141.15
      vertex 9.03141 -2.41996 141.5
    endloop
  endfacet
  facet normal 0.661959 0.249135 -0.706924
    outer loop
      vertex 8.52237 2.89295 141.15
      vertex 8.31492 3.44415 141.15
      vertex 8.8538 3.00546 141.5
    endloop
  endfacet
  facet normal 0.0693255 -0.703891 -0.706917
    outer loop
      vertex 0.611519 -9.32998 141.5
      vertex 0.588628 -8.98073 141.15
      vertex 1.22042 -9.27001 141.5
    endloop
  endfacet
  facet normal 0.160603 -0.688826 -0.706912
    outer loop
      vertex 1.82409 -9.17034 141.5
      vertex 1.75581 -8.82707 141.15
      vertex 2.41996 -9.03141 141.5
    endloop
  endfacet
  facet normal 0.546341 -0.448352 -0.707455
    outer loop
      vertex 7.08629 -5.8135 141.321
      vertex 7.41785 -5.69192 141.5
      vertex 7.2136 -5.94081 141.5
    endloop
  endfacet
  facet normal 0.546356 -0.449198 -0.706906
    outer loop
      vertex 7.41785 -5.69192 141.5
      vertex 7.08629 -5.8135 141.321
      vertex 7.14018 -5.47885 141.15
    endloop
  endfacet
  facet normal -0.661966 0.249155 -0.70691
    outer loop
      vertex -8.31492 3.44415 141.15
      vertex -8.8538 3.00546 141.5
      vertex -8.63827 3.57809 141.5
    endloop
  endfacet
  facet normal -0.160614 0.688812 -0.706924
    outer loop
      vertex -2.32937 8.69333 141.15
      vertex -2.41996 9.03141 141.5
      vertex -1.75581 8.82707 141.15
    endloop
  endfacet
  facet normal -0.0693303 0.703886 -0.706921
    outer loop
      vertex -1.17474 8.923 141.15
      vertex -1.22042 9.27001 141.5
      vertex -0.588628 8.98073 141.15
    endloop
  endfacet
  facet normal -0.644249 0.291901 -0.706921
    outer loop
      vertex -8.07185 3.9806 141.15
      vertex -8.63827 3.57809 141.5
      vertex -8.38576 4.1354 141.5
    endloop
  endfacet
  facet normal -0.249155 0.661966 -0.70691
    outer loop
      vertex -3.44415 8.31492 141.15
      vertex -3.57809 8.63827 141.5
      vertex -3.00546 8.8538 141.5
    endloop
  endfacet
  facet normal 0.449052 0.54718 -0.706361
    outer loop
      vertex 5.69225 6.96505 141.15
      vertex 5.47885 7.14018 141.15
      vertex 5.8135 7.08629 141.321
    endloop
  endfacet
  facet normal -0.373504 -0.600634 -0.706918
    outer loop
      vertex -4.675 -8.09734 141.5
      vertex -5.19458 -7.77424 141.5
      vertex -4.5 -7.79423 141.15
    endloop
  endfacet
  facet normal 0.644249 0.291901 -0.706921
    outer loop
      vertex 8.63827 3.57809 141.5
      vertex 8.07185 3.9806 141.15
      vertex 8.38576 4.1354 141.5
    endloop
  endfacet
  facet normal 0.703891 0.0693255 -0.706917
    outer loop
      vertex 9.32998 0.611519 141.5
      vertex 8.98073 0.588628 141.15
      vertex 9.27001 1.22042 141.5
    endloop
  endfacet
  facet normal 0.333415 -0.62378 -0.706918
    outer loop
      vertex 4.675 -8.09734 141.5
      vertex 4.1354 -8.38576 141.5
      vertex 4.5 -7.79423 141.15
    endloop
  endfacet
  facet normal -0.644253 0.291917 -0.70691
    outer loop
      vertex -8.31492 3.44415 141.15
      vertex -8.63827 3.57809 141.5
      vertex -8.07185 3.9806 141.15
    endloop
  endfacet
  facet normal 0.62378 -0.333415 -0.706918
    outer loop
      vertex 8.09734 -4.675 141.5
      vertex 7.79423 -4.5 141.15
      vertex 8.38576 -4.1354 141.5
    endloop
  endfacet
  facet normal -0.291917 -0.644253 -0.70691
    outer loop
      vertex -3.57809 -8.63827 141.5
      vertex -3.9806 -8.07185 141.15
      vertex -3.44415 -8.31492 141.15
    endloop
  endfacet
  facet normal 0.291917 -0.644253 -0.70691
    outer loop
      vertex 3.57809 -8.63827 141.5
      vertex 3.44415 -8.31492 141.15
      vertex 3.9806 -8.07185 141.15
    endloop
  endfacet
  facet normal 0.0231432 -0.706917 -0.706917
    outer loop
      vertex 0.611519 -9.32998 141.5
      vertex 0 -9.35 141.5
      vertex 0 -9 141.15
    endloop
  endfacet
  facet normal -0.706917 -0.0231432 -0.706917
    outer loop
      vertex -9.32998 -0.611519 141.5
      vertex -9.35 0 141.5
      vertex -9 0 141.15
    endloop
  endfacet
  facet normal -0.546341 -0.448352 -0.707455
    outer loop
      vertex -7.41785 -5.69192 141.5
      vertex -7.08629 -5.8135 141.321
      vertex -7.2136 -5.94081 141.5
    endloop
  endfacet
  facet normal -0.546356 -0.449198 -0.706906
    outer loop
      vertex -7.08629 -5.8135 141.321
      vertex -7.41785 -5.69192 141.5
      vertex -7.14018 -5.47885 141.15
    endloop
  endfacet
  facet normal 0.115209 -0.697846 -0.706921
    outer loop
      vertex 1.22042 -9.27001 141.5
      vertex 1.17474 -8.923 141.15
      vertex 1.75581 -8.82707 141.15
    endloop
  endfacet
  facet normal -0.115209 0.697846 -0.706921
    outer loop
      vertex -1.17474 8.923 141.15
      vertex -1.75581 8.82707 141.15
      vertex -1.22042 9.27001 141.5
    endloop
  endfacet
  facet normal -0.688826 0.160603 -0.706912
    outer loop
      vertex -8.82707 1.75581 141.15
      vertex -9.17034 1.82409 141.5
      vertex -9.03141 2.41996 141.5
    endloop
  endfacet
  facet normal -0.411987 0.574925 -0.706914
    outer loop
      vertex -5.00013 7.48323 141.15
      vertex -5.69192 7.41785 141.5
      vertex -5.19458 7.77424 141.5
    endloop
  endfacet
  facet normal -0.62378 0.333415 -0.706918
    outer loop
      vertex -7.79423 4.5 141.15
      vertex -8.38576 4.1354 141.5
      vertex -8.09734 4.675 141.5
    endloop
  endfacet
  facet normal -0.661959 0.249135 -0.706924
    outer loop
      vertex -8.52237 2.89295 141.15
      vertex -8.8538 3.00546 141.5
      vertex -8.31492 3.44415 141.15
    endloop
  endfacet
  facet normal 0.249135 -0.661959 -0.706924
    outer loop
      vertex 3.00546 -8.8538 141.5
      vertex 2.89295 -8.52237 141.15
      vertex 3.44415 -8.31492 141.15
    endloop
  endfacet
  facet normal 0.205316 -0.676834 -0.706924
    outer loop
      vertex 3.00546 -8.8538 141.5
      vertex 2.41996 -9.03141 141.5
      vertex 2.89295 -8.52237 141.15
    endloop
  endfacet
  facet normal 0.644253 -0.291917 -0.70691
    outer loop
      vertex 8.63827 -3.57809 141.5
      vertex 8.07185 -3.9806 141.15
      vertex 8.31492 -3.44415 141.15
    endloop
  endfacet
  facet normal 0.54718 -0.449052 -0.706361
    outer loop
      vertex 7.08629 -5.8135 141.321
      vertex 6.96505 -5.69225 141.15
      vertex 7.14018 -5.47885 141.15
    endloop
  endfacet
  facet normal 0.697846 0.115209 -0.706921
    outer loop
      vertex 8.923 1.17474 141.15
      vertex 8.82707 1.75581 141.15
      vertex 9.27001 1.22042 141.5
    endloop
  endfacet
  facet normal 0.291901 -0.644249 -0.706921
    outer loop
      vertex 4.1354 -8.38576 141.5
      vertex 3.57809 -8.63827 141.5
      vertex 3.9806 -8.07185 141.15
    endloop
  endfacet
  facet normal -0.205315 -0.676834 -0.706924
    outer loop
      vertex -2.41996 -9.03141 141.5
      vertex -2.89295 -8.52237 141.15
      vertex -2.32937 -8.69333 141.15
    endloop
  endfacet
  facet normal 0.291917 0.644253 -0.70691
    outer loop
      vertex 3.9806 8.07185 141.15
      vertex 3.44415 8.31492 141.15
      vertex 3.57809 8.63827 141.5
    endloop
  endfacet
  facet normal -0.623779 0.333411 -0.706921
    outer loop
      vertex -8.07185 3.9806 141.15
      vertex -8.38576 4.1354 141.5
      vertex -7.79423 4.5 141.15
    endloop
  endfacet
  facet normal -0.697846 -0.115209 -0.706921
    outer loop
      vertex -8.82707 -1.75581 141.15
      vertex -9.27001 -1.22042 141.5
      vertex -8.923 -1.17474 141.15
    endloop
  endfacet
  facet normal 0.546356 0.449198 -0.706906
    outer loop
      vertex 7.08629 5.8135 141.321
      vertex 7.41785 5.69192 141.5
      vertex 7.14018 5.47885 141.15
    endloop
  endfacet
  facet normal 0.546341 0.448352 -0.707455
    outer loop
      vertex 7.41785 5.69192 141.5
      vertex 7.08629 5.8135 141.321
      vertex 7.2136 5.94081 141.5
    endloop
  endfacet
  facet normal 0.160614 -0.688812 -0.706924
    outer loop
      vertex 2.41996 -9.03141 141.5
      vertex 1.75581 -8.82707 141.15
      vertex 2.32937 -8.69333 141.15
    endloop
  endfacet
  facet normal -0.160603 -0.688826 -0.706912
    outer loop
      vertex -1.82409 -9.17034 141.5
      vertex -2.41996 -9.03141 141.5
      vertex -1.75581 -8.82707 141.15
    endloop
  endfacet
  facet normal 0.574925 0.411987 -0.706914
    outer loop
      vertex 7.48323 5.00013 141.15
      vertex 7.41785 5.69192 141.5
      vertex 7.77424 5.19458 141.5
    endloop
  endfacet
  facet normal 0.449052 -0.54718 -0.706361
    outer loop
      vertex 5.8135 -7.08629 141.321
      vertex 5.47885 -7.14018 141.15
      vertex 5.69225 -6.96505 141.15
    endloop
  endfacet
  facet normal 0.448352 -0.546341 -0.707455
    outer loop
      vertex 5.69192 -7.41785 141.5
      vertex 5.8135 -7.08629 141.321
      vertex 5.94081 -7.2136 141.5
    endloop
  endfacet
  facet normal 0.449198 -0.546356 -0.706906
    outer loop
      vertex 5.8135 -7.08629 141.321
      vertex 5.69192 -7.41785 141.5
      vertex 5.47885 -7.14018 141.15
    endloop
  endfacet
  facet normal 0.411988 -0.574922 -0.706917
    outer loop
      vertex 5.69192 -7.41785 141.5
      vertex 5.00013 -7.48323 141.15
      vertex 5.47885 -7.14018 141.15
    endloop
  endfacet
  facet normal 0.291901 0.644249 -0.706921
    outer loop
      vertex 3.9806 8.07185 141.15
      vertex 3.57809 8.63827 141.5
      vertex 4.1354 8.38576 141.5
    endloop
  endfacet
  facet normal -0.411988 0.574922 -0.706917
    outer loop
      vertex -5.47885 7.14018 141.15
      vertex -5.69192 7.41785 141.5
      vertex -5.00013 7.48323 141.15
    endloop
  endfacet
  facet normal -0.0231425 -0.706918 -0.706917
    outer loop
      vertex 0 -9 141.15
      vertex -0.611519 -9.32998 141.5
      vertex -0.588628 -8.98073 141.15
    endloop
  endfacet
  facet normal -0.249135 0.661959 -0.706924
    outer loop
      vertex -2.89295 8.52237 141.15
      vertex -3.44415 8.31492 141.15
      vertex -3.00546 8.8538 141.5
    endloop
  endfacet
  facet normal -0.115209 -0.697846 -0.706921
    outer loop
      vertex -1.22042 -9.27001 141.5
      vertex -1.75581 -8.82707 141.15
      vertex -1.17474 -8.923 141.15
    endloop
  endfacet
  facet normal 0.574922 -0.411988 -0.706917
    outer loop
      vertex 7.41785 -5.69192 141.5
      vertex 7.14018 -5.47885 141.15
      vertex 7.48323 -5.00013 141.15
    endloop
  endfacet
  facet normal -0.411988 -0.574922 -0.706917
    outer loop
      vertex -5.00013 -7.48323 141.15
      vertex -5.69192 -7.41785 141.5
      vertex -5.47885 -7.14018 141.15
    endloop
  endfacet
  facet normal -0.703886 0.0693303 -0.706921
    outer loop
      vertex -8.98073 0.588628 141.15
      vertex -9.27001 1.22042 141.5
      vertex -8.923 1.17474 141.15
    endloop
  endfacet
  facet normal -0.373501 -0.600641 -0.706914
    outer loop
      vertex -4.5 -7.79423 141.15
      vertex -5.19458 -7.77424 141.5
      vertex -5.00013 -7.48323 141.15
    endloop
  endfacet
  facet normal -0.333415 -0.62378 -0.706918
    outer loop
      vertex -4.1354 -8.38576 141.5
      vertex -4.675 -8.09734 141.5
      vertex -4.5 -7.79423 141.15
    endloop
  endfacet
  facet normal 0.574922 0.411988 -0.706917
    outer loop
      vertex 7.48323 5.00013 141.15
      vertex 7.14018 5.47885 141.15
      vertex 7.41785 5.69192 141.5
    endloop
  endfacet
  facet normal -0.676834 -0.205316 -0.706924
    outer loop
      vertex -8.8538 -3.00546 141.5
      vertex -9.03141 -2.41996 141.5
      vertex -8.52237 -2.89295 141.15
    endloop
  endfacet
  facet normal -0.676834 0.205316 -0.706924
    outer loop
      vertex -8.52237 2.89295 141.15
      vertex -9.03141 2.41996 141.5
      vertex -8.8538 3.00546 141.5
    endloop
  endfacet
  facet normal 0.249155 0.661966 -0.70691
    outer loop
      vertex 3.44415 8.31492 141.15
      vertex 3.00546 8.8538 141.5
      vertex 3.57809 8.63827 141.5
    endloop
  endfacet
  facet normal -0.291901 -0.644249 -0.706921
    outer loop
      vertex -3.57809 -8.63827 141.5
      vertex -4.1354 -8.38576 141.5
      vertex -3.9806 -8.07185 141.15
    endloop
  endfacet
  facet normal -0.333411 -0.623779 -0.706921
    outer loop
      vertex -4.1354 -8.38576 141.5
      vertex -4.5 -7.79423 141.15
      vertex -3.9806 -8.07185 141.15
    endloop
  endfacet
  facet normal 0.0231425 0.706918 -0.706917
    outer loop
      vertex 0.588628 8.98073 141.15
      vertex 0 9 141.15
      vertex 0.611519 9.32998 141.5
    endloop
  endfacet
  facet normal -0.697846 0.115209 -0.706921
    outer loop
      vertex -8.923 1.17474 141.15
      vertex -9.27001 1.22042 141.5
      vertex -8.82707 1.75581 141.15
    endloop
  endfacet
  facet normal -0.0231432 0.706917 -0.706917
    outer loop
      vertex 0 9 141.15
      vertex -0.611519 9.32998 141.5
      vertex 0 9.35 141.5
    endloop
  endfacet
  facet normal 0.644253 0.291917 -0.70691
    outer loop
      vertex 8.31492 3.44415 141.15
      vertex 8.07185 3.9806 141.15
      vertex 8.63827 3.57809 141.5
    endloop
  endfacet
  facet normal 0.160603 0.688826 -0.706912
    outer loop
      vertex 2.41996 9.03141 141.5
      vertex 1.75581 8.82707 141.15
      vertex 1.82409 9.17034 141.5
    endloop
  endfacet
  facet normal 0.11522 0.697853 -0.706912
    outer loop
      vertex 1.75581 8.82707 141.15
      vertex 1.22042 9.27001 141.5
      vertex 1.82409 9.17034 141.5
    endloop
  endfacet
  facet normal 0.0693255 0.703891 -0.706917
    outer loop
      vertex 1.22042 9.27001 141.5
      vertex 0.588628 8.98073 141.15
      vertex 0.611519 9.32998 141.5
    endloop
  endfacet
  facet normal 0.0693303 0.703886 -0.706921
    outer loop
      vertex 1.17474 8.923 141.15
      vertex 0.588628 8.98073 141.15
      vertex 1.22042 9.27001 141.5
    endloop
  endfacet
  facet normal 0.703886 0.0693303 -0.706921
    outer loop
      vertex 8.98073 0.588628 141.15
      vertex 8.923 1.17474 141.15
      vertex 9.27001 1.22042 141.5
    endloop
  endfacet
  facet normal 0.411988 0.574922 -0.706917
    outer loop
      vertex 5.47885 7.14018 141.15
      vertex 5.00013 7.48323 141.15
      vertex 5.69192 7.41785 141.5
    endloop
  endfacet
  facet normal -0.160614 -0.688812 -0.706924
    outer loop
      vertex -1.75581 -8.82707 141.15
      vertex -2.41996 -9.03141 141.5
      vertex -2.32937 -8.69333 141.15
    endloop
  endfacet
  facet normal -0.11522 -0.697853 -0.706912
    outer loop
      vertex -1.22042 -9.27001 141.5
      vertex -1.82409 -9.17034 141.5
      vertex -1.75581 -8.82707 141.15
    endloop
  endfacet
  facet normal -0.54718 0.449052 -0.706361
    outer loop
      vertex -6.96505 5.69225 141.15
      vertex -7.14018 5.47885 141.15
      vertex -7.08629 5.8135 141.321
    endloop
  endfacet
  facet normal 0.411987 0.574925 -0.706914
    outer loop
      vertex 5.69192 7.41785 141.5
      vertex 5.00013 7.48323 141.15
      vertex 5.19458 7.77424 141.5
    endloop
  endfacet
  facet normal 0.688812 0.160614 -0.706924
    outer loop
      vertex 8.82707 1.75581 141.15
      vertex 8.69333 2.32937 141.15
      vertex 9.03141 2.41996 141.5
    endloop
  endfacet
  facet normal 0.62378 0.333415 -0.706918
    outer loop
      vertex 8.38576 4.1354 141.5
      vertex 7.79423 4.5 141.15
      vertex 8.09734 4.675 141.5
    endloop
  endfacet
  facet normal -0.205316 0.676834 -0.706924
    outer loop
      vertex -2.89295 8.52237 141.15
      vertex -3.00546 8.8538 141.5
      vertex -2.41996 9.03141 141.5
    endloop
  endfacet
  facet normal -0.160603 0.688826 -0.706912
    outer loop
      vertex -1.75581 8.82707 141.15
      vertex -2.41996 9.03141 141.5
      vertex -1.82409 9.17034 141.5
    endloop
  endfacet
  facet normal 0.600641 0.373501 -0.706914
    outer loop
      vertex 7.79423 4.5 141.15
      vertex 7.48323 5.00013 141.15
      vertex 7.77424 5.19458 141.5
    endloop
  endfacet
  facet normal -0.574922 0.411988 -0.706917
    outer loop
      vertex -7.14018 5.47885 141.15
      vertex -7.48323 5.00013 141.15
      vertex -7.41785 5.69192 141.5
    endloop
  endfacet
  facet normal -0.574925 0.411987 -0.706914
    outer loop
      vertex -7.48323 5.00013 141.15
      vertex -7.77424 5.19458 141.5
      vertex -7.41785 5.69192 141.5
    endloop
  endfacet
  facet normal -0.676834 -0.205315 -0.706924
    outer loop
      vertex -8.52237 -2.89295 141.15
      vertex -9.03141 -2.41996 141.5
      vertex -8.69333 -2.32937 141.15
    endloop
  endfacet
  facet normal -0.688812 -0.160614 -0.706924
    outer loop
      vertex -8.69333 -2.32937 141.15
      vertex -9.03141 -2.41996 141.5
      vertex -8.82707 -1.75581 141.15
    endloop
  endfacet
  facet normal -0.600634 -0.373504 -0.706918
    outer loop
      vertex -7.77424 -5.19458 141.5
      vertex -8.09734 -4.675 141.5
      vertex -7.79423 -4.5 141.15
    endloop
  endfacet
  facet normal -0.205315 0.676834 -0.706924
    outer loop
      vertex -2.32937 8.69333 141.15
      vertex -2.89295 8.52237 141.15
      vertex -2.41996 9.03141 141.5
    endloop
  endfacet
  facet normal -0.688812 0.160614 -0.706924
    outer loop
      vertex -8.82707 1.75581 141.15
      vertex -9.03141 2.41996 141.5
      vertex -8.69333 2.32937 141.15
    endloop
  endfacet
  facet normal -0.449198 0.546356 -0.706906
    outer loop
      vertex -5.8135 7.08629 141.321
      vertex -5.69192 7.41785 141.5
      vertex -5.47885 7.14018 141.15
    endloop
  endfacet
  facet normal -0.448352 0.546341 -0.707455
    outer loop
      vertex -5.69192 7.41785 141.5
      vertex -5.8135 7.08629 141.321
      vertex -5.94081 7.2136 141.5
    endloop
  endfacet
  facet normal -0.373504 0.600634 -0.706918
    outer loop
      vertex -4.5 7.79423 141.15
      vertex -5.19458 7.77424 141.5
      vertex -4.675 8.09734 141.5
    endloop
  endfacet
  facet normal 0.676834 0.205315 -0.706924
    outer loop
      vertex 8.69333 2.32937 141.15
      vertex 8.52237 2.89295 141.15
      vertex 9.03141 2.41996 141.5
    endloop
  endfacet
  facet normal -0.54718 -0.449052 -0.706361
    outer loop
      vertex -7.08629 -5.8135 141.321
      vertex -7.14018 -5.47885 141.15
      vertex -6.96505 -5.69225 141.15
    endloop
  endfacet
  facet normal -0.62378 -0.333415 -0.706918
    outer loop
      vertex -8.09734 -4.675 141.5
      vertex -8.38576 -4.1354 141.5
      vertex -7.79423 -4.5 141.15
    endloop
  endfacet
  facet normal 0.600634 0.373504 -0.706918
    outer loop
      vertex 7.79423 4.5 141.15
      vertex 7.77424 5.19458 141.5
      vertex 8.09734 4.675 141.5
    endloop
  endfacet
  facet normal -0.449052 0.54718 -0.706361
    outer loop
      vertex -5.69225 6.96505 141.15
      vertex -5.8135 7.08629 141.321
      vertex -5.47885 7.14018 141.15
    endloop
  endfacet
  facet normal 0.373501 0.600641 -0.706914
    outer loop
      vertex 5.00013 7.48323 141.15
      vertex 4.5 7.79423 141.15
      vertex 5.19458 7.77424 141.5
    endloop
  endfacet
  facet normal -0.373501 0.600641 -0.706914
    outer loop
      vertex -5.00013 7.48323 141.15
      vertex -5.19458 7.77424 141.5
      vertex -4.5 7.79423 141.15
    endloop
  endfacet
  facet normal -0.333415 0.62378 -0.706918
    outer loop
      vertex -4.5 7.79423 141.15
      vertex -4.675 8.09734 141.5
      vertex -4.1354 8.38576 141.5
    endloop
  endfacet
  facet normal 0.661966 0.249155 -0.70691
    outer loop
      vertex 8.8538 3.00546 141.5
      vertex 8.31492 3.44415 141.15
      vertex 8.63827 3.57809 141.5
    endloop
  endfacet
  facet normal 0.706917 0.0231432 0.706917
    outer loop
      vertex 9.32998 0.611519 141.5
      vertex 9 0 141.85
      vertex 9.35 0 141.5
    endloop
  endfacet
  facet normal -0.373501 -0.600641 0.706914
    outer loop
      vertex -5.00013 -7.48323 141.85
      vertex -5.19458 -7.77424 141.5
      vertex -4.5 -7.79423 141.85
    endloop
  endfacet
  facet normal 0.291917 0.644253 0.70691
    outer loop
      vertex 3.57809 8.63827 141.5
      vertex 3.44415 8.31492 141.85
      vertex 3.9806 8.07185 141.85
    endloop
  endfacet
  facet normal -0.333415 0.62378 0.706918
    outer loop
      vertex -4.1354 8.38576 141.5
      vertex -4.675 8.09734 141.5
      vertex -4.5 7.79423 141.85
    endloop
  endfacet
  facet normal -0.205315 -0.676834 0.706924
    outer loop
      vertex -2.32937 -8.69333 141.85
      vertex -2.89295 -8.52237 141.85
      vertex -2.41996 -9.03141 141.5
    endloop
  endfacet
  facet normal 0.411987 -0.574925 0.706914
    outer loop
      vertex 5.69192 -7.41785 141.5
      vertex 5.00013 -7.48323 141.85
      vertex 5.19458 -7.77424 141.5
    endloop
  endfacet
  facet normal 0.623779 0.333411 0.706921
    outer loop
      vertex 8.38576 4.1354 141.5
      vertex 7.79423 4.5 141.85
      vertex 8.07185 3.9806 141.85
    endloop
  endfacet
  facet normal 0.574925 -0.411987 0.706914
    outer loop
      vertex 7.48323 -5.00013 141.85
      vertex 7.41785 -5.69192 141.5
      vertex 7.77424 -5.19458 141.5
    endloop
  endfacet
  facet normal 0.0231425 0.706918 0.706917
    outer loop
      vertex 0.611519 9.32998 141.5
      vertex 0 9 141.85
      vertex 0.588628 8.98073 141.85
    endloop
  endfacet
  facet normal 0.697853 0.11522 0.706912
    outer loop
      vertex 9.17034 1.82409 141.5
      vertex 8.82707 1.75581 141.85
      vertex 9.27001 1.22042 141.5
    endloop
  endfacet
  facet normal 0.411987 0.574925 0.706914
    outer loop
      vertex 5.19458 7.77424 141.5
      vertex 5.00013 7.48323 141.85
      vertex 5.69192 7.41785 141.5
    endloop
  endfacet
  facet normal -0.0231432 0.706917 0.706917
    outer loop
      vertex 0 9.35 141.5
      vertex -0.611519 9.32998 141.5
      vertex 0 9 141.85
    endloop
  endfacet
  facet normal -0.688812 0.160614 0.706924
    outer loop
      vertex -8.69333 2.32937 141.85
      vertex -9.03141 2.41996 141.5
      vertex -8.82707 1.75581 141.85
    endloop
  endfacet
  facet normal 0.11522 0.697853 0.706912
    outer loop
      vertex 1.82409 9.17034 141.5
      vertex 1.22042 9.27001 141.5
      vertex 1.75581 8.82707 141.85
    endloop
  endfacet
  facet normal 0.54718 -0.449052 0.706361
    outer loop
      vertex 7.14018 -5.47885 141.85
      vertex 6.96505 -5.69225 141.85
      vertex 7.08629 -5.8135 141.679
    endloop
  endfacet
  facet normal -0.449052 0.54718 0.706361
    outer loop
      vertex -5.47885 7.14018 141.85
      vertex -5.8135 7.08629 141.679
      vertex -5.69225 6.96505 141.85
    endloop
  endfacet
  facet normal -0.11522 -0.697853 0.706912
    outer loop
      vertex -1.75581 -8.82707 141.85
      vertex -1.82409 -9.17034 141.5
      vertex -1.22042 -9.27001 141.5
    endloop
  endfacet
  facet normal 0.703886 -0.0693303 0.706921
    outer loop
      vertex 8.98073 -0.588628 141.85
      vertex 8.923 -1.17474 141.85
      vertex 9.27001 -1.22042 141.5
    endloop
  endfacet
  facet normal 0.448352 0.546341 0.707455
    outer loop
      vertex 5.69192 7.41785 141.5
      vertex 5.8135 7.08629 141.679
      vertex 5.94081 7.2136 141.5
    endloop
  endfacet
  facet normal 0.449198 0.546356 0.706906
    outer loop
      vertex 5.8135 7.08629 141.679
      vertex 5.69192 7.41785 141.5
      vertex 5.47885 7.14018 141.85
    endloop
  endfacet
  facet normal -0.11522 0.697853 0.706912
    outer loop
      vertex -1.22042 9.27001 141.5
      vertex -1.82409 9.17034 141.5
      vertex -1.75581 8.82707 141.85
    endloop
  endfacet
  facet normal 0.574925 0.411987 0.706914
    outer loop
      vertex 7.77424 5.19458 141.5
      vertex 7.41785 5.69192 141.5
      vertex 7.48323 5.00013 141.85
    endloop
  endfacet
  facet normal 0.574922 0.411988 0.706917
    outer loop
      vertex 7.41785 5.69192 141.5
      vertex 7.14018 5.47885 141.85
      vertex 7.48323 5.00013 141.85
    endloop
  endfacet
  facet normal -0.249135 0.661959 0.706924
    outer loop
      vertex -3.00546 8.8538 141.5
      vertex -3.44415 8.31492 141.85
      vertex -2.89295 8.52237 141.85
    endloop
  endfacet
  facet normal -0.205315 0.676834 0.706924
    outer loop
      vertex -2.41996 9.03141 141.5
      vertex -2.89295 8.52237 141.85
      vertex -2.32937 8.69333 141.85
    endloop
  endfacet
  facet normal 0.706917 -0.0231432 0.706917
    outer loop
      vertex 9.35 0 141.5
      vertex 9 0 141.85
      vertex 9.32998 -0.611519 141.5
    endloop
  endfacet
  facet normal 0.411988 0.574922 0.706917
    outer loop
      vertex 5.69192 7.41785 141.5
      vertex 5.00013 7.48323 141.85
      vertex 5.47885 7.14018 141.85
    endloop
  endfacet
  facet normal 0.0693303 -0.703886 0.706921
    outer loop
      vertex 1.17474 -8.923 141.85
      vertex 0.588628 -8.98073 141.85
      vertex 1.22042 -9.27001 141.5
    endloop
  endfacet
  facet normal -0.600634 0.373504 0.706918
    outer loop
      vertex -7.77424 5.19458 141.5
      vertex -8.09734 4.675 141.5
      vertex -7.79423 4.5 141.85
    endloop
  endfacet
  facet normal 0.697846 -0.115209 0.706921
    outer loop
      vertex 8.923 -1.17474 141.85
      vertex 8.82707 -1.75581 141.85
      vertex 9.27001 -1.22042 141.5
    endloop
  endfacet
  facet normal -0.54718 0.449052 0.706361
    outer loop
      vertex -7.08629 5.8135 141.679
      vertex -7.14018 5.47885 141.85
      vertex -6.96505 5.69225 141.85
    endloop
  endfacet
  facet normal -0.600641 0.373501 0.706914
    outer loop
      vertex -7.77424 5.19458 141.5
      vertex -7.79423 4.5 141.85
      vertex -7.48323 5.00013 141.85
    endloop
  endfacet
  facet normal -0.291917 -0.644253 0.70691
    outer loop
      vertex -3.44415 -8.31492 141.85
      vertex -3.9806 -8.07185 141.85
      vertex -3.57809 -8.63827 141.5
    endloop
  endfacet
  facet normal 0.600634 0.373504 0.706918
    outer loop
      vertex 8.09734 4.675 141.5
      vertex 7.77424 5.19458 141.5
      vertex 7.79423 4.5 141.85
    endloop
  endfacet
  facet normal -0.546356 -0.449198 0.706906
    outer loop
      vertex -7.41785 -5.69192 141.5
      vertex -7.08629 -5.8135 141.679
      vertex -7.14018 -5.47885 141.85
    endloop
  endfacet
  facet normal -0.546341 -0.448352 0.707455
    outer loop
      vertex -7.08629 -5.8135 141.679
      vertex -7.41785 -5.69192 141.5
      vertex -7.2136 -5.94081 141.5
    endloop
  endfacet
  facet normal 0.703886 0.0693303 0.706921
    outer loop
      vertex 9.27001 1.22042 141.5
      vertex 8.923 1.17474 141.85
      vertex 8.98073 0.588628 141.85
    endloop
  endfacet
  facet normal 0.249135 0.661959 0.706924
    outer loop
      vertex 3.00546 8.8538 141.5
      vertex 2.89295 8.52237 141.85
      vertex 3.44415 8.31492 141.85
    endloop
  endfacet
  facet normal 0.546341 0.448352 0.707455
    outer loop
      vertex 7.08629 5.8135 141.679
      vertex 7.41785 5.69192 141.5
      vertex 7.2136 5.94081 141.5
    endloop
  endfacet
  facet normal 0.546356 0.449198 0.706906
    outer loop
      vertex 7.41785 5.69192 141.5
      vertex 7.08629 5.8135 141.679
      vertex 7.14018 5.47885 141.85
    endloop
  endfacet
  facet normal 0.688826 0.160603 0.706912
    outer loop
      vertex 9.03141 2.41996 141.5
      vertex 8.82707 1.75581 141.85
      vertex 9.17034 1.82409 141.5
    endloop
  endfacet
  facet normal -0.0693255 0.703891 0.706917
    outer loop
      vertex -0.611519 9.32998 141.5
      vertex -1.22042 9.27001 141.5
      vertex -0.588628 8.98073 141.85
    endloop
  endfacet
  facet normal 0.0231432 0.706917 0.706917
    outer loop
      vertex 0 9.35 141.5
      vertex 0 9 141.85
      vertex 0.611519 9.32998 141.5
    endloop
  endfacet
  facet normal 0.706918 0.0231425 0.706917
    outer loop
      vertex 9.32998 0.611519 141.5
      vertex 8.98073 0.588628 141.85
      vertex 9 0 141.85
    endloop
  endfacet
  facet normal 0.205316 0.676834 0.706924
    outer loop
      vertex 3.00546 8.8538 141.5
      vertex 2.41996 9.03141 141.5
      vertex 2.89295 8.52237 141.85
    endloop
  endfacet
  facet normal 0.291917 -0.644253 0.70691
    outer loop
      vertex 3.9806 -8.07185 141.85
      vertex 3.44415 -8.31492 141.85
      vertex 3.57809 -8.63827 141.5
    endloop
  endfacet
  facet normal -0.333411 -0.623779 0.706921
    outer loop
      vertex -3.9806 -8.07185 141.85
      vertex -4.5 -7.79423 141.85
      vertex -4.1354 -8.38576 141.5
    endloop
  endfacet
  facet normal 0.11522 -0.697853 0.706912
    outer loop
      vertex 1.75581 -8.82707 141.85
      vertex 1.22042 -9.27001 141.5
      vertex 1.82409 -9.17034 141.5
    endloop
  endfacet
  facet normal 0.249135 -0.661959 0.706924
    outer loop
      vertex 3.44415 -8.31492 141.85
      vertex 2.89295 -8.52237 141.85
      vertex 3.00546 -8.8538 141.5
    endloop
  endfacet
  facet normal 0.697846 0.115209 0.706921
    outer loop
      vertex 9.27001 1.22042 141.5
      vertex 8.82707 1.75581 141.85
      vertex 8.923 1.17474 141.85
    endloop
  endfacet
  facet normal 0.661966 -0.249155 0.70691
    outer loop
      vertex 8.8538 -3.00546 141.5
      vertex 8.31492 -3.44415 141.85
      vertex 8.63827 -3.57809 141.5
    endloop
  endfacet
  facet normal -0.160614 -0.688812 0.706924
    outer loop
      vertex -2.32937 -8.69333 141.85
      vertex -2.41996 -9.03141 141.5
      vertex -1.75581 -8.82707 141.85
    endloop
  endfacet
  facet normal 0.160614 0.688812 0.706924
    outer loop
      vertex 2.41996 9.03141 141.5
      vertex 1.75581 8.82707 141.85
      vertex 2.32937 8.69333 141.85
    endloop
  endfacet
  facet normal -0.160614 0.688812 0.706924
    outer loop
      vertex -1.75581 8.82707 141.85
      vertex -2.41996 9.03141 141.5
      vertex -2.32937 8.69333 141.85
    endloop
  endfacet
  facet normal -0.291901 -0.644249 0.706921
    outer loop
      vertex -3.9806 -8.07185 141.85
      vertex -4.1354 -8.38576 141.5
      vertex -3.57809 -8.63827 141.5
    endloop
  endfacet
  facet normal -0.205316 0.676834 0.706924
    outer loop
      vertex -2.41996 9.03141 141.5
      vertex -3.00546 8.8538 141.5
      vertex -2.89295 8.52237 141.85
    endloop
  endfacet
  facet normal 0.249155 0.661966 0.70691
    outer loop
      vertex 3.57809 8.63827 141.5
      vertex 3.00546 8.8538 141.5
      vertex 3.44415 8.31492 141.85
    endloop
  endfacet
  facet normal -0.676834 -0.205316 0.706924
    outer loop
      vertex -8.52237 -2.89295 141.85
      vertex -9.03141 -2.41996 141.5
      vertex -8.8538 -3.00546 141.5
    endloop
  endfacet
  facet normal -0.661959 -0.249135 0.706924
    outer loop
      vertex -8.52237 -2.89295 141.85
      vertex -8.8538 -3.00546 141.5
      vertex -8.31492 -3.44415 141.85
    endloop
  endfacet
  facet normal -0.160603 -0.688826 0.706912
    outer loop
      vertex -1.75581 -8.82707 141.85
      vertex -2.41996 -9.03141 141.5
      vertex -1.82409 -9.17034 141.5
    endloop
  endfacet
  facet normal -0.333411 0.623779 0.706921
    outer loop
      vertex -4.1354 8.38576 141.5
      vertex -4.5 7.79423 141.85
      vertex -3.9806 8.07185 141.85
    endloop
  endfacet
  facet normal -0.249155 0.661966 0.70691
    outer loop
      vertex -3.00546 8.8538 141.5
      vertex -3.57809 8.63827 141.5
      vertex -3.44415 8.31492 141.85
    endloop
  endfacet
  facet normal -0.574925 -0.411987 0.706914
    outer loop
      vertex -7.48323 -5.00013 141.85
      vertex -7.77424 -5.19458 141.5
      vertex -7.41785 -5.69192 141.5
    endloop
  endfacet
  facet normal -0.411988 0.574922 0.706917
    outer loop
      vertex -5.00013 7.48323 141.85
      vertex -5.69192 7.41785 141.5
      vertex -5.47885 7.14018 141.85
    endloop
  endfacet
  facet normal 0.703891 0.0693255 0.706917
    outer loop
      vertex 9.27001 1.22042 141.5
      vertex 8.98073 0.588628 141.85
      vertex 9.32998 0.611519 141.5
    endloop
  endfacet
  facet normal -0.411987 0.574925 0.706914
    outer loop
      vertex -5.19458 7.77424 141.5
      vertex -5.69192 7.41785 141.5
      vertex -5.00013 7.48323 141.85
    endloop
  endfacet
  facet normal 0.373504 0.600634 0.706918
    outer loop
      vertex 4.675 8.09734 141.5
      vertex 4.5 7.79423 141.85
      vertex 5.19458 7.77424 141.5
    endloop
  endfacet
  facet normal 0.661959 0.249135 0.706924
    outer loop
      vertex 8.8538 3.00546 141.5
      vertex 8.31492 3.44415 141.85
      vertex 8.52237 2.89295 141.85
    endloop
  endfacet
  facet normal 0.676834 0.205315 0.706924
    outer loop
      vertex 9.03141 2.41996 141.5
      vertex 8.52237 2.89295 141.85
      vertex 8.69333 2.32937 141.85
    endloop
  endfacet
  facet normal 0.688812 0.160614 0.706924
    outer loop
      vertex 9.03141 2.41996 141.5
      vertex 8.69333 2.32937 141.85
      vertex 8.82707 1.75581 141.85
    endloop
  endfacet
  facet normal -0.373501 0.600641 0.706914
    outer loop
      vertex -4.5 7.79423 141.85
      vertex -5.19458 7.77424 141.5
      vertex -5.00013 7.48323 141.85
    endloop
  endfacet
  facet normal 0.0693255 0.703891 0.706917
    outer loop
      vertex 0.611519 9.32998 141.5
      vertex 0.588628 8.98073 141.85
      vertex 1.22042 9.27001 141.5
    endloop
  endfacet
  facet normal 0.115209 -0.697846 0.706921
    outer loop
      vertex 1.75581 -8.82707 141.85
      vertex 1.17474 -8.923 141.85
      vertex 1.22042 -9.27001 141.5
    endloop
  endfacet
  facet normal 0.661959 -0.249135 0.706924
    outer loop
      vertex 8.52237 -2.89295 141.85
      vertex 8.31492 -3.44415 141.85
      vertex 8.8538 -3.00546 141.5
    endloop
  endfacet
  facet normal 0.205316 -0.676834 0.706924
    outer loop
      vertex 2.89295 -8.52237 141.85
      vertex 2.41996 -9.03141 141.5
      vertex 3.00546 -8.8538 141.5
    endloop
  endfacet
  facet normal 0.62378 0.333415 0.706918
    outer loop
      vertex 8.09734 4.675 141.5
      vertex 7.79423 4.5 141.85
      vertex 8.38576 4.1354 141.5
    endloop
  endfacet
  facet normal 0.661966 0.249155 0.70691
    outer loop
      vertex 8.63827 3.57809 141.5
      vertex 8.31492 3.44415 141.85
      vertex 8.8538 3.00546 141.5
    endloop
  endfacet
  facet normal 0.676834 0.205316 0.706924
    outer loop
      vertex 8.8538 3.00546 141.5
      vertex 8.52237 2.89295 141.85
      vertex 9.03141 2.41996 141.5
    endloop
  endfacet
  facet normal -0.703886 -0.0693303 0.706921
    outer loop
      vertex -8.98073 -0.588628 141.85
      vertex -9.27001 -1.22042 141.5
      vertex -8.923 -1.17474 141.85
    endloop
  endfacet
  facet normal -0.291917 0.644253 0.70691
    outer loop
      vertex -3.57809 8.63827 141.5
      vertex -3.9806 8.07185 141.85
      vertex -3.44415 8.31492 141.85
    endloop
  endfacet
  facet normal 0.449052 -0.54718 0.706361
    outer loop
      vertex 5.69225 -6.96505 141.85
      vertex 5.47885 -7.14018 141.85
      vertex 5.8135 -7.08629 141.679
    endloop
  endfacet
  facet normal 0.449052 0.54718 0.706361
    outer loop
      vertex 5.8135 7.08629 141.679
      vertex 5.47885 7.14018 141.85
      vertex 5.69225 6.96505 141.85
    endloop
  endfacet
  facet normal -0.373504 0.600634 0.706918
    outer loop
      vertex -4.675 8.09734 141.5
      vertex -5.19458 7.77424 141.5
      vertex -4.5 7.79423 141.85
    endloop
  endfacet
  facet normal -0.249135 -0.661959 0.706924
    outer loop
      vertex -2.89295 -8.52237 141.85
      vertex -3.44415 -8.31492 141.85
      vertex -3.00546 -8.8538 141.5
    endloop
  endfacet
  facet normal 0.600634 -0.373504 0.706918
    outer loop
      vertex 7.79423 -4.5 141.85
      vertex 7.77424 -5.19458 141.5
      vertex 8.09734 -4.675 141.5
    endloop
  endfacet
  facet normal 0.411988 -0.574922 0.706917
    outer loop
      vertex 5.47885 -7.14018 141.85
      vertex 5.00013 -7.48323 141.85
      vertex 5.69192 -7.41785 141.5
    endloop
  endfacet
  facet normal -0.160603 0.688826 0.706912
    outer loop
      vertex -1.82409 9.17034 141.5
      vertex -2.41996 9.03141 141.5
      vertex -1.75581 8.82707 141.85
    endloop
  endfacet
  facet normal -0.661966 0.249155 0.70691
    outer loop
      vertex -8.63827 3.57809 141.5
      vertex -8.8538 3.00546 141.5
      vertex -8.31492 3.44415 141.85
    endloop
  endfacet
  facet normal -0.574922 0.411988 0.706917
    outer loop
      vertex -7.41785 5.69192 141.5
      vertex -7.48323 5.00013 141.85
      vertex -7.14018 5.47885 141.85
    endloop
  endfacet
  facet normal 0.697853 -0.11522 0.706912
    outer loop
      vertex 9.27001 -1.22042 141.5
      vertex 8.82707 -1.75581 141.85
      vertex 9.17034 -1.82409 141.5
    endloop
  endfacet
  facet normal -0.411987 -0.574925 0.706914
    outer loop
      vertex -5.00013 -7.48323 141.85
      vertex -5.69192 -7.41785 141.5
      vertex -5.19458 -7.77424 141.5
    endloop
  endfacet
  facet normal 0.688826 -0.160603 0.706912
    outer loop
      vertex 9.17034 -1.82409 141.5
      vertex 8.82707 -1.75581 141.85
      vertex 9.03141 -2.41996 141.5
    endloop
  endfacet
  facet normal 0.688812 -0.160614 0.706924
    outer loop
      vertex 8.82707 -1.75581 141.85
      vertex 8.69333 -2.32937 141.85
      vertex 9.03141 -2.41996 141.5
    endloop
  endfacet
  facet normal -0.0231432 -0.706917 0.706917
    outer loop
      vertex 0 -9 141.85
      vertex -0.611519 -9.32998 141.5
      vertex 0 -9.35 141.5
    endloop
  endfacet
  facet normal 0.333415 0.62378 0.706918
    outer loop
      vertex 4.675 8.09734 141.5
      vertex 4.1354 8.38576 141.5
      vertex 4.5 7.79423 141.85
    endloop
  endfacet
  facet normal 0.448352 -0.546341 0.707455
    outer loop
      vertex 5.8135 -7.08629 141.679
      vertex 5.69192 -7.41785 141.5
      vertex 5.94081 -7.2136 141.5
    endloop
  endfacet
  facet normal 0.449198 -0.546356 0.706906
    outer loop
      vertex 5.69192 -7.41785 141.5
      vertex 5.8135 -7.08629 141.679
      vertex 5.47885 -7.14018 141.85
    endloop
  endfacet
  facet normal 0.644249 -0.291901 0.706921
    outer loop
      vertex 8.63827 -3.57809 141.5
      vertex 8.07185 -3.9806 141.85
      vertex 8.38576 -4.1354 141.5
    endloop
  endfacet
  facet normal -0.62378 -0.333415 0.706918
    outer loop
      vertex -7.79423 -4.5 141.85
      vertex -8.38576 -4.1354 141.5
      vertex -8.09734 -4.675 141.5
    endloop
  endfacet
  facet normal 0.644253 -0.291917 0.70691
    outer loop
      vertex 8.31492 -3.44415 141.85
      vertex 8.07185 -3.9806 141.85
      vertex 8.63827 -3.57809 141.5
    endloop
  endfacet
  facet normal -0.54718 -0.449052 0.706361
    outer loop
      vertex -6.96505 -5.69225 141.85
      vertex -7.14018 -5.47885 141.85
      vertex -7.08629 -5.8135 141.679
    endloop
  endfacet
  facet normal 0.706918 -0.0231425 0.706917
    outer loop
      vertex 9 0 141.85
      vertex 8.98073 -0.588628 141.85
      vertex 9.32998 -0.611519 141.5
    endloop
  endfacet
  facet normal 0.703891 -0.0693255 0.706917
    outer loop
      vertex 9.32998 -0.611519 141.5
      vertex 8.98073 -0.588628 141.85
      vertex 9.27001 -1.22042 141.5
    endloop
  endfacet
  facet normal 0.54718 0.449052 0.706361
    outer loop
      vertex 7.08629 5.8135 141.679
      vertex 6.96505 5.69225 141.85
      vertex 7.14018 5.47885 141.85
    endloop
  endfacet
  facet normal 0.373504 -0.600634 0.706918
    outer loop
      vertex 5.19458 -7.77424 141.5
      vertex 4.5 -7.79423 141.85
      vertex 4.675 -8.09734 141.5
    endloop
  endfacet
  facet normal -0.249155 -0.661966 0.70691
    outer loop
      vertex -3.44415 -8.31492 141.85
      vertex -3.57809 -8.63827 141.5
      vertex -3.00546 -8.8538 141.5
    endloop
  endfacet
  facet normal -0.449198 0.546356 0.706906
    outer loop
      vertex -5.69192 7.41785 141.5
      vertex -5.8135 7.08629 141.679
      vertex -5.47885 7.14018 141.85
    endloop
  endfacet
  facet normal -0.448352 0.546341 0.707455
    outer loop
      vertex -5.8135 7.08629 141.679
      vertex -5.69192 7.41785 141.5
      vertex -5.94081 7.2136 141.5
    endloop
  endfacet
  facet normal 0.249155 -0.661966 0.70691
    outer loop
      vertex 3.44415 -8.31492 141.85
      vertex 3.00546 -8.8538 141.5
      vertex 3.57809 -8.63827 141.5
    endloop
  endfacet
  facet normal 0.644253 0.291917 0.70691
    outer loop
      vertex 8.63827 3.57809 141.5
      vertex 8.07185 3.9806 141.85
      vertex 8.31492 3.44415 141.85
    endloop
  endfacet
  facet normal 0.160603 -0.688826 0.706912
    outer loop
      vertex 2.41996 -9.03141 141.5
      vertex 1.75581 -8.82707 141.85
      vertex 1.82409 -9.17034 141.5
    endloop
  endfacet
  facet normal 0.373501 -0.600641 0.706914
    outer loop
      vertex 5.00013 -7.48323 141.85
      vertex 4.5 -7.79423 141.85
      vertex 5.19458 -7.77424 141.5
    endloop
  endfacet
  facet normal 0.644249 0.291901 0.706921
    outer loop
      vertex 8.38576 4.1354 141.5
      vertex 8.07185 3.9806 141.85
      vertex 8.63827 3.57809 141.5
    endloop
  endfacet
  facet normal 0.600641 -0.373501 0.706914
    outer loop
      vertex 7.79423 -4.5 141.85
      vertex 7.48323 -5.00013 141.85
      vertex 7.77424 -5.19458 141.5
    endloop
  endfacet
  facet normal 0.62378 -0.333415 0.706918
    outer loop
      vertex 8.38576 -4.1354 141.5
      vertex 7.79423 -4.5 141.85
      vertex 8.09734 -4.675 141.5
    endloop
  endfacet
  facet normal -0.600641 -0.373501 0.706914
    outer loop
      vertex -7.48323 -5.00013 141.85
      vertex -7.79423 -4.5 141.85
      vertex -7.77424 -5.19458 141.5
    endloop
  endfacet
  facet normal 0.160603 0.688826 0.706912
    outer loop
      vertex 1.82409 9.17034 141.5
      vertex 1.75581 8.82707 141.85
      vertex 2.41996 9.03141 141.5
    endloop
  endfacet
  facet normal -0.706918 -0.0231425 0.706917
    outer loop
      vertex -9 0 141.85
      vertex -9.32998 -0.611519 141.5
      vertex -8.98073 -0.588628 141.85
    endloop
  endfacet
  facet normal -0.703891 0.0693255 0.706917
    outer loop
      vertex -9.27001 1.22042 141.5
      vertex -9.32998 0.611519 141.5
      vertex -8.98073 0.588628 141.85
    endloop
  endfacet
  facet normal 0.333415 -0.62378 0.706918
    outer loop
      vertex 4.5 -7.79423 141.85
      vertex 4.1354 -8.38576 141.5
      vertex 4.675 -8.09734 141.5
    endloop
  endfacet
  facet normal 0.546356 -0.449198 0.706906
    outer loop
      vertex 7.08629 -5.8135 141.679
      vertex 7.41785 -5.69192 141.5
      vertex 7.14018 -5.47885 141.85
    endloop
  endfacet
  facet normal 0.546341 -0.448352 0.707455
    outer loop
      vertex 7.41785 -5.69192 141.5
      vertex 7.08629 -5.8135 141.679
      vertex 7.2136 -5.94081 141.5
    endloop
  endfacet
  facet normal 0.574922 -0.411988 0.706917
    outer loop
      vertex 7.48323 -5.00013 141.85
      vertex 7.14018 -5.47885 141.85
      vertex 7.41785 -5.69192 141.5
    endloop
  endfacet
  facet normal -0.688826 -0.160603 0.706912
    outer loop
      vertex -8.82707 -1.75581 141.85
      vertex -9.17034 -1.82409 141.5
      vertex -9.03141 -2.41996 141.5
    endloop
  endfacet
  facet normal -0.703891 -0.0693255 0.706917
    outer loop
      vertex -8.98073 -0.588628 141.85
      vertex -9.32998 -0.611519 141.5
      vertex -9.27001 -1.22042 141.5
    endloop
  endfacet
  facet normal -0.644249 -0.291901 0.706921
    outer loop
      vertex -8.07185 -3.9806 141.85
      vertex -8.63827 -3.57809 141.5
      vertex -8.38576 -4.1354 141.5
    endloop
  endfacet
  facet normal 0.0693303 0.703886 0.706921
    outer loop
      vertex 1.22042 9.27001 141.5
      vertex 0.588628 8.98073 141.85
      vertex 1.17474 8.923 141.85
    endloop
  endfacet
  facet normal 0.115209 0.697846 0.706921
    outer loop
      vertex 1.22042 9.27001 141.5
      vertex 1.17474 8.923 141.85
      vertex 1.75581 8.82707 141.85
    endloop
  endfacet
  facet normal 0.0693255 -0.703891 0.706917
    outer loop
      vertex 1.22042 -9.27001 141.5
      vertex 0.588628 -8.98073 141.85
      vertex 0.611519 -9.32998 141.5
    endloop
  endfacet
  facet normal -0.676834 -0.205315 0.706924
    outer loop
      vertex -8.69333 -2.32937 141.85
      vertex -9.03141 -2.41996 141.5
      vertex -8.52237 -2.89295 141.85
    endloop
  endfacet
  facet normal -0.0231425 0.706918 0.706917
    outer loop
      vertex 0 9 141.85
      vertex -0.611519 9.32998 141.5
      vertex -0.588628 8.98073 141.85
    endloop
  endfacet
  facet normal -0.644249 0.291901 0.706921
    outer loop
      vertex -8.38576 4.1354 141.5
      vertex -8.63827 3.57809 141.5
      vertex -8.07185 3.9806 141.85
    endloop
  endfacet
  facet normal 0.205315 0.676834 0.706924
    outer loop
      vertex 2.41996 9.03141 141.5
      vertex 2.32937 8.69333 141.85
      vertex 2.89295 8.52237 141.85
    endloop
  endfacet
  facet normal -0.688826 0.160603 0.706912
    outer loop
      vertex -9.03141 2.41996 141.5
      vertex -9.17034 1.82409 141.5
      vertex -8.82707 1.75581 141.85
    endloop
  endfacet
  facet normal 0.333411 -0.623779 0.706921
    outer loop
      vertex 4.5 -7.79423 141.85
      vertex 3.9806 -8.07185 141.85
      vertex 4.1354 -8.38576 141.5
    endloop
  endfacet
  facet normal -0.574925 0.411987 0.706914
    outer loop
      vertex -7.41785 5.69192 141.5
      vertex -7.77424 5.19458 141.5
      vertex -7.48323 5.00013 141.85
    endloop
  endfacet
  facet normal 0.373501 0.600641 0.706914
    outer loop
      vertex 5.19458 7.77424 141.5
      vertex 4.5 7.79423 141.85
      vertex 5.00013 7.48323 141.85
    endloop
  endfacet
  facet normal -0.706918 0.0231425 0.706917
    outer loop
      vertex -8.98073 0.588628 141.85
      vertex -9.32998 0.611519 141.5
      vertex -9 0 141.85
    endloop
  endfacet
  facet normal 0.0231432 -0.706917 0.706917
    outer loop
      vertex 0 -9 141.85
      vertex 0 -9.35 141.5
      vertex 0.611519 -9.32998 141.5
    endloop
  endfacet
  facet normal -0.697853 -0.11522 0.706912
    outer loop
      vertex -8.82707 -1.75581 141.85
      vertex -9.27001 -1.22042 141.5
      vertex -9.17034 -1.82409 141.5
    endloop
  endfacet
  facet normal 0.676834 -0.205316 0.706924
    outer loop
      vertex 9.03141 -2.41996 141.5
      vertex 8.52237 -2.89295 141.85
      vertex 8.8538 -3.00546 141.5
    endloop
  endfacet
  facet normal 0.623779 -0.333411 0.706921
    outer loop
      vertex 8.07185 -3.9806 141.85
      vertex 7.79423 -4.5 141.85
      vertex 8.38576 -4.1354 141.5
    endloop
  endfacet
  facet normal 0.600641 0.373501 0.706914
    outer loop
      vertex 7.77424 5.19458 141.5
      vertex 7.48323 5.00013 141.85
      vertex 7.79423 4.5 141.85
    endloop
  endfacet
  facet normal -0.661959 0.249135 0.706924
    outer loop
      vertex -8.31492 3.44415 141.85
      vertex -8.8538 3.00546 141.5
      vertex -8.52237 2.89295 141.85
    endloop
  endfacet
  facet normal -0.0231425 -0.706918 0.706917
    outer loop
      vertex -0.588628 -8.98073 141.85
      vertex -0.611519 -9.32998 141.5
      vertex 0 -9 141.85
    endloop
  endfacet
  facet normal -0.205316 -0.676834 0.706924
    outer loop
      vertex -2.89295 -8.52237 141.85
      vertex -3.00546 -8.8538 141.5
      vertex -2.41996 -9.03141 141.5
    endloop
  endfacet
  facet normal -0.62378 0.333415 0.706918
    outer loop
      vertex -8.09734 4.675 141.5
      vertex -8.38576 4.1354 141.5
      vertex -7.79423 4.5 141.85
    endloop
  endfacet
  facet normal -0.661966 -0.249155 0.70691
    outer loop
      vertex -8.31492 -3.44415 141.85
      vertex -8.8538 -3.00546 141.5
      vertex -8.63827 -3.57809 141.5
    endloop
  endfacet
  facet normal -0.644253 -0.291917 0.70691
    outer loop
      vertex -8.31492 -3.44415 141.85
      vertex -8.63827 -3.57809 141.5
      vertex -8.07185 -3.9806 141.85
    endloop
  endfacet
  facet normal -0.623779 -0.333411 0.706921
    outer loop
      vertex -8.07185 -3.9806 141.85
      vertex -8.38576 -4.1354 141.5
      vertex -7.79423 -4.5 141.85
    endloop
  endfacet
  facet normal 0.0231425 -0.706918 0.706917
    outer loop
      vertex 0.588628 -8.98073 141.85
      vertex 0 -9 141.85
      vertex 0.611519 -9.32998 141.5
    endloop
  endfacet
  facet normal 0.291901 -0.644249 0.706921
    outer loop
      vertex 3.9806 -8.07185 141.85
      vertex 3.57809 -8.63827 141.5
      vertex 4.1354 -8.38576 141.5
    endloop
  endfacet
  facet normal -0.706917 0.0231432 0.706917
    outer loop
      vertex -9.32998 0.611519 141.5
      vertex -9.35 0 141.5
      vertex -9 0 141.85
    endloop
  endfacet
  facet normal -0.706917 -0.0231432 0.706917
    outer loop
      vertex -9 0 141.85
      vertex -9.35 0 141.5
      vertex -9.32998 -0.611519 141.5
    endloop
  endfacet
  facet normal 0.676834 -0.205315 0.706924
    outer loop
      vertex 8.69333 -2.32937 141.85
      vertex 8.52237 -2.89295 141.85
      vertex 9.03141 -2.41996 141.5
    endloop
  endfacet
  facet normal -0.373504 -0.600634 0.706918
    outer loop
      vertex -4.5 -7.79423 141.85
      vertex -5.19458 -7.77424 141.5
      vertex -4.675 -8.09734 141.5
    endloop
  endfacet
  facet normal -0.333415 -0.62378 0.706918
    outer loop
      vertex -4.5 -7.79423 141.85
      vertex -4.675 -8.09734 141.5
      vertex -4.1354 -8.38576 141.5
    endloop
  endfacet
  facet normal -0.676834 0.205315 0.706924
    outer loop
      vertex -8.52237 2.89295 141.85
      vertex -9.03141 2.41996 141.5
      vertex -8.69333 2.32937 141.85
    endloop
  endfacet
  facet normal -0.703886 0.0693303 0.706921
    outer loop
      vertex -8.923 1.17474 141.85
      vertex -9.27001 1.22042 141.5
      vertex -8.98073 0.588628 141.85
    endloop
  endfacet
  facet normal -0.449198 -0.546356 0.706906
    outer loop
      vertex -5.8135 -7.08629 141.679
      vertex -5.69192 -7.41785 141.5
      vertex -5.47885 -7.14018 141.85
    endloop
  endfacet
  facet normal -0.448352 -0.546341 0.707455
    outer loop
      vertex -5.69192 -7.41785 141.5
      vertex -5.8135 -7.08629 141.679
      vertex -5.94081 -7.2136 141.5
    endloop
  endfacet
  facet normal -0.411988 -0.574922 0.706917
    outer loop
      vertex -5.47885 -7.14018 141.85
      vertex -5.69192 -7.41785 141.5
      vertex -5.00013 -7.48323 141.85
    endloop
  endfacet
  facet normal -0.0693255 -0.703891 0.706917
    outer loop
      vertex -0.588628 -8.98073 141.85
      vertex -1.22042 -9.27001 141.5
      vertex -0.611519 -9.32998 141.5
    endloop
  endfacet
  facet normal -0.600634 -0.373504 0.706918
    outer loop
      vertex -7.79423 -4.5 141.85
      vertex -8.09734 -4.675 141.5
      vertex -7.77424 -5.19458 141.5
    endloop
  endfacet
  facet normal -0.574922 -0.411988 0.706917
    outer loop
      vertex -7.14018 -5.47885 141.85
      vertex -7.48323 -5.00013 141.85
      vertex -7.41785 -5.69192 141.5
    endloop
  endfacet
  facet normal -0.0693303 0.703886 0.706921
    outer loop
      vertex -0.588628 8.98073 141.85
      vertex -1.22042 9.27001 141.5
      vertex -1.17474 8.923 141.85
    endloop
  endfacet
  facet normal -0.0693303 -0.703886 0.706921
    outer loop
      vertex -1.17474 -8.923 141.85
      vertex -1.22042 -9.27001 141.5
      vertex -0.588628 -8.98073 141.85
    endloop
  endfacet
  facet normal 0.291901 0.644249 0.706921
    outer loop
      vertex 4.1354 8.38576 141.5
      vertex 3.57809 8.63827 141.5
      vertex 3.9806 8.07185 141.85
    endloop
  endfacet
  facet normal -0.623779 0.333411 0.706921
    outer loop
      vertex -7.79423 4.5 141.85
      vertex -8.38576 4.1354 141.5
      vertex -8.07185 3.9806 141.85
    endloop
  endfacet
  facet normal -0.115209 0.697846 0.706921
    outer loop
      vertex -1.22042 9.27001 141.5
      vertex -1.75581 8.82707 141.85
      vertex -1.17474 8.923 141.85
    endloop
  endfacet
  facet normal -0.644253 0.291917 0.70691
    outer loop
      vertex -8.07185 3.9806 141.85
      vertex -8.63827 3.57809 141.5
      vertex -8.31492 3.44415 141.85
    endloop
  endfacet
  facet normal -0.676834 0.205316 0.706924
    outer loop
      vertex -8.8538 3.00546 141.5
      vertex -9.03141 2.41996 141.5
      vertex -8.52237 2.89295 141.85
    endloop
  endfacet
  facet normal -0.546341 0.448352 0.707455
    outer loop
      vertex -7.41785 5.69192 141.5
      vertex -7.08629 5.8135 141.679
      vertex -7.2136 5.94081 141.5
    endloop
  endfacet
  facet normal -0.546356 0.449198 0.706906
    outer loop
      vertex -7.08629 5.8135 141.679
      vertex -7.41785 5.69192 141.5
      vertex -7.14018 5.47885 141.85
    endloop
  endfacet
  facet normal 0.205315 -0.676834 0.706924
    outer loop
      vertex 2.89295 -8.52237 141.85
      vertex 2.32937 -8.69333 141.85
      vertex 2.41996 -9.03141 141.5
    endloop
  endfacet
  facet normal -0.697853 0.11522 0.706912
    outer loop
      vertex -9.17034 1.82409 141.5
      vertex -9.27001 1.22042 141.5
      vertex -8.82707 1.75581 141.85
    endloop
  endfacet
  facet normal -0.291901 0.644249 0.706921
    outer loop
      vertex -3.57809 8.63827 141.5
      vertex -4.1354 8.38576 141.5
      vertex -3.9806 8.07185 141.85
    endloop
  endfacet
  facet normal -0.688812 -0.160614 0.706924
    outer loop
      vertex -8.82707 -1.75581 141.85
      vertex -9.03141 -2.41996 141.5
      vertex -8.69333 -2.32937 141.85
    endloop
  endfacet
  facet normal -0.449052 -0.54718 0.706361
    outer loop
      vertex -5.69225 -6.96505 141.85
      vertex -5.8135 -7.08629 141.679
      vertex -5.47885 -7.14018 141.85
    endloop
  endfacet
  facet normal 0.333411 0.623779 0.706921
    outer loop
      vertex 4.1354 8.38576 141.5
      vertex 3.9806 8.07185 141.85
      vertex 4.5 7.79423 141.85
    endloop
  endfacet
  facet normal 0.160614 -0.688812 0.706924
    outer loop
      vertex 2.32937 -8.69333 141.85
      vertex 1.75581 -8.82707 141.85
      vertex 2.41996 -9.03141 141.5
    endloop
  endfacet
  facet normal -0.115209 -0.697846 0.706921
    outer loop
      vertex -1.17474 -8.923 141.85
      vertex -1.75581 -8.82707 141.85
      vertex -1.22042 -9.27001 141.5
    endloop
  endfacet
  facet normal -0.697846 0.115209 0.706921
    outer loop
      vertex -8.82707 1.75581 141.85
      vertex -9.27001 1.22042 141.5
      vertex -8.923 1.17474 141.85
    endloop
  endfacet
  facet normal -0.697846 -0.115209 0.706921
    outer loop
      vertex -8.923 -1.17474 141.85
      vertex -9.27001 -1.22042 141.5
      vertex -8.82707 -1.75581 141.85
    endloop
  endfacet
  facet normal -0.0980567 0.995181 0
    outer loop
      vertex -1.96209 29.9358 0
      vertex -3.91578 29.7433 120
      vertex -1.96209 29.9358 120
    endloop
  endfacet
  facet normal -0.0980567 0.995181 0
    outer loop
      vertex -3.91578 29.7433 120
      vertex -1.96209 29.9358 0
      vertex -3.91578 29.7433 0
    endloop
  endfacet
  facet normal 0.995181 0.0980567 0
    outer loop
      vertex 29.9358 1.96209 120
      vertex 29.7433 3.91578 0
      vertex 29.7433 3.91578 120
    endloop
  endfacet
  facet normal 0.995181 0.0980567 0
    outer loop
      vertex 29.7433 3.91578 0
      vertex 29.9358 1.96209 120
      vertex 29.9358 1.96209 0
    endloop
  endfacet
  facet normal 0.999465 0.0327027 0
    outer loop
      vertex 30 0 120
      vertex 29.9358 1.96209 0
      vertex 29.9358 1.96209 120
    endloop
  endfacet
  facet normal 0.999465 0.0327027 0
    outer loop
      vertex 29.9358 1.96209 0
      vertex 30 0 120
      vertex 30 0 0
    endloop
  endfacet
  facet normal 0.986651 0.162852 0
    outer loop
      vertex 29.7433 3.91578 120
      vertex 29.4236 5.85271 0
      vertex 29.4236 5.85271 120
    endloop
  endfacet
  facet normal 0.986651 0.162852 0
    outer loop
      vertex 29.4236 5.85271 0
      vertex 29.7433 3.91578 120
      vertex 29.7433 3.91578 0
    endloop
  endfacet
  facet normal 0.528079 -0.849195 0
    outer loop
      vertex 15 -25.9808 0
      vertex 16.6671 -24.9441 120
      vertex 15 -25.9808 120
    endloop
  endfacet
  facet normal 0.528079 -0.849195 0
    outer loop
      vertex 16.6671 -24.9441 120
      vertex 15 -25.9808 0
      vertex 16.6671 -24.9441 0
    endloop
  endfacet
  facet normal 0.162852 0.986651 -0
    outer loop
      vertex 5.85271 29.4236 0
      vertex 3.91578 29.7433 120
      vertex 5.85271 29.4236 120
    endloop
  endfacet
  facet normal 0.162852 0.986651 0
    outer loop
      vertex 3.91578 29.7433 120
      vertex 5.85271 29.4236 0
      vertex 3.91578 29.7433 0
    endloop
  endfacet
  facet normal -0.352242 -0.935909 0
    outer loop
      vertex -11.4805 -27.7164 0
      vertex -9.64318 -28.4079 120
      vertex -11.4805 -27.7164 120
    endloop
  endfacet
  facet normal -0.352242 -0.935909 -0
    outer loop
      vertex -9.64318 -28.4079 120
      vertex -11.4805 -27.7164 0
      vertex -9.64318 -28.4079 0
    endloop
  endfacet
  facet normal 0.227084 -0.973875 0
    outer loop
      vertex 5.85271 -29.4236 0
      vertex 7.76457 -28.9778 120
      vertex 5.85271 -29.4236 120
    endloop
  endfacet
  facet normal 0.227084 -0.973875 0
    outer loop
      vertex 7.76457 -28.9778 120
      vertex 5.85271 -29.4236 0
      vertex 7.76457 -28.9778 0
    endloop
  endfacet
  facet normal 0.0980567 0.995181 -0
    outer loop
      vertex 3.91578 29.7433 0
      vertex 1.96209 29.9358 120
      vertex 3.91578 29.7433 120
    endloop
  endfacet
  facet normal 0.0980567 0.995181 0
    outer loop
      vertex 1.96209 29.9358 120
      vertex 3.91578 29.7433 0
      vertex 1.96209 29.9358 0
    endloop
  endfacet
  facet normal 0.973875 0.227084 0
    outer loop
      vertex 29.4236 5.85271 120
      vertex 28.9778 7.76457 0
      vertex 28.9778 7.76457 120
    endloop
  endfacet
  facet normal 0.973875 0.227084 0
    outer loop
      vertex 28.9778 7.76457 0
      vertex 29.4236 5.85271 120
      vertex 29.4236 5.85271 0
    endloop
  endfacet
  facet normal -0.849195 -0.528079 0
    outer loop
      vertex -24.9441 -16.6671 0
      vertex -25.9808 -15 120
      vertex -25.9808 -15 0
    endloop
  endfacet
  facet normal -0.849195 -0.528079 0
    outer loop
      vertex -25.9808 -15 120
      vertex -24.9441 -16.6671 0
      vertex -24.9441 -16.6671 120
    endloop
  endfacet
  facet normal 0.528079 0.849195 -0
    outer loop
      vertex 16.6671 24.9441 0
      vertex 15 25.9808 120
      vertex 16.6671 24.9441 120
    endloop
  endfacet
  facet normal 0.528079 0.849195 0
    outer loop
      vertex 15 25.9808 120
      vertex 16.6671 24.9441 0
      vertex 15 25.9808 0
    endloop
  endfacet
  facet normal 0.0327027 -0.999465 0
    outer loop
      vertex 0 -30 0
      vertex 1.96209 -29.9358 120
      vertex 0 -30 120
    endloop
  endfacet
  facet normal 0.0327027 -0.999465 0
    outer loop
      vertex 1.96209 -29.9358 120
      vertex 0 -30 0
      vertex 1.96209 -29.9358 0
    endloop
  endfacet
  facet normal 0.973875 -0.227084 0
    outer loop
      vertex 28.9778 -7.76457 120
      vertex 29.4236 -5.85271 0
      vertex 29.4236 -5.85271 120
    endloop
  endfacet
  facet normal 0.973875 -0.227084 0
    outer loop
      vertex 29.4236 -5.85271 0
      vertex 28.9778 -7.76457 120
      vertex 28.9778 -7.76457 0
    endloop
  endfacet
  facet normal 0.683602 -0.729855 0
    outer loop
      vertex 19.7804 -22.5552 0
      vertex 21.2132 -21.2132 120
      vertex 19.7804 -22.5552 120
    endloop
  endfacet
  facet normal 0.683602 -0.729855 0
    outer loop
      vertex 21.2132 -21.2132 120
      vertex 19.7804 -22.5552 0
      vertex 21.2132 -21.2132 0
    endloop
  endfacet
  facet normal 0.352242 -0.935909 0
    outer loop
      vertex 9.64318 -28.4079 0
      vertex 11.4805 -27.7164 120
      vertex 9.64318 -28.4079 120
    endloop
  endfacet
  facet normal 0.352242 -0.935909 0
    outer loop
      vertex 11.4805 -27.7164 120
      vertex 9.64318 -28.4079 0
      vertex 11.4805 -27.7164 0
    endloop
  endfacet
  facet normal -0.227084 0.973875 0
    outer loop
      vertex -5.85271 29.4236 0
      vertex -7.76457 28.9778 120
      vertex -5.85271 29.4236 120
    endloop
  endfacet
  facet normal -0.227084 0.973875 0
    outer loop
      vertex -7.76457 28.9778 120
      vertex -5.85271 29.4236 0
      vertex -7.76457 28.9778 0
    endloop
  endfacet
  facet normal 0.812838 0.58249 0
    outer loop
      vertex 24.9441 16.6671 120
      vertex 23.8006 18.2628 0
      vertex 23.8006 18.2628 120
    endloop
  endfacet
  facet normal 0.812838 0.58249 0
    outer loop
      vertex 23.8006 18.2628 0
      vertex 24.9441 16.6671 120
      vertex 24.9441 16.6671 0
    endloop
  endfacet
  facet normal -0.812838 -0.58249 0
    outer loop
      vertex -23.8006 -18.2628 0
      vertex -24.9441 -16.6671 120
      vertex -24.9441 -16.6671 0
    endloop
  endfacet
  facet normal -0.812838 -0.58249 0
    outer loop
      vertex -24.9441 -16.6671 120
      vertex -23.8006 -18.2628 0
      vertex -23.8006 -18.2628 120
    endloop
  endfacet
  facet normal -0.910868 -0.412697 0
    outer loop
      vertex -26.9062 -13.2687 0
      vertex -27.7164 -11.4805 120
      vertex -27.7164 -11.4805 0
    endloop
  endfacet
  facet normal -0.910868 -0.412697 0
    outer loop
      vertex -27.7164 -11.4805 120
      vertex -26.9062 -13.2687 0
      vertex -26.9062 -13.2687 120
    endloop
  endfacet
  facet normal -0.528079 0.849195 0
    outer loop
      vertex -15 25.9808 0
      vertex -16.6671 24.9441 120
      vertex -15 25.9808 120
    endloop
  endfacet
  facet normal -0.528079 0.849195 0
    outer loop
      vertex -16.6671 24.9441 120
      vertex -15 25.9808 0
      vertex -16.6671 24.9441 0
    endloop
  endfacet
  facet normal -0.999465 -0.0327027 0
    outer loop
      vertex -29.9358 -1.96209 0
      vertex -30 0 120
      vertex -30 0 0
    endloop
  endfacet
  facet normal -0.999465 -0.0327027 0
    outer loop
      vertex -30 0 120
      vertex -29.9358 -1.96209 0
      vertex -29.9358 -1.96209 120
    endloop
  endfacet
  facet normal -0.973875 -0.227084 0
    outer loop
      vertex -28.9778 -7.76457 0
      vertex -29.4236 -5.85271 120
      vertex -29.4236 -5.85271 0
    endloop
  endfacet
  facet normal -0.973875 -0.227084 0
    outer loop
      vertex -29.4236 -5.85271 120
      vertex -28.9778 -7.76457 0
      vertex -28.9778 -7.76457 120
    endloop
  endfacet
  facet normal -0.471397 0.881921 0
    outer loop
      vertex -13.2687 26.9062 0
      vertex -15 25.9808 120
      vertex -13.2687 26.9062 120
    endloop
  endfacet
  facet normal -0.471397 0.881921 0
    outer loop
      vertex -15 25.9808 120
      vertex -13.2687 26.9062 0
      vertex -15 25.9808 0
    endloop
  endfacet
  facet normal 0.849195 0.528079 0
    outer loop
      vertex 25.9808 15 120
      vertex 24.9441 16.6671 0
      vertex 24.9441 16.6671 120
    endloop
  endfacet
  facet normal 0.849195 0.528079 0
    outer loop
      vertex 24.9441 16.6671 0
      vertex 25.9808 15 120
      vertex 25.9808 15 0
    endloop
  endfacet
  facet normal 0.0327027 0.999465 -0
    outer loop
      vertex 1.96209 29.9358 0
      vertex 0 30 120
      vertex 1.96209 29.9358 120
    endloop
  endfacet
  facet normal 0.0327027 0.999465 0
    outer loop
      vertex 0 30 120
      vertex 1.96209 29.9358 0
      vertex 0 30 0
    endloop
  endfacet
  facet normal 0.162852 -0.986651 0
    outer loop
      vertex 3.91578 -29.7433 0
      vertex 5.85271 -29.4236 120
      vertex 3.91578 -29.7433 120
    endloop
  endfacet
  facet normal 0.162852 -0.986651 0
    outer loop
      vertex 5.85271 -29.4236 120
      vertex 3.91578 -29.7433 0
      vertex 5.85271 -29.4236 0
    endloop
  endfacet
  facet normal 0.290299 -0.956936 0
    outer loop
      vertex 7.76457 -28.9778 0
      vertex 9.64318 -28.4079 120
      vertex 7.76457 -28.9778 120
    endloop
  endfacet
  facet normal 0.290299 -0.956936 0
    outer loop
      vertex 9.64318 -28.4079 120
      vertex 7.76457 -28.9778 0
      vertex 9.64318 -28.4079 0
    endloop
  endfacet
  facet normal -0.729855 -0.683602 0
    outer loop
      vertex -21.2132 -21.2132 0
      vertex -22.5552 -19.7804 120
      vertex -22.5552 -19.7804 0
    endloop
  endfacet
  facet normal -0.729855 -0.683602 0
    outer loop
      vertex -22.5552 -19.7804 120
      vertex -21.2132 -21.2132 0
      vertex -21.2132 -21.2132 120
    endloop
  endfacet
  facet normal 0.995181 -0.0980567 0
    outer loop
      vertex 29.7433 -3.91578 120
      vertex 29.9358 -1.96209 0
      vertex 29.9358 -1.96209 120
    endloop
  endfacet
  facet normal 0.995181 -0.0980567 0
    outer loop
      vertex 29.9358 -1.96209 0
      vertex 29.7433 -3.91578 120
      vertex 29.7433 -3.91578 0
    endloop
  endfacet
  facet normal -0.0980567 -0.995181 0
    outer loop
      vertex -3.91578 -29.7433 0
      vertex -1.96209 -29.9358 120
      vertex -3.91578 -29.7433 120
    endloop
  endfacet
  facet normal -0.0980567 -0.995181 -0
    outer loop
      vertex -1.96209 -29.9358 120
      vertex -3.91578 -29.7433 0
      vertex -1.96209 -29.9358 0
    endloop
  endfacet
  facet normal -0.58249 0.812838 0
    outer loop
      vertex -16.6671 24.9441 0
      vertex -18.2628 23.8006 120
      vertex -16.6671 24.9441 120
    endloop
  endfacet
  facet normal -0.58249 0.812838 0
    outer loop
      vertex -18.2628 23.8006 120
      vertex -16.6671 24.9441 0
      vertex -18.2628 23.8006 0
    endloop
  endfacet
  facet normal -0.528079 -0.849195 0
    outer loop
      vertex -16.6671 -24.9441 0
      vertex -15 -25.9808 120
      vertex -16.6671 -24.9441 120
    endloop
  endfacet
  facet normal -0.528079 -0.849195 -0
    outer loop
      vertex -15 -25.9808 120
      vertex -16.6671 -24.9441 0
      vertex -15 -25.9808 0
    endloop
  endfacet
  facet normal -0.935909 -0.352242 0
    outer loop
      vertex -27.7164 -11.4805 0
      vertex -28.4079 -9.64318 120
      vertex -28.4079 -9.64318 0
    endloop
  endfacet
  facet normal -0.935909 -0.352242 0
    outer loop
      vertex -28.4079 -9.64318 120
      vertex -27.7164 -11.4805 0
      vertex -27.7164 -11.4805 120
    endloop
  endfacet
  facet normal 0.58249 0.812838 -0
    outer loop
      vertex 18.2628 23.8006 0
      vertex 16.6671 24.9441 120
      vertex 18.2628 23.8006 120
    endloop
  endfacet
  facet normal 0.58249 0.812838 0
    outer loop
      vertex 16.6671 24.9441 120
      vertex 18.2628 23.8006 0
      vertex 16.6671 24.9441 0
    endloop
  endfacet
  facet normal 0.773026 0.634374 0
    outer loop
      vertex 23.8006 18.2628 120
      vertex 22.5552 19.7804 0
      vertex 22.5552 19.7804 120
    endloop
  endfacet
  facet normal 0.773026 0.634374 0
    outer loop
      vertex 22.5552 19.7804 0
      vertex 23.8006 18.2628 120
      vertex 23.8006 18.2628 0
    endloop
  endfacet
  facet normal 0.935909 0.352242 0
    outer loop
      vertex 28.4079 9.64318 120
      vertex 27.7164 11.4805 0
      vertex 27.7164 11.4805 120
    endloop
  endfacet
  facet normal 0.935909 0.352242 0
    outer loop
      vertex 27.7164 11.4805 0
      vertex 28.4079 9.64318 120
      vertex 28.4079 9.64318 0
    endloop
  endfacet
  facet normal -0.634374 -0.773026 0
    outer loop
      vertex -19.7804 -22.5552 0
      vertex -18.2628 -23.8006 120
      vertex -19.7804 -22.5552 120
    endloop
  endfacet
  facet normal -0.634374 -0.773026 -0
    outer loop
      vertex -18.2628 -23.8006 120
      vertex -19.7804 -22.5552 0
      vertex -18.2628 -23.8006 0
    endloop
  endfacet
  facet normal 0.935909 -0.352242 0
    outer loop
      vertex 27.7164 -11.4805 120
      vertex 28.4079 -9.64318 0
      vertex 28.4079 -9.64318 120
    endloop
  endfacet
  facet normal 0.935909 -0.352242 0
    outer loop
      vertex 28.4079 -9.64318 0
      vertex 27.7164 -11.4805 120
      vertex 27.7164 -11.4805 0
    endloop
  endfacet
  facet normal 0.412697 -0.910868 0
    outer loop
      vertex 11.4805 -27.7164 0
      vertex 13.2687 -26.9062 120
      vertex 11.4805 -27.7164 120
    endloop
  endfacet
  facet normal 0.412697 -0.910868 0
    outer loop
      vertex 13.2687 -26.9062 120
      vertex 11.4805 -27.7164 0
      vertex 13.2687 -26.9062 0
    endloop
  endfacet
  facet normal 0.881921 0.471397 0
    outer loop
      vertex 26.9062 13.2687 120
      vertex 25.9808 15 0
      vertex 25.9808 15 120
    endloop
  endfacet
  facet normal 0.881921 0.471397 0
    outer loop
      vertex 25.9808 15 0
      vertex 26.9062 13.2687 120
      vertex 26.9062 13.2687 0
    endloop
  endfacet
  facet normal -0.995181 -0.0980567 0
    outer loop
      vertex -29.7433 -3.91578 0
      vertex -29.9358 -1.96209 120
      vertex -29.9358 -1.96209 0
    endloop
  endfacet
  facet normal -0.995181 -0.0980567 0
    outer loop
      vertex -29.9358 -1.96209 120
      vertex -29.7433 -3.91578 0
      vertex -29.7433 -3.91578 120
    endloop
  endfacet
  facet normal -0.812838 0.58249 0
    outer loop
      vertex -24.9441 16.6671 0
      vertex -23.8006 18.2628 120
      vertex -23.8006 18.2628 0
    endloop
  endfacet
  facet normal -0.812838 0.58249 0
    outer loop
      vertex -23.8006 18.2628 120
      vertex -24.9441 16.6671 0
      vertex -24.9441 16.6671 120
    endloop
  endfacet
  facet normal 0.471397 0.881921 -0
    outer loop
      vertex 15 25.9808 0
      vertex 13.2687 26.9062 120
      vertex 15 25.9808 120
    endloop
  endfacet
  facet normal 0.471397 0.881921 0
    outer loop
      vertex 13.2687 26.9062 120
      vertex 15 25.9808 0
      vertex 13.2687 26.9062 0
    endloop
  endfacet
  facet normal -0.910868 0.412697 0
    outer loop
      vertex -27.7164 11.4805 0
      vertex -26.9062 13.2687 120
      vertex -26.9062 13.2687 0
    endloop
  endfacet
  facet normal -0.910868 0.412697 0
    outer loop
      vertex -26.9062 13.2687 120
      vertex -27.7164 11.4805 0
      vertex -27.7164 11.4805 120
    endloop
  endfacet
  facet normal 0.634374 -0.773026 0
    outer loop
      vertex 18.2628 -23.8006 0
      vertex 19.7804 -22.5552 120
      vertex 18.2628 -23.8006 120
    endloop
  endfacet
  facet normal 0.634374 -0.773026 0
    outer loop
      vertex 19.7804 -22.5552 120
      vertex 18.2628 -23.8006 0
      vertex 19.7804 -22.5552 0
    endloop
  endfacet
  facet normal 0.956936 0.290299 0
    outer loop
      vertex 28.9778 7.76457 120
      vertex 28.4079 9.64318 0
      vertex 28.4079 9.64318 120
    endloop
  endfacet
  facet normal 0.956936 0.290299 0
    outer loop
      vertex 28.4079 9.64318 0
      vertex 28.9778 7.76457 120
      vertex 28.9778 7.76457 0
    endloop
  endfacet
  facet normal -0.290299 0.956936 0
    outer loop
      vertex -7.76457 28.9778 0
      vertex -9.64318 28.4079 120
      vertex -7.76457 28.9778 120
    endloop
  endfacet
  facet normal -0.290299 0.956936 0
    outer loop
      vertex -9.64318 28.4079 120
      vertex -7.76457 28.9778 0
      vertex -9.64318 28.4079 0
    endloop
  endfacet
  facet normal 0.58249 -0.812838 0
    outer loop
      vertex 16.6671 -24.9441 0
      vertex 18.2628 -23.8006 120
      vertex 16.6671 -24.9441 120
    endloop
  endfacet
  facet normal 0.58249 -0.812838 0
    outer loop
      vertex 18.2628 -23.8006 120
      vertex 16.6671 -24.9441 0
      vertex 18.2628 -23.8006 0
    endloop
  endfacet
  facet normal -0.162852 -0.986651 0
    outer loop
      vertex -5.85271 -29.4236 0
      vertex -3.91578 -29.7433 120
      vertex -5.85271 -29.4236 120
    endloop
  endfacet
  facet normal -0.162852 -0.986651 -0
    outer loop
      vertex -3.91578 -29.7433 120
      vertex -5.85271 -29.4236 0
      vertex -3.91578 -29.7433 0
    endloop
  endfacet
  facet normal 0.910868 0.412697 0
    outer loop
      vertex 27.7164 11.4805 120
      vertex 26.9062 13.2687 0
      vertex 26.9062 13.2687 120
    endloop
  endfacet
  facet normal 0.910868 0.412697 0
    outer loop
      vertex 26.9062 13.2687 0
      vertex 27.7164 11.4805 120
      vertex 27.7164 11.4805 0
    endloop
  endfacet
  facet normal -0.352242 0.935909 0
    outer loop
      vertex -9.64318 28.4079 0
      vertex -11.4805 27.7164 120
      vertex -9.64318 28.4079 120
    endloop
  endfacet
  facet normal -0.352242 0.935909 0
    outer loop
      vertex -11.4805 27.7164 120
      vertex -9.64318 28.4079 0
      vertex -11.4805 27.7164 0
    endloop
  endfacet
  facet normal 0.773026 -0.634374 0
    outer loop
      vertex 22.5552 -19.7804 120
      vertex 23.8006 -18.2628 0
      vertex 23.8006 -18.2628 120
    endloop
  endfacet
  facet normal 0.773026 -0.634374 0
    outer loop
      vertex 23.8006 -18.2628 0
      vertex 22.5552 -19.7804 120
      vertex 22.5552 -19.7804 0
    endloop
  endfacet
  facet normal 0.0980567 -0.995181 0
    outer loop
      vertex 1.96209 -29.9358 0
      vertex 3.91578 -29.7433 120
      vertex 1.96209 -29.9358 120
    endloop
  endfacet
  facet normal 0.0980567 -0.995181 0
    outer loop
      vertex 3.91578 -29.7433 120
      vertex 1.96209 -29.9358 0
      vertex 3.91578 -29.7433 0
    endloop
  endfacet
  facet normal -0.0327027 0.999465 0
    outer loop
      vertex 0 30 0
      vertex -1.96209 29.9358 120
      vertex 0 30 120
    endloop
  endfacet
  facet normal -0.0327027 0.999465 0
    outer loop
      vertex -1.96209 29.9358 120
      vertex 0 30 0
      vertex -1.96209 29.9358 0
    endloop
  endfacet
  facet normal 0.986651 -0.162852 0
    outer loop
      vertex 29.4236 -5.85271 120
      vertex 29.7433 -3.91578 0
      vertex 29.7433 -3.91578 120
    endloop
  endfacet
  facet normal 0.986651 -0.162852 0
    outer loop
      vertex 29.7433 -3.91578 0
      vertex 29.4236 -5.85271 120
      vertex 29.4236 -5.85271 0
    endloop
  endfacet
  facet normal 0.729855 -0.683602 0
    outer loop
      vertex 21.2132 -21.2132 120
      vertex 22.5552 -19.7804 0
      vertex 22.5552 -19.7804 120
    endloop
  endfacet
  facet normal 0.729855 -0.683602 0
    outer loop
      vertex 22.5552 -19.7804 0
      vertex 21.2132 -21.2132 120
      vertex 21.2132 -21.2132 0
    endloop
  endfacet
  facet normal 0.999465 -0.0327027 0
    outer loop
      vertex 29.9358 -1.96209 120
      vertex 30 0 0
      vertex 30 0 120
    endloop
  endfacet
  facet normal 0.999465 -0.0327027 0
    outer loop
      vertex 30 0 0
      vertex 29.9358 -1.96209 120
      vertex 29.9358 -1.96209 0
    endloop
  endfacet
  facet normal -0.986651 -0.162852 0
    outer loop
      vertex -29.4236 -5.85271 0
      vertex -29.7433 -3.91578 120
      vertex -29.7433 -3.91578 0
    endloop
  endfacet
  facet normal -0.986651 -0.162852 0
    outer loop
      vertex -29.7433 -3.91578 120
      vertex -29.4236 -5.85271 0
      vertex -29.4236 -5.85271 120
    endloop
  endfacet
  facet normal 0.471397 -0.881921 0
    outer loop
      vertex 13.2687 -26.9062 0
      vertex 15 -25.9808 120
      vertex 13.2687 -26.9062 120
    endloop
  endfacet
  facet normal 0.471397 -0.881921 0
    outer loop
      vertex 15 -25.9808 120
      vertex 13.2687 -26.9062 0
      vertex 15 -25.9808 0
    endloop
  endfacet
  facet normal -0.162852 0.986651 0
    outer loop
      vertex -3.91578 29.7433 0
      vertex -5.85271 29.4236 120
      vertex -3.91578 29.7433 120
    endloop
  endfacet
  facet normal -0.162852 0.986651 0
    outer loop
      vertex -5.85271 29.4236 120
      vertex -3.91578 29.7433 0
      vertex -5.85271 29.4236 0
    endloop
  endfacet
  facet normal 0.412697 0.910868 -0
    outer loop
      vertex 13.2687 26.9062 0
      vertex 11.4805 27.7164 120
      vertex 13.2687 26.9062 120
    endloop
  endfacet
  facet normal 0.412697 0.910868 0
    outer loop
      vertex 11.4805 27.7164 120
      vertex 13.2687 26.9062 0
      vertex 11.4805 27.7164 0
    endloop
  endfacet
  facet normal 0.227084 0.973875 -0
    outer loop
      vertex 7.76457 28.9778 0
      vertex 5.85271 29.4236 120
      vertex 7.76457 28.9778 120
    endloop
  endfacet
  facet normal 0.227084 0.973875 0
    outer loop
      vertex 5.85271 29.4236 120
      vertex 7.76457 28.9778 0
      vertex 5.85271 29.4236 0
    endloop
  endfacet
  facet normal 0.881921 -0.471397 0
    outer loop
      vertex 25.9808 -15 120
      vertex 26.9062 -13.2687 0
      vertex 26.9062 -13.2687 120
    endloop
  endfacet
  facet normal 0.881921 -0.471397 0
    outer loop
      vertex 26.9062 -13.2687 0
      vertex 25.9808 -15 120
      vertex 25.9808 -15 0
    endloop
  endfacet
  facet normal 0.352242 0.935909 -0
    outer loop
      vertex 11.4805 27.7164 0
      vertex 9.64318 28.4079 120
      vertex 11.4805 27.7164 120
    endloop
  endfacet
  facet normal 0.352242 0.935909 0
    outer loop
      vertex 9.64318 28.4079 120
      vertex 11.4805 27.7164 0
      vertex 9.64318 28.4079 0
    endloop
  endfacet
  facet normal 0.910868 -0.412697 0
    outer loop
      vertex 26.9062 -13.2687 120
      vertex 27.7164 -11.4805 0
      vertex 27.7164 -11.4805 120
    endloop
  endfacet
  facet normal 0.910868 -0.412697 0
    outer loop
      vertex 27.7164 -11.4805 0
      vertex 26.9062 -13.2687 120
      vertex 26.9062 -13.2687 0
    endloop
  endfacet
  facet normal 0.683602 0.729855 -0
    outer loop
      vertex 21.2132 21.2132 0
      vertex 19.7804 22.5552 120
      vertex 21.2132 21.2132 120
    endloop
  endfacet
  facet normal 0.683602 0.729855 0
    outer loop
      vertex 19.7804 22.5552 120
      vertex 21.2132 21.2132 0
      vertex 19.7804 22.5552 0
    endloop
  endfacet
  facet normal 0.956936 -0.290299 0
    outer loop
      vertex 28.4079 -9.64318 120
      vertex 28.9778 -7.76457 0
      vertex 28.9778 -7.76457 120
    endloop
  endfacet
  facet normal 0.956936 -0.290299 0
    outer loop
      vertex 28.9778 -7.76457 0
      vertex 28.4079 -9.64318 120
      vertex 28.4079 -9.64318 0
    endloop
  endfacet
  facet normal -0.973875 0.227084 0
    outer loop
      vertex -29.4236 5.85271 0
      vertex -28.9778 7.76457 120
      vertex -28.9778 7.76457 0
    endloop
  endfacet
  facet normal -0.973875 0.227084 0
    outer loop
      vertex -28.9778 7.76457 120
      vertex -29.4236 5.85271 0
      vertex -29.4236 5.85271 120
    endloop
  endfacet
  facet normal 0.634374 0.773026 -0
    outer loop
      vertex 19.7804 22.5552 0
      vertex 18.2628 23.8006 120
      vertex 19.7804 22.5552 120
    endloop
  endfacet
  facet normal 0.634374 0.773026 0
    outer loop
      vertex 18.2628 23.8006 120
      vertex 19.7804 22.5552 0
      vertex 18.2628 23.8006 0
    endloop
  endfacet
  facet normal -0.412697 -0.910868 0
    outer loop
      vertex -13.2687 -26.9062 0
      vertex -11.4805 -27.7164 120
      vertex -13.2687 -26.9062 120
    endloop
  endfacet
  facet normal -0.412697 -0.910868 -0
    outer loop
      vertex -11.4805 -27.7164 120
      vertex -13.2687 -26.9062 0
      vertex -11.4805 -27.7164 0
    endloop
  endfacet
  facet normal -0.227084 -0.973875 0
    outer loop
      vertex -7.76457 -28.9778 0
      vertex -5.85271 -29.4236 120
      vertex -7.76457 -28.9778 120
    endloop
  endfacet
  facet normal -0.227084 -0.973875 -0
    outer loop
      vertex -5.85271 -29.4236 120
      vertex -7.76457 -28.9778 0
      vertex -5.85271 -29.4236 0
    endloop
  endfacet
  facet normal -0.986651 0.162852 0
    outer loop
      vertex -29.7433 3.91578 0
      vertex -29.4236 5.85271 120
      vertex -29.4236 5.85271 0
    endloop
  endfacet
  facet normal -0.986651 0.162852 0
    outer loop
      vertex -29.4236 5.85271 120
      vertex -29.7433 3.91578 0
      vertex -29.7433 3.91578 120
    endloop
  endfacet
  facet normal -0.0327027 -0.999465 0
    outer loop
      vertex -1.96209 -29.9358 0
      vertex 0 -30 120
      vertex -1.96209 -29.9358 120
    endloop
  endfacet
  facet normal -0.0327027 -0.999465 -0
    outer loop
      vertex 0 -30 120
      vertex -1.96209 -29.9358 0
      vertex 0 -30 0
    endloop
  endfacet
  facet normal -0.412697 0.910868 0
    outer loop
      vertex -11.4805 27.7164 0
      vertex -13.2687 26.9062 120
      vertex -11.4805 27.7164 120
    endloop
  endfacet
  facet normal -0.412697 0.910868 0
    outer loop
      vertex -13.2687 26.9062 120
      vertex -11.4805 27.7164 0
      vertex -13.2687 26.9062 0
    endloop
  endfacet
  facet normal -0.683602 0.729855 0
    outer loop
      vertex -19.7804 22.5552 0
      vertex -21.2132 21.2132 120
      vertex -19.7804 22.5552 120
    endloop
  endfacet
  facet normal -0.683602 0.729855 0
    outer loop
      vertex -21.2132 21.2132 120
      vertex -19.7804 22.5552 0
      vertex -21.2132 21.2132 0
    endloop
  endfacet
  facet normal -0.634374 0.773026 0
    outer loop
      vertex -18.2628 23.8006 0
      vertex -19.7804 22.5552 120
      vertex -18.2628 23.8006 120
    endloop
  endfacet
  facet normal -0.634374 0.773026 0
    outer loop
      vertex -19.7804 22.5552 120
      vertex -18.2628 23.8006 0
      vertex -19.7804 22.5552 0
    endloop
  endfacet
  facet normal -0.956936 -0.290299 0
    outer loop
      vertex -28.4079 -9.64318 0
      vertex -28.9778 -7.76457 120
      vertex -28.9778 -7.76457 0
    endloop
  endfacet
  facet normal -0.956936 -0.290299 0
    outer loop
      vertex -28.9778 -7.76457 120
      vertex -28.4079 -9.64318 0
      vertex -28.4079 -9.64318 120
    endloop
  endfacet
  facet normal -0.935909 0.352242 0
    outer loop
      vertex -28.4079 9.64318 0
      vertex -27.7164 11.4805 120
      vertex -27.7164 11.4805 0
    endloop
  endfacet
  facet normal -0.935909 0.352242 0
    outer loop
      vertex -27.7164 11.4805 120
      vertex -28.4079 9.64318 0
      vertex -28.4079 9.64318 120
    endloop
  endfacet
  facet normal 0.849195 -0.528079 0
    outer loop
      vertex 24.9441 -16.6671 120
      vertex 25.9808 -15 0
      vertex 25.9808 -15 120
    endloop
  endfacet
  facet normal 0.849195 -0.528079 0
    outer loop
      vertex 25.9808 -15 0
      vertex 24.9441 -16.6671 120
      vertex 24.9441 -16.6671 0
    endloop
  endfacet
  facet normal 0.729855 0.683602 0
    outer loop
      vertex 22.5552 19.7804 120
      vertex 21.2132 21.2132 0
      vertex 21.2132 21.2132 120
    endloop
  endfacet
  facet normal 0.729855 0.683602 0
    outer loop
      vertex 21.2132 21.2132 0
      vertex 22.5552 19.7804 120
      vertex 22.5552 19.7804 0
    endloop
  endfacet
  facet normal -0.995181 0.0980567 0
    outer loop
      vertex -29.9358 1.96209 0
      vertex -29.7433 3.91578 120
      vertex -29.7433 3.91578 0
    endloop
  endfacet
  facet normal -0.995181 0.0980567 0
    outer loop
      vertex -29.7433 3.91578 120
      vertex -29.9358 1.96209 0
      vertex -29.9358 1.96209 120
    endloop
  endfacet
  facet normal -0.999465 0.0327027 0
    outer loop
      vertex -30 0 0
      vertex -29.9358 1.96209 120
      vertex -29.9358 1.96209 0
    endloop
  endfacet
  facet normal -0.999465 0.0327027 0
    outer loop
      vertex -29.9358 1.96209 120
      vertex -30 0 0
      vertex -30 0 120
    endloop
  endfacet
  facet normal -0.58249 -0.812838 0
    outer loop
      vertex -18.2628 -23.8006 0
      vertex -16.6671 -24.9441 120
      vertex -18.2628 -23.8006 120
    endloop
  endfacet
  facet normal -0.58249 -0.812838 -0
    outer loop
      vertex -16.6671 -24.9441 120
      vertex -18.2628 -23.8006 0
      vertex -16.6671 -24.9441 0
    endloop
  endfacet
  facet normal 0.812838 -0.58249 0
    outer loop
      vertex 23.8006 -18.2628 120
      vertex 24.9441 -16.6671 0
      vertex 24.9441 -16.6671 120
    endloop
  endfacet
  facet normal 0.812838 -0.58249 0
    outer loop
      vertex 24.9441 -16.6671 0
      vertex 23.8006 -18.2628 120
      vertex 23.8006 -18.2628 0
    endloop
  endfacet
  facet normal -0.773026 -0.634374 0
    outer loop
      vertex -22.5552 -19.7804 0
      vertex -23.8006 -18.2628 120
      vertex -23.8006 -18.2628 0
    endloop
  endfacet
  facet normal -0.773026 -0.634374 0
    outer loop
      vertex -23.8006 -18.2628 120
      vertex -22.5552 -19.7804 0
      vertex -22.5552 -19.7804 120
    endloop
  endfacet
  facet normal -0.773026 0.634374 0
    outer loop
      vertex -23.8006 18.2628 0
      vertex -22.5552 19.7804 120
      vertex -22.5552 19.7804 0
    endloop
  endfacet
  facet normal -0.773026 0.634374 0
    outer loop
      vertex -22.5552 19.7804 120
      vertex -23.8006 18.2628 0
      vertex -23.8006 18.2628 120
    endloop
  endfacet
  facet normal -0.956936 0.290299 0
    outer loop
      vertex -28.9778 7.76457 0
      vertex -28.4079 9.64318 120
      vertex -28.4079 9.64318 0
    endloop
  endfacet
  facet normal -0.956936 0.290299 0
    outer loop
      vertex -28.4079 9.64318 120
      vertex -28.9778 7.76457 0
      vertex -28.9778 7.76457 120
    endloop
  endfacet
  facet normal -0.881921 0.471397 0
    outer loop
      vertex -26.9062 13.2687 0
      vertex -25.9808 15 120
      vertex -25.9808 15 0
    endloop
  endfacet
  facet normal -0.881921 0.471397 0
    outer loop
      vertex -25.9808 15 120
      vertex -26.9062 13.2687 0
      vertex -26.9062 13.2687 120
    endloop
  endfacet
  facet normal -0.729855 0.683602 0
    outer loop
      vertex -22.5552 19.7804 0
      vertex -21.2132 21.2132 120
      vertex -21.2132 21.2132 0
    endloop
  endfacet
  facet normal -0.729855 0.683602 0
    outer loop
      vertex -21.2132 21.2132 120
      vertex -22.5552 19.7804 0
      vertex -22.5552 19.7804 120
    endloop
  endfacet
  facet normal -0.683602 -0.729855 0
    outer loop
      vertex -21.2132 -21.2132 0
      vertex -19.7804 -22.5552 120
      vertex -21.2132 -21.2132 120
    endloop
  endfacet
  facet normal -0.683602 -0.729855 -0
    outer loop
      vertex -19.7804 -22.5552 120
      vertex -21.2132 -21.2132 0
      vertex -19.7804 -22.5552 0
    endloop
  endfacet
  facet normal -0.290299 -0.956936 0
    outer loop
      vertex -9.64318 -28.4079 0
      vertex -7.76457 -28.9778 120
      vertex -9.64318 -28.4079 120
    endloop
  endfacet
  facet normal -0.290299 -0.956936 -0
    outer loop
      vertex -7.76457 -28.9778 120
      vertex -9.64318 -28.4079 0
      vertex -7.76457 -28.9778 0
    endloop
  endfacet
  facet normal 0.290299 0.956936 -0
    outer loop
      vertex 9.64318 28.4079 0
      vertex 7.76457 28.9778 120
      vertex 9.64318 28.4079 120
    endloop
  endfacet
  facet normal 0.290299 0.956936 0
    outer loop
      vertex 7.76457 28.9778 120
      vertex 9.64318 28.4079 0
      vertex 7.76457 28.9778 0
    endloop
  endfacet
  facet normal 0 0 -1
    outer loop
      vertex 28.7322 -1.86791 0
      vertex 30 0 0
      vertex 29.9358 -1.96209 0
    endloop
  endfacet
  facet normal 0 0 -1
    outer loop
      vertex 28.7302 -1.89837 0
      vertex 29.9358 -1.96209 0
      vertex 29.7433 -3.91578 0
    endloop
  endfacet
  facet normal 0 0 -1
    outer loop
      vertex 28.7322 1.86791 0
      vertex 30 0 0
      vertex 28.7933 0 0
    endloop
  endfacet
  facet normal 0 0 -1
    outer loop
      vertex 28.5445 -3.77335 0
      vertex 29.7433 -3.91578 0
      vertex 29.4236 -5.85271 0
    endloop
  endfacet
  facet normal 0 0 -1
    outer loop
      vertex 30 0 0
      vertex 28.7322 1.86791 0
      vertex 29.9358 1.96209 0
    endloop
  endfacet
  facet normal 0 0 -1
    outer loop
      vertex 27.8157 -7.43739 0
      vertex 29.4236 -5.85271 0
      vertex 28.9778 -7.76457 0
    endloop
  endfacet
  facet normal 0 0 -1
    outer loop
      vertex 28.7317 1.88317 0
      vertex 29.9358 1.96209 0
      vertex 28.7322 1.86791 0
    endloop
  endfacet
  facet normal 0 0 -1
    outer loop
      vertex 28.7302 1.89837 0
      vertex 29.9358 1.96209 0
      vertex 28.7317 1.88317 0
    endloop
  endfacet
  facet normal -0 0 -1
    outer loop
      vertex 30 0 0
      vertex 28.7322 -1.86791 0
      vertex 28.7933 0 0
    endloop
  endfacet
  facet normal 0 0 -1
    outer loop
      vertex 29.9358 -1.96209 0
      vertex 28.7317 -1.88317 0
      vertex 28.7322 -1.86791 0
    endloop
  endfacet
  facet normal 0 0 -1
    outer loop
      vertex 29.9358 -1.96209 0
      vertex 28.7302 -1.89837 0
      vertex 28.7317 -1.88317 0
    endloop
  endfacet
  facet normal 0 0 -1
    outer loop
      vertex 29.7433 -3.91578 0
      vertex 28.547 -3.75828 0
      vertex 28.7302 -1.89837 0
    endloop
  endfacet
  facet normal 0 0 -1
    outer loop
      vertex 29.7433 -3.91578 0
      vertex 28.5445 -3.77335 0
      vertex 28.547 -3.75828 0
    endloop
  endfacet
  facet normal 0 0 -1
    outer loop
      vertex 27.8078 -7.46687 0
      vertex 28.9778 -7.76457 0
      vertex 28.4079 -9.64318 0
    endloop
  endfacet
  facet normal 0 0 -1
    outer loop
      vertex 29.4236 -5.85271 0
      vertex 28.2401 -5.6173 0
      vertex 28.5445 -3.77335 0
    endloop
  endfacet
  facet normal -0 0 -1
    outer loop
      vertex 29.4236 -5.85271 0
      vertex 27.8157 -7.43739 0
      vertex 28.2401 -5.6173 0
    endloop
  endfacet
  facet normal 0 0 -1
    outer loop
      vertex 28.9778 -7.76457 0
      vertex 27.8122 -7.45226 0
      vertex 27.8157 -7.43739 0
    endloop
  endfacet
  facet normal 0 0 -1
    outer loop
      vertex 28.9778 -7.76457 0
      vertex 27.8078 -7.46687 0
      vertex 27.8122 -7.45226 0
    endloop
  endfacet
  facet normal 0 0 -1
    outer loop
      vertex 27.2599 -9.2696 0
      vertex 28.4079 -9.64318 0
      vertex 27.7164 -11.4805 0
    endloop
  endfacet
  facet normal 0 0 -1
    outer loop
      vertex 28.4079 -9.64318 0
      vertex 27.2653 -9.25531 0
      vertex 27.8078 -7.46687 0
    endloop
  endfacet
  facet normal 0 0 -1
    outer loop
      vertex 28.4079 -9.64318 0
      vertex 27.2599 -9.2696 0
      vertex 27.2653 -9.25531 0
    endloop
  endfacet
  facet normal 0 0 -1
    outer loop
      vertex 25.8303 -12.7211 0
      vertex 27.7164 -11.4805 0
      vertex 26.9062 -13.2687 0
    endloop
  endfacet
  facet normal 0 0 -1
    outer loop
      vertex 27.7164 -11.4805 0
      vertex 26.6016 -11.0187 0
      vertex 27.2599 -9.2696 0
    endloop
  endfacet
  facet normal 0 0 -1
    outer loop
      vertex 24.943 -14.3832 0
      vertex 26.9062 -13.2687 0
      vertex 25.9808 -15 0
    endloop
  endfacet
  facet normal -0 0 -1
    outer loop
      vertex 27.7164 -11.4805 0
      vertex 25.8303 -12.7211 0
      vertex 26.6016 -11.0187 0
    endloop
  endfacet
  facet normal 0 0 -1
    outer loop
      vertex 26.9062 -13.2687 0
      vertex 25.824 -12.735 0
      vertex 25.8303 -12.7211 0
    endloop
  endfacet
  facet normal 0 0 -1
    outer loop
      vertex 24.9277 -14.4096 0
      vertex 25.9808 -15 0
      vertex 24.9441 -16.6671 0
    endloop
  endfacet
  facet normal -0 0 -1
    outer loop
      vertex 26.9062 -13.2687 0
      vertex 24.943 -14.3832 0
      vertex 25.824 -12.735 0
    endloop
  endfacet
  facet normal 0 0 -1
    outer loop
      vertex 25.9808 -15 0
      vertex 24.9358 -14.3967 0
      vertex 24.943 -14.3832 0
    endloop
  endfacet
  facet normal 0 0 -1
    outer loop
      vertex 25.9808 -15 0
      vertex 24.9277 -14.4096 0
      vertex 24.9358 -14.3967 0
    endloop
  endfacet
  facet normal 0 0 -1
    outer loop
      vertex 24.9441 -16.6671 0
      vertex 23.9408 -15.9967 0
      vertex 24.9277 -14.4096 0
    endloop
  endfacet
  facet normal 0 0 -1
    outer loop
      vertex 22.8522 -17.5159 0
      vertex 24.9441 -16.6671 0
      vertex 23.8006 -18.2628 0
    endloop
  endfacet
  facet normal -0 0 -1
    outer loop
      vertex 24.9441 -16.6671 0
      vertex 22.8522 -17.5159 0
      vertex 23.9408 -15.9967 0
    endloop
  endfacet
  facet normal 0 0 -1
    outer loop
      vertex 23.8006 -18.2628 0
      vertex 22.8433 -17.5283 0
      vertex 22.8522 -17.5159 0
    endloop
  endfacet
  facet normal 0 0 -1
    outer loop
      vertex 23.8006 -18.2628 0
      vertex 22.8336 -17.5401 0
      vertex 22.8433 -17.5283 0
    endloop
  endfacet
  facet normal 0 0 -1
    outer loop
      vertex 22.5552 -19.7804 0
      vertex 22.8336 -17.5401 0
      vertex 23.8006 -18.2628 0
    endloop
  endfacet
  facet normal 0 0 -1
    outer loop
      vertex 22.5552 -19.7804 0
      vertex 21.648 -18.9848 0
      vertex 22.8336 -17.5401 0
    endloop
  endfacet
  facet normal 0 0 -1
    outer loop
      vertex 22.5552 -19.7804 0
      vertex 21.6375 -18.9959 0
      vertex 21.648 -18.9848 0
    endloop
  endfacet
  facet normal 0 0 -1
    outer loop
      vertex 21.2132 -21.2132 0
      vertex 21.6375 -18.9959 0
      vertex 22.5552 -19.7804 0
    endloop
  endfacet
  facet normal 0 0 -1
    outer loop
      vertex 21.2132 -21.2132 0
      vertex 20.36 -20.36 0
      vertex 21.6375 -18.9959 0
    endloop
  endfacet
  facet normal 0 0 -1
    outer loop
      vertex 18.9959 -21.6375 0
      vertex 21.2132 -21.2132 0
      vertex 19.7804 -22.5552 0
    endloop
  endfacet
  facet normal -0 0 -1
    outer loop
      vertex 21.2132 -21.2132 0
      vertex 18.9959 -21.6375 0
      vertex 20.36 -20.36 0
    endloop
  endfacet
  facet normal 0 0 -1
    outer loop
      vertex 19.7804 -22.5552 0
      vertex 18.9848 -21.648 0
      vertex 18.9959 -21.6375 0
    endloop
  endfacet
  facet normal 0 0 -1
    outer loop
      vertex 17.5401 -22.8336 0
      vertex 19.7804 -22.5552 0
      vertex 18.2628 -23.8006 0
    endloop
  endfacet
  facet normal -0 0 -1
    outer loop
      vertex 19.7804 -22.5552 0
      vertex 17.5401 -22.8336 0
      vertex 18.9848 -21.648 0
    endloop
  endfacet
  facet normal 0 0 -1
    outer loop
      vertex 18.2628 -23.8006 0
      vertex 17.5283 -22.8433 0
      vertex 17.5401 -22.8336 0
    endloop
  endfacet
  facet normal 0 0 -1
    outer loop
      vertex 18.2628 -23.8006 0
      vertex 17.5159 -22.8522 0
      vertex 17.5283 -22.8433 0
    endloop
  endfacet
  facet normal 0 0 -1
    outer loop
      vertex 16.6671 -24.9441 0
      vertex 17.5159 -22.8522 0
      vertex 18.2628 -23.8006 0
    endloop
  endfacet
  facet normal 0 0 -1
    outer loop
      vertex 16.6671 -24.9441 0
      vertex 15.9967 -23.9408 0
      vertex 17.5159 -22.8522 0
    endloop
  endfacet
  facet normal 0 0 -1
    outer loop
      vertex 14.4096 -24.9277 0
      vertex 16.6671 -24.9441 0
      vertex 15 -25.9808 0
    endloop
  endfacet
  facet normal 0 0 -1
    outer loop
      vertex 16.6671 -24.9441 0
      vertex 14.4096 -24.9277 0
      vertex 15.9967 -23.9408 0
    endloop
  endfacet
  facet normal 0 0 -1
    outer loop
      vertex 15 -25.9808 0
      vertex 14.3967 -24.9358 0
      vertex 14.4096 -24.9277 0
    endloop
  endfacet
  facet normal 0 0 -1
    outer loop
      vertex 15 -25.9808 0
      vertex 14.3832 -24.943 0
      vertex 14.3967 -24.9358 0
    endloop
  endfacet
  facet normal 0 0 -1
    outer loop
      vertex 13.2687 -26.9062 0
      vertex 14.3832 -24.943 0
      vertex 15 -25.9808 0
    endloop
  endfacet
  facet normal 0 0 -1
    outer loop
      vertex 13.2687 -26.9062 0
      vertex 12.735 -25.824 0
      vertex 14.3832 -24.943 0
    endloop
  endfacet
  facet normal 0 0 -1
    outer loop
      vertex 13.2687 -26.9062 0
      vertex 12.7211 -25.8303 0
      vertex 12.735 -25.824 0
    endloop
  endfacet
  facet normal 0 0 -1
    outer loop
      vertex 11.4805 -27.7164 0
      vertex 12.7211 -25.8303 0
      vertex 13.2687 -26.9062 0
    endloop
  endfacet
  facet normal 0 0 -1
    outer loop
      vertex 11.4805 -27.7164 0
      vertex 11.0187 -26.6016 0
      vertex 12.7211 -25.8303 0
    endloop
  endfacet
  facet normal 0 0 -1
    outer loop
      vertex 9.2696 -27.2599 0
      vertex 11.4805 -27.7164 0
      vertex 9.64318 -28.4079 0
    endloop
  endfacet
  facet normal 0 0 -1
    outer loop
      vertex 11.4805 -27.7164 0
      vertex 9.2696 -27.2599 0
      vertex 11.0187 -26.6016 0
    endloop
  endfacet
  facet normal 0 0 -1
    outer loop
      vertex 9.64318 -28.4079 0
      vertex 9.25531 -27.2653 0
      vertex 9.2696 -27.2599 0
    endloop
  endfacet
  facet normal 0 0 -1
    outer loop
      vertex 7.46687 -27.8078 0
      vertex 9.64318 -28.4079 0
      vertex 7.76457 -28.9778 0
    endloop
  endfacet
  facet normal 0 0 -1
    outer loop
      vertex 9.64318 -28.4079 0
      vertex 7.46687 -27.8078 0
      vertex 9.25531 -27.2653 0
    endloop
  endfacet
  facet normal 0 0 -1
    outer loop
      vertex 7.76457 -28.9778 0
      vertex 7.45226 -27.8122 0
      vertex 7.46687 -27.8078 0
    endloop
  endfacet
  facet normal 0 0 -1
    outer loop
      vertex 7.76457 -28.9778 0
      vertex 7.43739 -27.8157 0
      vertex 7.45226 -27.8122 0
    endloop
  endfacet
  facet normal 0 0 -1
    outer loop
      vertex 5.85271 -29.4236 0
      vertex 7.43739 -27.8157 0
      vertex 7.76457 -28.9778 0
    endloop
  endfacet
  facet normal 0 0 -1
    outer loop
      vertex 5.85271 -29.4236 0
      vertex 5.6173 -28.2401 0
      vertex 7.43739 -27.8157 0
    endloop
  endfacet
  facet normal 0 0 -1
    outer loop
      vertex 3.77335 -28.5445 0
      vertex 5.85271 -29.4236 0
      vertex 3.91578 -29.7433 0
    endloop
  endfacet
  facet normal 0 0 -1
    outer loop
      vertex 5.85271 -29.4236 0
      vertex 3.77335 -28.5445 0
      vertex 5.6173 -28.2401 0
    endloop
  endfacet
  facet normal 0 0 -1
    outer loop
      vertex 3.91578 -29.7433 0
      vertex 3.75828 -28.547 0
      vertex 3.77335 -28.5445 0
    endloop
  endfacet
  facet normal 0 0 -1
    outer loop
      vertex 1.89837 -28.7302 0
      vertex 3.91578 -29.7433 0
      vertex 1.96209 -29.9358 0
    endloop
  endfacet
  facet normal 0 0 -1
    outer loop
      vertex 3.91578 -29.7433 0
      vertex 1.89837 -28.7302 0
      vertex 3.75828 -28.547 0
    endloop
  endfacet
  facet normal 0 0 -1
    outer loop
      vertex 1.96209 -29.9358 0
      vertex 1.88317 -28.7317 0
      vertex 1.89837 -28.7302 0
    endloop
  endfacet
  facet normal 0 0 -1
    outer loop
      vertex 1.96209 -29.9358 0
      vertex 1.86791 -28.7322 0
      vertex 1.88317 -28.7317 0
    endloop
  endfacet
  facet normal 0 0 -1
    outer loop
      vertex 0 -30 0
      vertex 1.86791 -28.7322 0
      vertex 1.96209 -29.9358 0
    endloop
  endfacet
  facet normal 0 0 -1
    outer loop
      vertex 0 -30 0
      vertex 0 -28.7933 0
      vertex 1.86791 -28.7322 0
    endloop
  endfacet
  facet normal 0 0 -1
    outer loop
      vertex 0 -30 0
      vertex -1.86791 -28.7322 0
      vertex 0 -28.7933 0
    endloop
  endfacet
  facet normal 0 0 -1
    outer loop
      vertex -1.96209 -29.9358 0
      vertex -1.86791 -28.7322 0
      vertex 0 -30 0
    endloop
  endfacet
  facet normal -0 0 -1
    outer loop
      vertex -1.86791 -28.7322 0
      vertex -1.96209 -29.9358 0
      vertex -1.88317 -28.7317 0
    endloop
  endfacet
  facet normal -0 0 -1
    outer loop
      vertex -1.88317 -28.7317 0
      vertex -1.96209 -29.9358 0
      vertex -1.89837 -28.7302 0
    endloop
  endfacet
  facet normal 0 0 -1
    outer loop
      vertex -3.91578 -29.7433 0
      vertex -1.89837 -28.7302 0
      vertex -1.96209 -29.9358 0
    endloop
  endfacet
  facet normal -0 0 -1
    outer loop
      vertex -1.89837 -28.7302 0
      vertex -3.91578 -29.7433 0
      vertex -3.75828 -28.547 0
    endloop
  endfacet
  facet normal -0 0 -1
    outer loop
      vertex -3.75828 -28.547 0
      vertex -3.91578 -29.7433 0
      vertex -3.77335 -28.5445 0
    endloop
  endfacet
  facet normal 0 0 -1
    outer loop
      vertex -5.85271 -29.4236 0
      vertex -3.77335 -28.5445 0
      vertex -3.91578 -29.7433 0
    endloop
  endfacet
  facet normal -0 0 -1
    outer loop
      vertex -3.77335 -28.5445 0
      vertex -5.85271 -29.4236 0
      vertex -5.6173 -28.2401 0
    endloop
  endfacet
  facet normal 0 0 -1
    outer loop
      vertex -5.85271 -29.4236 0
      vertex -7.43739 -27.8157 0
      vertex -5.6173 -28.2401 0
    endloop
  endfacet
  facet normal 0 0 -1
    outer loop
      vertex -7.76457 -28.9778 0
      vertex -7.43739 -27.8157 0
      vertex -5.85271 -29.4236 0
    endloop
  endfacet
  facet normal -0 0 -1
    outer loop
      vertex -7.43739 -27.8157 0
      vertex -7.76457 -28.9778 0
      vertex -7.45226 -27.8122 0
    endloop
  endfacet
  facet normal -0 0 -1
    outer loop
      vertex -7.45226 -27.8122 0
      vertex -7.76457 -28.9778 0
      vertex -7.46687 -27.8078 0
    endloop
  endfacet
  facet normal 0 0 -1
    outer loop
      vertex -9.64318 -28.4079 0
      vertex -7.46687 -27.8078 0
      vertex -7.76457 -28.9778 0
    endloop
  endfacet
  facet normal -0 0 -1
    outer loop
      vertex -7.46687 -27.8078 0
      vertex -9.64318 -28.4079 0
      vertex -9.25531 -27.2653 0
    endloop
  endfacet
  facet normal -0 0 -1
    outer loop
      vertex -9.25531 -27.2653 0
      vertex -9.64318 -28.4079 0
      vertex -9.2696 -27.2599 0
    endloop
  endfacet
  facet normal 0 0 -1
    outer loop
      vertex -11.4805 -27.7164 0
      vertex -9.2696 -27.2599 0
      vertex -9.64318 -28.4079 0
    endloop
  endfacet
  facet normal -0 0 -1
    outer loop
      vertex -9.2696 -27.2599 0
      vertex -11.4805 -27.7164 0
      vertex -11.0187 -26.6016 0
    endloop
  endfacet
  facet normal 0 0 -1
    outer loop
      vertex -11.4805 -27.7164 0
      vertex -12.7211 -25.8303 0
      vertex -11.0187 -26.6016 0
    endloop
  endfacet
  facet normal 0 0 -1
    outer loop
      vertex -13.2687 -26.9062 0
      vertex -12.7211 -25.8303 0
      vertex -11.4805 -27.7164 0
    endloop
  endfacet
  facet normal -0 0 -1
    outer loop
      vertex -12.7211 -25.8303 0
      vertex -13.2687 -26.9062 0
      vertex -12.735 -25.824 0
    endloop
  endfacet
  facet normal 0 0 -1
    outer loop
      vertex -13.2687 -26.9062 0
      vertex -14.3832 -24.943 0
      vertex -12.735 -25.824 0
    endloop
  endfacet
  facet normal 0 0 -1
    outer loop
      vertex -15 -25.9808 0
      vertex -14.3832 -24.943 0
      vertex -13.2687 -26.9062 0
    endloop
  endfacet
  facet normal -0 0 -1
    outer loop
      vertex -14.3832 -24.943 0
      vertex -15 -25.9808 0
      vertex -14.3967 -24.9358 0
    endloop
  endfacet
  facet normal -0 0 -1
    outer loop
      vertex -14.3967 -24.9358 0
      vertex -15 -25.9808 0
      vertex -14.4096 -24.9277 0
    endloop
  endfacet
  facet normal 0 0 -1
    outer loop
      vertex -16.6671 -24.9441 0
      vertex -14.4096 -24.9277 0
      vertex -15 -25.9808 0
    endloop
  endfacet
  facet normal -0 0 -1
    outer loop
      vertex -14.4096 -24.9277 0
      vertex -16.6671 -24.9441 0
      vertex -15.9967 -23.9408 0
    endloop
  endfacet
  facet normal 0 0 -1
    outer loop
      vertex -16.6671 -24.9441 0
      vertex -17.5159 -22.8522 0
      vertex -15.9967 -23.9408 0
    endloop
  endfacet
  facet normal 0 0 -1
    outer loop
      vertex -18.2628 -23.8006 0
      vertex -17.5159 -22.8522 0
      vertex -16.6671 -24.9441 0
    endloop
  endfacet
  facet normal -0 0 -1
    outer loop
      vertex -17.5159 -22.8522 0
      vertex -18.2628 -23.8006 0
      vertex -17.5283 -22.8433 0
    endloop
  endfacet
  facet normal -0 0 -1
    outer loop
      vertex -17.5283 -22.8433 0
      vertex -18.2628 -23.8006 0
      vertex -17.5401 -22.8336 0
    endloop
  endfacet
  facet normal 0 0 -1
    outer loop
      vertex -19.7804 -22.5552 0
      vertex -17.5401 -22.8336 0
      vertex -18.2628 -23.8006 0
    endloop
  endfacet
  facet normal 0 0 -1
    outer loop
      vertex -17.5401 -22.8336 0
      vertex -19.7804 -22.5552 0
      vertex -18.9848 -21.648 0
    endloop
  endfacet
  facet normal -0 0 -1
    outer loop
      vertex -18.9848 -21.648 0
      vertex -19.7804 -22.5552 0
      vertex -18.9959 -21.6375 0
    endloop
  endfacet
  facet normal 0 0 -1
    outer loop
      vertex -21.2132 -21.2132 0
      vertex -18.9959 -21.6375 0
      vertex -19.7804 -22.5552 0
    endloop
  endfacet
  facet normal 0 0 -1
    outer loop
      vertex -18.9959 -21.6375 0
      vertex -21.2132 -21.2132 0
      vertex -20.36 -20.36 0
    endloop
  endfacet
  facet normal 0 0 -1
    outer loop
      vertex -21.2132 -21.2132 0
      vertex -21.6375 -18.9959 0
      vertex -20.36 -20.36 0
    endloop
  endfacet
  facet normal 0 0 -1
    outer loop
      vertex -22.5552 -19.7804 0
      vertex -21.6375 -18.9959 0
      vertex -21.2132 -21.2132 0
    endloop
  endfacet
  facet normal -0 0 -1
    outer loop
      vertex -21.6375 -18.9959 0
      vertex -22.5552 -19.7804 0
      vertex -21.648 -18.9848 0
    endloop
  endfacet
  facet normal 0 0 -1
    outer loop
      vertex -22.5552 -19.7804 0
      vertex -22.8336 -17.5401 0
      vertex -21.648 -18.9848 0
    endloop
  endfacet
  facet normal 0 0 -1
    outer loop
      vertex -23.8006 -18.2628 0
      vertex -22.8336 -17.5401 0
      vertex -22.5552 -19.7804 0
    endloop
  endfacet
  facet normal -0 0 -1
    outer loop
      vertex -22.8336 -17.5401 0
      vertex -23.8006 -18.2628 0
      vertex -22.8433 -17.5283 0
    endloop
  endfacet
  facet normal -0 0 -1
    outer loop
      vertex -22.8433 -17.5283 0
      vertex -23.8006 -18.2628 0
      vertex -22.8522 -17.5159 0
    endloop
  endfacet
  facet normal 0 0 -1
    outer loop
      vertex -24.9441 -16.6671 0
      vertex -22.8522 -17.5159 0
      vertex -23.8006 -18.2628 0
    endloop
  endfacet
  facet normal 0 0 -1
    outer loop
      vertex -22.8522 -17.5159 0
      vertex -24.9441 -16.6671 0
      vertex -23.9408 -15.9967 0
    endloop
  endfacet
  facet normal -0 0 -1
    outer loop
      vertex -23.9408 -15.9967 0
      vertex -24.9441 -16.6671 0
      vertex -24.9277 -14.4096 0
    endloop
  endfacet
  facet normal 0 0 -1
    outer loop
      vertex -25.9808 -15 0
      vertex -24.9277 -14.4096 0
      vertex -24.9441 -16.6671 0
    endloop
  endfacet
  facet normal -0 0 -1
    outer loop
      vertex -24.9277 -14.4096 0
      vertex -25.9808 -15 0
      vertex -24.9358 -14.3967 0
    endloop
  endfacet
  facet normal -0 0 -1
    outer loop
      vertex -24.9358 -14.3967 0
      vertex -25.9808 -15 0
      vertex -24.943 -14.3832 0
    endloop
  endfacet
  facet normal 0 0 -1
    outer loop
      vertex -26.9062 -13.2687 0
      vertex -24.943 -14.3832 0
      vertex -25.9808 -15 0
    endloop
  endfacet
  facet normal 0 0 -1
    outer loop
      vertex -24.943 -14.3832 0
      vertex -26.9062 -13.2687 0
      vertex -25.824 -12.735 0
    endloop
  endfacet
  facet normal -0 0 -1
    outer loop
      vertex -25.824 -12.735 0
      vertex -26.9062 -13.2687 0
      vertex -25.8303 -12.7211 0
    endloop
  endfacet
  facet normal 0 0 -1
    outer loop
      vertex -27.7164 -11.4805 0
      vertex -25.8303 -12.7211 0
      vertex -26.9062 -13.2687 0
    endloop
  endfacet
  facet normal 0 0 -1
    outer loop
      vertex -25.8303 -12.7211 0
      vertex -27.7164 -11.4805 0
      vertex -26.6016 -11.0187 0
    endloop
  endfacet
  facet normal -0 0 -1
    outer loop
      vertex -26.6016 -11.0187 0
      vertex -27.7164 -11.4805 0
      vertex -27.2599 -9.2696 0
    endloop
  endfacet
  facet normal 0 0 -1
    outer loop
      vertex -28.4079 -9.64318 0
      vertex -27.2599 -9.2696 0
      vertex -27.7164 -11.4805 0
    endloop
  endfacet
  facet normal -0 0 -1
    outer loop
      vertex -27.2599 -9.2696 0
      vertex -28.4079 -9.64318 0
      vertex -27.2653 -9.25531 0
    endloop
  endfacet
  facet normal -0 0 -1
    outer loop
      vertex -27.2653 -9.25531 0
      vertex -28.4079 -9.64318 0
      vertex -27.8078 -7.46687 0
    endloop
  endfacet
  facet normal 0 0 -1
    outer loop
      vertex -28.9778 -7.76457 0
      vertex -27.8078 -7.46687 0
      vertex -28.4079 -9.64318 0
    endloop
  endfacet
  facet normal -0 0 -1
    outer loop
      vertex -27.8078 -7.46687 0
      vertex -28.9778 -7.76457 0
      vertex -27.8122 -7.45226 0
    endloop
  endfacet
  facet normal -0 0 -1
    outer loop
      vertex -27.8122 -7.45226 0
      vertex -28.9778 -7.76457 0
      vertex -27.8157 -7.43739 0
    endloop
  endfacet
  facet normal 0 0 -1
    outer loop
      vertex -29.4236 -5.85271 0
      vertex -27.8157 -7.43739 0
      vertex -28.9778 -7.76457 0
    endloop
  endfacet
  facet normal 0 0 -1
    outer loop
      vertex -27.8157 -7.43739 0
      vertex -29.4236 -5.85271 0
      vertex -28.2401 -5.6173 0
    endloop
  endfacet
  facet normal -0 0 -1
    outer loop
      vertex -28.2401 -5.6173 0
      vertex -29.4236 -5.85271 0
      vertex -28.5445 -3.77335 0
    endloop
  endfacet
  facet normal 0 0 -1
    outer loop
      vertex -29.7433 -3.91578 0
      vertex -28.5445 -3.77335 0
      vertex -29.4236 -5.85271 0
    endloop
  endfacet
  facet normal 0 0 -1
    outer loop
      vertex -29.9358 -1.96209 0
      vertex -28.7302 -1.89837 0
      vertex -29.7433 -3.91578 0
    endloop
  endfacet
  facet normal -0 0 -1
    outer loop
      vertex -28.547 -3.75828 0
      vertex -29.7433 -3.91578 0
      vertex -28.7302 -1.89837 0
    endloop
  endfacet
  facet normal -0 0 -1
    outer loop
      vertex -28.5445 -3.77335 0
      vertex -29.7433 -3.91578 0
      vertex -28.547 -3.75828 0
    endloop
  endfacet
  facet normal -0 0 -1
    outer loop
      vertex 29.9358 1.96209 0
      vertex 28.7302 1.89837 0
      vertex 29.7433 3.91578 0
    endloop
  endfacet
  facet normal 0 0 -1
    outer loop
      vertex 28.547 3.75828 0
      vertex 29.7433 3.91578 0
      vertex 28.7302 1.89837 0
    endloop
  endfacet
  facet normal 0 0 -1
    outer loop
      vertex 28.5445 3.77335 0
      vertex 29.7433 3.91578 0
      vertex 28.547 3.75828 0
    endloop
  endfacet
  facet normal -0 0 -1
    outer loop
      vertex 29.7433 3.91578 0
      vertex 28.5445 3.77335 0
      vertex 29.4236 5.85271 0
    endloop
  endfacet
  facet normal 0 0 -1
    outer loop
      vertex 28.2401 5.6173 0
      vertex 29.4236 5.85271 0
      vertex 28.5445 3.77335 0
    endloop
  endfacet
  facet normal 0 0 -1
    outer loop
      vertex 27.8157 7.43739 0
      vertex 29.4236 5.85271 0
      vertex 28.2401 5.6173 0
    endloop
  endfacet
  facet normal 0 0 -1
    outer loop
      vertex 29.4236 5.85271 0
      vertex 27.8157 7.43739 0
      vertex 28.9778 7.76457 0
    endloop
  endfacet
  facet normal 0 0 -1
    outer loop
      vertex 27.8122 7.45226 0
      vertex 28.9778 7.76457 0
      vertex 27.8157 7.43739 0
    endloop
  endfacet
  facet normal 0 0 -1
    outer loop
      vertex 27.8078 7.46687 0
      vertex 28.9778 7.76457 0
      vertex 27.8122 7.45226 0
    endloop
  endfacet
  facet normal -0 0 -1
    outer loop
      vertex 28.9778 7.76457 0
      vertex 27.8078 7.46687 0
      vertex 28.4079 9.64318 0
    endloop
  endfacet
  facet normal 0 0 -1
    outer loop
      vertex 27.2653 9.25531 0
      vertex 28.4079 9.64318 0
      vertex 27.8078 7.46687 0
    endloop
  endfacet
  facet normal 0 0 -1
    outer loop
      vertex 27.2599 9.2696 0
      vertex 28.4079 9.64318 0
      vertex 27.2653 9.25531 0
    endloop
  endfacet
  facet normal -0 0 -1
    outer loop
      vertex 28.4079 9.64318 0
      vertex 27.2599 9.2696 0
      vertex 27.7164 11.4805 0
    endloop
  endfacet
  facet normal 0 0 -1
    outer loop
      vertex 26.6016 11.0187 0
      vertex 27.7164 11.4805 0
      vertex 27.2599 9.2696 0
    endloop
  endfacet
  facet normal 0 0 -1
    outer loop
      vertex 25.8303 12.7211 0
      vertex 27.7164 11.4805 0
      vertex 26.6016 11.0187 0
    endloop
  endfacet
  facet normal 0 0 -1
    outer loop
      vertex 27.7164 11.4805 0
      vertex 25.8303 12.7211 0
      vertex 26.9062 13.2687 0
    endloop
  endfacet
  facet normal 0 0 -1
    outer loop
      vertex 25.824 12.735 0
      vertex 26.9062 13.2687 0
      vertex 25.8303 12.7211 0
    endloop
  endfacet
  facet normal 0 0 -1
    outer loop
      vertex 24.943 14.3832 0
      vertex 26.9062 13.2687 0
      vertex 25.824 12.735 0
    endloop
  endfacet
  facet normal 0 0 -1
    outer loop
      vertex 26.9062 13.2687 0
      vertex 24.943 14.3832 0
      vertex 25.9808 15 0
    endloop
  endfacet
  facet normal 0 0 -1
    outer loop
      vertex 24.9358 14.3967 0
      vertex 25.9808 15 0
      vertex 24.943 14.3832 0
    endloop
  endfacet
  facet normal 0 0 -1
    outer loop
      vertex 24.9277 14.4096 0
      vertex 25.9808 15 0
      vertex 24.9358 14.3967 0
    endloop
  endfacet
  facet normal -0 0 -1
    outer loop
      vertex 25.9808 15 0
      vertex 24.9277 14.4096 0
      vertex 24.9441 16.6671 0
    endloop
  endfacet
  facet normal 0 0 -1
    outer loop
      vertex 23.9408 15.9967 0
      vertex 24.9441 16.6671 0
      vertex 24.9277 14.4096 0
    endloop
  endfacet
  facet normal 0 0 -1
    outer loop
      vertex 22.8522 17.5159 0
      vertex 24.9441 16.6671 0
      vertex 23.9408 15.9967 0
    endloop
  endfacet
  facet normal 0 0 -1
    outer loop
      vertex 24.9441 16.6671 0
      vertex 22.8522 17.5159 0
      vertex 23.8006 18.2628 0
    endloop
  endfacet
  facet normal 0 0 -1
    outer loop
      vertex 22.8433 17.5283 0
      vertex 23.8006 18.2628 0
      vertex 22.8522 17.5159 0
    endloop
  endfacet
  facet normal 0 0 -1
    outer loop
      vertex 22.8336 17.5401 0
      vertex 23.8006 18.2628 0
      vertex 22.8433 17.5283 0
    endloop
  endfacet
  facet normal 0 0 -1
    outer loop
      vertex 22.8336 17.5401 0
      vertex 22.5552 19.7804 0
      vertex 23.8006 18.2628 0
    endloop
  endfacet
  facet normal 0 0 -1
    outer loop
      vertex 21.648 18.9848 0
      vertex 22.5552 19.7804 0
      vertex 22.8336 17.5401 0
    endloop
  endfacet
  facet normal 0 0 -1
    outer loop
      vertex 21.6375 18.9959 0
      vertex 22.5552 19.7804 0
      vertex 21.648 18.9848 0
    endloop
  endfacet
  facet normal 0 0 -1
    outer loop
      vertex 21.6375 18.9959 0
      vertex 21.2132 21.2132 0
      vertex 22.5552 19.7804 0
    endloop
  endfacet
  facet normal 0 0 -1
    outer loop
      vertex 20.36 20.36 0
      vertex 21.2132 21.2132 0
      vertex 21.6375 18.9959 0
    endloop
  endfacet
  facet normal 0 0 -1
    outer loop
      vertex 18.9959 21.6375 0
      vertex 21.2132 21.2132 0
      vertex 20.36 20.36 0
    endloop
  endfacet
  facet normal 0 0 -1
    outer loop
      vertex 21.2132 21.2132 0
      vertex 18.9959 21.6375 0
      vertex 19.7804 22.5552 0
    endloop
  endfacet
  facet normal 0 0 -1
    outer loop
      vertex 18.9848 21.648 0
      vertex 19.7804 22.5552 0
      vertex 18.9959 21.6375 0
    endloop
  endfacet
  facet normal 0 0 -1
    outer loop
      vertex 17.5401 22.8336 0
      vertex 19.7804 22.5552 0
      vertex 18.9848 21.648 0
    endloop
  endfacet
  facet normal 0 0 -1
    outer loop
      vertex 19.7804 22.5552 0
      vertex 17.5401 22.8336 0
      vertex 18.2628 23.8006 0
    endloop
  endfacet
  facet normal 0 0 -1
    outer loop
      vertex 17.5283 22.8433 0
      vertex 18.2628 23.8006 0
      vertex 17.5401 22.8336 0
    endloop
  endfacet
  facet normal 0 0 -1
    outer loop
      vertex 17.5159 22.8522 0
      vertex 18.2628 23.8006 0
      vertex 17.5283 22.8433 0
    endloop
  endfacet
  facet normal 0 0 -1
    outer loop
      vertex 17.5159 22.8522 0
      vertex 16.6671 24.9441 0
      vertex 18.2628 23.8006 0
    endloop
  endfacet
  facet normal 0 0 -1
    outer loop
      vertex 15.9967 23.9408 0
      vertex 16.6671 24.9441 0
      vertex 17.5159 22.8522 0
    endloop
  endfacet
  facet normal 0 0 -1
    outer loop
      vertex 14.4096 24.9277 0
      vertex 16.6671 24.9441 0
      vertex 15.9967 23.9408 0
    endloop
  endfacet
  facet normal -0 0 -1
    outer loop
      vertex 16.6671 24.9441 0
      vertex 14.4096 24.9277 0
      vertex 15 25.9808 0
    endloop
  endfacet
  facet normal 0 0 -1
    outer loop
      vertex 14.3967 24.9358 0
      vertex 15 25.9808 0
      vertex 14.4096 24.9277 0
    endloop
  endfacet
  facet normal 0 0 -1
    outer loop
      vertex 14.3832 24.943 0
      vertex 15 25.9808 0
      vertex 14.3967 24.9358 0
    endloop
  endfacet
  facet normal 0 0 -1
    outer loop
      vertex 14.3832 24.943 0
      vertex 13.2687 26.9062 0
      vertex 15 25.9808 0
    endloop
  endfacet
  facet normal 0 0 -1
    outer loop
      vertex 12.735 25.824 0
      vertex 13.2687 26.9062 0
      vertex 14.3832 24.943 0
    endloop
  endfacet
  facet normal 0 0 -1
    outer loop
      vertex 12.7211 25.8303 0
      vertex 13.2687 26.9062 0
      vertex 12.735 25.824 0
    endloop
  endfacet
  facet normal 0 0 -1
    outer loop
      vertex 12.7211 25.8303 0
      vertex 11.4805 27.7164 0
      vertex 13.2687 26.9062 0
    endloop
  endfacet
  facet normal 0 0 -1
    outer loop
      vertex 11.0187 26.6016 0
      vertex 11.4805 27.7164 0
      vertex 12.7211 25.8303 0
    endloop
  endfacet
  facet normal 0 0 -1
    outer loop
      vertex 9.2696 27.2599 0
      vertex 11.4805 27.7164 0
      vertex 11.0187 26.6016 0
    endloop
  endfacet
  facet normal -0 0 -1
    outer loop
      vertex 11.4805 27.7164 0
      vertex 9.2696 27.2599 0
      vertex 9.64318 28.4079 0
    endloop
  endfacet
  facet normal 0 0 -1
    outer loop
      vertex 9.25531 27.2653 0
      vertex 9.64318 28.4079 0
      vertex 9.2696 27.2599 0
    endloop
  endfacet
  facet normal 0 0 -1
    outer loop
      vertex 7.46687 27.8078 0
      vertex 9.64318 28.4079 0
      vertex 9.25531 27.2653 0
    endloop
  endfacet
  facet normal -0 0 -1
    outer loop
      vertex 9.64318 28.4079 0
      vertex 7.46687 27.8078 0
      vertex 7.76457 28.9778 0
    endloop
  endfacet
  facet normal 0 0 -1
    outer loop
      vertex 7.45226 27.8122 0
      vertex 7.76457 28.9778 0
      vertex 7.46687 27.8078 0
    endloop
  endfacet
  facet normal 0 0 -1
    outer loop
      vertex 7.43739 27.8157 0
      vertex 7.76457 28.9778 0
      vertex 7.45226 27.8122 0
    endloop
  endfacet
  facet normal 0 0 -1
    outer loop
      vertex 7.43739 27.8157 0
      vertex 5.85271 29.4236 0
      vertex 7.76457 28.9778 0
    endloop
  endfacet
  facet normal 0 0 -1
    outer loop
      vertex 5.6173 28.2401 0
      vertex 5.85271 29.4236 0
      vertex 7.43739 27.8157 0
    endloop
  endfacet
  facet normal 0 0 -1
    outer loop
      vertex 3.77335 28.5445 0
      vertex 5.85271 29.4236 0
      vertex 5.6173 28.2401 0
    endloop
  endfacet
  facet normal -0 0 -1
    outer loop
      vertex 5.85271 29.4236 0
      vertex 3.77335 28.5445 0
      vertex 3.91578 29.7433 0
    endloop
  endfacet
  facet normal 0 0 -1
    outer loop
      vertex 3.75828 28.547 0
      vertex 3.91578 29.7433 0
      vertex 3.77335 28.5445 0
    endloop
  endfacet
  facet normal 0 0 -1
    outer loop
      vertex 1.89837 28.7302 0
      vertex 3.91578 29.7433 0
      vertex 3.75828 28.547 0
    endloop
  endfacet
  facet normal -0 0 -1
    outer loop
      vertex 3.91578 29.7433 0
      vertex 1.89837 28.7302 0
      vertex 1.96209 29.9358 0
    endloop
  endfacet
  facet normal 0 0 -1
    outer loop
      vertex 1.88317 28.7317 0
      vertex 1.96209 29.9358 0
      vertex 1.89837 28.7302 0
    endloop
  endfacet
  facet normal 0 0 -1
    outer loop
      vertex 1.86791 28.7322 0
      vertex 1.96209 29.9358 0
      vertex 1.88317 28.7317 0
    endloop
  endfacet
  facet normal 0 0 -1
    outer loop
      vertex 0 30 0
      vertex 1.86791 28.7322 0
      vertex 0 28.7933 0
    endloop
  endfacet
  facet normal 0 0 -1
    outer loop
      vertex 1.86791 28.7322 0
      vertex 0 30 0
      vertex 1.96209 29.9358 0
    endloop
  endfacet
  facet normal 0 0 -1
    outer loop
      vertex -1.86791 28.7322 0
      vertex 0 30 0
      vertex 0 28.7933 0
    endloop
  endfacet
  facet normal 0 0 -1
    outer loop
      vertex -1.96209 29.9358 0
      vertex -1.86791 28.7322 0
      vertex -1.88317 28.7317 0
    endloop
  endfacet
  facet normal 0 0 -1
    outer loop
      vertex -1.96209 29.9358 0
      vertex -1.88317 28.7317 0
      vertex -1.89837 28.7302 0
    endloop
  endfacet
  facet normal 0 0 -1
    outer loop
      vertex -1.86791 28.7322 0
      vertex -1.96209 29.9358 0
      vertex 0 30 0
    endloop
  endfacet
  facet normal 0 0 -1
    outer loop
      vertex -3.91578 29.7433 0
      vertex -1.89837 28.7302 0
      vertex -3.75828 28.547 0
    endloop
  endfacet
  facet normal 0 0 -1
    outer loop
      vertex -3.91578 29.7433 0
      vertex -3.75828 28.547 0
      vertex -3.77335 28.5445 0
    endloop
  endfacet
  facet normal 0 0 -1
    outer loop
      vertex -1.89837 28.7302 0
      vertex -3.91578 29.7433 0
      vertex -1.96209 29.9358 0
    endloop
  endfacet
  facet normal 0 0 -1
    outer loop
      vertex -5.85271 29.4236 0
      vertex -3.77335 28.5445 0
      vertex -5.6173 28.2401 0
    endloop
  endfacet
  facet normal 0 0 -1
    outer loop
      vertex -3.77335 28.5445 0
      vertex -5.85271 29.4236 0
      vertex -3.91578 29.7433 0
    endloop
  endfacet
  facet normal 0 0 -1
    outer loop
      vertex -7.43739 27.8157 0
      vertex -5.85271 29.4236 0
      vertex -5.6173 28.2401 0
    endloop
  endfacet
  facet normal 0 0 -1
    outer loop
      vertex -7.76457 28.9778 0
      vertex -7.43739 27.8157 0
      vertex -7.45226 27.8122 0
    endloop
  endfacet
  facet normal 0 0 -1
    outer loop
      vertex -7.76457 28.9778 0
      vertex -7.45226 27.8122 0
      vertex -7.46687 27.8078 0
    endloop
  endfacet
  facet normal 0 0 -1
    outer loop
      vertex -7.43739 27.8157 0
      vertex -7.76457 28.9778 0
      vertex -5.85271 29.4236 0
    endloop
  endfacet
  facet normal 0 0 -1
    outer loop
      vertex -9.64318 28.4079 0
      vertex -7.46687 27.8078 0
      vertex -9.25531 27.2653 0
    endloop
  endfacet
  facet normal 0 0 -1
    outer loop
      vertex -9.64318 28.4079 0
      vertex -9.25531 27.2653 0
      vertex -9.2696 27.2599 0
    endloop
  endfacet
  facet normal 0 0 -1
    outer loop
      vertex -7.46687 27.8078 0
      vertex -9.64318 28.4079 0
      vertex -7.76457 28.9778 0
    endloop
  endfacet
  facet normal 0 0 -1
    outer loop
      vertex -11.4805 27.7164 0
      vertex -9.2696 27.2599 0
      vertex -11.0187 26.6016 0
    endloop
  endfacet
  facet normal 0 0 -1
    outer loop
      vertex -9.2696 27.2599 0
      vertex -11.4805 27.7164 0
      vertex -9.64318 28.4079 0
    endloop
  endfacet
  facet normal 0 0 -1
    outer loop
      vertex -12.7211 25.8303 0
      vertex -11.4805 27.7164 0
      vertex -11.0187 26.6016 0
    endloop
  endfacet
  facet normal 0 0 -1
    outer loop
      vertex -13.2687 26.9062 0
      vertex -12.7211 25.8303 0
      vertex -12.735 25.824 0
    endloop
  endfacet
  facet normal 0 0 -1
    outer loop
      vertex -12.7211 25.8303 0
      vertex -13.2687 26.9062 0
      vertex -11.4805 27.7164 0
    endloop
  endfacet
  facet normal 0 0 -1
    outer loop
      vertex -14.3832 24.943 0
      vertex -13.2687 26.9062 0
      vertex -12.735 25.824 0
    endloop
  endfacet
  facet normal 0 0 -1
    outer loop
      vertex -15 25.9808 0
      vertex -14.3832 24.943 0
      vertex -14.3967 24.9358 0
    endloop
  endfacet
  facet normal 0 0 -1
    outer loop
      vertex -15 25.9808 0
      vertex -14.3967 24.9358 0
      vertex -14.4096 24.9277 0
    endloop
  endfacet
  facet normal 0 0 -1
    outer loop
      vertex -14.3832 24.943 0
      vertex -15 25.9808 0
      vertex -13.2687 26.9062 0
    endloop
  endfacet
  facet normal 0 0 -1
    outer loop
      vertex -16.6671 24.9441 0
      vertex -14.4096 24.9277 0
      vertex -15.9967 23.9408 0
    endloop
  endfacet
  facet normal 0 0 -1
    outer loop
      vertex -14.4096 24.9277 0
      vertex -16.6671 24.9441 0
      vertex -15 25.9808 0
    endloop
  endfacet
  facet normal 0 0 -1
    outer loop
      vertex -17.5159 22.8522 0
      vertex -16.6671 24.9441 0
      vertex -15.9967 23.9408 0
    endloop
  endfacet
  facet normal 0 0 -1
    outer loop
      vertex -18.2628 23.8006 0
      vertex -17.5159 22.8522 0
      vertex -17.5283 22.8433 0
    endloop
  endfacet
  facet normal 0 0 -1
    outer loop
      vertex -18.2628 23.8006 0
      vertex -17.5283 22.8433 0
      vertex -17.5401 22.8336 0
    endloop
  endfacet
  facet normal 0 0 -1
    outer loop
      vertex -17.5159 22.8522 0
      vertex -18.2628 23.8006 0
      vertex -16.6671 24.9441 0
    endloop
  endfacet
  facet normal 0 0 -1
    outer loop
      vertex -19.7804 22.5552 0
      vertex -17.5401 22.8336 0
      vertex -18.9848 21.648 0
    endloop
  endfacet
  facet normal 0 0 -1
    outer loop
      vertex -19.7804 22.5552 0
      vertex -18.9848 21.648 0
      vertex -18.9959 21.6375 0
    endloop
  endfacet
  facet normal -0 0 -1
    outer loop
      vertex -17.5401 22.8336 0
      vertex -19.7804 22.5552 0
      vertex -18.2628 23.8006 0
    endloop
  endfacet
  facet normal 0 0 -1
    outer loop
      vertex -21.2132 21.2132 0
      vertex -18.9959 21.6375 0
      vertex -20.36 20.36 0
    endloop
  endfacet
  facet normal -0 0 -1
    outer loop
      vertex -18.9959 21.6375 0
      vertex -21.2132 21.2132 0
      vertex -19.7804 22.5552 0
    endloop
  endfacet
  facet normal 0 0 -1
    outer loop
      vertex -21.6375 18.9959 0
      vertex -21.2132 21.2132 0
      vertex -20.36 20.36 0
    endloop
  endfacet
  facet normal 0 0 -1
    outer loop
      vertex -22.5552 19.7804 0
      vertex -21.6375 18.9959 0
      vertex -21.648 18.9848 0
    endloop
  endfacet
  facet normal 0 0 -1
    outer loop
      vertex -21.6375 18.9959 0
      vertex -22.5552 19.7804 0
      vertex -21.2132 21.2132 0
    endloop
  endfacet
  facet normal 0 0 -1
    outer loop
      vertex -22.8336 17.5401 0
      vertex -22.5552 19.7804 0
      vertex -21.648 18.9848 0
    endloop
  endfacet
  facet normal 0 0 -1
    outer loop
      vertex -23.8006 18.2628 0
      vertex -22.8336 17.5401 0
      vertex -22.8433 17.5283 0
    endloop
  endfacet
  facet normal 0 0 -1
    outer loop
      vertex -23.8006 18.2628 0
      vertex -22.8433 17.5283 0
      vertex -22.8522 17.5159 0
    endloop
  endfacet
  facet normal 0 0 -1
    outer loop
      vertex -22.8336 17.5401 0
      vertex -23.8006 18.2628 0
      vertex -22.5552 19.7804 0
    endloop
  endfacet
  facet normal 0 0 -1
    outer loop
      vertex -24.9441 16.6671 0
      vertex -22.8522 17.5159 0
      vertex -23.9408 15.9967 0
    endloop
  endfacet
  facet normal 0 0 -1
    outer loop
      vertex -24.9441 16.6671 0
      vertex -23.9408 15.9967 0
      vertex -24.9277 14.4096 0
    endloop
  endfacet
  facet normal 0 0 -1
    outer loop
      vertex -25.9808 15 0
      vertex -24.9277 14.4096 0
      vertex -24.9358 14.3967 0
    endloop
  endfacet
  facet normal 0 0 -1
    outer loop
      vertex -25.9808 15 0
      vertex -24.9358 14.3967 0
      vertex -24.943 14.3832 0
    endloop
  endfacet
  facet normal -0 0 -1
    outer loop
      vertex -22.8522 17.5159 0
      vertex -24.9441 16.6671 0
      vertex -23.8006 18.2628 0
    endloop
  endfacet
  facet normal 0 0 -1
    outer loop
      vertex -26.9062 13.2687 0
      vertex -24.943 14.3832 0
      vertex -25.824 12.735 0
    endloop
  endfacet
  facet normal 0 0 -1
    outer loop
      vertex -26.9062 13.2687 0
      vertex -25.824 12.735 0
      vertex -25.8303 12.7211 0
    endloop
  endfacet
  facet normal 0 0 -1
    outer loop
      vertex -24.9277 14.4096 0
      vertex -25.9808 15 0
      vertex -24.9441 16.6671 0
    endloop
  endfacet
  facet normal 0 0 -1
    outer loop
      vertex -27.7164 11.4805 0
      vertex -25.8303 12.7211 0
      vertex -26.6016 11.0187 0
    endloop
  endfacet
  facet normal -0 0 -1
    outer loop
      vertex -24.943 14.3832 0
      vertex -26.9062 13.2687 0
      vertex -25.9808 15 0
    endloop
  endfacet
  facet normal 0 0 -1
    outer loop
      vertex -27.7164 11.4805 0
      vertex -26.6016 11.0187 0
      vertex -27.2599 9.2696 0
    endloop
  endfacet
  facet normal 0 0 -1
    outer loop
      vertex -28.4079 9.64318 0
      vertex -27.2599 9.2696 0
      vertex -27.2653 9.25531 0
    endloop
  endfacet
  facet normal -0 0 -1
    outer loop
      vertex -25.8303 12.7211 0
      vertex -27.7164 11.4805 0
      vertex -26.9062 13.2687 0
    endloop
  endfacet
  facet normal 0 0 -1
    outer loop
      vertex -28.4079 9.64318 0
      vertex -27.2653 9.25531 0
      vertex -27.8078 7.46687 0
    endloop
  endfacet
  facet normal 0 0 -1
    outer loop
      vertex -28.9778 7.76457 0
      vertex -27.8078 7.46687 0
      vertex -27.8122 7.45226 0
    endloop
  endfacet
  facet normal 0 0 -1
    outer loop
      vertex -28.9778 7.76457 0
      vertex -27.8122 7.45226 0
      vertex -27.8157 7.43739 0
    endloop
  endfacet
  facet normal 0 0 -1
    outer loop
      vertex -29.4236 5.85271 0
      vertex -27.8157 7.43739 0
      vertex -28.2401 5.6173 0
    endloop
  endfacet
  facet normal 0 0 -1
    outer loop
      vertex -27.2599 9.2696 0
      vertex -28.4079 9.64318 0
      vertex -27.7164 11.4805 0
    endloop
  endfacet
  facet normal 0 0 -1
    outer loop
      vertex -29.4236 5.85271 0
      vertex -28.2401 5.6173 0
      vertex -28.5445 3.77335 0
    endloop
  endfacet
  facet normal 0 0 -1
    outer loop
      vertex -29.7433 3.91578 0
      vertex -28.5445 3.77335 0
      vertex -28.547 3.75828 0
    endloop
  endfacet
  facet normal 0 0 -1
    outer loop
      vertex -29.7433 3.91578 0
      vertex -28.547 3.75828 0
      vertex -28.7302 1.89837 0
    endloop
  endfacet
  facet normal 0 0 -1
    outer loop
      vertex -29.9358 1.96209 0
      vertex -28.7302 1.89837 0
      vertex -28.7317 1.88317 0
    endloop
  endfacet
  facet normal 0 0 -1
    outer loop
      vertex -27.8078 7.46687 0
      vertex -28.9778 7.76457 0
      vertex -28.4079 9.64318 0
    endloop
  endfacet
  facet normal 0 0 -1
    outer loop
      vertex -29.9358 1.96209 0
      vertex -28.7317 1.88317 0
      vertex -28.7322 1.86791 0
    endloop
  endfacet
  facet normal 0 0 -1
    outer loop
      vertex -30 0 0
      vertex -28.7322 1.86791 0
      vertex -28.7933 0 0
    endloop
  endfacet
  facet normal -0 0 -1
    outer loop
      vertex -28.7302 -1.89837 0
      vertex -29.9358 -1.96209 0
      vertex -28.7317 -1.88317 0
    endloop
  endfacet
  facet normal -0 0 -1
    outer loop
      vertex -28.7317 -1.88317 0
      vertex -29.9358 -1.96209 0
      vertex -28.7322 -1.86791 0
    endloop
  endfacet
  facet normal -0 0 -1
    outer loop
      vertex -27.8157 7.43739 0
      vertex -29.4236 5.85271 0
      vertex -28.9778 7.76457 0
    endloop
  endfacet
  facet normal 0 0 -1
    outer loop
      vertex -30 0 0
      vertex -28.7322 -1.86791 0
      vertex -29.9358 -1.96209 0
    endloop
  endfacet
  facet normal 0 0 -1
    outer loop
      vertex -28.5445 3.77335 0
      vertex -29.7433 3.91578 0
      vertex -29.4236 5.85271 0
    endloop
  endfacet
  facet normal 0 0 -1
    outer loop
      vertex -28.7322 -1.86791 0
      vertex -30 0 0
      vertex -28.7933 0 0
    endloop
  endfacet
  facet normal 0 0 -1
    outer loop
      vertex -28.7302 1.89837 0
      vertex -29.9358 1.96209 0
      vertex -29.7433 3.91578 0
    endloop
  endfacet
  facet normal -0 0 -1
    outer loop
      vertex -28.7322 1.86791 0
      vertex -30 0 0
      vertex -29.9358 1.96209 0
    endloop
  endfacet
  facet normal -0.881921 -0.471397 0
    outer loop
      vertex -25.9808 -15 0
      vertex -26.9062 -13.2687 120
      vertex -26.9062 -13.2687 0
    endloop
  endfacet
  facet normal -0.881921 -0.471397 0
    outer loop
      vertex -26.9062 -13.2687 120
      vertex -25.9808 -15 0
      vertex -25.9808 -15 120
    endloop
  endfacet
  facet normal -0.471397 -0.881921 0
    outer loop
      vertex -15 -25.9808 0
      vertex -13.2687 -26.9062 120
      vertex -15 -25.9808 120
    endloop
  endfacet
  facet normal -0.471397 -0.881921 -0
    outer loop
      vertex -13.2687 -26.9062 120
      vertex -15 -25.9808 0
      vertex -13.2687 -26.9062 0
    endloop
  endfacet
  facet normal -0.849195 0.528079 0
    outer loop
      vertex -25.9808 15 0
      vertex -24.9441 16.6671 120
      vertex -24.9441 16.6671 0
    endloop
  endfacet
  facet normal -0.849195 0.528079 0
    outer loop
      vertex -24.9441 16.6671 120
      vertex -25.9808 15 0
      vertex -25.9808 15 120
    endloop
  endfacet
  facet normal 0.780614 0.0255419 0.624491
    outer loop
      vertex 29.9358 1.96209 120
      vertex 18 0 135
      vertex 30 0 120
    endloop
  endfacet
  facet normal 0.454944 0.634853 0.624489
    outer loop
      vertex 16.6671 24.9441 120
      vertex 10.0003 14.9665 135
      vertex 18.2628 23.8006 120
    endloop
  endfacet
  facet normal 0.570046 -0.533908 0.624492
    outer loop
      vertex 13.5331 -11.8682 135
      vertex 12.7279 -12.7279 135
      vertex 21.2132 -21.2132 120
    endloop
  endfacet
  facet normal -0.777269 0.0765854 0.62449
    outer loop
      vertex -29.7433 3.91578 120
      vertex -29.9358 1.96209 120
      vertex -17.846 2.34947 135
    endloop
  endfacet
  facet normal 0.0765857 0.777269 0.62449
    outer loop
      vertex 1.96209 29.9358 120
      vertex 1.17726 17.9615 135
      vertex 2.34947 17.846 135
    endloop
  endfacet
  facet normal 0.663263 0.412426 0.624489
    outer loop
      vertex 24.9441 16.6671 120
      vertex 14.9665 10.0003 135
      vertex 15.5885 9 135
    endloop
  endfacet
  facet normal -0.533914 0.570039 0.624492
    outer loop
      vertex -19.7804 22.5552 120
      vertex -21.2132 21.2132 120
      vertex -11.8682 13.5331 135
    endloop
  endfacet
  facet normal 0.711419 0.322323 0.624493
    outer loop
      vertex 27.7164 11.4805 120
      vertex 16.1437 7.9612 135
      vertex 16.6298 6.8883 135
    endloop
  endfacet
  facet normal 0.570039 -0.533914 0.624492
    outer loop
      vertex 22.5552 -19.7804 120
      vertex 13.5331 -11.8682 135
      vertex 21.2132 -21.2132 120
    endloop
  endfacet
  facet normal -0.663263 0.412426 0.624489
    outer loop
      vertex -14.9665 10.0003 135
      vertex -24.9441 16.6671 120
      vertex -15.5885 9 135
    endloop
  endfacet
  facet normal 0.127192 -0.770606 0.62449
    outer loop
      vertex 5.85271 -29.4236 120
      vertex 2.34947 -17.846 135
      vertex 3.91578 -29.7433 120
    endloop
  endfacet
  facet normal 0.0255419 -0.780614 0.624491
    outer loop
      vertex 0 -18 135
      vertex 0 -30 120
      vertex 1.96209 -29.9358 120
    endloop
  endfacet
  facet normal 0.634853 0.454944 0.624489
    outer loop
      vertex 23.8006 18.2628 120
      vertex 14.9665 10.0003 135
      vertex 24.9441 16.6671 120
    endloop
  endfacet
  facet normal -0.127243 -0.770595 0.624494
    outer loop
      vertex -3.51163 -17.6541 135
      vertex -5.85271 -29.4236 120
      vertex -2.34947 -17.846 135
    endloop
  endfacet
  facet normal -0.634853 0.454944 0.624489
    outer loop
      vertex -23.8006 18.2628 120
      vertex -24.9441 16.6671 120
      vertex -14.9665 10.0003 135
    endloop
  endfacet
  facet normal 0.368149 -0.688821 0.624493
    outer loop
      vertex 9 -15.5885 135
      vertex 7.9612 -16.1437 135
      vertex 13.2687 -26.9062 120
    endloop
  endfacet
  facet normal 0.76064 0.177311 0.62449
    outer loop
      vertex 28.9778 7.76457 120
      vertex 17.3867 4.65874 135
      vertex 17.6541 3.51163 135
    endloop
  endfacet
  facet normal 0.747398 0.226733 0.624491
    outer loop
      vertex 28.4079 9.64318 120
      vertex 17.3867 4.65874 135
      vertex 28.9778 7.76457 120
    endloop
  endfacet
  facet normal 0.127243 0.770595 0.624494
    outer loop
      vertex 5.85271 29.4236 120
      vertex 2.34947 17.846 135
      vertex 3.51163 17.6541 135
    endloop
  endfacet
  facet normal 0.533914 -0.570039 0.624492
    outer loop
      vertex 21.2132 -21.2132 120
      vertex 11.8682 -13.5331 135
      vertex 19.7804 -22.5552 120
    endloop
  endfacet
  facet normal -0.275112 -0.730974 0.624492
    outer loop
      vertex -6.8883 -16.6298 135
      vertex -9.64318 -28.4079 120
      vertex -5.78591 -17.0447 135
    endloop
  endfacet
  facet normal 0.688821 0.368149 0.624493
    outer loop
      vertex 26.9062 13.2687 120
      vertex 15.5885 9 135
      vertex 16.1437 7.9612 135
    endloop
  endfacet
  facet normal -0.533908 0.570046 0.624492
    outer loop
      vertex -11.8682 13.5331 135
      vertex -21.2132 21.2132 120
      vertex -12.7279 12.7279 135
    endloop
  endfacet
  facet normal 0.777269 0.0765854 0.62449
    outer loop
      vertex 29.7433 3.91578 120
      vertex 17.846 2.34947 135
      vertex 29.9358 1.96209 120
    endloop
  endfacet
  facet normal 0.570039 0.533914 0.624492
    outer loop
      vertex 21.2132 21.2132 120
      vertex 13.5331 11.8682 135
      vertex 22.5552 19.7804 120
    endloop
  endfacet
  facet normal -0.322323 -0.711419 0.624493
    outer loop
      vertex -7.9612 -16.1437 135
      vertex -11.4805 -27.7164 120
      vertex -6.8883 -16.6298 135
    endloop
  endfacet
  facet normal -0.730974 -0.275112 0.624492
    outer loop
      vertex -17.0447 -5.78591 135
      vertex -28.4079 -9.64318 120
      vertex -16.6298 -6.8883 135
    endloop
  endfacet
  facet normal 0.17736 0.760626 0.624493
    outer loop
      vertex 5.85271 29.4236 120
      vertex 3.51163 17.6541 135
      vertex 7.76457 28.9778 120
    endloop
  endfacet
  facet normal -0.495511 0.603724 0.624489
    outer loop
      vertex -10.9577 14.2804 135
      vertex -18.2628 23.8006 120
      vertex -11.8682 13.5331 135
    endloop
  endfacet
  facet normal -0.495511 -0.603724 0.624489
    outer loop
      vertex -11.8682 -13.5331 135
      vertex -18.2628 -23.8006 120
      vertex -10.9577 -14.2804 135
    endloop
  endfacet
  facet normal -0.570039 0.533914 0.624492
    outer loop
      vertex -21.2132 21.2132 120
      vertex -22.5552 19.7804 120
      vertex -13.5331 11.8682 135
    endloop
  endfacet
  facet normal 0.533908 0.570046 0.624492
    outer loop
      vertex 21.2132 21.2132 120
      vertex 11.8682 13.5331 135
      vertex 12.7279 12.7279 135
    endloop
  endfacet
  facet normal -0.17736 -0.760626 0.624493
    outer loop
      vertex -3.51163 -17.6541 135
      vertex -7.76457 -28.9778 120
      vertex -5.85271 -29.4236 120
    endloop
  endfacet
  facet normal -0.412447 -0.663249 0.624491
    outer loop
      vertex -9 -15.5885 135
      vertex -16.6671 -24.9441 120
      vertex -15 -25.9808 120
    endloop
  endfacet
  facet normal -0.603757 -0.495466 0.624492
    outer loop
      vertex -13.5331 -11.8682 135
      vertex -23.8006 -18.2628 120
      vertex -22.5552 -19.7804 120
    endloop
  endfacet
  facet normal -0.730974 -0.275112 0.624492
    outer loop
      vertex -16.6298 -6.8883 135
      vertex -28.4079 -9.64318 120
      vertex -27.7164 -11.4805 120
    endloop
  endfacet
  facet normal 0.603724 0.495511 0.624489
    outer loop
      vertex 23.8006 18.2628 120
      vertex 13.5331 11.8682 135
      vertex 14.2804 10.9577 135
    endloop
  endfacet
  facet normal 0.777269 -0.0765854 0.62449
    outer loop
      vertex 29.9358 -1.96209 120
      vertex 17.846 -2.34947 135
      vertex 29.7433 -3.91578 120
    endloop
  endfacet
  facet normal 0.76064 -0.177311 0.62449
    outer loop
      vertex 17.6541 -3.51163 135
      vertex 17.3867 -4.65874 135
      vertex 28.9778 -7.76457 120
    endloop
  endfacet
  facet normal 0.663263 -0.412426 0.624489
    outer loop
      vertex 15.5885 -9 135
      vertex 14.9665 -10.0003 135
      vertex 24.9441 -16.6671 120
    endloop
  endfacet
  facet normal 0.368176 -0.688809 0.624491
    outer loop
      vertex 15 -25.9808 120
      vertex 9 -15.5885 135
      vertex 13.2687 -26.9062 120
    endloop
  endfacet
  facet normal -0.275112 0.730974 0.624492
    outer loop
      vertex -5.78591 17.0447 135
      vertex -9.64318 28.4079 120
      vertex -6.8883 16.6298 135
    endloop
  endfacet
  facet normal 0.780614 -0.0255419 0.624491
    outer loop
      vertex 30 0 120
      vertex 18 0 135
      vertex 29.9358 -1.96209 120
    endloop
  endfacet
  facet normal 0.760626 0.17736 0.624493
    outer loop
      vertex 28.9778 7.76457 120
      vertex 17.6541 3.51163 135
      vertex 29.4236 5.85271 120
    endloop
  endfacet
  facet normal -0.275112 0.730974 0.624492
    outer loop
      vertex -9.64318 28.4079 120
      vertex -11.4805 27.7164 120
      vertex -6.8883 16.6298 135
    endloop
  endfacet
  facet normal -0.495466 0.603757 0.624492
    outer loop
      vertex -18.2628 23.8006 120
      vertex -19.7804 22.5552 120
      vertex -11.8682 13.5331 135
    endloop
  endfacet
  facet normal -0.760626 0.17736 0.624493
    outer loop
      vertex -28.9778 7.76457 120
      vertex -29.4236 5.85271 120
      vertex -17.6541 3.51163 135
    endloop
  endfacet
  facet normal 0.0255419 0.780614 0.624491
    outer loop
      vertex 0 30 120
      vertex 0 18 135
      vertex 1.96209 29.9358 120
    endloop
  endfacet
  facet normal 0.0765854 -0.777269 0.62449
    outer loop
      vertex 2.34947 -17.846 135
      vertex 1.96209 -29.9358 120
      vertex 3.91578 -29.7433 120
    endloop
  endfacet
  facet normal 0.412426 -0.663263 0.624489
    outer loop
      vertex 10.0003 -14.9665 135
      vertex 9 -15.5885 135
      vertex 16.6671 -24.9441 120
    endloop
  endfacet
  facet normal 0.634849 -0.454951 0.62449
    outer loop
      vertex 14.9665 -10.0003 135
      vertex 14.2804 -10.9577 135
      vertex 23.8006 -18.2628 120
    endloop
  endfacet
  facet normal 0.454944 -0.634853 0.624489
    outer loop
      vertex 18.2628 -23.8006 120
      vertex 10.0003 -14.9665 135
      vertex 16.6671 -24.9441 120
    endloop
  endfacet
  facet normal -0.747385 0.226768 0.624493
    outer loop
      vertex -17.0447 5.78591 135
      vertex -28.4079 9.64318 120
      vertex -17.3867 4.65874 135
    endloop
  endfacet
  facet normal 0.760626 -0.17736 0.624493
    outer loop
      vertex 29.4236 -5.85271 120
      vertex 17.6541 -3.51163 135
      vertex 28.9778 -7.76457 120
    endloop
  endfacet
  facet normal -0.127192 0.770606 0.62449
    outer loop
      vertex -3.91578 29.7433 120
      vertex -5.85271 29.4236 120
      vertex -2.34947 17.846 135
    endloop
  endfacet
  facet normal 0.275112 -0.730974 0.624492
    outer loop
      vertex 11.4805 -27.7164 120
      vertex 6.8883 -16.6298 135
      vertex 9.64318 -28.4079 120
    endloop
  endfacet
  facet normal -0.663249 -0.412447 0.624491
    outer loop
      vertex -15.5885 -9 135
      vertex -25.9808 -15 120
      vertex -24.9441 -16.6671 120
    endloop
  endfacet
  facet normal -0.747385 -0.226768 0.624493
    outer loop
      vertex -17.3867 -4.65874 135
      vertex -28.4079 -9.64318 120
      vertex -17.0447 -5.78591 135
    endloop
  endfacet
  facet normal -0.780614 0.0255419 0.624491
    outer loop
      vertex -29.9358 1.96209 120
      vertex -30 0 120
      vertex -18 0 135
    endloop
  endfacet
  facet normal 0.0765857 -0.777269 0.62449
    outer loop
      vertex 2.34947 -17.846 135
      vertex 1.17726 -17.9615 135
      vertex 1.96209 -29.9358 120
    endloop
  endfacet
  facet normal 0.603757 0.495466 0.624492
    outer loop
      vertex 22.5552 19.7804 120
      vertex 13.5331 11.8682 135
      vertex 23.8006 18.2628 120
    endloop
  endfacet
  facet normal -0.368176 -0.688809 0.624491
    outer loop
      vertex -9 -15.5885 135
      vertex -15 -25.9808 120
      vertex -13.2687 -26.9062 120
    endloop
  endfacet
  facet normal 0.730974 0.275112 0.624492
    outer loop
      vertex 28.4079 9.64318 120
      vertex 16.6298 6.8883 135
      vertex 17.0447 5.78591 135
    endloop
  endfacet
  facet normal -0.127243 0.770595 0.624494
    outer loop
      vertex -2.34947 17.846 135
      vertex -5.85271 29.4236 120
      vertex -3.51163 17.6541 135
    endloop
  endfacet
  facet normal 0.711419 -0.322323 0.624493
    outer loop
      vertex 16.6298 -6.8883 135
      vertex 16.1437 -7.9612 135
      vertex 27.7164 -11.4805 120
    endloop
  endfacet
  facet normal -0.777269 0.0765857 0.62449
    outer loop
      vertex -17.846 2.34947 135
      vertex -29.9358 1.96209 120
      vertex -17.9615 1.17726 135
    endloop
  endfacet
  facet normal 0.495466 0.603757 0.624492
    outer loop
      vertex 18.2628 23.8006 120
      vertex 11.8682 13.5331 135
      vertex 19.7804 22.5552 120
    endloop
  endfacet
  facet normal -0.322329 0.711416 0.624492
    outer loop
      vertex -11.4805 27.7164 120
      vertex -13.2687 26.9062 120
      vertex -7.9612 16.1437 135
    endloop
  endfacet
  facet normal -0.0765857 -0.777269 0.62449
    outer loop
      vertex -1.17726 -17.9615 135
      vertex -2.34947 -17.846 135
      vertex -1.96209 -29.9358 120
    endloop
  endfacet
  facet normal 0.770606 -0.127192 0.62449
    outer loop
      vertex 29.7433 -3.91578 120
      vertex 17.846 -2.34947 135
      vertex 29.4236 -5.85271 120
    endloop
  endfacet
  facet normal -0.368176 0.688809 0.624491
    outer loop
      vertex -13.2687 26.9062 120
      vertex -15 25.9808 120
      vertex -9 15.5885 135
    endloop
  endfacet
  facet normal 0.634849 0.454951 0.62449
    outer loop
      vertex 23.8006 18.2628 120
      vertex 14.2804 10.9577 135
      vertex 14.9665 10.0003 135
    endloop
  endfacet
  facet normal 0.412426 0.663263 0.624489
    outer loop
      vertex 16.6671 24.9441 120
      vertex 9 15.5885 135
      vertex 10.0003 14.9665 135
    endloop
  endfacet
  facet normal 0.127192 0.770606 0.62449
    outer loop
      vertex 3.91578 29.7433 120
      vertex 2.34947 17.846 135
      vertex 5.85271 29.4236 120
    endloop
  endfacet
  facet normal -0.17736 0.760626 0.624493
    outer loop
      vertex -5.85271 29.4236 120
      vertex -7.76457 28.9778 120
      vertex -3.51163 17.6541 135
    endloop
  endfacet
  facet normal 0.0255285 -0.780615 0.62449
    outer loop
      vertex 1.17726 -17.9615 135
      vertex 0 -18 135
      vertex 1.96209 -29.9358 120
    endloop
  endfacet
  facet normal 0.730974 0.275112 0.624492
    outer loop
      vertex 27.7164 11.4805 120
      vertex 16.6298 6.8883 135
      vertex 28.4079 9.64318 120
    endloop
  endfacet
  facet normal 0.226768 0.747385 0.624493
    outer loop
      vertex 9.64318 28.4079 120
      vertex 4.65874 17.3867 135
      vertex 5.78591 17.0447 135
    endloop
  endfacet
  facet normal -0.570046 0.533908 0.624492
    outer loop
      vertex -12.7279 12.7279 135
      vertex -21.2132 21.2132 120
      vertex -13.5331 11.8682 135
    endloop
  endfacet
  facet normal 0.688809 -0.368176 0.624491
    outer loop
      vertex 26.9062 -13.2687 120
      vertex 15.5885 -9 135
      vertex 25.9808 -15 120
    endloop
  endfacet
  facet normal -0.730974 0.275112 0.624492
    outer loop
      vertex -27.7164 11.4805 120
      vertex -28.4079 9.64318 120
      vertex -16.6298 6.8883 135
    endloop
  endfacet
  facet normal 0.322323 -0.711419 0.624493
    outer loop
      vertex 7.9612 -16.1437 135
      vertex 6.8883 -16.6298 135
      vertex 11.4805 -27.7164 120
    endloop
  endfacet
  facet normal -0.177311 -0.76064 0.62449
    outer loop
      vertex -4.65874 -17.3867 135
      vertex -7.76457 -28.9778 120
      vertex -3.51163 -17.6541 135
    endloop
  endfacet
  facet normal 0.570046 0.533908 0.624492
    outer loop
      vertex 21.2132 21.2132 120
      vertex 12.7279 12.7279 135
      vertex 13.5331 11.8682 135
    endloop
  endfacet
  facet normal 0.0765854 0.777269 0.62449
    outer loop
      vertex 3.91578 29.7433 120
      vertex 1.96209 29.9358 120
      vertex 2.34947 17.846 135
    endloop
  endfacet
  facet normal -0.454944 0.634853 0.624489
    outer loop
      vertex -16.6671 24.9441 120
      vertex -18.2628 23.8006 120
      vertex -10.0003 14.9665 135
    endloop
  endfacet
  facet normal 0.275112 0.730974 0.624492
    outer loop
      vertex 9.64318 28.4079 120
      vertex 6.8883 16.6298 135
      vertex 11.4805 27.7164 120
    endloop
  endfacet
  facet normal 0.0255285 0.780615 0.62449
    outer loop
      vertex 1.96209 29.9358 120
      vertex 0 18 135
      vertex 1.17726 17.9615 135
    endloop
  endfacet
  facet normal 0.533908 -0.570046 0.624492
    outer loop
      vertex 12.7279 -12.7279 135
      vertex 11.8682 -13.5331 135
      vertex 21.2132 -21.2132 120
    endloop
  endfacet
  facet normal 0.368149 0.688821 0.624493
    outer loop
      vertex 13.2687 26.9062 120
      vertex 7.9612 16.1437 135
      vertex 9 15.5885 135
    endloop
  endfacet
  facet normal -0.177311 0.76064 0.62449
    outer loop
      vertex -3.51163 17.6541 135
      vertex -7.76457 28.9778 120
      vertex -4.65874 17.3867 135
    endloop
  endfacet
  facet normal 0.747385 0.226768 0.624493
    outer loop
      vertex 28.4079 9.64318 120
      vertex 17.0447 5.78591 135
      vertex 17.3867 4.65874 135
    endloop
  endfacet
  facet normal 0.711416 0.322329 0.624492
    outer loop
      vertex 26.9062 13.2687 120
      vertex 16.1437 7.9612 135
      vertex 27.7164 11.4805 120
    endloop
  endfacet
  facet normal -0.770606 0.127192 0.62449
    outer loop
      vertex -29.4236 5.85271 120
      vertex -29.7433 3.91578 120
      vertex -17.846 2.34947 135
    endloop
  endfacet
  facet normal 0.454951 0.634849 0.62449
    outer loop
      vertex 18.2628 23.8006 120
      vertex 10.0003 14.9665 135
      vertex 10.9577 14.2804 135
    endloop
  endfacet
  facet normal -0.412426 0.663263 0.624489
    outer loop
      vertex -9 15.5885 135
      vertex -16.6671 24.9441 120
      vertex -10.0003 14.9665 135
    endloop
  endfacet
  facet normal 0.688809 0.368176 0.624491
    outer loop
      vertex 25.9808 15 120
      vertex 15.5885 9 135
      vertex 26.9062 13.2687 120
    endloop
  endfacet
  facet normal 0.730974 -0.275112 0.624492
    outer loop
      vertex 17.0447 -5.78591 135
      vertex 16.6298 -6.8883 135
      vertex 28.4079 -9.64318 120
    endloop
  endfacet
  facet normal -0.412447 0.663249 0.624491
    outer loop
      vertex -15 25.9808 120
      vertex -16.6671 24.9441 120
      vertex -9 15.5885 135
    endloop
  endfacet
  facet normal -0.688821 -0.368149 0.624493
    outer loop
      vertex -16.1437 -7.9612 135
      vertex -26.9062 -13.2687 120
      vertex -15.5885 -9 135
    endloop
  endfacet
  facet normal 0.495511 0.603724 0.624489
    outer loop
      vertex 18.2628 23.8006 120
      vertex 10.9577 14.2804 135
      vertex 11.8682 13.5331 135
    endloop
  endfacet
  facet normal 0.412447 0.663249 0.624491
    outer loop
      vertex 15 25.9808 120
      vertex 9 15.5885 135
      vertex 16.6671 24.9441 120
    endloop
  endfacet
  facet normal -0.0255419 -0.780614 0.624491
    outer loop
      vertex 0 -18 135
      vertex -1.96209 -29.9358 120
      vertex 0 -30 120
    endloop
  endfacet
  facet normal 0.634853 -0.454944 0.624489
    outer loop
      vertex 24.9441 -16.6671 120
      vertex 14.9665 -10.0003 135
      vertex 23.8006 -18.2628 120
    endloop
  endfacet
  facet normal 0.663249 0.412447 0.624491
    outer loop
      vertex 24.9441 16.6671 120
      vertex 15.5885 9 135
      vertex 25.9808 15 120
    endloop
  endfacet
  facet normal 0.603724 -0.495511 0.624489
    outer loop
      vertex 14.2804 -10.9577 135
      vertex 13.5331 -11.8682 135
      vertex 23.8006 -18.2628 120
    endloop
  endfacet
  facet normal 0.412447 -0.663249 0.624491
    outer loop
      vertex 16.6671 -24.9441 120
      vertex 9 -15.5885 135
      vertex 15 -25.9808 120
    endloop
  endfacet
  facet normal 0.730974 -0.275112 0.624492
    outer loop
      vertex 28.4079 -9.64318 120
      vertex 16.6298 -6.8883 135
      vertex 27.7164 -11.4805 120
    endloop
  endfacet
  facet normal -0.368149 0.688821 0.624493
    outer loop
      vertex -7.9612 16.1437 135
      vertex -13.2687 26.9062 120
      vertex -9 15.5885 135
    endloop
  endfacet
  facet normal 0.770606 0.127192 0.62449
    outer loop
      vertex 29.4236 5.85271 120
      vertex 17.846 2.34947 135
      vertex 29.7433 3.91578 120
    endloop
  endfacet
  facet normal 0.770595 0.127243 0.624494
    outer loop
      vertex 29.4236 5.85271 120
      vertex 17.6541 3.51163 135
      vertex 17.846 2.34947 135
    endloop
  endfacet
  facet normal 0.663249 -0.412447 0.624491
    outer loop
      vertex 25.9808 -15 120
      vertex 15.5885 -9 135
      vertex 24.9441 -16.6671 120
    endloop
  endfacet
  facet normal 0.770595 -0.127243 0.624494
    outer loop
      vertex 17.846 -2.34947 135
      vertex 17.6541 -3.51163 135
      vertex 29.4236 -5.85271 120
    endloop
  endfacet
  facet normal -0.570039 -0.533914 0.624492
    outer loop
      vertex -13.5331 -11.8682 135
      vertex -22.5552 -19.7804 120
      vertex -21.2132 -21.2132 120
    endloop
  endfacet
  facet normal 0.777269 -0.0765857 0.62449
    outer loop
      vertex 17.9615 -1.17726 135
      vertex 17.846 -2.34947 135
      vertex 29.9358 -1.96209 120
    endloop
  endfacet
  facet normal 0.780615 -0.0255285 0.62449
    outer loop
      vertex 18 0 135
      vertex 17.9615 -1.17726 135
      vertex 29.9358 -1.96209 120
    endloop
  endfacet
  facet normal -0.747398 0.226733 0.624491
    outer loop
      vertex -28.4079 9.64318 120
      vertex -28.9778 7.76457 120
      vertex -17.3867 4.65874 135
    endloop
  endfacet
  facet normal 0.495511 -0.603724 0.624489
    outer loop
      vertex 11.8682 -13.5331 135
      vertex 10.9577 -14.2804 135
      vertex 18.2628 -23.8006 120
    endloop
  endfacet
  facet normal -0.412426 -0.663263 0.624489
    outer loop
      vertex -10.0003 -14.9665 135
      vertex -16.6671 -24.9441 120
      vertex -9 -15.5885 135
    endloop
  endfacet
  facet normal 0.368176 0.688809 0.624491
    outer loop
      vertex 13.2687 26.9062 120
      vertex 9 15.5885 135
      vertex 15 25.9808 120
    endloop
  endfacet
  facet normal 0.177311 0.76064 0.62449
    outer loop
      vertex 7.76457 28.9778 120
      vertex 3.51163 17.6541 135
      vertex 4.65874 17.3867 135
    endloop
  endfacet
  facet normal -0.760626 -0.17736 0.624493
    outer loop
      vertex -17.6541 -3.51163 135
      vertex -29.4236 -5.85271 120
      vertex -28.9778 -7.76457 120
    endloop
  endfacet
  facet normal -0.730974 0.275112 0.624492
    outer loop
      vertex -16.6298 6.8883 135
      vertex -28.4079 9.64318 120
      vertex -17.0447 5.78591 135
    endloop
  endfacet
  facet normal -0.0255285 -0.780615 0.62449
    outer loop
      vertex -1.17726 -17.9615 135
      vertex -1.96209 -29.9358 120
      vertex 0 -18 135
    endloop
  endfacet
  facet normal -0.780614 -0.0255419 0.624491
    outer loop
      vertex -18 0 135
      vertex -30 0 120
      vertex -29.9358 -1.96209 120
    endloop
  endfacet
  facet normal 0.533914 0.570039 0.624492
    outer loop
      vertex 19.7804 22.5552 120
      vertex 11.8682 13.5331 135
      vertex 21.2132 21.2132 120
    endloop
  endfacet
  facet normal -0.711416 -0.322329 0.624492
    outer loop
      vertex -16.1437 -7.9612 135
      vertex -27.7164 -11.4805 120
      vertex -26.9062 -13.2687 120
    endloop
  endfacet
  facet normal -0.454951 -0.634849 0.62449
    outer loop
      vertex -10.9577 -14.2804 135
      vertex -18.2628 -23.8006 120
      vertex -10.0003 -14.9665 135
    endloop
  endfacet
  facet normal 0.127243 -0.770595 0.624494
    outer loop
      vertex 3.51163 -17.6541 135
      vertex 2.34947 -17.846 135
      vertex 5.85271 -29.4236 120
    endloop
  endfacet
  facet normal 0.226733 0.747398 0.624491
    outer loop
      vertex 7.76457 28.9778 120
      vertex 4.65874 17.3867 135
      vertex 9.64318 28.4079 120
    endloop
  endfacet
  facet normal 0.495466 -0.603757 0.624492
    outer loop
      vertex 19.7804 -22.5552 120
      vertex 11.8682 -13.5331 135
      vertex 18.2628 -23.8006 120
    endloop
  endfacet
  facet normal -0.226733 0.747398 0.624491
    outer loop
      vertex -7.76457 28.9778 120
      vertex -9.64318 28.4079 120
      vertex -4.65874 17.3867 135
    endloop
  endfacet
  facet normal -0.76064 0.177311 0.62449
    outer loop
      vertex -17.3867 4.65874 135
      vertex -28.9778 7.76457 120
      vertex -17.6541 3.51163 135
    endloop
  endfacet
  facet normal -0.688809 -0.368176 0.624491
    outer loop
      vertex -15.5885 -9 135
      vertex -26.9062 -13.2687 120
      vertex -25.9808 -15 120
    endloop
  endfacet
  facet normal -0.322323 0.711419 0.624493
    outer loop
      vertex -6.8883 16.6298 135
      vertex -11.4805 27.7164 120
      vertex -7.9612 16.1437 135
    endloop
  endfacet
  facet normal 0.747398 -0.226733 0.624491
    outer loop
      vertex 28.9778 -7.76457 120
      vertex 17.3867 -4.65874 135
      vertex 28.4079 -9.64318 120
    endloop
  endfacet
  facet normal -0.368149 -0.688821 0.624493
    outer loop
      vertex -9 -15.5885 135
      vertex -13.2687 -26.9062 120
      vertex -7.9612 -16.1437 135
    endloop
  endfacet
  facet normal -0.603757 0.495466 0.624492
    outer loop
      vertex -22.5552 19.7804 120
      vertex -23.8006 18.2628 120
      vertex -13.5331 11.8682 135
    endloop
  endfacet
  facet normal 0.226768 -0.747385 0.624493
    outer loop
      vertex 5.78591 -17.0447 135
      vertex 4.65874 -17.3867 135
      vertex 9.64318 -28.4079 120
    endloop
  endfacet
  facet normal -0.570046 -0.533908 0.624492
    outer loop
      vertex -13.5331 -11.8682 135
      vertex -21.2132 -21.2132 120
      vertex -12.7279 -12.7279 135
    endloop
  endfacet
  facet normal 0.275112 0.730974 0.624492
    outer loop
      vertex 9.64318 28.4079 120
      vertex 5.78591 17.0447 135
      vertex 6.8883 16.6298 135
    endloop
  endfacet
  facet normal -0.770595 0.127243 0.624494
    outer loop
      vertex -17.6541 3.51163 135
      vertex -29.4236 5.85271 120
      vertex -17.846 2.34947 135
    endloop
  endfacet
  facet normal -0.663263 -0.412426 0.624489
    outer loop
      vertex -15.5885 -9 135
      vertex -24.9441 -16.6671 120
      vertex -14.9665 -10.0003 135
    endloop
  endfacet
  facet normal -0.634853 -0.454944 0.624489
    outer loop
      vertex -14.9665 -10.0003 135
      vertex -24.9441 -16.6671 120
      vertex -23.8006 -18.2628 120
    endloop
  endfacet
  facet normal 0.603757 -0.495466 0.624492
    outer loop
      vertex 23.8006 -18.2628 120
      vertex 13.5331 -11.8682 135
      vertex 22.5552 -19.7804 120
    endloop
  endfacet
  facet normal -0.0255285 0.780615 0.62449
    outer loop
      vertex 0 18 135
      vertex -1.96209 29.9358 120
      vertex -1.17726 17.9615 135
    endloop
  endfacet
  facet normal -0.777269 -0.0765854 0.62449
    outer loop
      vertex -17.846 -2.34947 135
      vertex -29.9358 -1.96209 120
      vertex -29.7433 -3.91578 120
    endloop
  endfacet
  facet normal 0.711416 -0.322329 0.624492
    outer loop
      vertex 27.7164 -11.4805 120
      vertex 16.1437 -7.9612 135
      vertex 26.9062 -13.2687 120
    endloop
  endfacet
  facet normal 0.226733 -0.747398 0.624491
    outer loop
      vertex 9.64318 -28.4079 120
      vertex 4.65874 -17.3867 135
      vertex 7.76457 -28.9778 120
    endloop
  endfacet
  facet normal -0.0765854 0.777269 0.62449
    outer loop
      vertex -1.96209 29.9358 120
      vertex -3.91578 29.7433 120
      vertex -2.34947 17.846 135
    endloop
  endfacet
  facet normal -0.634849 0.454951 0.62449
    outer loop
      vertex -14.2804 10.9577 135
      vertex -23.8006 18.2628 120
      vertex -14.9665 10.0003 135
    endloop
  endfacet
  facet normal -0.127192 -0.770606 0.62449
    outer loop
      vertex -2.34947 -17.846 135
      vertex -5.85271 -29.4236 120
      vertex -3.91578 -29.7433 120
    endloop
  endfacet
  facet normal 0.688821 -0.368149 0.624493
    outer loop
      vertex 16.1437 -7.9612 135
      vertex 15.5885 -9 135
      vertex 26.9062 -13.2687 120
    endloop
  endfacet
  facet normal 0.322329 0.711416 0.624492
    outer loop
      vertex 11.4805 27.7164 120
      vertex 7.9612 16.1437 135
      vertex 13.2687 26.9062 120
    endloop
  endfacet
  facet normal 0.777269 0.0765857 0.62449
    outer loop
      vertex 29.9358 1.96209 120
      vertex 17.846 2.34947 135
      vertex 17.9615 1.17726 135
    endloop
  endfacet
  facet normal -0.603724 0.495511 0.624489
    outer loop
      vertex -13.5331 11.8682 135
      vertex -23.8006 18.2628 120
      vertex -14.2804 10.9577 135
    endloop
  endfacet
  facet normal -0.0255419 0.780614 0.624491
    outer loop
      vertex 0 30 120
      vertex -1.96209 29.9358 120
      vertex 0 18 135
    endloop
  endfacet
  facet normal -0.780615 -0.0255285 0.62449
    outer loop
      vertex -18 0 135
      vertex -29.9358 -1.96209 120
      vertex -17.9615 -1.17726 135
    endloop
  endfacet
  facet normal -0.275112 -0.730974 0.624492
    outer loop
      vertex -6.8883 -16.6298 135
      vertex -11.4805 -27.7164 120
      vertex -9.64318 -28.4079 120
    endloop
  endfacet
  facet normal -0.454944 -0.634853 0.624489
    outer loop
      vertex -10.0003 -14.9665 135
      vertex -18.2628 -23.8006 120
      vertex -16.6671 -24.9441 120
    endloop
  endfacet
  facet normal -0.688809 0.368176 0.624491
    outer loop
      vertex -25.9808 15 120
      vertex -26.9062 13.2687 120
      vertex -15.5885 9 135
    endloop
  endfacet
  facet normal 0.322323 0.711419 0.624493
    outer loop
      vertex 11.4805 27.7164 120
      vertex 6.8883 16.6298 135
      vertex 7.9612 16.1437 135
    endloop
  endfacet
  facet normal -0.76064 -0.177311 0.62449
    outer loop
      vertex -17.6541 -3.51163 135
      vertex -28.9778 -7.76457 120
      vertex -17.3867 -4.65874 135
    endloop
  endfacet
  facet normal -0.663249 0.412447 0.624491
    outer loop
      vertex -24.9441 16.6671 120
      vertex -25.9808 15 120
      vertex -15.5885 9 135
    endloop
  endfacet
  facet normal 0.275112 -0.730974 0.624492
    outer loop
      vertex 6.8883 -16.6298 135
      vertex 5.78591 -17.0447 135
      vertex 9.64318 -28.4079 120
    endloop
  endfacet
  facet normal -0.780615 0.0255285 0.62449
    outer loop
      vertex -17.9615 1.17726 135
      vertex -29.9358 1.96209 120
      vertex -18 0 135
    endloop
  endfacet
  facet normal -0.533914 -0.570039 0.624492
    outer loop
      vertex -11.8682 -13.5331 135
      vertex -21.2132 -21.2132 120
      vertex -19.7804 -22.5552 120
    endloop
  endfacet
  facet normal 0.322329 -0.711416 0.624492
    outer loop
      vertex 13.2687 -26.9062 120
      vertex 7.9612 -16.1437 135
      vertex 11.4805 -27.7164 120
    endloop
  endfacet
  facet normal -0.747398 -0.226733 0.624491
    outer loop
      vertex -17.3867 -4.65874 135
      vertex -28.9778 -7.76457 120
      vertex -28.4079 -9.64318 120
    endloop
  endfacet
  facet normal -0.0765854 -0.777269 0.62449
    outer loop
      vertex -2.34947 -17.846 135
      vertex -3.91578 -29.7433 120
      vertex -1.96209 -29.9358 120
    endloop
  endfacet
  facet normal -0.711416 0.322329 0.624492
    outer loop
      vertex -26.9062 13.2687 120
      vertex -27.7164 11.4805 120
      vertex -16.1437 7.9612 135
    endloop
  endfacet
  facet normal -0.711419 0.322323 0.624493
    outer loop
      vertex -16.1437 7.9612 135
      vertex -27.7164 11.4805 120
      vertex -16.6298 6.8883 135
    endloop
  endfacet
  facet normal 0.454951 -0.634849 0.62449
    outer loop
      vertex 10.9577 -14.2804 135
      vertex 10.0003 -14.9665 135
      vertex 18.2628 -23.8006 120
    endloop
  endfacet
  facet normal -0.533908 -0.570046 0.624492
    outer loop
      vertex -12.7279 -12.7279 135
      vertex -21.2132 -21.2132 120
      vertex -11.8682 -13.5331 135
    endloop
  endfacet
  facet normal 0.17736 -0.760626 0.624493
    outer loop
      vertex 7.76457 -28.9778 120
      vertex 3.51163 -17.6541 135
      vertex 5.85271 -29.4236 120
    endloop
  endfacet
  facet normal -0.711419 -0.322323 0.624493
    outer loop
      vertex -16.6298 -6.8883 135
      vertex -27.7164 -11.4805 120
      vertex -16.1437 -7.9612 135
    endloop
  endfacet
  facet normal 0.177311 -0.76064 0.62449
    outer loop
      vertex 4.65874 -17.3867 135
      vertex 3.51163 -17.6541 135
      vertex 7.76457 -28.9778 120
    endloop
  endfacet
  facet normal -0.322329 -0.711416 0.624492
    outer loop
      vertex -7.9612 -16.1437 135
      vertex -13.2687 -26.9062 120
      vertex -11.4805 -27.7164 120
    endloop
  endfacet
  facet normal 0.747385 -0.226768 0.624493
    outer loop
      vertex 17.3867 -4.65874 135
      vertex 17.0447 -5.78591 135
      vertex 28.4079 -9.64318 120
    endloop
  endfacet
  facet normal 0.780615 0.0255285 0.62449
    outer loop
      vertex 29.9358 1.96209 120
      vertex 17.9615 1.17726 135
      vertex 18 0 135
    endloop
  endfacet
  facet normal -0.226768 -0.747385 0.624493
    outer loop
      vertex -5.78591 -17.0447 135
      vertex -9.64318 -28.4079 120
      vertex -4.65874 -17.3867 135
    endloop
  endfacet
  facet normal -0.226733 -0.747398 0.624491
    outer loop
      vertex -4.65874 -17.3867 135
      vertex -9.64318 -28.4079 120
      vertex -7.76457 -28.9778 120
    endloop
  endfacet
  facet normal -0.0765857 0.777269 0.62449
    outer loop
      vertex -1.96209 29.9358 120
      vertex -2.34947 17.846 135
      vertex -1.17726 17.9615 135
    endloop
  endfacet
  facet normal -0.454951 0.634849 0.62449
    outer loop
      vertex -10.0003 14.9665 135
      vertex -18.2628 23.8006 120
      vertex -10.9577 14.2804 135
    endloop
  endfacet
  facet normal -0.634849 -0.454951 0.62449
    outer loop
      vertex -14.9665 -10.0003 135
      vertex -23.8006 -18.2628 120
      vertex -14.2804 -10.9577 135
    endloop
  endfacet
  facet normal -0.603724 -0.495511 0.624489
    outer loop
      vertex -14.2804 -10.9577 135
      vertex -23.8006 -18.2628 120
      vertex -13.5331 -11.8682 135
    endloop
  endfacet
  facet normal -0.770606 -0.127192 0.62449
    outer loop
      vertex -17.846 -2.34947 135
      vertex -29.7433 -3.91578 120
      vertex -29.4236 -5.85271 120
    endloop
  endfacet
  facet normal -0.226768 0.747385 0.624493
    outer loop
      vertex -4.65874 17.3867 135
      vertex -9.64318 28.4079 120
      vertex -5.78591 17.0447 135
    endloop
  endfacet
  facet normal -0.688821 0.368149 0.624493
    outer loop
      vertex -15.5885 9 135
      vertex -26.9062 13.2687 120
      vertex -16.1437 7.9612 135
    endloop
  endfacet
  facet normal -0.770595 -0.127243 0.624494
    outer loop
      vertex -17.846 -2.34947 135
      vertex -29.4236 -5.85271 120
      vertex -17.6541 -3.51163 135
    endloop
  endfacet
  facet normal -0.495466 -0.603757 0.624492
    outer loop
      vertex -11.8682 -13.5331 135
      vertex -19.7804 -22.5552 120
      vertex -18.2628 -23.8006 120
    endloop
  endfacet
  facet normal -0.777269 -0.0765857 0.62449
    outer loop
      vertex -17.9615 -1.17726 135
      vertex -29.9358 -1.96209 120
      vertex -17.846 -2.34947 135
    endloop
  endfacet
  facet normal 0 0 1
    outer loop
      vertex 17.9615 1.17726 135
      vertex 8.98073 0.588628 135
      vertex 9 0 135
    endloop
  endfacet
  facet normal 0 0 1
    outer loop
      vertex 10.0003 14.9665 135
      vertex 8.923 1.17474 135
      vertex 8.98073 0.588628 135
    endloop
  endfacet
  facet normal 0 0 1
    outer loop
      vertex 10.0003 14.9665 135
      vertex 8.82707 1.75581 135
      vertex 8.923 1.17474 135
    endloop
  endfacet
  facet normal 0 0 1
    outer loop
      vertex 10.0003 14.9665 135
      vertex 8.69333 2.32937 135
      vertex 8.82707 1.75581 135
    endloop
  endfacet
  facet normal 0 0 1
    outer loop
      vertex 10.0003 14.9665 135
      vertex 8.52237 2.89295 135
      vertex 8.69333 2.32937 135
    endloop
  endfacet
  facet normal 0 0 1
    outer loop
      vertex 10.0003 14.9665 135
      vertex 8.31492 3.44415 135
      vertex 8.52237 2.89295 135
    endloop
  endfacet
  facet normal 0 0 1
    outer loop
      vertex 10.0003 14.9665 135
      vertex 8.07185 3.9806 135
      vertex 8.31492 3.44415 135
    endloop
  endfacet
  facet normal 0 0 1
    outer loop
      vertex 4.5 7.79423 135
      vertex 9 15.5885 135
      vertex 7.9612 16.1437 135
    endloop
  endfacet
  facet normal 0 0 1
    outer loop
      vertex 10.0003 14.9665 135
      vertex 7.79423 4.5 135
      vertex 8.07185 3.9806 135
    endloop
  endfacet
  facet normal 0 0 1
    outer loop
      vertex 10.0003 14.9665 135
      vertex 7.48323 5.00013 135
      vertex 7.79423 4.5 135
    endloop
  endfacet
  facet normal 0 0 1
    outer loop
      vertex 10.0003 14.9665 135
      vertex 7.14018 5.47885 135
      vertex 7.48323 5.00013 135
    endloop
  endfacet
  facet normal 0 0 1
    outer loop
      vertex 3.9806 8.07185 135
      vertex 7.9612 16.1437 135
      vertex 6.8883 16.6298 135
    endloop
  endfacet
  facet normal 0 0 1
    outer loop
      vertex 10.0003 14.9665 135
      vertex 6.76656 5.93411 135
      vertex 7.14018 5.47885 135
    endloop
  endfacet
  facet normal 0 0 1
    outer loop
      vertex 10.0003 14.9665 135
      vertex 6.36396 6.36396 135
      vertex 6.76656 5.93411 135
    endloop
  endfacet
  facet normal 0 0 1
    outer loop
      vertex 10.0003 14.9665 135
      vertex 5.93411 6.76656 135
      vertex 6.36396 6.36396 135
    endloop
  endfacet
  facet normal 0 0 1
    outer loop
      vertex 3.44415 8.31492 135
      vertex 6.8883 16.6298 135
      vertex 5.78591 17.0447 135
    endloop
  endfacet
  facet normal 0 0 1
    outer loop
      vertex 10.0003 14.9665 135
      vertex 5.47885 7.14018 135
      vertex 5.93411 6.76656 135
    endloop
  endfacet
  facet normal 0 0 1
    outer loop
      vertex 10.0003 14.9665 135
      vertex 5.00013 7.48323 135
      vertex 5.47885 7.14018 135
    endloop
  endfacet
  facet normal 0 0 1
    outer loop
      vertex 2.89295 8.52237 135
      vertex 5.78591 17.0447 135
      vertex 4.65874 17.3867 135
    endloop
  endfacet
  facet normal 0 0 1
    outer loop
      vertex 9 15.5885 135
      vertex 4.5 7.79423 135
      vertex 5.00013 7.48323 135
    endloop
  endfacet
  facet normal 0 0 1
    outer loop
      vertex 7.9612 16.1437 135
      vertex 3.9806 8.07185 135
      vertex 4.5 7.79423 135
    endloop
  endfacet
  facet normal 0 0 1
    outer loop
      vertex 2.32937 8.69333 135
      vertex 4.65874 17.3867 135
      vertex 3.51163 17.6541 135
    endloop
  endfacet
  facet normal 0 0 1
    outer loop
      vertex 6.8883 16.6298 135
      vertex 3.44415 8.31492 135
      vertex 3.9806 8.07185 135
    endloop
  endfacet
  facet normal 0 0 1
    outer loop
      vertex 5.78591 17.0447 135
      vertex 2.89295 8.52237 135
      vertex 3.44415 8.31492 135
    endloop
  endfacet
  facet normal 0 0 1
    outer loop
      vertex 1.75581 8.82707 135
      vertex 3.51163 17.6541 135
      vertex 2.34947 17.846 135
    endloop
  endfacet
  facet normal 0 0 1
    outer loop
      vertex 4.65874 17.3867 135
      vertex 2.32937 8.69333 135
      vertex 2.89295 8.52237 135
    endloop
  endfacet
  facet normal 0 0 1
    outer loop
      vertex 3.51163 17.6541 135
      vertex 1.75581 8.82707 135
      vertex 2.32937 8.69333 135
    endloop
  endfacet
  facet normal 0 0 1
    outer loop
      vertex 1.17474 8.923 135
      vertex 2.34947 17.846 135
      vertex 1.17726 17.9615 135
    endloop
  endfacet
  facet normal 0 0 1
    outer loop
      vertex 2.34947 17.846 135
      vertex 1.17474 8.923 135
      vertex 1.75581 8.82707 135
    endloop
  endfacet
  facet normal 0 0 1
    outer loop
      vertex 1.17726 17.9615 135
      vertex 0.588628 8.98073 135
      vertex 1.17474 8.923 135
    endloop
  endfacet
  facet normal 0 0 1
    outer loop
      vertex 0 18 135
      vertex 0.588628 8.98073 135
      vertex 1.17726 17.9615 135
    endloop
  endfacet
  facet normal 0 0 1
    outer loop
      vertex 0 18 135
      vertex 0 9 135
      vertex 0.588628 8.98073 135
    endloop
  endfacet
  facet normal 0 0 1
    outer loop
      vertex 0 18 135
      vertex -0.588628 8.98073 135
      vertex 0 9 135
    endloop
  endfacet
  facet normal -0 0 1
    outer loop
      vertex -1.17726 17.9615 135
      vertex -0.588628 8.98073 135
      vertex 0 18 135
    endloop
  endfacet
  facet normal 0 0 1
    outer loop
      vertex -0.588628 8.98073 135
      vertex -1.17726 17.9615 135
      vertex -1.17474 8.923 135
    endloop
  endfacet
  facet normal -0 0 1
    outer loop
      vertex -2.34947 17.846 135
      vertex -1.17474 8.923 135
      vertex -1.17726 17.9615 135
    endloop
  endfacet
  facet normal 0 0 1
    outer loop
      vertex -1.17474 8.923 135
      vertex -2.34947 17.846 135
      vertex -1.75581 8.82707 135
    endloop
  endfacet
  facet normal -0 0 1
    outer loop
      vertex -3.51163 17.6541 135
      vertex -1.75581 8.82707 135
      vertex -2.34947 17.846 135
    endloop
  endfacet
  facet normal 0 0 1
    outer loop
      vertex -1.75581 8.82707 135
      vertex -3.51163 17.6541 135
      vertex -2.32937 8.69333 135
    endloop
  endfacet
  facet normal -0 0 1
    outer loop
      vertex -4.65874 17.3867 135
      vertex -2.32937 8.69333 135
      vertex -3.51163 17.6541 135
    endloop
  endfacet
  facet normal 0 0 1
    outer loop
      vertex -2.32937 8.69333 135
      vertex -4.65874 17.3867 135
      vertex -2.89295 8.52237 135
    endloop
  endfacet
  facet normal -0 0 1
    outer loop
      vertex -5.78591 17.0447 135
      vertex -2.89295 8.52237 135
      vertex -4.65874 17.3867 135
    endloop
  endfacet
  facet normal 0 0 1
    outer loop
      vertex -2.89295 8.52237 135
      vertex -5.78591 17.0447 135
      vertex -3.44415 8.31492 135
    endloop
  endfacet
  facet normal -0 0 1
    outer loop
      vertex -6.8883 16.6298 135
      vertex -3.44415 8.31492 135
      vertex -5.78591 17.0447 135
    endloop
  endfacet
  facet normal 0 0 1
    outer loop
      vertex -3.44415 8.31492 135
      vertex -6.8883 16.6298 135
      vertex -3.9806 8.07185 135
    endloop
  endfacet
  facet normal -0 0 1
    outer loop
      vertex -7.9612 16.1437 135
      vertex -3.9806 8.07185 135
      vertex -6.8883 16.6298 135
    endloop
  endfacet
  facet normal 0 0 1
    outer loop
      vertex -3.9806 8.07185 135
      vertex -7.9612 16.1437 135
      vertex -4.5 7.79423 135
    endloop
  endfacet
  facet normal -0 0 1
    outer loop
      vertex -9 15.5885 135
      vertex -4.5 7.79423 135
      vertex -7.9612 16.1437 135
    endloop
  endfacet
  facet normal 0 0 1
    outer loop
      vertex -4.5 7.79423 135
      vertex -9 15.5885 135
      vertex -5.00013 7.48323 135
    endloop
  endfacet
  facet normal -0 0 1
    outer loop
      vertex -10.0003 14.9665 135
      vertex -5.00013 7.48323 135
      vertex -9 15.5885 135
    endloop
  endfacet
  facet normal 0 0 1
    outer loop
      vertex -5.00013 7.48323 135
      vertex -10.0003 14.9665 135
      vertex -5.47885 7.14018 135
    endloop
  endfacet
  facet normal -0 0 1
    outer loop
      vertex -10.9577 14.2804 135
      vertex -5.47885 7.14018 135
      vertex -10.0003 14.9665 135
    endloop
  endfacet
  facet normal 0 0 1
    outer loop
      vertex -5.47885 7.14018 135
      vertex -10.9577 14.2804 135
      vertex -5.93411 6.76656 135
    endloop
  endfacet
  facet normal -0 0 1
    outer loop
      vertex -11.8682 13.5331 135
      vertex -5.93411 6.76656 135
      vertex -10.9577 14.2804 135
    endloop
  endfacet
  facet normal 0 0 1
    outer loop
      vertex -5.93411 6.76656 135
      vertex -11.8682 13.5331 135
      vertex -6.36396 6.36396 135
    endloop
  endfacet
  facet normal -0 0 1
    outer loop
      vertex -12.7279 12.7279 135
      vertex -6.36396 6.36396 135
      vertex -11.8682 13.5331 135
    endloop
  endfacet
  facet normal 0 0 1
    outer loop
      vertex -6.36396 6.36396 135
      vertex -12.7279 12.7279 135
      vertex -6.76656 5.93411 135
    endloop
  endfacet
  facet normal -0 0 1
    outer loop
      vertex -13.5331 11.8682 135
      vertex -6.76656 5.93411 135
      vertex -12.7279 12.7279 135
    endloop
  endfacet
  facet normal 0 0 1
    outer loop
      vertex -6.76656 5.93411 135
      vertex -13.5331 11.8682 135
      vertex -7.14018 5.47885 135
    endloop
  endfacet
  facet normal -0 0 1
    outer loop
      vertex -14.2804 10.9577 135
      vertex -7.14018 5.47885 135
      vertex -13.5331 11.8682 135
    endloop
  endfacet
  facet normal 0 0 1
    outer loop
      vertex -7.14018 5.47885 135
      vertex -14.2804 10.9577 135
      vertex -7.48323 5.00013 135
    endloop
  endfacet
  facet normal -0 0 1
    outer loop
      vertex -14.9665 10.0003 135
      vertex -7.48323 5.00013 135
      vertex -14.2804 10.9577 135
    endloop
  endfacet
  facet normal 0 0 1
    outer loop
      vertex -7.48323 5.00013 135
      vertex -14.9665 10.0003 135
      vertex -7.79423 4.5 135
    endloop
  endfacet
  facet normal -0 0 1
    outer loop
      vertex -15.5885 9 135
      vertex -7.79423 4.5 135
      vertex -14.9665 10.0003 135
    endloop
  endfacet
  facet normal 0 0 1
    outer loop
      vertex -7.79423 4.5 135
      vertex -15.5885 9 135
      vertex -8.07185 3.9806 135
    endloop
  endfacet
  facet normal -0 0 1
    outer loop
      vertex -16.1437 7.9612 135
      vertex -8.07185 3.9806 135
      vertex -15.5885 9 135
    endloop
  endfacet
  facet normal 0 0 1
    outer loop
      vertex -9 0 135
      vertex -10.0003 -14.9665 135
      vertex -9 -15.5885 135
    endloop
  endfacet
  facet normal 0 0 1
    outer loop
      vertex -8.07185 3.9806 135
      vertex -16.1437 7.9612 135
      vertex -8.31492 3.44415 135
    endloop
  endfacet
  facet normal 0 0 1
    outer loop
      vertex -9 0 135
      vertex -10.9577 -14.2804 135
      vertex -10.0003 -14.9665 135
    endloop
  endfacet
  facet normal -0 0 1
    outer loop
      vertex -16.6298 6.8883 135
      vertex -8.31492 3.44415 135
      vertex -16.1437 7.9612 135
    endloop
  endfacet
  facet normal 0 0 1
    outer loop
      vertex -9 0 135
      vertex -11.8682 -13.5331 135
      vertex -10.9577 -14.2804 135
    endloop
  endfacet
  facet normal 0 0 1
    outer loop
      vertex -8.31492 3.44415 135
      vertex -16.6298 6.8883 135
      vertex -8.52237 2.89295 135
    endloop
  endfacet
  facet normal 0 0 1
    outer loop
      vertex -9 0 135
      vertex -12.7279 -12.7279 135
      vertex -11.8682 -13.5331 135
    endloop
  endfacet
  facet normal -0 0 1
    outer loop
      vertex -17.0447 5.78591 135
      vertex -8.52237 2.89295 135
      vertex -16.6298 6.8883 135
    endloop
  endfacet
  facet normal 0 0 1
    outer loop
      vertex -9 0 135
      vertex -13.5331 -11.8682 135
      vertex -12.7279 -12.7279 135
    endloop
  endfacet
  facet normal 0 0 1
    outer loop
      vertex -8.52237 2.89295 135
      vertex -17.0447 5.78591 135
      vertex -8.69333 2.32937 135
    endloop
  endfacet
  facet normal 0 0 1
    outer loop
      vertex -9 0 135
      vertex -14.2804 -10.9577 135
      vertex -13.5331 -11.8682 135
    endloop
  endfacet
  facet normal -0 0 1
    outer loop
      vertex -17.3867 4.65874 135
      vertex -8.69333 2.32937 135
      vertex -17.0447 5.78591 135
    endloop
  endfacet
  facet normal 0 0 1
    outer loop
      vertex -9 0 135
      vertex -14.9665 -10.0003 135
      vertex -14.2804 -10.9577 135
    endloop
  endfacet
  facet normal 0 0 1
    outer loop
      vertex -8.69333 2.32937 135
      vertex -17.3867 4.65874 135
      vertex -8.82707 1.75581 135
    endloop
  endfacet
  facet normal 0 0 1
    outer loop
      vertex -9 0 135
      vertex -15.5885 -9 135
      vertex -14.9665 -10.0003 135
    endloop
  endfacet
  facet normal -0 0 1
    outer loop
      vertex -17.6541 3.51163 135
      vertex -8.82707 1.75581 135
      vertex -17.3867 4.65874 135
    endloop
  endfacet
  facet normal 0 0 1
    outer loop
      vertex -9 0 135
      vertex -16.1437 -7.9612 135
      vertex -15.5885 -9 135
    endloop
  endfacet
  facet normal 0 0 1
    outer loop
      vertex -8.82707 1.75581 135
      vertex -17.6541 3.51163 135
      vertex -8.923 1.17474 135
    endloop
  endfacet
  facet normal 0 0 1
    outer loop
      vertex -9 0 135
      vertex -16.6298 -6.8883 135
      vertex -16.1437 -7.9612 135
    endloop
  endfacet
  facet normal -0 0 1
    outer loop
      vertex -17.846 2.34947 135
      vertex -8.923 1.17474 135
      vertex -17.6541 3.51163 135
    endloop
  endfacet
  facet normal 0 0 1
    outer loop
      vertex -9 0 135
      vertex -17.0447 -5.78591 135
      vertex -16.6298 -6.8883 135
    endloop
  endfacet
  facet normal 0 0 1
    outer loop
      vertex -8.923 1.17474 135
      vertex -17.846 2.34947 135
      vertex -8.98073 0.588628 135
    endloop
  endfacet
  facet normal 0 0 1
    outer loop
      vertex -9 0 135
      vertex -17.3867 -4.65874 135
      vertex -17.0447 -5.78591 135
    endloop
  endfacet
  facet normal -0 0 1
    outer loop
      vertex -17.9615 1.17726 135
      vertex -8.98073 0.588628 135
      vertex -17.846 2.34947 135
    endloop
  endfacet
  facet normal 0 0 1
    outer loop
      vertex -9 0 135
      vertex -17.6541 -3.51163 135
      vertex -17.3867 -4.65874 135
    endloop
  endfacet
  facet normal 0 0 1
    outer loop
      vertex -8.98073 0.588628 135
      vertex -17.9615 1.17726 135
      vertex -9 0 135
    endloop
  endfacet
  facet normal 0 0 1
    outer loop
      vertex -9 0 135
      vertex -17.846 -2.34947 135
      vertex -17.6541 -3.51163 135
    endloop
  endfacet
  facet normal 0 0 1
    outer loop
      vertex -18 0 135
      vertex -9 0 135
      vertex -17.9615 1.17726 135
    endloop
  endfacet
  facet normal 0 0 1
    outer loop
      vertex -9 0 135
      vertex -17.9615 -1.17726 135
      vertex -17.846 -2.34947 135
    endloop
  endfacet
  facet normal 0 0 1
    outer loop
      vertex -9 0 135
      vertex -18 0 135
      vertex -17.9615 -1.17726 135
    endloop
  endfacet
  facet normal 0 0 1
    outer loop
      vertex 9 0 135
      vertex 18 0 135
      vertex 17.9615 1.17726 135
    endloop
  endfacet
  facet normal 0 0 1
    outer loop
      vertex 8.98073 0.588628 135
      vertex 17.9615 1.17726 135
      vertex 17.846 2.34947 135
    endloop
  endfacet
  facet normal 0 0 1
    outer loop
      vertex 18 0 135
      vertex 9 0 135
      vertex 17.9615 -1.17726 135
    endloop
  endfacet
  facet normal 0 0 1
    outer loop
      vertex 8.98073 0.588628 135
      vertex 17.846 2.34947 135
      vertex 17.6541 3.51163 135
    endloop
  endfacet
  facet normal -0 0 1
    outer loop
      vertex 8.98073 -0.588628 135
      vertex 17.9615 -1.17726 135
      vertex 9 0 135
    endloop
  endfacet
  facet normal 0 0 1
    outer loop
      vertex 8.98073 0.588628 135
      vertex 17.6541 3.51163 135
      vertex 17.3867 4.65874 135
    endloop
  endfacet
  facet normal 0 0 1
    outer loop
      vertex 17.9615 -1.17726 135
      vertex 8.98073 -0.588628 135
      vertex 17.846 -2.34947 135
    endloop
  endfacet
  facet normal 0 0 1
    outer loop
      vertex 8.98073 0.588628 135
      vertex 17.3867 4.65874 135
      vertex 17.0447 5.78591 135
    endloop
  endfacet
  facet normal -0 0 1
    outer loop
      vertex 8.923 -1.17474 135
      vertex 17.846 -2.34947 135
      vertex 8.98073 -0.588628 135
    endloop
  endfacet
  facet normal 0 0 1
    outer loop
      vertex 8.98073 0.588628 135
      vertex 17.0447 5.78591 135
      vertex 16.6298 6.8883 135
    endloop
  endfacet
  facet normal 0 0 1
    outer loop
      vertex 17.846 -2.34947 135
      vertex 8.923 -1.17474 135
      vertex 17.6541 -3.51163 135
    endloop
  endfacet
  facet normal 0 0 1
    outer loop
      vertex 8.98073 0.588628 135
      vertex 16.6298 6.8883 135
      vertex 16.1437 7.9612 135
    endloop
  endfacet
  facet normal -0 0 1
    outer loop
      vertex 8.82707 -1.75581 135
      vertex 17.6541 -3.51163 135
      vertex 8.923 -1.17474 135
    endloop
  endfacet
  facet normal 0 0 1
    outer loop
      vertex 8.98073 0.588628 135
      vertex 16.1437 7.9612 135
      vertex 15.5885 9 135
    endloop
  endfacet
  facet normal 0 0 1
    outer loop
      vertex 17.6541 -3.51163 135
      vertex 8.82707 -1.75581 135
      vertex 17.3867 -4.65874 135
    endloop
  endfacet
  facet normal 0 0 1
    outer loop
      vertex 8.98073 0.588628 135
      vertex 15.5885 9 135
      vertex 14.9665 10.0003 135
    endloop
  endfacet
  facet normal -0 0 1
    outer loop
      vertex 8.69333 -2.32937 135
      vertex 17.3867 -4.65874 135
      vertex 8.82707 -1.75581 135
    endloop
  endfacet
  facet normal 0 0 1
    outer loop
      vertex 8.98073 0.588628 135
      vertex 14.9665 10.0003 135
      vertex 14.2804 10.9577 135
    endloop
  endfacet
  facet normal 0 0 1
    outer loop
      vertex 17.3867 -4.65874 135
      vertex 8.69333 -2.32937 135
      vertex 17.0447 -5.78591 135
    endloop
  endfacet
  facet normal 0 0 1
    outer loop
      vertex 8.98073 0.588628 135
      vertex 14.2804 10.9577 135
      vertex 13.5331 11.8682 135
    endloop
  endfacet
  facet normal -0 0 1
    outer loop
      vertex 8.52237 -2.89295 135
      vertex 17.0447 -5.78591 135
      vertex 8.69333 -2.32937 135
    endloop
  endfacet
  facet normal 0 0 1
    outer loop
      vertex 8.98073 0.588628 135
      vertex 13.5331 11.8682 135
      vertex 12.7279 12.7279 135
    endloop
  endfacet
  facet normal 0 0 1
    outer loop
      vertex 17.0447 -5.78591 135
      vertex 8.52237 -2.89295 135
      vertex 16.6298 -6.8883 135
    endloop
  endfacet
  facet normal 0 0 1
    outer loop
      vertex 8.98073 0.588628 135
      vertex 12.7279 12.7279 135
      vertex 11.8682 13.5331 135
    endloop
  endfacet
  facet normal -0 0 1
    outer loop
      vertex 8.31492 -3.44415 135
      vertex 16.6298 -6.8883 135
      vertex 8.52237 -2.89295 135
    endloop
  endfacet
  facet normal 0 0 1
    outer loop
      vertex 8.98073 0.588628 135
      vertex 11.8682 13.5331 135
      vertex 10.9577 14.2804 135
    endloop
  endfacet
  facet normal 0 0 1
    outer loop
      vertex 16.6298 -6.8883 135
      vertex 8.31492 -3.44415 135
      vertex 16.1437 -7.9612 135
    endloop
  endfacet
  facet normal 0 0 1
    outer loop
      vertex 8.98073 0.588628 135
      vertex 10.9577 14.2804 135
      vertex 10.0003 14.9665 135
    endloop
  endfacet
  facet normal -0 0 1
    outer loop
      vertex 8.07185 -3.9806 135
      vertex 16.1437 -7.9612 135
      vertex 8.31492 -3.44415 135
    endloop
  endfacet
  facet normal 0 0 1
    outer loop
      vertex 5.00013 7.48323 135
      vertex 10.0003 14.9665 135
      vertex 9 15.5885 135
    endloop
  endfacet
  facet normal 0 0 1
    outer loop
      vertex 16.1437 -7.9612 135
      vertex 8.07185 -3.9806 135
      vertex 15.5885 -9 135
    endloop
  endfacet
  facet normal -0 0 1
    outer loop
      vertex 7.79423 -4.5 135
      vertex 15.5885 -9 135
      vertex 8.07185 -3.9806 135
    endloop
  endfacet
  facet normal 0 0 1
    outer loop
      vertex 15.5885 -9 135
      vertex 7.79423 -4.5 135
      vertex 14.9665 -10.0003 135
    endloop
  endfacet
  facet normal -0 0 1
    outer loop
      vertex 7.48323 -5.00013 135
      vertex 14.9665 -10.0003 135
      vertex 7.79423 -4.5 135
    endloop
  endfacet
  facet normal 0 0 1
    outer loop
      vertex 14.9665 -10.0003 135
      vertex 7.48323 -5.00013 135
      vertex 14.2804 -10.9577 135
    endloop
  endfacet
  facet normal -0 0 1
    outer loop
      vertex 7.14018 -5.47885 135
      vertex 14.2804 -10.9577 135
      vertex 7.48323 -5.00013 135
    endloop
  endfacet
  facet normal 0 0 1
    outer loop
      vertex 14.2804 -10.9577 135
      vertex 7.14018 -5.47885 135
      vertex 13.5331 -11.8682 135
    endloop
  endfacet
  facet normal -0 0 1
    outer loop
      vertex 6.76656 -5.93411 135
      vertex 13.5331 -11.8682 135
      vertex 7.14018 -5.47885 135
    endloop
  endfacet
  facet normal 0 0 1
    outer loop
      vertex 13.5331 -11.8682 135
      vertex 6.76656 -5.93411 135
      vertex 12.7279 -12.7279 135
    endloop
  endfacet
  facet normal -0 0 1
    outer loop
      vertex 6.36396 -6.36396 135
      vertex 12.7279 -12.7279 135
      vertex 6.76656 -5.93411 135
    endloop
  endfacet
  facet normal 0 0 1
    outer loop
      vertex 12.7279 -12.7279 135
      vertex 6.36396 -6.36396 135
      vertex 11.8682 -13.5331 135
    endloop
  endfacet
  facet normal -0 0 1
    outer loop
      vertex 5.93411 -6.76656 135
      vertex 11.8682 -13.5331 135
      vertex 6.36396 -6.36396 135
    endloop
  endfacet
  facet normal 0 0 1
    outer loop
      vertex 11.8682 -13.5331 135
      vertex 5.93411 -6.76656 135
      vertex 10.9577 -14.2804 135
    endloop
  endfacet
  facet normal -0 0 1
    outer loop
      vertex 5.47885 -7.14018 135
      vertex 10.9577 -14.2804 135
      vertex 5.93411 -6.76656 135
    endloop
  endfacet
  facet normal 0 0 1
    outer loop
      vertex 10.9577 -14.2804 135
      vertex 5.47885 -7.14018 135
      vertex 10.0003 -14.9665 135
    endloop
  endfacet
  facet normal -0 0 1
    outer loop
      vertex 5.00013 -7.48323 135
      vertex 10.0003 -14.9665 135
      vertex 5.47885 -7.14018 135
    endloop
  endfacet
  facet normal 0 0 1
    outer loop
      vertex 10.0003 -14.9665 135
      vertex 5.00013 -7.48323 135
      vertex 9 -15.5885 135
    endloop
  endfacet
  facet normal -0 0 1
    outer loop
      vertex 4.5 -7.79423 135
      vertex 9 -15.5885 135
      vertex 5.00013 -7.48323 135
    endloop
  endfacet
  facet normal 0 0 1
    outer loop
      vertex 9 -15.5885 135
      vertex 4.5 -7.79423 135
      vertex 7.9612 -16.1437 135
    endloop
  endfacet
  facet normal -0 0 1
    outer loop
      vertex 3.9806 -8.07185 135
      vertex 7.9612 -16.1437 135
      vertex 4.5 -7.79423 135
    endloop
  endfacet
  facet normal 0 0 1
    outer loop
      vertex 7.9612 -16.1437 135
      vertex 3.9806 -8.07185 135
      vertex 6.8883 -16.6298 135
    endloop
  endfacet
  facet normal -0 0 1
    outer loop
      vertex 3.44415 -8.31492 135
      vertex 6.8883 -16.6298 135
      vertex 3.9806 -8.07185 135
    endloop
  endfacet
  facet normal 0 0 1
    outer loop
      vertex 6.8883 -16.6298 135
      vertex 3.44415 -8.31492 135
      vertex 5.78591 -17.0447 135
    endloop
  endfacet
  facet normal -0 0 1
    outer loop
      vertex 2.89295 -8.52237 135
      vertex 5.78591 -17.0447 135
      vertex 3.44415 -8.31492 135
    endloop
  endfacet
  facet normal 0 0 1
    outer loop
      vertex 5.78591 -17.0447 135
      vertex 2.89295 -8.52237 135
      vertex 4.65874 -17.3867 135
    endloop
  endfacet
  facet normal -0 0 1
    outer loop
      vertex 2.32937 -8.69333 135
      vertex 4.65874 -17.3867 135
      vertex 2.89295 -8.52237 135
    endloop
  endfacet
  facet normal 0 0 1
    outer loop
      vertex 4.65874 -17.3867 135
      vertex 2.32937 -8.69333 135
      vertex 3.51163 -17.6541 135
    endloop
  endfacet
  facet normal -0 0 1
    outer loop
      vertex 1.75581 -8.82707 135
      vertex 3.51163 -17.6541 135
      vertex 2.32937 -8.69333 135
    endloop
  endfacet
  facet normal 0 0 1
    outer loop
      vertex 3.51163 -17.6541 135
      vertex 1.75581 -8.82707 135
      vertex 2.34947 -17.846 135
    endloop
  endfacet
  facet normal -0 0 1
    outer loop
      vertex 1.17474 -8.923 135
      vertex 2.34947 -17.846 135
      vertex 1.75581 -8.82707 135
    endloop
  endfacet
  facet normal 0 0 1
    outer loop
      vertex 2.34947 -17.846 135
      vertex 1.17474 -8.923 135
      vertex 1.17726 -17.9615 135
    endloop
  endfacet
  facet normal -0 0 1
    outer loop
      vertex 0.588628 -8.98073 135
      vertex 1.17726 -17.9615 135
      vertex 1.17474 -8.923 135
    endloop
  endfacet
  facet normal -0 0 1
    outer loop
      vertex 0 -9 135
      vertex 1.17726 -17.9615 135
      vertex 0.588628 -8.98073 135
    endloop
  endfacet
  facet normal 0 0 1
    outer loop
      vertex 0 -9 135
      vertex 0 -18 135
      vertex 1.17726 -17.9615 135
    endloop
  endfacet
  facet normal 0 0 1
    outer loop
      vertex -0.588628 -8.98073 135
      vertex 0 -18 135
      vertex 0 -9 135
    endloop
  endfacet
  facet normal 0 0 1
    outer loop
      vertex -1.17726 -17.9615 135
      vertex -0.588628 -8.98073 135
      vertex -1.17474 -8.923 135
    endloop
  endfacet
  facet normal 0 0 1
    outer loop
      vertex -0.588628 -8.98073 135
      vertex -1.17726 -17.9615 135
      vertex 0 -18 135
    endloop
  endfacet
  facet normal 0 0 1
    outer loop
      vertex -2.34947 -17.846 135
      vertex -1.17474 -8.923 135
      vertex -1.75581 -8.82707 135
    endloop
  endfacet
  facet normal 0 0 1
    outer loop
      vertex -3.51163 -17.6541 135
      vertex -1.75581 -8.82707 135
      vertex -2.32937 -8.69333 135
    endloop
  endfacet
  facet normal 0 0 1
    outer loop
      vertex -1.17474 -8.923 135
      vertex -2.34947 -17.846 135
      vertex -1.17726 -17.9615 135
    endloop
  endfacet
  facet normal 0 0 1
    outer loop
      vertex -4.65874 -17.3867 135
      vertex -2.32937 -8.69333 135
      vertex -2.89295 -8.52237 135
    endloop
  endfacet
  facet normal 0 0 1
    outer loop
      vertex -5.78591 -17.0447 135
      vertex -2.89295 -8.52237 135
      vertex -3.44415 -8.31492 135
    endloop
  endfacet
  facet normal 0 0 1
    outer loop
      vertex -1.75581 -8.82707 135
      vertex -3.51163 -17.6541 135
      vertex -2.34947 -17.846 135
    endloop
  endfacet
  facet normal 0 0 1
    outer loop
      vertex -6.8883 -16.6298 135
      vertex -3.44415 -8.31492 135
      vertex -3.9806 -8.07185 135
    endloop
  endfacet
  facet normal 0 0 1
    outer loop
      vertex -7.9612 -16.1437 135
      vertex -3.9806 -8.07185 135
      vertex -4.5 -7.79423 135
    endloop
  endfacet
  facet normal 0 0 1
    outer loop
      vertex -2.32937 -8.69333 135
      vertex -4.65874 -17.3867 135
      vertex -3.51163 -17.6541 135
    endloop
  endfacet
  facet normal 0 0 1
    outer loop
      vertex -9 -15.5885 135
      vertex -4.5 -7.79423 135
      vertex -5.00013 -7.48323 135
    endloop
  endfacet
  facet normal 0 0 1
    outer loop
      vertex -9 -15.5885 135
      vertex -5.00013 -7.48323 135
      vertex -5.47885 -7.14018 135
    endloop
  endfacet
  facet normal 0 0 1
    outer loop
      vertex -2.89295 -8.52237 135
      vertex -5.78591 -17.0447 135
      vertex -4.65874 -17.3867 135
    endloop
  endfacet
  facet normal 0 0 1
    outer loop
      vertex -9 -15.5885 135
      vertex -5.47885 -7.14018 135
      vertex -5.93411 -6.76656 135
    endloop
  endfacet
  facet normal 0 0 1
    outer loop
      vertex -9 -15.5885 135
      vertex -5.93411 -6.76656 135
      vertex -6.36396 -6.36396 135
    endloop
  endfacet
  facet normal 0 0 1
    outer loop
      vertex -9 -15.5885 135
      vertex -6.36396 -6.36396 135
      vertex -6.76656 -5.93411 135
    endloop
  endfacet
  facet normal 0 0 1
    outer loop
      vertex -3.44415 -8.31492 135
      vertex -6.8883 -16.6298 135
      vertex -5.78591 -17.0447 135
    endloop
  endfacet
  facet normal 0 0 1
    outer loop
      vertex -9 -15.5885 135
      vertex -6.76656 -5.93411 135
      vertex -7.14018 -5.47885 135
    endloop
  endfacet
  facet normal 0 0 1
    outer loop
      vertex -9 -15.5885 135
      vertex -7.14018 -5.47885 135
      vertex -7.48323 -5.00013 135
    endloop
  endfacet
  facet normal 0 0 1
    outer loop
      vertex -9 -15.5885 135
      vertex -7.48323 -5.00013 135
      vertex -7.79423 -4.5 135
    endloop
  endfacet
  facet normal 0 0 1
    outer loop
      vertex -3.9806 -8.07185 135
      vertex -7.9612 -16.1437 135
      vertex -6.8883 -16.6298 135
    endloop
  endfacet
  facet normal 0 0 1
    outer loop
      vertex -9 -15.5885 135
      vertex -7.79423 -4.5 135
      vertex -8.07185 -3.9806 135
    endloop
  endfacet
  facet normal 0 0 1
    outer loop
      vertex -9 -15.5885 135
      vertex -8.07185 -3.9806 135
      vertex -8.31492 -3.44415 135
    endloop
  endfacet
  facet normal 0 0 1
    outer loop
      vertex -9 -15.5885 135
      vertex -8.31492 -3.44415 135
      vertex -8.52237 -2.89295 135
    endloop
  endfacet
  facet normal 0 0 1
    outer loop
      vertex -9 -15.5885 135
      vertex -8.52237 -2.89295 135
      vertex -8.69333 -2.32937 135
    endloop
  endfacet
  facet normal 0 0 1
    outer loop
      vertex -9 -15.5885 135
      vertex -8.69333 -2.32937 135
      vertex -8.82707 -1.75581 135
    endloop
  endfacet
  facet normal 0 0 1
    outer loop
      vertex -9 -15.5885 135
      vertex -8.82707 -1.75581 135
      vertex -8.923 -1.17474 135
    endloop
  endfacet
  facet normal 0 0 1
    outer loop
      vertex -9 -15.5885 135
      vertex -8.923 -1.17474 135
      vertex -8.98073 -0.588628 135
    endloop
  endfacet
  facet normal 0 0 1
    outer loop
      vertex -4.5 -7.79423 135
      vertex -9 -15.5885 135
      vertex -7.9612 -16.1437 135
    endloop
  endfacet
  facet normal 0 0 1
    outer loop
      vertex -9 -15.5885 135
      vertex -8.98073 -0.588628 135
      vertex -9 0 135
    endloop
  endfacet
  facet normal 0.162887 -0.986645 0
    outer loop
      vertex 1.17474 -8.923 135
      vertex 1.75581 -8.82707 141.15
      vertex 1.17474 -8.923 141.15
    endloop
  endfacet
  facet normal 0.162887 -0.986645 0
    outer loop
      vertex 1.75581 -8.82707 141.15
      vertex 1.17474 -8.923 135
      vertex 1.75581 -8.82707 135
    endloop
  endfacet
  facet normal 0.162887 -0.986645 0
    outer loop
      vertex 1.17474 -8.923 141.85
      vertex 1.75581 -8.82707 145
      vertex 1.17474 -8.923 145
    endloop
  endfacet
  facet normal 0.162887 -0.986645 0
    outer loop
      vertex 1.75581 -8.82707 145
      vertex 1.17474 -8.923 141.85
      vertex 1.75581 -8.82707 141.85
    endloop
  endfacet
  facet normal 0.999465 -0.0327196 0
    outer loop
      vertex 8.98073 -0.588628 141.15
      vertex 9 0 135
      vertex 9 0 141.15
    endloop
  endfacet
  facet normal 0.999465 -0.0327196 0
    outer loop
      vertex 9 0 135
      vertex 8.98073 -0.588628 141.15
      vertex 8.98073 -0.588628 135
    endloop
  endfacet
  facet normal 0.999465 -0.0327196 0
    outer loop
      vertex 8.98073 -0.588628 145
      vertex 9 0 141.85
      vertex 9 0 145
    endloop
  endfacet
  facet normal 0.999465 -0.0327196 0
    outer loop
      vertex 9 0 141.85
      vertex 8.98073 -0.588628 145
      vertex 8.98073 -0.588628 141.85
    endloop
  endfacet
  facet normal 0.910859 -0.412718 0
    outer loop
      vertex 8.07185 -3.9806 141.15
      vertex 8.31492 -3.44415 135
      vertex 8.31492 -3.44415 141.15
    endloop
  endfacet
  facet normal 0.910859 -0.412718 0
    outer loop
      vertex 8.31492 -3.44415 135
      vertex 8.07185 -3.9806 141.15
      vertex 8.07185 -3.9806 135
    endloop
  endfacet
  facet normal 0.910859 -0.412718 0
    outer loop
      vertex 8.07185 -3.9806 145
      vertex 8.31492 -3.44415 141.85
      vertex 8.31492 -3.44415 145
    endloop
  endfacet
  facet normal 0.910859 -0.412718 0
    outer loop
      vertex 8.31492 -3.44415 141.85
      vertex 8.07185 -3.9806 145
      vertex 8.07185 -3.9806 141.85
    endloop
  endfacet
  facet normal -0.582482 -0.812843 0
    outer loop
      vertex -5.47885 -7.14018 135
      vertex -5.00013 -7.48323 141.15
      vertex -5.47885 -7.14018 141.15
    endloop
  endfacet
  facet normal -0.582482 -0.812843 -0
    outer loop
      vertex -5.00013 -7.48323 141.15
      vertex -5.47885 -7.14018 135
      vertex -5.00013 -7.48323 135
    endloop
  endfacet
  facet normal -0.582482 -0.812843 0
    outer loop
      vertex -5.47885 -7.14018 141.85
      vertex -5.00013 -7.48323 145
      vertex -5.47885 -7.14018 145
    endloop
  endfacet
  facet normal -0.582482 -0.812843 -0
    outer loop
      vertex -5.00013 -7.48323 145
      vertex -5.47885 -7.14018 141.85
      vertex -5.00013 -7.48323 141.85
    endloop
  endfacet
  facet normal 0.162887 0.986645 -0
    outer loop
      vertex 1.75581 8.82707 135
      vertex 1.17474 8.923 141.15
      vertex 1.75581 8.82707 141.15
    endloop
  endfacet
  facet normal 0.162887 0.986645 0
    outer loop
      vertex 1.17474 8.923 141.15
      vertex 1.75581 8.82707 135
      vertex 1.17474 8.923 135
    endloop
  endfacet
  facet normal 0.162887 0.986645 -0
    outer loop
      vertex 1.75581 8.82707 141.85
      vertex 1.17474 8.923 145
      vertex 1.75581 8.82707 145
    endloop
  endfacet
  facet normal 0.162887 0.986645 0
    outer loop
      vertex 1.17474 8.923 145
      vertex 1.75581 8.82707 141.85
      vertex 1.17474 8.923 141.85
    endloop
  endfacet
  facet normal -0.412718 0.910859 0
    outer loop
      vertex -3.44415 8.31492 135
      vertex -3.9806 8.07185 141.15
      vertex -3.44415 8.31492 141.15
    endloop
  endfacet
  facet normal -0.412718 0.910859 0
    outer loop
      vertex -3.9806 8.07185 141.15
      vertex -3.44415 8.31492 135
      vertex -3.9806 8.07185 135
    endloop
  endfacet
  facet normal -0.412718 0.910859 0
    outer loop
      vertex -3.44415 8.31492 141.85
      vertex -3.9806 8.07185 145
      vertex -3.44415 8.31492 145
    endloop
  endfacet
  facet normal -0.412718 0.910859 0
    outer loop
      vertex -3.9806 8.07185 145
      vertex -3.44415 8.31492 141.85
      vertex -3.9806 8.07185 141.85
    endloop
  endfacet
  facet normal 0.35224 0.93591 -0
    outer loop
      vertex 3.44415 8.31492 135
      vertex 2.89295 8.52237 141.15
      vertex 3.44415 8.31492 141.15
    endloop
  endfacet
  facet normal 0.35224 0.93591 0
    outer loop
      vertex 2.89295 8.52237 141.15
      vertex 3.44415 8.31492 135
      vertex 2.89295 8.52237 135
    endloop
  endfacet
  facet normal 0.35224 0.93591 -0
    outer loop
      vertex 3.44415 8.31492 141.85
      vertex 2.89295 8.52237 145
      vertex 3.44415 8.31492 145
    endloop
  endfacet
  facet normal 0.35224 0.93591 0
    outer loop
      vertex 2.89295 8.52237 145
      vertex 3.44415 8.31492 141.85
      vertex 2.89295 8.52237 141.85
    endloop
  endfacet
  facet normal -0.162887 -0.986645 0
    outer loop
      vertex -1.75581 -8.82707 135
      vertex -1.17474 -8.923 141.15
      vertex -1.75581 -8.82707 141.15
    endloop
  endfacet
  facet normal -0.162887 -0.986645 -0
    outer loop
      vertex -1.17474 -8.923 141.15
      vertex -1.75581 -8.82707 135
      vertex -1.17474 -8.923 135
    endloop
  endfacet
  facet normal -0.162887 -0.986645 0
    outer loop
      vertex -1.75581 -8.82707 141.85
      vertex -1.17474 -8.923 145
      vertex -1.75581 -8.82707 145
    endloop
  endfacet
  facet normal -0.162887 -0.986645 -0
    outer loop
      vertex -1.17474 -8.923 145
      vertex -1.75581 -8.82707 141.85
      vertex -1.17474 -8.923 141.85
    endloop
  endfacet
  facet normal 0.582482 0.812843 -0
    outer loop
      vertex 5.47885 7.14018 135
      vertex 5.00013 7.48323 141.15
      vertex 5.47885 7.14018 141.15
    endloop
  endfacet
  facet normal 0.582482 0.812843 0
    outer loop
      vertex 5.00013 7.48323 141.15
      vertex 5.47885 7.14018 135
      vertex 5.00013 7.48323 135
    endloop
  endfacet
  facet normal 0.582482 0.812843 -0
    outer loop
      vertex 5.47885 7.14018 141.85
      vertex 5.00013 7.48323 145
      vertex 5.47885 7.14018 145
    endloop
  endfacet
  facet normal 0.582482 0.812843 0
    outer loop
      vertex 5.00013 7.48323 145
      vertex 5.47885 7.14018 141.85
      vertex 5.00013 7.48323 141.85
    endloop
  endfacet
  facet normal -0.995184 0.0980222 0
    outer loop
      vertex -8.98073 0.588628 135
      vertex -8.923 1.17474 141.15
      vertex -8.923 1.17474 135
    endloop
  endfacet
  facet normal -0.995184 0.0980222 0
    outer loop
      vertex -8.923 1.17474 141.15
      vertex -8.98073 0.588628 135
      vertex -8.98073 0.588628 141.15
    endloop
  endfacet
  facet normal -0.995184 0.0980222 0
    outer loop
      vertex -8.98073 0.588628 141.85
      vertex -8.923 1.17474 145
      vertex -8.923 1.17474 141.85
    endloop
  endfacet
  facet normal -0.995184 0.0980222 0
    outer loop
      vertex -8.923 1.17474 145
      vertex -8.98073 0.588628 141.85
      vertex -8.98073 0.588628 145
    endloop
  endfacet
  facet normal 0.0327196 0.999465 -0
    outer loop
      vertex 0.588628 8.98073 135
      vertex 0 9 141.15
      vertex 0.588628 8.98073 141.15
    endloop
  endfacet
  facet normal 0.0327196 0.999465 0
    outer loop
      vertex 0 9 141.15
      vertex 0.588628 8.98073 135
      vertex 0 9 135
    endloop
  endfacet
  facet normal 0.0327196 0.999465 -0
    outer loop
      vertex 0.588628 8.98073 141.85
      vertex 0 9 145
      vertex 0.588628 8.98073 145
    endloop
  endfacet
  facet normal 0.0327196 0.999465 0
    outer loop
      vertex 0 9 145
      vertex 0.588628 8.98073 141.85
      vertex 0 9 141.85
    endloop
  endfacet
  facet normal -0.812843 0.582482 0
    outer loop
      vertex -7.48323 5.00013 135
      vertex -7.14018 5.47885 141.15
      vertex -7.14018 5.47885 135
    endloop
  endfacet
  facet normal -0.812843 0.582482 0
    outer loop
      vertex -7.14018 5.47885 141.15
      vertex -7.48323 5.00013 135
      vertex -7.48323 5.00013 141.15
    endloop
  endfacet
  facet normal -0.812843 0.582482 0
    outer loop
      vertex -7.48323 5.00013 141.85
      vertex -7.14018 5.47885 145
      vertex -7.14018 5.47885 141.85
    endloop
  endfacet
  facet normal -0.812843 0.582482 0
    outer loop
      vertex -7.14018 5.47885 145
      vertex -7.48323 5.00013 141.85
      vertex -7.48323 5.00013 145
    endloop
  endfacet
  facet normal -0.995184 -0.0980222 0
    outer loop
      vertex -8.923 -1.17474 135
      vertex -8.98073 -0.588628 141.15
      vertex -8.98073 -0.588628 135
    endloop
  endfacet
  facet normal -0.995184 -0.0980222 0
    outer loop
      vertex -8.98073 -0.588628 141.15
      vertex -8.923 -1.17474 135
      vertex -8.923 -1.17474 141.15
    endloop
  endfacet
  facet normal -0.995184 -0.0980222 0
    outer loop
      vertex -8.923 -1.17474 141.85
      vertex -8.98073 -0.588628 145
      vertex -8.98073 -0.588628 141.85
    endloop
  endfacet
  facet normal -0.995184 -0.0980222 0
    outer loop
      vertex -8.98073 -0.588628 145
      vertex -8.923 -1.17474 141.85
      vertex -8.923 -1.17474 145
    endloop
  endfacet
  facet normal -0.35224 0.93591 0
    outer loop
      vertex -2.89295 8.52237 135
      vertex -3.44415 8.31492 141.15
      vertex -2.89295 8.52237 141.15
    endloop
  endfacet
  facet normal -0.35224 0.93591 0
    outer loop
      vertex -3.44415 8.31492 141.15
      vertex -2.89295 8.52237 135
      vertex -3.44415 8.31492 135
    endloop
  endfacet
  facet normal -0.35224 0.93591 0
    outer loop
      vertex -2.89295 8.52237 141.85
      vertex -3.44415 8.31492 145
      vertex -2.89295 8.52237 145
    endloop
  endfacet
  facet normal -0.35224 0.93591 0
    outer loop
      vertex -3.44415 8.31492 145
      vertex -2.89295 8.52237 141.85
      vertex -3.44415 8.31492 141.85
    endloop
  endfacet
  facet normal -0.849203 0.528067 0
    outer loop
      vertex -7.79423 4.5 135
      vertex -7.48323 5.00013 141.15
      vertex -7.48323 5.00013 135
    endloop
  endfacet
  facet normal -0.849203 0.528067 0
    outer loop
      vertex -7.48323 5.00013 141.15
      vertex -7.79423 4.5 135
      vertex -7.79423 4.5 141.15
    endloop
  endfacet
  facet normal -0.849203 0.528067 0
    outer loop
      vertex -7.79423 4.5 141.85
      vertex -7.48323 5.00013 145
      vertex -7.48323 5.00013 141.85
    endloop
  endfacet
  facet normal -0.849203 0.528067 0
    outer loop
      vertex -7.48323 5.00013 145
      vertex -7.79423 4.5 141.85
      vertex -7.79423 4.5 145
    endloop
  endfacet
  facet normal -0.162887 0.986645 0
    outer loop
      vertex -1.17474 8.923 135
      vertex -1.75581 8.82707 141.15
      vertex -1.17474 8.923 141.15
    endloop
  endfacet
  facet normal -0.162887 0.986645 0
    outer loop
      vertex -1.75581 8.82707 141.15
      vertex -1.17474 8.923 135
      vertex -1.75581 8.82707 135
    endloop
  endfacet
  facet normal -0.162887 0.986645 0
    outer loop
      vertex -1.17474 8.923 141.85
      vertex -1.75581 8.82707 145
      vertex -1.17474 8.923 145
    endloop
  endfacet
  facet normal -0.162887 0.986645 0
    outer loop
      vertex -1.75581 8.82707 145
      vertex -1.17474 8.923 141.85
      vertex -1.75581 8.82707 141.85
    endloop
  endfacet
  facet normal 0.93591 -0.35224 0
    outer loop
      vertex 8.31492 -3.44415 141.15
      vertex 8.52237 -2.89295 135
      vertex 8.52237 -2.89295 141.15
    endloop
  endfacet
  facet normal 0.93591 -0.35224 0
    outer loop
      vertex 8.52237 -2.89295 135
      vertex 8.31492 -3.44415 141.15
      vertex 8.31492 -3.44415 135
    endloop
  endfacet
  facet normal 0.93591 -0.35224 0
    outer loop
      vertex 8.31492 -3.44415 145
      vertex 8.52237 -2.89295 141.85
      vertex 8.52237 -2.89295 145
    endloop
  endfacet
  facet normal 0.93591 -0.35224 0
    outer loop
      vertex 8.52237 -2.89295 141.85
      vertex 8.31492 -3.44415 145
      vertex 8.31492 -3.44415 141.85
    endloop
  endfacet
  facet normal 0.412718 0.910859 -0
    outer loop
      vertex 3.9806 8.07185 135
      vertex 3.44415 8.31492 141.15
      vertex 3.9806 8.07185 141.15
    endloop
  endfacet
  facet normal 0.412718 0.910859 0
    outer loop
      vertex 3.44415 8.31492 141.15
      vertex 3.9806 8.07185 135
      vertex 3.44415 8.31492 135
    endloop
  endfacet
  facet normal 0.412718 0.910859 -0
    outer loop
      vertex 3.9806 8.07185 141.85
      vertex 3.44415 8.31492 145
      vertex 3.9806 8.07185 145
    endloop
  endfacet
  facet normal 0.412718 0.910859 0
    outer loop
      vertex 3.44415 8.31492 145
      vertex 3.9806 8.07185 141.85
      vertex 3.44415 8.31492 141.85
    endloop
  endfacet
  facet normal -0.35224 -0.93591 0
    outer loop
      vertex -3.44415 -8.31492 135
      vertex -2.89295 -8.52237 141.15
      vertex -3.44415 -8.31492 141.15
    endloop
  endfacet
  facet normal -0.35224 -0.93591 -0
    outer loop
      vertex -2.89295 -8.52237 141.15
      vertex -3.44415 -8.31492 135
      vertex -2.89295 -8.52237 135
    endloop
  endfacet
  facet normal -0.35224 -0.93591 0
    outer loop
      vertex -3.44415 -8.31492 141.85
      vertex -2.89295 -8.52237 145
      vertex -3.44415 -8.31492 145
    endloop
  endfacet
  facet normal -0.35224 -0.93591 -0
    outer loop
      vertex -2.89295 -8.52237 145
      vertex -3.44415 -8.31492 141.85
      vertex -2.89295 -8.52237 141.85
    endloop
  endfacet
  facet normal 0.999465 0.0327196 0
    outer loop
      vertex 9 0 141.15
      vertex 8.98073 0.588628 135
      vertex 8.98073 0.588628 141.15
    endloop
  endfacet
  facet normal 0.999465 0.0327196 0
    outer loop
      vertex 8.98073 0.588628 135
      vertex 9 0 141.15
      vertex 9 0 135
    endloop
  endfacet
  facet normal 0.999465 0.0327196 0
    outer loop
      vertex 9 0 145
      vertex 8.98073 0.588628 141.85
      vertex 8.98073 0.588628 145
    endloop
  endfacet
  facet normal 0.999465 0.0327196 0
    outer loop
      vertex 8.98073 0.588628 141.85
      vertex 9 0 145
      vertex 9 0 141.85
    endloop
  endfacet
  facet normal 0.986645 -0.162887 0
    outer loop
      vertex 8.82707 -1.75581 141.15
      vertex 8.923 -1.17474 135
      vertex 8.923 -1.17474 141.15
    endloop
  endfacet
  facet normal 0.986645 -0.162887 0
    outer loop
      vertex 8.923 -1.17474 135
      vertex 8.82707 -1.75581 141.15
      vertex 8.82707 -1.75581 135
    endloop
  endfacet
  facet normal 0.986645 -0.162887 0
    outer loop
      vertex 8.82707 -1.75581 145
      vertex 8.923 -1.17474 141.85
      vertex 8.923 -1.17474 145
    endloop
  endfacet
  facet normal 0.986645 -0.162887 0
    outer loop
      vertex 8.923 -1.17474 141.85
      vertex 8.82707 -1.75581 145
      vertex 8.82707 -1.75581 141.85
    endloop
  endfacet
  facet normal 0.773016 0.634387 0
    outer loop
      vertex 6.96505 5.69225 141.15
      vertex 7.14018 5.47885 141.15
      vertex 6.96505 5.69225 138
    endloop
  endfacet
  facet normal 0.773009 0.634394 0
    outer loop
      vertex 6.96505 5.69225 138
      vertex 6.76656 5.93411 135
      vertex 6.76656 5.93411 138
    endloop
  endfacet
  facet normal 0.773012 0.634391 -4.66486e-07
    outer loop
      vertex 6.96505 5.69225 138
      vertex 7.14018 5.47885 135
      vertex 6.76656 5.93411 135
    endloop
  endfacet
  facet normal 0.773016 0.634387 -0
    outer loop
      vertex 7.14018 5.47885 135
      vertex 6.96505 5.69225 138
      vertex 7.14018 5.47885 141.15
    endloop
  endfacet
  facet normal 0.773016 0.634387 0
    outer loop
      vertex 7.14018 5.47885 145
      vertex 6.96505 5.69225 141.85
      vertex 6.96505 5.69225 145
    endloop
  endfacet
  facet normal 0.773016 0.634387 0
    outer loop
      vertex 6.96505 5.69225 141.85
      vertex 7.14018 5.47885 145
      vertex 7.14018 5.47885 141.85
    endloop
  endfacet
  facet normal 0.812843 0.582482 0
    outer loop
      vertex 7.48323 5.00013 141.15
      vertex 7.14018 5.47885 135
      vertex 7.14018 5.47885 141.15
    endloop
  endfacet
  facet normal 0.812843 0.582482 0
    outer loop
      vertex 7.14018 5.47885 135
      vertex 7.48323 5.00013 141.15
      vertex 7.48323 5.00013 135
    endloop
  endfacet
  facet normal 0.812843 0.582482 0
    outer loop
      vertex 7.48323 5.00013 145
      vertex 7.14018 5.47885 141.85
      vertex 7.14018 5.47885 145
    endloop
  endfacet
  facet normal 0.812843 0.582482 0
    outer loop
      vertex 7.14018 5.47885 141.85
      vertex 7.48323 5.00013 145
      vertex 7.48323 5.00013 141.85
    endloop
  endfacet
  facet normal 0.973875 0.227084 0
    outer loop
      vertex 8.82707 1.75581 141.15
      vertex 8.69333 2.32937 135
      vertex 8.69333 2.32937 141.15
    endloop
  endfacet
  facet normal 0.973875 0.227084 0
    outer loop
      vertex 8.69333 2.32937 135
      vertex 8.82707 1.75581 141.15
      vertex 8.82707 1.75581 135
    endloop
  endfacet
  facet normal 0.973875 0.227084 0
    outer loop
      vertex 8.82707 1.75581 145
      vertex 8.69333 2.32937 141.85
      vertex 8.69333 2.32937 145
    endloop
  endfacet
  facet normal 0.973875 0.227084 0
    outer loop
      vertex 8.69333 2.32937 141.85
      vertex 8.82707 1.75581 145
      vertex 8.82707 1.75581 141.85
    endloop
  endfacet
  facet normal 0.0980222 0.995184 -0
    outer loop
      vertex 1.17474 8.923 135
      vertex 0.588628 8.98073 141.15
      vertex 1.17474 8.923 141.15
    endloop
  endfacet
  facet normal 0.0980222 0.995184 0
    outer loop
      vertex 0.588628 8.98073 141.15
      vertex 1.17474 8.923 135
      vertex 0.588628 8.98073 135
    endloop
  endfacet
  facet normal 0.0980222 0.995184 -0
    outer loop
      vertex 1.17474 8.923 141.85
      vertex 0.588628 8.98073 145
      vertex 1.17474 8.923 145
    endloop
  endfacet
  facet normal 0.0980222 0.995184 0
    outer loop
      vertex 0.588628 8.98073 145
      vertex 1.17474 8.923 141.85
      vertex 0.588628 8.98073 141.85
    endloop
  endfacet
  facet normal 0.729863 0.683594 0
    outer loop
      vertex 6.76656 5.93411 138
      vertex 6.36396 6.36396 135
      vertex 6.36396 6.36396 138
    endloop
  endfacet
  facet normal 0.729863 0.683594 0
    outer loop
      vertex 6.36396 6.36396 135
      vertex 6.76656 5.93411 138
      vertex 6.76656 5.93411 135
    endloop
  endfacet
  facet normal 0.634394 0.773009 0
    outer loop
      vertex 5.93411 6.76656 138
      vertex 5.93411 6.76656 135
      vertex 5.69225 6.96505 138
    endloop
  endfacet
  facet normal 0.634387 0.773016 -0
    outer loop
      vertex 5.69225 6.96505 138
      vertex 5.47885 7.14018 141.15
      vertex 5.69225 6.96505 141.15
    endloop
  endfacet
  facet normal 0.634387 0.773016 0
    outer loop
      vertex 5.69225 6.96505 138
      vertex 5.47885 7.14018 135
      vertex 5.47885 7.14018 141.15
    endloop
  endfacet
  facet normal 0.634391 0.773012 -4.66486e-07
    outer loop
      vertex 5.47885 7.14018 135
      vertex 5.69225 6.96505 138
      vertex 5.93411 6.76656 135
    endloop
  endfacet
  facet normal 0.634387 0.773016 -0
    outer loop
      vertex 5.69225 6.96505 141.85
      vertex 5.47885 7.14018 145
      vertex 5.69225 6.96505 145
    endloop
  endfacet
  facet normal 0.634387 0.773016 0
    outer loop
      vertex 5.47885 7.14018 145
      vertex 5.69225 6.96505 141.85
      vertex 5.47885 7.14018 141.85
    endloop
  endfacet
  facet normal -0.290284 -0.95694 0
    outer loop
      vertex -2.89295 -8.52237 135
      vertex -2.32937 -8.69333 141.15
      vertex -2.89295 -8.52237 141.15
    endloop
  endfacet
  facet normal -0.290284 -0.95694 -0
    outer loop
      vertex -2.32937 -8.69333 141.15
      vertex -2.89295 -8.52237 135
      vertex -2.32937 -8.69333 135
    endloop
  endfacet
  facet normal -0.290284 -0.95694 0
    outer loop
      vertex -2.89295 -8.52237 141.85
      vertex -2.32937 -8.69333 145
      vertex -2.89295 -8.52237 145
    endloop
  endfacet
  facet normal -0.290284 -0.95694 -0
    outer loop
      vertex -2.32937 -8.69333 145
      vertex -2.89295 -8.52237 141.85
      vertex -2.32937 -8.69333 141.85
    endloop
  endfacet
  facet normal -0.986645 -0.162887 0
    outer loop
      vertex -8.82707 -1.75581 135
      vertex -8.923 -1.17474 141.15
      vertex -8.923 -1.17474 135
    endloop
  endfacet
  facet normal -0.986645 -0.162887 0
    outer loop
      vertex -8.923 -1.17474 141.15
      vertex -8.82707 -1.75581 135
      vertex -8.82707 -1.75581 141.15
    endloop
  endfacet
  facet normal -0.986645 -0.162887 0
    outer loop
      vertex -8.82707 -1.75581 141.85
      vertex -8.923 -1.17474 145
      vertex -8.923 -1.17474 141.85
    endloop
  endfacet
  facet normal -0.986645 -0.162887 0
    outer loop
      vertex -8.923 -1.17474 145
      vertex -8.82707 -1.75581 141.85
      vertex -8.82707 -1.75581 145
    endloop
  endfacet
  facet normal -0.93591 -0.35224 0
    outer loop
      vertex -8.31492 -3.44415 135
      vertex -8.52237 -2.89295 141.15
      vertex -8.52237 -2.89295 135
    endloop
  endfacet
  facet normal -0.93591 -0.35224 0
    outer loop
      vertex -8.52237 -2.89295 141.15
      vertex -8.31492 -3.44415 135
      vertex -8.31492 -3.44415 141.15
    endloop
  endfacet
  facet normal -0.93591 -0.35224 0
    outer loop
      vertex -8.31492 -3.44415 141.85
      vertex -8.52237 -2.89295 145
      vertex -8.52237 -2.89295 141.85
    endloop
  endfacet
  facet normal -0.93591 -0.35224 0
    outer loop
      vertex -8.52237 -2.89295 145
      vertex -8.31492 -3.44415 141.85
      vertex -8.31492 -3.44415 145
    endloop
  endfacet
  facet normal -0.729863 -0.683594 0
    outer loop
      vertex -6.36396 -6.36396 135
      vertex -6.76656 -5.93411 138
      vertex -6.76656 -5.93411 135
    endloop
  endfacet
  facet normal -0.729863 -0.683594 0
    outer loop
      vertex -6.76656 -5.93411 138
      vertex -6.36396 -6.36396 135
      vertex -6.36396 -6.36396 138
    endloop
  endfacet
  facet normal -0.881925 0.47139 0
    outer loop
      vertex -8.07185 3.9806 135
      vertex -7.79423 4.5 141.15
      vertex -7.79423 4.5 135
    endloop
  endfacet
  facet normal -0.881925 0.47139 0
    outer loop
      vertex -7.79423 4.5 141.15
      vertex -8.07185 3.9806 135
      vertex -8.07185 3.9806 141.15
    endloop
  endfacet
  facet normal -0.881925 0.47139 0
    outer loop
      vertex -8.07185 3.9806 141.85
      vertex -7.79423 4.5 145
      vertex -7.79423 4.5 141.85
    endloop
  endfacet
  facet normal -0.881925 0.47139 0
    outer loop
      vertex -7.79423 4.5 145
      vertex -8.07185 3.9806 141.85
      vertex -8.07185 3.9806 145
    endloop
  endfacet
  facet normal 0.47139 0.881925 -0
    outer loop
      vertex 4.5 7.79423 135
      vertex 3.9806 8.07185 141.15
      vertex 4.5 7.79423 141.15
    endloop
  endfacet
  facet normal 0.47139 0.881925 0
    outer loop
      vertex 3.9806 8.07185 141.15
      vertex 4.5 7.79423 135
      vertex 3.9806 8.07185 135
    endloop
  endfacet
  facet normal 0.47139 0.881925 -0
    outer loop
      vertex 4.5 7.79423 141.85
      vertex 3.9806 8.07185 145
      vertex 4.5 7.79423 145
    endloop
  endfacet
  facet normal 0.47139 0.881925 0
    outer loop
      vertex 3.9806 8.07185 145
      vertex 4.5 7.79423 141.85
      vertex 3.9806 8.07185 141.85
    endloop
  endfacet
  facet normal 0.93591 0.35224 0
    outer loop
      vertex 8.52237 2.89295 141.15
      vertex 8.31492 3.44415 135
      vertex 8.31492 3.44415 141.15
    endloop
  endfacet
  facet normal 0.93591 0.35224 0
    outer loop
      vertex 8.31492 3.44415 135
      vertex 8.52237 2.89295 141.15
      vertex 8.52237 2.89295 135
    endloop
  endfacet
  facet normal 0.93591 0.35224 0
    outer loop
      vertex 8.52237 2.89295 145
      vertex 8.31492 3.44415 141.85
      vertex 8.31492 3.44415 145
    endloop
  endfacet
  facet normal 0.93591 0.35224 0
    outer loop
      vertex 8.31492 3.44415 141.85
      vertex 8.52237 2.89295 145
      vertex 8.52237 2.89295 141.85
    endloop
  endfacet
  facet normal -0.910859 0.412718 0
    outer loop
      vertex -8.31492 3.44415 135
      vertex -8.07185 3.9806 141.15
      vertex -8.07185 3.9806 135
    endloop
  endfacet
  facet normal -0.910859 0.412718 0
    outer loop
      vertex -8.07185 3.9806 141.15
      vertex -8.31492 3.44415 135
      vertex -8.31492 3.44415 141.15
    endloop
  endfacet
  facet normal -0.910859 0.412718 0
    outer loop
      vertex -8.31492 3.44415 141.85
      vertex -8.07185 3.9806 145
      vertex -8.07185 3.9806 141.85
    endloop
  endfacet
  facet normal -0.910859 0.412718 0
    outer loop
      vertex -8.07185 3.9806 145
      vertex -8.31492 3.44415 141.85
      vertex -8.31492 3.44415 145
    endloop
  endfacet
  facet normal 0.881925 -0.47139 0
    outer loop
      vertex 7.79423 -4.5 141.15
      vertex 8.07185 -3.9806 135
      vertex 8.07185 -3.9806 141.15
    endloop
  endfacet
  facet normal 0.881925 -0.47139 0
    outer loop
      vertex 8.07185 -3.9806 135
      vertex 7.79423 -4.5 141.15
      vertex 7.79423 -4.5 135
    endloop
  endfacet
  facet normal 0.881925 -0.47139 0
    outer loop
      vertex 7.79423 -4.5 145
      vertex 8.07185 -3.9806 141.85
      vertex 8.07185 -3.9806 145
    endloop
  endfacet
  facet normal 0.881925 -0.47139 0
    outer loop
      vertex 8.07185 -3.9806 141.85
      vertex 7.79423 -4.5 145
      vertex 7.79423 -4.5 141.85
    endloop
  endfacet
  facet normal 0.729863 -0.683594 0
    outer loop
      vertex 6.36396 -6.36396 138
      vertex 6.76656 -5.93411 135
      vertex 6.76656 -5.93411 138
    endloop
  endfacet
  facet normal 0.729863 -0.683594 0
    outer loop
      vertex 6.76656 -5.93411 135
      vertex 6.36396 -6.36396 138
      vertex 6.36396 -6.36396 135
    endloop
  endfacet
  facet normal -0.0980222 0.995184 0
    outer loop
      vertex -0.588628 8.98073 135
      vertex -1.17474 8.923 141.15
      vertex -0.588628 8.98073 141.15
    endloop
  endfacet
  facet normal -0.0980222 0.995184 0
    outer loop
      vertex -1.17474 8.923 141.15
      vertex -0.588628 8.98073 135
      vertex -1.17474 8.923 135
    endloop
  endfacet
  facet normal -0.0980222 0.995184 0
    outer loop
      vertex -0.588628 8.98073 141.85
      vertex -1.17474 8.923 145
      vertex -0.588628 8.98073 145
    endloop
  endfacet
  facet normal -0.0980222 0.995184 0
    outer loop
      vertex -1.17474 8.923 145
      vertex -0.588628 8.98073 141.85
      vertex -1.17474 8.923 141.85
    endloop
  endfacet
  facet normal 0.986645 0.162887 0
    outer loop
      vertex 8.923 1.17474 141.15
      vertex 8.82707 1.75581 135
      vertex 8.82707 1.75581 141.15
    endloop
  endfacet
  facet normal 0.986645 0.162887 0
    outer loop
      vertex 8.82707 1.75581 135
      vertex 8.923 1.17474 141.15
      vertex 8.923 1.17474 135
    endloop
  endfacet
  facet normal 0.986645 0.162887 0
    outer loop
      vertex 8.923 1.17474 145
      vertex 8.82707 1.75581 141.85
      vertex 8.82707 1.75581 145
    endloop
  endfacet
  facet normal 0.986645 0.162887 0
    outer loop
      vertex 8.82707 1.75581 141.85
      vertex 8.923 1.17474 145
      vertex 8.923 1.17474 141.85
    endloop
  endfacet
  facet normal -0.683594 0.729863 0
    outer loop
      vertex -5.93411 6.76656 135
      vertex -6.36396 6.36396 138
      vertex -5.93411 6.76656 138
    endloop
  endfacet
  facet normal -0.683594 0.729863 0
    outer loop
      vertex -6.36396 6.36396 138
      vertex -5.93411 6.76656 135
      vertex -6.36396 6.36396 135
    endloop
  endfacet
  facet normal -0.999465 0.0327196 0
    outer loop
      vertex -9 0 135
      vertex -8.98073 0.588628 141.15
      vertex -8.98073 0.588628 135
    endloop
  endfacet
  facet normal -0.999465 0.0327196 0
    outer loop
      vertex -8.98073 0.588628 141.15
      vertex -9 0 135
      vertex -9 0 141.15
    endloop
  endfacet
  facet normal -0.999465 0.0327196 0
    outer loop
      vertex -9 0 141.85
      vertex -8.98073 0.588628 145
      vertex -8.98073 0.588628 141.85
    endloop
  endfacet
  facet normal -0.999465 0.0327196 0
    outer loop
      vertex -8.98073 0.588628 145
      vertex -9 0 141.85
      vertex -9 0 145
    endloop
  endfacet
  facet normal -0.47139 0.881925 0
    outer loop
      vertex -3.9806 8.07185 135
      vertex -4.5 7.79423 141.15
      vertex -3.9806 8.07185 141.15
    endloop
  endfacet
  facet normal -0.47139 0.881925 0
    outer loop
      vertex -4.5 7.79423 141.15
      vertex -3.9806 8.07185 135
      vertex -4.5 7.79423 135
    endloop
  endfacet
  facet normal -0.47139 0.881925 0
    outer loop
      vertex -3.9806 8.07185 141.85
      vertex -4.5 7.79423 145
      vertex -3.9806 8.07185 145
    endloop
  endfacet
  facet normal -0.47139 0.881925 0
    outer loop
      vertex -4.5 7.79423 145
      vertex -3.9806 8.07185 141.85
      vertex -4.5 7.79423 141.85
    endloop
  endfacet
  facet normal 0.995184 0.0980222 0
    outer loop
      vertex 8.98073 0.588628 141.15
      vertex 8.923 1.17474 135
      vertex 8.923 1.17474 141.15
    endloop
  endfacet
  facet normal 0.995184 0.0980222 0
    outer loop
      vertex 8.923 1.17474 135
      vertex 8.98073 0.588628 141.15
      vertex 8.98073 0.588628 135
    endloop
  endfacet
  facet normal 0.995184 0.0980222 0
    outer loop
      vertex 8.98073 0.588628 145
      vertex 8.923 1.17474 141.85
      vertex 8.923 1.17474 145
    endloop
  endfacet
  facet normal 0.995184 0.0980222 0
    outer loop
      vertex 8.923 1.17474 141.85
      vertex 8.98073 0.588628 145
      vertex 8.98073 0.588628 141.85
    endloop
  endfacet
  facet normal 0.227084 0.973875 -0
    outer loop
      vertex 2.32937 8.69333 135
      vertex 1.75581 8.82707 141.15
      vertex 2.32937 8.69333 141.15
    endloop
  endfacet
  facet normal 0.227084 0.973875 0
    outer loop
      vertex 1.75581 8.82707 141.15
      vertex 2.32937 8.69333 135
      vertex 1.75581 8.82707 135
    endloop
  endfacet
  facet normal 0.227084 0.973875 -0
    outer loop
      vertex 2.32937 8.69333 141.85
      vertex 1.75581 8.82707 145
      vertex 2.32937 8.69333 145
    endloop
  endfacet
  facet normal 0.227084 0.973875 0
    outer loop
      vertex 1.75581 8.82707 145
      vertex 2.32937 8.69333 141.85
      vertex 1.75581 8.82707 141.85
    endloop
  endfacet
  facet normal 0.95694 0.290284 0
    outer loop
      vertex 8.69333 2.32937 141.15
      vertex 8.52237 2.89295 135
      vertex 8.52237 2.89295 141.15
    endloop
  endfacet
  facet normal 0.95694 0.290284 0
    outer loop
      vertex 8.52237 2.89295 135
      vertex 8.69333 2.32937 141.15
      vertex 8.69333 2.32937 135
    endloop
  endfacet
  facet normal 0.95694 0.290284 0
    outer loop
      vertex 8.69333 2.32937 145
      vertex 8.52237 2.89295 141.85
      vertex 8.52237 2.89295 145
    endloop
  endfacet
  facet normal 0.95694 0.290284 0
    outer loop
      vertex 8.52237 2.89295 141.85
      vertex 8.69333 2.32937 145
      vertex 8.69333 2.32937 141.85
    endloop
  endfacet
  facet normal 0.910859 0.412718 0
    outer loop
      vertex 8.31492 3.44415 141.15
      vertex 8.07185 3.9806 135
      vertex 8.07185 3.9806 141.15
    endloop
  endfacet
  facet normal 0.910859 0.412718 0
    outer loop
      vertex 8.07185 3.9806 135
      vertex 8.31492 3.44415 141.15
      vertex 8.31492 3.44415 135
    endloop
  endfacet
  facet normal 0.910859 0.412718 0
    outer loop
      vertex 8.31492 3.44415 145
      vertex 8.07185 3.9806 141.85
      vertex 8.07185 3.9806 145
    endloop
  endfacet
  facet normal 0.910859 0.412718 0
    outer loop
      vertex 8.07185 3.9806 141.85
      vertex 8.31492 3.44415 145
      vertex 8.31492 3.44415 141.85
    endloop
  endfacet
  facet normal -0.634387 0.773016 0
    outer loop
      vertex -5.47885 7.14018 141.15
      vertex -5.69225 6.96505 138
      vertex -5.69225 6.96505 141.15
    endloop
  endfacet
  facet normal -0.634387 0.773016 0
    outer loop
      vertex -5.47885 7.14018 135
      vertex -5.69225 6.96505 138
      vertex -5.47885 7.14018 141.15
    endloop
  endfacet
  facet normal -0.634391 0.773012 -4.66486e-07
    outer loop
      vertex -5.93411 6.76656 135
      vertex -5.69225 6.96505 138
      vertex -5.47885 7.14018 135
    endloop
  endfacet
  facet normal -0.634394 0.773009 0
    outer loop
      vertex -5.69225 6.96505 138
      vertex -5.93411 6.76656 135
      vertex -5.93411 6.76656 138
    endloop
  endfacet
  facet normal -0.634387 0.773016 0
    outer loop
      vertex -5.47885 7.14018 141.85
      vertex -5.69225 6.96505 145
      vertex -5.47885 7.14018 145
    endloop
  endfacet
  facet normal -0.634387 0.773016 0
    outer loop
      vertex -5.69225 6.96505 145
      vertex -5.47885 7.14018 141.85
      vertex -5.69225 6.96505 141.85
    endloop
  endfacet
  facet normal 0.0327196 -0.999465 0
    outer loop
      vertex 0 -9 135
      vertex 0.588628 -8.98073 141.15
      vertex 0 -9 141.15
    endloop
  endfacet
  facet normal 0.0327196 -0.999465 0
    outer loop
      vertex 0.588628 -8.98073 141.15
      vertex 0 -9 135
      vertex 0.588628 -8.98073 135
    endloop
  endfacet
  facet normal 0.0327196 -0.999465 0
    outer loop
      vertex 0 -9 141.85
      vertex 0.588628 -8.98073 145
      vertex 0 -9 145
    endloop
  endfacet
  facet normal 0.0327196 -0.999465 0
    outer loop
      vertex 0.588628 -8.98073 145
      vertex 0 -9 141.85
      vertex 0.588628 -8.98073 141.85
    endloop
  endfacet
  facet normal 0.881925 0.47139 0
    outer loop
      vertex 8.07185 3.9806 141.15
      vertex 7.79423 4.5 135
      vertex 7.79423 4.5 141.15
    endloop
  endfacet
  facet normal 0.881925 0.47139 0
    outer loop
      vertex 7.79423 4.5 135
      vertex 8.07185 3.9806 141.15
      vertex 8.07185 3.9806 135
    endloop
  endfacet
  facet normal 0.881925 0.47139 0
    outer loop
      vertex 8.07185 3.9806 145
      vertex 7.79423 4.5 141.85
      vertex 7.79423 4.5 145
    endloop
  endfacet
  facet normal 0.881925 0.47139 0
    outer loop
      vertex 7.79423 4.5 141.85
      vertex 8.07185 3.9806 145
      vertex 8.07185 3.9806 141.85
    endloop
  endfacet
  facet normal -0.683594 -0.729863 0
    outer loop
      vertex -6.36396 -6.36396 135
      vertex -5.93411 -6.76656 138
      vertex -6.36396 -6.36396 138
    endloop
  endfacet
  facet normal -0.683594 -0.729863 -0
    outer loop
      vertex -5.93411 -6.76656 138
      vertex -6.36396 -6.36396 135
      vertex -5.93411 -6.76656 135
    endloop
  endfacet
  facet normal 0.995184 -0.0980222 0
    outer loop
      vertex 8.923 -1.17474 141.15
      vertex 8.98073 -0.588628 135
      vertex 8.98073 -0.588628 141.15
    endloop
  endfacet
  facet normal 0.995184 -0.0980222 0
    outer loop
      vertex 8.98073 -0.588628 135
      vertex 8.923 -1.17474 141.15
      vertex 8.923 -1.17474 135
    endloop
  endfacet
  facet normal 0.995184 -0.0980222 0
    outer loop
      vertex 8.923 -1.17474 145
      vertex 8.98073 -0.588628 141.85
      vertex 8.98073 -0.588628 145
    endloop
  endfacet
  facet normal 0.995184 -0.0980222 0
    outer loop
      vertex 8.98073 -0.588628 141.85
      vertex 8.923 -1.17474 145
      vertex 8.923 -1.17474 141.85
    endloop
  endfacet
  facet normal 0.0980222 -0.995184 0
    outer loop
      vertex 0.588628 -8.98073 135
      vertex 1.17474 -8.923 141.15
      vertex 0.588628 -8.98073 141.15
    endloop
  endfacet
  facet normal 0.0980222 -0.995184 0
    outer loop
      vertex 1.17474 -8.923 141.15
      vertex 0.588628 -8.98073 135
      vertex 1.17474 -8.923 135
    endloop
  endfacet
  facet normal 0.0980222 -0.995184 0
    outer loop
      vertex 0.588628 -8.98073 141.85
      vertex 1.17474 -8.923 145
      vertex 0.588628 -8.98073 145
    endloop
  endfacet
  facet normal 0.0980222 -0.995184 0
    outer loop
      vertex 1.17474 -8.923 145
      vertex 0.588628 -8.98073 141.85
      vertex 1.17474 -8.923 141.85
    endloop
  endfacet
  facet normal -0.582482 0.812843 0
    outer loop
      vertex -5.00013 7.48323 135
      vertex -5.47885 7.14018 141.15
      vertex -5.00013 7.48323 141.15
    endloop
  endfacet
  facet normal -0.582482 0.812843 0
    outer loop
      vertex -5.47885 7.14018 141.15
      vertex -5.00013 7.48323 135
      vertex -5.47885 7.14018 135
    endloop
  endfacet
  facet normal -0.582482 0.812843 0
    outer loop
      vertex -5.00013 7.48323 141.85
      vertex -5.47885 7.14018 145
      vertex -5.00013 7.48323 145
    endloop
  endfacet
  facet normal -0.582482 0.812843 0
    outer loop
      vertex -5.47885 7.14018 145
      vertex -5.00013 7.48323 141.85
      vertex -5.47885 7.14018 141.85
    endloop
  endfacet
  facet normal 0.290284 -0.95694 0
    outer loop
      vertex 2.32937 -8.69333 135
      vertex 2.89295 -8.52237 141.15
      vertex 2.32937 -8.69333 141.15
    endloop
  endfacet
  facet normal 0.290284 -0.95694 0
    outer loop
      vertex 2.89295 -8.52237 141.15
      vertex 2.32937 -8.69333 135
      vertex 2.89295 -8.52237 135
    endloop
  endfacet
  facet normal 0.290284 -0.95694 0
    outer loop
      vertex 2.32937 -8.69333 141.85
      vertex 2.89295 -8.52237 145
      vertex 2.32937 -8.69333 145
    endloop
  endfacet
  facet normal 0.290284 -0.95694 0
    outer loop
      vertex 2.89295 -8.52237 145
      vertex 2.32937 -8.69333 141.85
      vertex 2.89295 -8.52237 141.85
    endloop
  endfacet
  facet normal -0.910859 -0.412718 0
    outer loop
      vertex -8.07185 -3.9806 135
      vertex -8.31492 -3.44415 141.15
      vertex -8.31492 -3.44415 135
    endloop
  endfacet
  facet normal -0.910859 -0.412718 0
    outer loop
      vertex -8.31492 -3.44415 141.15
      vertex -8.07185 -3.9806 135
      vertex -8.07185 -3.9806 141.15
    endloop
  endfacet
  facet normal -0.910859 -0.412718 0
    outer loop
      vertex -8.07185 -3.9806 141.85
      vertex -8.31492 -3.44415 145
      vertex -8.31492 -3.44415 141.85
    endloop
  endfacet
  facet normal -0.910859 -0.412718 0
    outer loop
      vertex -8.31492 -3.44415 145
      vertex -8.07185 -3.9806 141.85
      vertex -8.07185 -3.9806 145
    endloop
  endfacet
  facet normal -0.0980222 -0.995184 0
    outer loop
      vertex -1.17474 -8.923 135
      vertex -0.588628 -8.98073 141.15
      vertex -1.17474 -8.923 141.15
    endloop
  endfacet
  facet normal -0.0980222 -0.995184 -0
    outer loop
      vertex -0.588628 -8.98073 141.15
      vertex -1.17474 -8.923 135
      vertex -0.588628 -8.98073 135
    endloop
  endfacet
  facet normal -0.0980222 -0.995184 0
    outer loop
      vertex -1.17474 -8.923 141.85
      vertex -0.588628 -8.98073 145
      vertex -1.17474 -8.923 145
    endloop
  endfacet
  facet normal -0.0980222 -0.995184 -0
    outer loop
      vertex -0.588628 -8.98073 145
      vertex -1.17474 -8.923 141.85
      vertex -0.588628 -8.98073 141.85
    endloop
  endfacet
  facet normal 0.812843 -0.582482 0
    outer loop
      vertex 7.14018 -5.47885 141.15
      vertex 7.48323 -5.00013 135
      vertex 7.48323 -5.00013 141.15
    endloop
  endfacet
  facet normal 0.812843 -0.582482 0
    outer loop
      vertex 7.48323 -5.00013 135
      vertex 7.14018 -5.47885 141.15
      vertex 7.14018 -5.47885 135
    endloop
  endfacet
  facet normal 0.812843 -0.582482 0
    outer loop
      vertex 7.14018 -5.47885 145
      vertex 7.48323 -5.00013 141.85
      vertex 7.48323 -5.00013 145
    endloop
  endfacet
  facet normal 0.812843 -0.582482 0
    outer loop
      vertex 7.48323 -5.00013 141.85
      vertex 7.14018 -5.47885 145
      vertex 7.14018 -5.47885 141.85
    endloop
  endfacet
  facet normal -0.812843 -0.582482 0
    outer loop
      vertex -7.14018 -5.47885 135
      vertex -7.48323 -5.00013 141.15
      vertex -7.48323 -5.00013 135
    endloop
  endfacet
  facet normal -0.812843 -0.582482 0
    outer loop
      vertex -7.48323 -5.00013 141.15
      vertex -7.14018 -5.47885 135
      vertex -7.14018 -5.47885 141.15
    endloop
  endfacet
  facet normal -0.812843 -0.582482 0
    outer loop
      vertex -7.14018 -5.47885 141.85
      vertex -7.48323 -5.00013 145
      vertex -7.48323 -5.00013 141.85
    endloop
  endfacet
  facet normal -0.812843 -0.582482 0
    outer loop
      vertex -7.48323 -5.00013 145
      vertex -7.14018 -5.47885 141.85
      vertex -7.14018 -5.47885 145
    endloop
  endfacet
  facet normal -0.973875 0.227084 0
    outer loop
      vertex -8.82707 1.75581 135
      vertex -8.69333 2.32937 141.15
      vertex -8.69333 2.32937 135
    endloop
  endfacet
  facet normal -0.973875 0.227084 0
    outer loop
      vertex -8.69333 2.32937 141.15
      vertex -8.82707 1.75581 135
      vertex -8.82707 1.75581 141.15
    endloop
  endfacet
  facet normal -0.973875 0.227084 0
    outer loop
      vertex -8.82707 1.75581 141.85
      vertex -8.69333 2.32937 145
      vertex -8.69333 2.32937 141.85
    endloop
  endfacet
  facet normal -0.973875 0.227084 0
    outer loop
      vertex -8.69333 2.32937 145
      vertex -8.82707 1.75581 141.85
      vertex -8.82707 1.75581 145
    endloop
  endfacet
  facet normal -0.290284 0.95694 0
    outer loop
      vertex -2.32937 8.69333 135
      vertex -2.89295 8.52237 141.15
      vertex -2.32937 8.69333 141.15
    endloop
  endfacet
  facet normal -0.290284 0.95694 0
    outer loop
      vertex -2.89295 8.52237 141.15
      vertex -2.32937 8.69333 135
      vertex -2.89295 8.52237 135
    endloop
  endfacet
  facet normal -0.290284 0.95694 0
    outer loop
      vertex -2.32937 8.69333 141.85
      vertex -2.89295 8.52237 145
      vertex -2.32937 8.69333 145
    endloop
  endfacet
  facet normal -0.290284 0.95694 0
    outer loop
      vertex -2.89295 8.52237 145
      vertex -2.32937 8.69333 141.85
      vertex -2.89295 8.52237 141.85
    endloop
  endfacet
  facet normal -0.0327196 0.999465 0
    outer loop
      vertex 0 9 135
      vertex -0.588628 8.98073 141.15
      vertex 0 9 141.15
    endloop
  endfacet
  facet normal -0.0327196 0.999465 0
    outer loop
      vertex -0.588628 8.98073 141.15
      vertex 0 9 135
      vertex -0.588628 8.98073 135
    endloop
  endfacet
  facet normal -0.0327196 0.999465 0
    outer loop
      vertex 0 9 141.85
      vertex -0.588628 8.98073 145
      vertex 0 9 145
    endloop
  endfacet
  facet normal -0.0327196 0.999465 0
    outer loop
      vertex -0.588628 8.98073 145
      vertex 0 9 141.85
      vertex -0.588628 8.98073 141.85
    endloop
  endfacet
  facet normal 0.528067 -0.849203 0
    outer loop
      vertex 4.5 -7.79423 135
      vertex 5.00013 -7.48323 141.15
      vertex 4.5 -7.79423 141.15
    endloop
  endfacet
  facet normal 0.528067 -0.849203 0
    outer loop
      vertex 5.00013 -7.48323 141.15
      vertex 4.5 -7.79423 135
      vertex 5.00013 -7.48323 135
    endloop
  endfacet
  facet normal 0.528067 -0.849203 0
    outer loop
      vertex 4.5 -7.79423 141.85
      vertex 5.00013 -7.48323 145
      vertex 4.5 -7.79423 145
    endloop
  endfacet
  facet normal 0.528067 -0.849203 0
    outer loop
      vertex 5.00013 -7.48323 145
      vertex 4.5 -7.79423 141.85
      vertex 5.00013 -7.48323 141.85
    endloop
  endfacet
  facet normal 0.290284 0.95694 -0
    outer loop
      vertex 2.89295 8.52237 135
      vertex 2.32937 8.69333 141.15
      vertex 2.89295 8.52237 141.15
    endloop
  endfacet
  facet normal 0.290284 0.95694 0
    outer loop
      vertex 2.32937 8.69333 141.15
      vertex 2.89295 8.52237 135
      vertex 2.32937 8.69333 135
    endloop
  endfacet
  facet normal 0.290284 0.95694 -0
    outer loop
      vertex 2.89295 8.52237 141.85
      vertex 2.32937 8.69333 145
      vertex 2.89295 8.52237 145
    endloop
  endfacet
  facet normal 0.290284 0.95694 0
    outer loop
      vertex 2.32937 8.69333 145
      vertex 2.89295 8.52237 141.85
      vertex 2.32937 8.69333 141.85
    endloop
  endfacet
  facet normal -0.773016 -0.634387 0
    outer loop
      vertex -7.14018 -5.47885 135
      vertex -6.96505 -5.69225 138
      vertex -7.14018 -5.47885 141.15
    endloop
  endfacet
  facet normal -0.773012 -0.634391 -4.66486e-07
    outer loop
      vertex -6.76656 -5.93411 135
      vertex -6.96505 -5.69225 138
      vertex -7.14018 -5.47885 135
    endloop
  endfacet
  facet normal -0.773009 -0.634394 0
    outer loop
      vertex -6.96505 -5.69225 138
      vertex -6.76656 -5.93411 135
      vertex -6.76656 -5.93411 138
    endloop
  endfacet
  facet normal -0.773016 -0.634387 0
    outer loop
      vertex -7.14018 -5.47885 141.15
      vertex -6.96505 -5.69225 138
      vertex -6.96505 -5.69225 141.15
    endloop
  endfacet
  facet normal -0.773016 -0.634387 0
    outer loop
      vertex -6.96505 -5.69225 141.85
      vertex -7.14018 -5.47885 145
      vertex -7.14018 -5.47885 141.85
    endloop
  endfacet
  facet normal -0.773016 -0.634387 0
    outer loop
      vertex -7.14018 -5.47885 145
      vertex -6.96505 -5.69225 141.85
      vertex -6.96505 -5.69225 145
    endloop
  endfacet
  facet normal 0.528067 0.849203 -0
    outer loop
      vertex 5.00013 7.48323 135
      vertex 4.5 7.79423 141.15
      vertex 5.00013 7.48323 141.15
    endloop
  endfacet
  facet normal 0.528067 0.849203 0
    outer loop
      vertex 4.5 7.79423 141.15
      vertex 5.00013 7.48323 135
      vertex 4.5 7.79423 135
    endloop
  endfacet
  facet normal 0.528067 0.849203 -0
    outer loop
      vertex 5.00013 7.48323 141.85
      vertex 4.5 7.79423 145
      vertex 5.00013 7.48323 145
    endloop
  endfacet
  facet normal 0.528067 0.849203 0
    outer loop
      vertex 4.5 7.79423 145
      vertex 5.00013 7.48323 141.85
      vertex 4.5 7.79423 141.85
    endloop
  endfacet
  facet normal 0.227084 -0.973875 0
    outer loop
      vertex 1.75581 -8.82707 135
      vertex 2.32937 -8.69333 141.15
      vertex 1.75581 -8.82707 141.15
    endloop
  endfacet
  facet normal 0.227084 -0.973875 0
    outer loop
      vertex 2.32937 -8.69333 141.15
      vertex 1.75581 -8.82707 135
      vertex 2.32937 -8.69333 135
    endloop
  endfacet
  facet normal 0.227084 -0.973875 0
    outer loop
      vertex 1.75581 -8.82707 141.85
      vertex 2.32937 -8.69333 145
      vertex 1.75581 -8.82707 145
    endloop
  endfacet
  facet normal 0.227084 -0.973875 0
    outer loop
      vertex 2.32937 -8.69333 145
      vertex 1.75581 -8.82707 141.85
      vertex 2.32937 -8.69333 141.85
    endloop
  endfacet
  facet normal 0.412718 -0.910859 0
    outer loop
      vertex 3.44415 -8.31492 135
      vertex 3.9806 -8.07185 141.15
      vertex 3.44415 -8.31492 141.15
    endloop
  endfacet
  facet normal 0.412718 -0.910859 0
    outer loop
      vertex 3.9806 -8.07185 141.15
      vertex 3.44415 -8.31492 135
      vertex 3.9806 -8.07185 135
    endloop
  endfacet
  facet normal 0.412718 -0.910859 0
    outer loop
      vertex 3.44415 -8.31492 141.85
      vertex 3.9806 -8.07185 145
      vertex 3.44415 -8.31492 145
    endloop
  endfacet
  facet normal 0.412718 -0.910859 0
    outer loop
      vertex 3.9806 -8.07185 145
      vertex 3.44415 -8.31492 141.85
      vertex 3.9806 -8.07185 141.85
    endloop
  endfacet
  facet normal 0.35224 -0.93591 0
    outer loop
      vertex 2.89295 -8.52237 135
      vertex 3.44415 -8.31492 141.15
      vertex 2.89295 -8.52237 141.15
    endloop
  endfacet
  facet normal 0.35224 -0.93591 0
    outer loop
      vertex 3.44415 -8.31492 141.15
      vertex 2.89295 -8.52237 135
      vertex 3.44415 -8.31492 135
    endloop
  endfacet
  facet normal 0.35224 -0.93591 0
    outer loop
      vertex 2.89295 -8.52237 141.85
      vertex 3.44415 -8.31492 145
      vertex 2.89295 -8.52237 145
    endloop
  endfacet
  facet normal 0.35224 -0.93591 0
    outer loop
      vertex 3.44415 -8.31492 145
      vertex 2.89295 -8.52237 141.85
      vertex 3.44415 -8.31492 141.85
    endloop
  endfacet
  facet normal 0.973875 -0.227084 0
    outer loop
      vertex 8.69333 -2.32937 141.15
      vertex 8.82707 -1.75581 135
      vertex 8.82707 -1.75581 141.15
    endloop
  endfacet
  facet normal 0.973875 -0.227084 0
    outer loop
      vertex 8.82707 -1.75581 135
      vertex 8.69333 -2.32937 141.15
      vertex 8.69333 -2.32937 135
    endloop
  endfacet
  facet normal 0.973875 -0.227084 0
    outer loop
      vertex 8.69333 -2.32937 145
      vertex 8.82707 -1.75581 141.85
      vertex 8.82707 -1.75581 145
    endloop
  endfacet
  facet normal 0.973875 -0.227084 0
    outer loop
      vertex 8.82707 -1.75581 141.85
      vertex 8.69333 -2.32937 145
      vertex 8.69333 -2.32937 141.85
    endloop
  endfacet
  facet normal -0.999465 -0.0327196 0
    outer loop
      vertex -8.98073 -0.588628 135
      vertex -9 0 141.15
      vertex -9 0 135
    endloop
  endfacet
  facet normal -0.999465 -0.0327196 0
    outer loop
      vertex -9 0 141.15
      vertex -8.98073 -0.588628 135
      vertex -8.98073 -0.588628 141.15
    endloop
  endfacet
  facet normal -0.999465 -0.0327196 0
    outer loop
      vertex -8.98073 -0.588628 141.85
      vertex -9 0 145
      vertex -9 0 141.85
    endloop
  endfacet
  facet normal -0.999465 -0.0327196 0
    outer loop
      vertex -9 0 145
      vertex -8.98073 -0.588628 141.85
      vertex -8.98073 -0.588628 145
    endloop
  endfacet
  facet normal -0.227084 -0.973875 0
    outer loop
      vertex -2.32937 -8.69333 135
      vertex -1.75581 -8.82707 141.15
      vertex -2.32937 -8.69333 141.15
    endloop
  endfacet
  facet normal -0.227084 -0.973875 -0
    outer loop
      vertex -1.75581 -8.82707 141.15
      vertex -2.32937 -8.69333 135
      vertex -1.75581 -8.82707 135
    endloop
  endfacet
  facet normal -0.227084 -0.973875 0
    outer loop
      vertex -2.32937 -8.69333 141.85
      vertex -1.75581 -8.82707 145
      vertex -2.32937 -8.69333 145
    endloop
  endfacet
  facet normal -0.227084 -0.973875 -0
    outer loop
      vertex -1.75581 -8.82707 145
      vertex -2.32937 -8.69333 141.85
      vertex -1.75581 -8.82707 141.85
    endloop
  endfacet
  facet normal -0.0327196 -0.999465 0
    outer loop
      vertex -0.588628 -8.98073 135
      vertex 0 -9 141.15
      vertex -0.588628 -8.98073 141.15
    endloop
  endfacet
  facet normal -0.0327196 -0.999465 -0
    outer loop
      vertex 0 -9 141.15
      vertex -0.588628 -8.98073 135
      vertex 0 -9 135
    endloop
  endfacet
  facet normal -0.0327196 -0.999465 0
    outer loop
      vertex -0.588628 -8.98073 141.85
      vertex 0 -9 145
      vertex -0.588628 -8.98073 145
    endloop
  endfacet
  facet normal -0.0327196 -0.999465 -0
    outer loop
      vertex 0 -9 145
      vertex -0.588628 -8.98073 141.85
      vertex 0 -9 141.85
    endloop
  endfacet
  facet normal -0.849203 -0.528067 0
    outer loop
      vertex -7.48323 -5.00013 135
      vertex -7.79423 -4.5 141.15
      vertex -7.79423 -4.5 135
    endloop
  endfacet
  facet normal -0.849203 -0.528067 0
    outer loop
      vertex -7.79423 -4.5 141.15
      vertex -7.48323 -5.00013 135
      vertex -7.48323 -5.00013 141.15
    endloop
  endfacet
  facet normal -0.849203 -0.528067 0
    outer loop
      vertex -7.48323 -5.00013 141.85
      vertex -7.79423 -4.5 145
      vertex -7.79423 -4.5 141.85
    endloop
  endfacet
  facet normal -0.849203 -0.528067 0
    outer loop
      vertex -7.79423 -4.5 145
      vertex -7.48323 -5.00013 141.85
      vertex -7.48323 -5.00013 145
    endloop
  endfacet
  facet normal 0.47139 -0.881925 0
    outer loop
      vertex 3.9806 -8.07185 135
      vertex 4.5 -7.79423 141.15
      vertex 3.9806 -8.07185 141.15
    endloop
  endfacet
  facet normal 0.47139 -0.881925 0
    outer loop
      vertex 4.5 -7.79423 141.15
      vertex 3.9806 -8.07185 135
      vertex 4.5 -7.79423 135
    endloop
  endfacet
  facet normal 0.47139 -0.881925 0
    outer loop
      vertex 3.9806 -8.07185 141.85
      vertex 4.5 -7.79423 145
      vertex 3.9806 -8.07185 145
    endloop
  endfacet
  facet normal 0.47139 -0.881925 0
    outer loop
      vertex 4.5 -7.79423 145
      vertex 3.9806 -8.07185 141.85
      vertex 4.5 -7.79423 141.85
    endloop
  endfacet
  facet normal -0.93591 0.35224 0
    outer loop
      vertex -8.52237 2.89295 135
      vertex -8.31492 3.44415 141.15
      vertex -8.31492 3.44415 135
    endloop
  endfacet
  facet normal -0.93591 0.35224 0
    outer loop
      vertex -8.31492 3.44415 141.15
      vertex -8.52237 2.89295 135
      vertex -8.52237 2.89295 141.15
    endloop
  endfacet
  facet normal -0.93591 0.35224 0
    outer loop
      vertex -8.52237 2.89295 141.85
      vertex -8.31492 3.44415 145
      vertex -8.31492 3.44415 141.85
    endloop
  endfacet
  facet normal -0.93591 0.35224 0
    outer loop
      vertex -8.31492 3.44415 145
      vertex -8.52237 2.89295 141.85
      vertex -8.52237 2.89295 145
    endloop
  endfacet
  facet normal -0.227084 0.973875 0
    outer loop
      vertex -1.75581 8.82707 135
      vertex -2.32937 8.69333 141.15
      vertex -1.75581 8.82707 141.15
    endloop
  endfacet
  facet normal -0.227084 0.973875 0
    outer loop
      vertex -2.32937 8.69333 141.15
      vertex -1.75581 8.82707 135
      vertex -2.32937 8.69333 135
    endloop
  endfacet
  facet normal -0.227084 0.973875 0
    outer loop
      vertex -1.75581 8.82707 141.85
      vertex -2.32937 8.69333 145
      vertex -1.75581 8.82707 145
    endloop
  endfacet
  facet normal -0.227084 0.973875 0
    outer loop
      vertex -2.32937 8.69333 145
      vertex -1.75581 8.82707 141.85
      vertex -2.32937 8.69333 141.85
    endloop
  endfacet
  facet normal -0.528067 0.849203 0
    outer loop
      vertex -4.5 7.79423 135
      vertex -5.00013 7.48323 141.15
      vertex -4.5 7.79423 141.15
    endloop
  endfacet
  facet normal -0.528067 0.849203 0
    outer loop
      vertex -5.00013 7.48323 141.15
      vertex -4.5 7.79423 135
      vertex -5.00013 7.48323 135
    endloop
  endfacet
  facet normal -0.528067 0.849203 0
    outer loop
      vertex -4.5 7.79423 141.85
      vertex -5.00013 7.48323 145
      vertex -4.5 7.79423 145
    endloop
  endfacet
  facet normal -0.528067 0.849203 0
    outer loop
      vertex -5.00013 7.48323 145
      vertex -4.5 7.79423 141.85
      vertex -5.00013 7.48323 141.85
    endloop
  endfacet
  facet normal 0.849203 0.528067 0
    outer loop
      vertex 7.79423 4.5 141.15
      vertex 7.48323 5.00013 135
      vertex 7.48323 5.00013 141.15
    endloop
  endfacet
  facet normal 0.849203 0.528067 0
    outer loop
      vertex 7.48323 5.00013 135
      vertex 7.79423 4.5 141.15
      vertex 7.79423 4.5 135
    endloop
  endfacet
  facet normal 0.849203 0.528067 0
    outer loop
      vertex 7.79423 4.5 145
      vertex 7.48323 5.00013 141.85
      vertex 7.48323 5.00013 145
    endloop
  endfacet
  facet normal 0.849203 0.528067 0
    outer loop
      vertex 7.48323 5.00013 141.85
      vertex 7.79423 4.5 145
      vertex 7.79423 4.5 141.85
    endloop
  endfacet
  facet normal -0.773009 0.634394 0
    outer loop
      vertex -6.76656 5.93411 135
      vertex -6.96505 5.69225 138
      vertex -6.76656 5.93411 138
    endloop
  endfacet
  facet normal -0.773012 0.634391 -4.66486e-07
    outer loop
      vertex -7.14018 5.47885 135
      vertex -6.96505 5.69225 138
      vertex -6.76656 5.93411 135
    endloop
  endfacet
  facet normal -0.773016 0.634387 0
    outer loop
      vertex -7.14018 5.47885 141.15
      vertex -6.96505 5.69225 138
      vertex -7.14018 5.47885 135
    endloop
  endfacet
  facet normal -0.773016 0.634387 0
    outer loop
      vertex -6.96505 5.69225 138
      vertex -7.14018 5.47885 141.15
      vertex -6.96505 5.69225 141.15
    endloop
  endfacet
  facet normal -0.773016 0.634387 0
    outer loop
      vertex -7.14018 5.47885 141.85
      vertex -6.96505 5.69225 145
      vertex -6.96505 5.69225 141.85
    endloop
  endfacet
  facet normal -0.773016 0.634387 0
    outer loop
      vertex -6.96505 5.69225 145
      vertex -7.14018 5.47885 141.85
      vertex -7.14018 5.47885 145
    endloop
  endfacet
  facet normal -0.729863 0.683594 0
    outer loop
      vertex -6.76656 5.93411 135
      vertex -6.36396 6.36396 138
      vertex -6.36396 6.36396 135
    endloop
  endfacet
  facet normal -0.729863 0.683594 0
    outer loop
      vertex -6.36396 6.36396 138
      vertex -6.76656 5.93411 135
      vertex -6.76656 5.93411 138
    endloop
  endfacet
  facet normal 0.634387 -0.773016 0
    outer loop
      vertex 5.47885 -7.14018 141.15
      vertex 5.69225 -6.96505 138
      vertex 5.69225 -6.96505 141.15
    endloop
  endfacet
  facet normal 0.634387 -0.773016 0
    outer loop
      vertex 5.47885 -7.14018 135
      vertex 5.69225 -6.96505 138
      vertex 5.47885 -7.14018 141.15
    endloop
  endfacet
  facet normal 0.634391 -0.773012 -4.66486e-07
    outer loop
      vertex 5.93411 -6.76656 135
      vertex 5.69225 -6.96505 138
      vertex 5.47885 -7.14018 135
    endloop
  endfacet
  facet normal 0.634394 -0.773009 0
    outer loop
      vertex 5.69225 -6.96505 138
      vertex 5.93411 -6.76656 135
      vertex 5.93411 -6.76656 138
    endloop
  endfacet
  facet normal 0.634387 -0.773016 0
    outer loop
      vertex 5.47885 -7.14018 141.85
      vertex 5.69225 -6.96505 145
      vertex 5.47885 -7.14018 145
    endloop
  endfacet
  facet normal 0.634387 -0.773016 0
    outer loop
      vertex 5.69225 -6.96505 145
      vertex 5.47885 -7.14018 141.85
      vertex 5.69225 -6.96505 141.85
    endloop
  endfacet
  facet normal 0 0 1
    outer loop
      vertex 7 0 145
      vertex 9 0 145
      vertex 8.98073 0.588628 145
    endloop
  endfacet
  facet normal 0 0 1
    outer loop
      vertex 6.98501 0.457822 145
      vertex 8.98073 0.588628 145
      vertex 8.923 1.17474 145
    endloop
  endfacet
  facet normal 0 0 1
    outer loop
      vertex 9 0 145
      vertex 7 0 145
      vertex 8.98073 -0.588628 145
    endloop
  endfacet
  facet normal 0 0 1
    outer loop
      vertex 6.94011 0.913683 145
      vertex 8.923 1.17474 145
      vertex 8.82707 1.75581 145
    endloop
  endfacet
  facet normal -0 0 1
    outer loop
      vertex 6.98501 -0.457822 145
      vertex 8.98073 -0.588628 145
      vertex 7 0 145
    endloop
  endfacet
  facet normal 0 0 1
    outer loop
      vertex 6.8655 1.36563 145
      vertex 8.82707 1.75581 145
      vertex 8.69333 2.32937 145
    endloop
  endfacet
  facet normal 0 0 1
    outer loop
      vertex 8.98073 -0.588628 145
      vertex 6.98501 -0.457822 145
      vertex 8.923 -1.17474 145
    endloop
  endfacet
  facet normal 0 0 1
    outer loop
      vertex 6.76148 1.81173 145
      vertex 8.69333 2.32937 145
      vertex 8.52237 2.89295 145
    endloop
  endfacet
  facet normal -0 0 1
    outer loop
      vertex 6.94011 -0.913683 145
      vertex 8.923 -1.17474 145
      vertex 6.98501 -0.457822 145
    endloop
  endfacet
  facet normal 0 0 1
    outer loop
      vertex 6.62851 2.25008 145
      vertex 8.52237 2.89295 145
      vertex 8.31492 3.44415 145
    endloop
  endfacet
  facet normal 0 0 1
    outer loop
      vertex 8.923 -1.17474 145
      vertex 6.94011 -0.913683 145
      vertex 8.82707 -1.75581 145
    endloop
  endfacet
  facet normal 0 0 1
    outer loop
      vertex 6.46716 2.67878 145
      vertex 8.31492 3.44415 145
      vertex 8.07185 3.9806 145
    endloop
  endfacet
  facet normal -0 0 1
    outer loop
      vertex 6.8655 -1.36563 145
      vertex 8.82707 -1.75581 145
      vertex 6.94011 -0.913683 145
    endloop
  endfacet
  facet normal 0 0 1
    outer loop
      vertex 6.27811 3.09602 145
      vertex 8.07185 3.9806 145
      vertex 7.79423 4.5 145
    endloop
  endfacet
  facet normal 0 0 1
    outer loop
      vertex 8.82707 -1.75581 145
      vertex 6.8655 -1.36563 145
      vertex 8.69333 -2.32937 145
    endloop
  endfacet
  facet normal 0 0 1
    outer loop
      vertex 6.06218 3.5 145
      vertex 7.79423 4.5 145
      vertex 7.48323 5.00013 145
    endloop
  endfacet
  facet normal -0 0 1
    outer loop
      vertex 6.76148 -1.81173 145
      vertex 8.69333 -2.32937 145
      vertex 6.8655 -1.36563 145
    endloop
  endfacet
  facet normal 0 0 1
    outer loop
      vertex 5.82029 3.88899 145
      vertex 7.48323 5.00013 145
      vertex 7.14018 5.47885 145
    endloop
  endfacet
  facet normal 0 0 1
    outer loop
      vertex 8.69333 -2.32937 145
      vertex 6.76148 -1.81173 145
      vertex 8.52237 -2.89295 145
    endloop
  endfacet
  facet normal -0 0 1
    outer loop
      vertex 6.62851 -2.25008 145
      vertex 8.52237 -2.89295 145
      vertex 6.76148 -1.81173 145
    endloop
  endfacet
  facet normal 0 0 1
    outer loop
      vertex 8.98073 0.588628 145
      vertex 6.98501 0.457822 145
      vertex 7 0 145
    endloop
  endfacet
  facet normal 0 0 1
    outer loop
      vertex 5.54475 4.27196 145
      vertex 7.14018 5.47885 145
      vertex 6.96505 5.69225 145
    endloop
  endfacet
  facet normal 0 0 1
    outer loop
      vertex 8.923 1.17474 145
      vertex 6.94011 0.913683 145
      vertex 6.98501 0.457822 145
    endloop
  endfacet
  facet normal 0 0 1
    outer loop
      vertex 8.82707 1.75581 145
      vertex 6.8655 1.36563 145
      vertex 6.94011 0.913683 145
    endloop
  endfacet
  facet normal 0 0 1
    outer loop
      vertex 8.69333 2.32937 145
      vertex 6.76148 1.81173 145
      vertex 6.8655 1.36563 145
    endloop
  endfacet
  facet normal 0 0 1
    outer loop
      vertex 8.52237 2.89295 145
      vertex 6.62851 2.25008 145
      vertex 6.76148 1.81173 145
    endloop
  endfacet
  facet normal 0 0 1
    outer loop
      vertex 8.31492 3.44415 145
      vertex 6.46716 2.67878 145
      vertex 6.62851 2.25008 145
    endloop
  endfacet
  facet normal 0 0 1
    outer loop
      vertex 8.07185 3.9806 145
      vertex 6.27811 3.09602 145
      vertex 6.46716 2.67878 145
    endloop
  endfacet
  facet normal 0 0 1
    outer loop
      vertex 7.79423 4.5 145
      vertex 6.06218 3.5 145
      vertex 6.27811 3.09602 145
    endloop
  endfacet
  facet normal 0 0 1
    outer loop
      vertex 7.48323 5.00013 145
      vertex 5.82029 3.88899 145
      vertex 6.06218 3.5 145
    endloop
  endfacet
  facet normal 0 0 1
    outer loop
      vertex 7.14018 5.47885 145
      vertex 5.55347 4.26133 145
      vertex 5.82029 3.88899 145
    endloop
  endfacet
  facet normal 0 0 1
    outer loop
      vertex 7.14018 5.47885 145
      vertex 5.54475 4.27196 145
      vertex 5.55347 4.26133 145
    endloop
  endfacet
  facet normal 0 0 1
    outer loop
      vertex 8.52237 -2.89295 145
      vertex 6.62851 -2.25008 145
      vertex 8.31492 -3.44415 145
    endloop
  endfacet
  facet normal -0 0 1
    outer loop
      vertex 6.46716 -2.67878 145
      vertex 8.31492 -3.44415 145
      vertex 6.62851 -2.25008 145
    endloop
  endfacet
  facet normal 0 0 1
    outer loop
      vertex 8.31492 -3.44415 145
      vertex 6.46716 -2.67878 145
      vertex 8.07185 -3.9806 145
    endloop
  endfacet
  facet normal -0 0 1
    outer loop
      vertex 6.27811 -3.09602 145
      vertex 8.07185 -3.9806 145
      vertex 6.46716 -2.67878 145
    endloop
  endfacet
  facet normal 0 0 1
    outer loop
      vertex 8.07185 -3.9806 145
      vertex 6.27811 -3.09602 145
      vertex 7.79423 -4.5 145
    endloop
  endfacet
  facet normal -0 0 1
    outer loop
      vertex 6.06218 -3.5 145
      vertex 7.79423 -4.5 145
      vertex 6.27811 -3.09602 145
    endloop
  endfacet
  facet normal 0 0 1
    outer loop
      vertex 7.79423 -4.5 145
      vertex 6.06218 -3.5 145
      vertex 7.48323 -5.00013 145
    endloop
  endfacet
  facet normal -0 0 1
    outer loop
      vertex 5.82029 -3.88899 145
      vertex 7.48323 -5.00013 145
      vertex 6.06218 -3.5 145
    endloop
  endfacet
  facet normal 0 0 1
    outer loop
      vertex 7.48323 -5.00013 145
      vertex 5.82029 -3.88899 145
      vertex 7.14018 -5.47885 145
    endloop
  endfacet
  facet normal -0 0 1
    outer loop
      vertex 5.55347 -4.26133 145
      vertex 7.14018 -5.47885 145
      vertex 5.82029 -3.88899 145
    endloop
  endfacet
  facet normal -0 0 1
    outer loop
      vertex 5.54475 -4.27196 145
      vertex 7.14018 -5.47885 145
      vertex 5.55347 -4.26133 145
    endloop
  endfacet
  facet normal 0 0 1
    outer loop
      vertex 7.14018 -5.47885 145
      vertex 5.54475 -4.27196 145
      vertex 6.96505 -5.69225 145
    endloop
  endfacet
  facet normal 0 0 1
    outer loop
      vertex 4.27196 -5.54475 145
      vertex 5.47885 -7.14018 145
      vertex 5.69225 -6.96505 145
    endloop
  endfacet
  facet normal 0 0 1
    outer loop
      vertex 5.47885 -7.14018 145
      vertex 4.26133 -5.55347 145
      vertex 5.00013 -7.48323 145
    endloop
  endfacet
  facet normal 0 0 1
    outer loop
      vertex 5.47885 -7.14018 145
      vertex 4.27196 -5.54475 145
      vertex 4.26133 -5.55347 145
    endloop
  endfacet
  facet normal 0 0 1
    outer loop
      vertex 5.00013 -7.48323 145
      vertex 4.26133 -5.55347 145
      vertex 3.88899 -5.82029 145
    endloop
  endfacet
  facet normal 0 0 1
    outer loop
      vertex 5.00013 -7.48323 145
      vertex 3.88899 -5.82029 145
      vertex 4.5 -7.79423 145
    endloop
  endfacet
  facet normal -0 0 1
    outer loop
      vertex 3.5 -6.06218 145
      vertex 4.5 -7.79423 145
      vertex 3.88899 -5.82029 145
    endloop
  endfacet
  facet normal 0 0 1
    outer loop
      vertex 4.5 -7.79423 145
      vertex 3.5 -6.06218 145
      vertex 3.9806 -8.07185 145
    endloop
  endfacet
  facet normal -0 0 1
    outer loop
      vertex 3.09602 -6.27811 145
      vertex 3.9806 -8.07185 145
      vertex 3.5 -6.06218 145
    endloop
  endfacet
  facet normal 0 0 1
    outer loop
      vertex 3.9806 -8.07185 145
      vertex 3.09602 -6.27811 145
      vertex 3.44415 -8.31492 145
    endloop
  endfacet
  facet normal -0 0 1
    outer loop
      vertex 2.67878 -6.46716 145
      vertex 3.44415 -8.31492 145
      vertex 3.09602 -6.27811 145
    endloop
  endfacet
  facet normal 0 0 1
    outer loop
      vertex 3.44415 -8.31492 145
      vertex 2.67878 -6.46716 145
      vertex 2.89295 -8.52237 145
    endloop
  endfacet
  facet normal -0 0 1
    outer loop
      vertex 2.25008 -6.62851 145
      vertex 2.89295 -8.52237 145
      vertex 2.67878 -6.46716 145
    endloop
  endfacet
  facet normal 0 0 1
    outer loop
      vertex 2.89295 -8.52237 145
      vertex 2.25008 -6.62851 145
      vertex 2.32937 -8.69333 145
    endloop
  endfacet
  facet normal -0 0 1
    outer loop
      vertex 1.81173 -6.76148 145
      vertex 2.32937 -8.69333 145
      vertex 2.25008 -6.62851 145
    endloop
  endfacet
  facet normal 0 0 1
    outer loop
      vertex 1.81173 -6.76148 145
      vertex 1.75581 -8.82707 145
      vertex 2.32937 -8.69333 145
    endloop
  endfacet
  facet normal -0 0 1
    outer loop
      vertex 1.36563 -6.8655 145
      vertex 1.75581 -8.82707 145
      vertex 1.81173 -6.76148 145
    endloop
  endfacet
  facet normal 0 0 1
    outer loop
      vertex 1.36563 -6.8655 145
      vertex 1.17474 -8.923 145
      vertex 1.75581 -8.82707 145
    endloop
  endfacet
  facet normal -0 0 1
    outer loop
      vertex 0.913683 -6.94011 145
      vertex 1.17474 -8.923 145
      vertex 1.36563 -6.8655 145
    endloop
  endfacet
  facet normal 0 0 1
    outer loop
      vertex 0.913683 -6.94011 145
      vertex 0.588628 -8.98073 145
      vertex 1.17474 -8.923 145
    endloop
  endfacet
  facet normal -0 0 1
    outer loop
      vertex 0.457822 -6.98501 145
      vertex 0.588628 -8.98073 145
      vertex 0.913683 -6.94011 145
    endloop
  endfacet
  facet normal -0 0 1
    outer loop
      vertex 0 -7 145
      vertex 0.588628 -8.98073 145
      vertex 0.457822 -6.98501 145
    endloop
  endfacet
  facet normal 0 0 1
    outer loop
      vertex 0 -7 145
      vertex 0 -9 145
      vertex 0.588628 -8.98073 145
    endloop
  endfacet
  facet normal 0 0 1
    outer loop
      vertex -0.457822 -6.98501 145
      vertex 0 -9 145
      vertex 0 -7 145
    endloop
  endfacet
  facet normal 0 0 1
    outer loop
      vertex -0.457822 -6.98501 145
      vertex -0.588628 -8.98073 145
      vertex 0 -9 145
    endloop
  endfacet
  facet normal 0 0 1
    outer loop
      vertex -0.913683 -6.94011 145
      vertex -0.588628 -8.98073 145
      vertex -0.457822 -6.98501 145
    endloop
  endfacet
  facet normal 0 0 1
    outer loop
      vertex -0.913683 -6.94011 145
      vertex -1.17474 -8.923 145
      vertex -0.588628 -8.98073 145
    endloop
  endfacet
  facet normal 0 0 1
    outer loop
      vertex -1.36563 -6.8655 145
      vertex -1.17474 -8.923 145
      vertex -0.913683 -6.94011 145
    endloop
  endfacet
  facet normal 0 0 1
    outer loop
      vertex -1.36563 -6.8655 145
      vertex -1.75581 -8.82707 145
      vertex -1.17474 -8.923 145
    endloop
  endfacet
  facet normal 0 0 1
    outer loop
      vertex -1.81173 -6.76148 145
      vertex -1.75581 -8.82707 145
      vertex -1.36563 -6.8655 145
    endloop
  endfacet
  facet normal 0 0 1
    outer loop
      vertex -2.32937 -8.69333 145
      vertex -1.81173 -6.76148 145
      vertex -2.25008 -6.62851 145
    endloop
  endfacet
  facet normal 0 0 1
    outer loop
      vertex -1.81173 -6.76148 145
      vertex -2.32937 -8.69333 145
      vertex -1.75581 -8.82707 145
    endloop
  endfacet
  facet normal 0 0 1
    outer loop
      vertex -2.89295 -8.52237 145
      vertex -2.25008 -6.62851 145
      vertex -2.67878 -6.46716 145
    endloop
  endfacet
  facet normal 0 0 1
    outer loop
      vertex -2.25008 -6.62851 145
      vertex -2.89295 -8.52237 145
      vertex -2.32937 -8.69333 145
    endloop
  endfacet
  facet normal 0 0 1
    outer loop
      vertex -3.44415 -8.31492 145
      vertex -2.67878 -6.46716 145
      vertex -3.09602 -6.27811 145
    endloop
  endfacet
  facet normal 0 0 1
    outer loop
      vertex -2.67878 -6.46716 145
      vertex -3.44415 -8.31492 145
      vertex -2.89295 -8.52237 145
    endloop
  endfacet
  facet normal 0 0 1
    outer loop
      vertex -3.9806 -8.07185 145
      vertex -3.09602 -6.27811 145
      vertex -3.5 -6.06218 145
    endloop
  endfacet
  facet normal 0 0 1
    outer loop
      vertex -4.5 -7.79423 145
      vertex -3.5 -6.06218 145
      vertex -3.88899 -5.82029 145
    endloop
  endfacet
  facet normal 0 0 1
    outer loop
      vertex -3.09602 -6.27811 145
      vertex -3.9806 -8.07185 145
      vertex -3.44415 -8.31492 145
    endloop
  endfacet
  facet normal 0 0 1
    outer loop
      vertex -5.00013 -7.48323 145
      vertex -3.88899 -5.82029 145
      vertex -4.26133 -5.55347 145
    endloop
  endfacet
  facet normal 0 0 1
    outer loop
      vertex -5.47885 -7.14018 145
      vertex -4.26133 -5.55347 145
      vertex -4.27196 -5.54475 145
    endloop
  endfacet
  facet normal 0 0 1
    outer loop
      vertex -3.5 -6.06218 145
      vertex -4.5 -7.79423 145
      vertex -3.9806 -8.07185 145
    endloop
  endfacet
  facet normal 0 0 1
    outer loop
      vertex -3.88899 -5.82029 145
      vertex -5.00013 -7.48323 145
      vertex -4.5 -7.79423 145
    endloop
  endfacet
  facet normal 0 0 1
    outer loop
      vertex -4.26133 -5.55347 145
      vertex -5.47885 -7.14018 145
      vertex -5.00013 -7.48323 145
    endloop
  endfacet
  facet normal 0 -0 1
    outer loop
      vertex -5.47885 -7.14018 145
      vertex -4.27196 -5.54475 145
      vertex -5.69225 -6.96505 145
    endloop
  endfacet
  facet normal 0 0 1
    outer loop
      vertex 4.26133 5.55347 145
      vertex 5.47885 7.14018 145
      vertex 5.00013 7.48323 145
    endloop
  endfacet
  facet normal 0 0 1
    outer loop
      vertex 3.88899 5.82029 145
      vertex 5.00013 7.48323 145
      vertex 4.5 7.79423 145
    endloop
  endfacet
  facet normal 0 -0 1
    outer loop
      vertex 4.26133 5.55347 145
      vertex 5.00013 7.48323 145
      vertex 3.88899 5.82029 145
    endloop
  endfacet
  facet normal 0 0 1
    outer loop
      vertex 5.47885 7.14018 145
      vertex 4.27196 5.54475 145
      vertex 5.69225 6.96505 145
    endloop
  endfacet
  facet normal 0 0 1
    outer loop
      vertex 3.5 6.06218 145
      vertex 4.5 7.79423 145
      vertex 3.9806 8.07185 145
    endloop
  endfacet
  facet normal 0 -0 1
    outer loop
      vertex 4.27196 5.54475 145
      vertex 5.47885 7.14018 145
      vertex 4.26133 5.55347 145
    endloop
  endfacet
  facet normal 0 0 1
    outer loop
      vertex 4.5 7.79423 145
      vertex 3.5 6.06218 145
      vertex 3.88899 5.82029 145
    endloop
  endfacet
  facet normal 0 0 1
    outer loop
      vertex 3.09602 6.27811 145
      vertex 3.9806 8.07185 145
      vertex 3.44415 8.31492 145
    endloop
  endfacet
  facet normal 0 0 1
    outer loop
      vertex 3.9806 8.07185 145
      vertex 3.09602 6.27811 145
      vertex 3.5 6.06218 145
    endloop
  endfacet
  facet normal 0 0 1
    outer loop
      vertex 2.67878 6.46716 145
      vertex 3.44415 8.31492 145
      vertex 2.89295 8.52237 145
    endloop
  endfacet
  facet normal 0 0 1
    outer loop
      vertex 3.44415 8.31492 145
      vertex 2.67878 6.46716 145
      vertex 3.09602 6.27811 145
    endloop
  endfacet
  facet normal 0 0 1
    outer loop
      vertex 2.25008 6.62851 145
      vertex 2.89295 8.52237 145
      vertex 2.32937 8.69333 145
    endloop
  endfacet
  facet normal 0 0 1
    outer loop
      vertex 2.89295 8.52237 145
      vertex 2.25008 6.62851 145
      vertex 2.67878 6.46716 145
    endloop
  endfacet
  facet normal 0 0 1
    outer loop
      vertex 2.32937 8.69333 145
      vertex 1.81173 6.76148 145
      vertex 2.25008 6.62851 145
    endloop
  endfacet
  facet normal 0 0 1
    outer loop
      vertex 1.75581 8.82707 145
      vertex 1.81173 6.76148 145
      vertex 2.32937 8.69333 145
    endloop
  endfacet
  facet normal 0 0 1
    outer loop
      vertex 1.75581 8.82707 145
      vertex 1.36563 6.8655 145
      vertex 1.81173 6.76148 145
    endloop
  endfacet
  facet normal 0 0 1
    outer loop
      vertex 1.17474 8.923 145
      vertex 1.36563 6.8655 145
      vertex 1.75581 8.82707 145
    endloop
  endfacet
  facet normal 0 0 1
    outer loop
      vertex 1.17474 8.923 145
      vertex 0.913683 6.94011 145
      vertex 1.36563 6.8655 145
    endloop
  endfacet
  facet normal 0 0 1
    outer loop
      vertex 0.588628 8.98073 145
      vertex 0.913683 6.94011 145
      vertex 1.17474 8.923 145
    endloop
  endfacet
  facet normal 0 0 1
    outer loop
      vertex 0.588628 8.98073 145
      vertex 0.457822 6.98501 145
      vertex 0.913683 6.94011 145
    endloop
  endfacet
  facet normal 0 0 1
    outer loop
      vertex 0 9 145
      vertex 0.457822 6.98501 145
      vertex 0.588628 8.98073 145
    endloop
  endfacet
  facet normal 0 0 1
    outer loop
      vertex 0 9 145
      vertex 0 7 145
      vertex 0.457822 6.98501 145
    endloop
  endfacet
  facet normal 0 0 1
    outer loop
      vertex 0 9 145
      vertex -0.457822 6.98501 145
      vertex 0 7 145
    endloop
  endfacet
  facet normal -0 0 1
    outer loop
      vertex -0.588628 8.98073 145
      vertex -0.457822 6.98501 145
      vertex 0 9 145
    endloop
  endfacet
  facet normal 0 0 1
    outer loop
      vertex -0.588628 8.98073 145
      vertex -0.913683 6.94011 145
      vertex -0.457822 6.98501 145
    endloop
  endfacet
  facet normal -0 0 1
    outer loop
      vertex -1.17474 8.923 145
      vertex -0.913683 6.94011 145
      vertex -0.588628 8.98073 145
    endloop
  endfacet
  facet normal 0 0 1
    outer loop
      vertex -1.17474 8.923 145
      vertex -1.36563 6.8655 145
      vertex -0.913683 6.94011 145
    endloop
  endfacet
  facet normal -0 0 1
    outer loop
      vertex -1.75581 8.82707 145
      vertex -1.36563 6.8655 145
      vertex -1.17474 8.923 145
    endloop
  endfacet
  facet normal 0 0 1
    outer loop
      vertex -1.75581 8.82707 145
      vertex -1.81173 6.76148 145
      vertex -1.36563 6.8655 145
    endloop
  endfacet
  facet normal -0 0 1
    outer loop
      vertex -2.32937 8.69333 145
      vertex -1.81173 6.76148 145
      vertex -1.75581 8.82707 145
    endloop
  endfacet
  facet normal 0 0 1
    outer loop
      vertex -1.81173 6.76148 145
      vertex -2.32937 8.69333 145
      vertex -2.25008 6.62851 145
    endloop
  endfacet
  facet normal -0 0 1
    outer loop
      vertex -2.89295 8.52237 145
      vertex -2.25008 6.62851 145
      vertex -2.32937 8.69333 145
    endloop
  endfacet
  facet normal 0 0 1
    outer loop
      vertex -2.25008 6.62851 145
      vertex -2.89295 8.52237 145
      vertex -2.67878 6.46716 145
    endloop
  endfacet
  facet normal -0 0 1
    outer loop
      vertex -3.44415 8.31492 145
      vertex -2.67878 6.46716 145
      vertex -2.89295 8.52237 145
    endloop
  endfacet
  facet normal 0 0 1
    outer loop
      vertex -2.67878 6.46716 145
      vertex -3.44415 8.31492 145
      vertex -3.09602 6.27811 145
    endloop
  endfacet
  facet normal -0 0 1
    outer loop
      vertex -3.9806 8.07185 145
      vertex -3.09602 6.27811 145
      vertex -3.44415 8.31492 145
    endloop
  endfacet
  facet normal 0 0 1
    outer loop
      vertex -3.09602 6.27811 145
      vertex -3.9806 8.07185 145
      vertex -3.5 6.06218 145
    endloop
  endfacet
  facet normal -0 0 1
    outer loop
      vertex -4.5 7.79423 145
      vertex -3.5 6.06218 145
      vertex -3.9806 8.07185 145
    endloop
  endfacet
  facet normal 0 0 1
    outer loop
      vertex -3.5 6.06218 145
      vertex -4.5 7.79423 145
      vertex -3.88899 5.82029 145
    endloop
  endfacet
  facet normal -0 0 1
    outer loop
      vertex -5.00013 7.48323 145
      vertex -3.88899 5.82029 145
      vertex -4.5 7.79423 145
    endloop
  endfacet
  facet normal 0 0 1
    outer loop
      vertex -3.88899 5.82029 145
      vertex -5.00013 7.48323 145
      vertex -4.26133 5.55347 145
    endloop
  endfacet
  facet normal -0 0 1
    outer loop
      vertex -5.47885 7.14018 145
      vertex -4.26133 5.55347 145
      vertex -5.00013 7.48323 145
    endloop
  endfacet
  facet normal 0 0 1
    outer loop
      vertex -4.26133 5.55347 145
      vertex -5.47885 7.14018 145
      vertex -4.27196 5.54475 145
    endloop
  endfacet
  facet normal 0 0 1
    outer loop
      vertex -4.27196 5.54475 145
      vertex -5.47885 7.14018 145
      vertex -5.69225 6.96505 145
    endloop
  endfacet
  facet normal -0 0 1
    outer loop
      vertex -7.14018 5.47885 145
      vertex -5.54475 4.27196 145
      vertex -6.96505 5.69225 145
    endloop
  endfacet
  facet normal 0 0 1
    outer loop
      vertex -5.54475 4.27196 145
      vertex -7.14018 5.47885 145
      vertex -5.55347 4.26133 145
    endloop
  endfacet
  facet normal 0 0 1
    outer loop
      vertex -5.55347 4.26133 145
      vertex -7.14018 5.47885 145
      vertex -5.82029 3.88899 145
    endloop
  endfacet
  facet normal -0 0 1
    outer loop
      vertex -7.48323 5.00013 145
      vertex -5.82029 3.88899 145
      vertex -7.14018 5.47885 145
    endloop
  endfacet
  facet normal 0 0 1
    outer loop
      vertex -5.82029 3.88899 145
      vertex -7.48323 5.00013 145
      vertex -6.06218 3.5 145
    endloop
  endfacet
  facet normal -0 0 1
    outer loop
      vertex -7.79423 4.5 145
      vertex -6.06218 3.5 145
      vertex -7.48323 5.00013 145
    endloop
  endfacet
  facet normal 0 0 1
    outer loop
      vertex -6.06218 3.5 145
      vertex -7.79423 4.5 145
      vertex -6.27811 3.09602 145
    endloop
  endfacet
  facet normal -0 0 1
    outer loop
      vertex -8.07185 3.9806 145
      vertex -6.27811 3.09602 145
      vertex -7.79423 4.5 145
    endloop
  endfacet
  facet normal 0 0 1
    outer loop
      vertex -6.27811 3.09602 145
      vertex -8.07185 3.9806 145
      vertex -6.46716 2.67878 145
    endloop
  endfacet
  facet normal -0 0 1
    outer loop
      vertex -8.31492 3.44415 145
      vertex -6.46716 2.67878 145
      vertex -8.07185 3.9806 145
    endloop
  endfacet
  facet normal 0 0 1
    outer loop
      vertex -6.46716 2.67878 145
      vertex -8.31492 3.44415 145
      vertex -6.62851 2.25008 145
    endloop
  endfacet
  facet normal -0 0 1
    outer loop
      vertex -8.52237 2.89295 145
      vertex -6.62851 2.25008 145
      vertex -8.31492 3.44415 145
    endloop
  endfacet
  facet normal 0 0 1
    outer loop
      vertex -7.14018 -5.47885 145
      vertex -5.54475 -4.27196 145
      vertex -5.55347 -4.26133 145
    endloop
  endfacet
  facet normal 0 0 1
    outer loop
      vertex -7.14018 -5.47885 145
      vertex -5.55347 -4.26133 145
      vertex -5.82029 -3.88899 145
    endloop
  endfacet
  facet normal 0 0 1
    outer loop
      vertex -7.48323 -5.00013 145
      vertex -5.82029 -3.88899 145
      vertex -6.06218 -3.5 145
    endloop
  endfacet
  facet normal 0 0 1
    outer loop
      vertex -7.79423 -4.5 145
      vertex -6.06218 -3.5 145
      vertex -6.27811 -3.09602 145
    endloop
  endfacet
  facet normal 0 0 1
    outer loop
      vertex -8.07185 -3.9806 145
      vertex -6.27811 -3.09602 145
      vertex -6.46716 -2.67878 145
    endloop
  endfacet
  facet normal 0 0 1
    outer loop
      vertex -8.31492 -3.44415 145
      vertex -6.46716 -2.67878 145
      vertex -6.62851 -2.25008 145
    endloop
  endfacet
  facet normal 0 0 1
    outer loop
      vertex -8.52237 -2.89295 145
      vertex -6.62851 -2.25008 145
      vertex -6.76148 -1.81173 145
    endloop
  endfacet
  facet normal 0 0 1
    outer loop
      vertex -8.69333 -2.32937 145
      vertex -6.76148 -1.81173 145
      vertex -6.8655 -1.36563 145
    endloop
  endfacet
  facet normal 0 0 1
    outer loop
      vertex -8.82707 -1.75581 145
      vertex -6.8655 -1.36563 145
      vertex -6.94011 -0.913683 145
    endloop
  endfacet
  facet normal 0 0 1
    outer loop
      vertex -8.923 -1.17474 145
      vertex -6.94011 -0.913683 145
      vertex -6.98501 -0.457822 145
    endloop
  endfacet
  facet normal 0 0 1
    outer loop
      vertex -8.98073 -0.588628 145
      vertex -6.98501 -0.457822 145
      vertex -7 0 145
    endloop
  endfacet
  facet normal 0 0 1
    outer loop
      vertex -6.62851 2.25008 145
      vertex -8.52237 2.89295 145
      vertex -6.76148 1.81173 145
    endloop
  endfacet
  facet normal -0 0 1
    outer loop
      vertex -8.69333 2.32937 145
      vertex -6.76148 1.81173 145
      vertex -8.52237 2.89295 145
    endloop
  endfacet
  facet normal 0 0 1
    outer loop
      vertex -5.82029 -3.88899 145
      vertex -7.48323 -5.00013 145
      vertex -7.14018 -5.47885 145
    endloop
  endfacet
  facet normal 0 0 1
    outer loop
      vertex -5.54475 -4.27196 145
      vertex -7.14018 -5.47885 145
      vertex -6.96505 -5.69225 145
    endloop
  endfacet
  facet normal 0 0 1
    outer loop
      vertex -6.76148 1.81173 145
      vertex -8.69333 2.32937 145
      vertex -6.8655 1.36563 145
    endloop
  endfacet
  facet normal 0 0 1
    outer loop
      vertex -6.06218 -3.5 145
      vertex -7.79423 -4.5 145
      vertex -7.48323 -5.00013 145
    endloop
  endfacet
  facet normal -0 0 1
    outer loop
      vertex -8.82707 1.75581 145
      vertex -6.8655 1.36563 145
      vertex -8.69333 2.32937 145
    endloop
  endfacet
  facet normal 0 0 1
    outer loop
      vertex -6.27811 -3.09602 145
      vertex -8.07185 -3.9806 145
      vertex -7.79423 -4.5 145
    endloop
  endfacet
  facet normal 0 0 1
    outer loop
      vertex -6.8655 1.36563 145
      vertex -8.82707 1.75581 145
      vertex -6.94011 0.913683 145
    endloop
  endfacet
  facet normal 0 0 1
    outer loop
      vertex -6.46716 -2.67878 145
      vertex -8.31492 -3.44415 145
      vertex -8.07185 -3.9806 145
    endloop
  endfacet
  facet normal -0 0 1
    outer loop
      vertex -8.923 1.17474 145
      vertex -6.94011 0.913683 145
      vertex -8.82707 1.75581 145
    endloop
  endfacet
  facet normal 0 0 1
    outer loop
      vertex -6.62851 -2.25008 145
      vertex -8.52237 -2.89295 145
      vertex -8.31492 -3.44415 145
    endloop
  endfacet
  facet normal 0 0 1
    outer loop
      vertex -6.94011 0.913683 145
      vertex -8.923 1.17474 145
      vertex -6.98501 0.457822 145
    endloop
  endfacet
  facet normal 0 0 1
    outer loop
      vertex -6.76148 -1.81173 145
      vertex -8.69333 -2.32937 145
      vertex -8.52237 -2.89295 145
    endloop
  endfacet
  facet normal -0 0 1
    outer loop
      vertex -8.98073 0.588628 145
      vertex -6.98501 0.457822 145
      vertex -8.923 1.17474 145
    endloop
  endfacet
  facet normal 0 0 1
    outer loop
      vertex -6.8655 -1.36563 145
      vertex -8.82707 -1.75581 145
      vertex -8.69333 -2.32937 145
    endloop
  endfacet
  facet normal 0 0 1
    outer loop
      vertex -6.98501 0.457822 145
      vertex -8.98073 0.588628 145
      vertex -7 0 145
    endloop
  endfacet
  facet normal 0 0 1
    outer loop
      vertex -6.94011 -0.913683 145
      vertex -8.923 -1.17474 145
      vertex -8.82707 -1.75581 145
    endloop
  endfacet
  facet normal 0 0 1
    outer loop
      vertex -9 0 145
      vertex -7 0 145
      vertex -8.98073 0.588628 145
    endloop
  endfacet
  facet normal 0 0 1
    outer loop
      vertex -6.98501 -0.457822 145
      vertex -8.98073 -0.588628 145
      vertex -8.923 -1.17474 145
    endloop
  endfacet
  facet normal 0 0 1
    outer loop
      vertex -7 0 145
      vertex -9 0 145
      vertex -8.98073 -0.588628 145
    endloop
  endfacet
  facet normal 0.849203 -0.528067 0
    outer loop
      vertex 7.48323 -5.00013 141.15
      vertex 7.79423 -4.5 135
      vertex 7.79423 -4.5 141.15
    endloop
  endfacet
  facet normal 0.849203 -0.528067 0
    outer loop
      vertex 7.79423 -4.5 135
      vertex 7.48323 -5.00013 141.15
      vertex 7.48323 -5.00013 135
    endloop
  endfacet
  facet normal 0.849203 -0.528067 0
    outer loop
      vertex 7.48323 -5.00013 145
      vertex 7.79423 -4.5 141.85
      vertex 7.79423 -4.5 145
    endloop
  endfacet
  facet normal 0.849203 -0.528067 0
    outer loop
      vertex 7.79423 -4.5 141.85
      vertex 7.48323 -5.00013 145
      vertex 7.48323 -5.00013 141.85
    endloop
  endfacet
  facet normal -0.973875 -0.227084 0
    outer loop
      vertex -8.69333 -2.32937 135
      vertex -8.82707 -1.75581 141.15
      vertex -8.82707 -1.75581 135
    endloop
  endfacet
  facet normal -0.973875 -0.227084 0
    outer loop
      vertex -8.82707 -1.75581 141.15
      vertex -8.69333 -2.32937 135
      vertex -8.69333 -2.32937 141.15
    endloop
  endfacet
  facet normal -0.973875 -0.227084 0
    outer loop
      vertex -8.69333 -2.32937 141.85
      vertex -8.82707 -1.75581 145
      vertex -8.82707 -1.75581 141.85
    endloop
  endfacet
  facet normal -0.973875 -0.227084 0
    outer loop
      vertex -8.82707 -1.75581 145
      vertex -8.69333 -2.32937 141.85
      vertex -8.69333 -2.32937 145
    endloop
  endfacet
  facet normal -0.986645 0.162887 0
    outer loop
      vertex -8.923 1.17474 135
      vertex -8.82707 1.75581 141.15
      vertex -8.82707 1.75581 135
    endloop
  endfacet
  facet normal -0.986645 0.162887 0
    outer loop
      vertex -8.82707 1.75581 141.15
      vertex -8.923 1.17474 135
      vertex -8.923 1.17474 141.15
    endloop
  endfacet
  facet normal -0.986645 0.162887 0
    outer loop
      vertex -8.923 1.17474 141.85
      vertex -8.82707 1.75581 145
      vertex -8.82707 1.75581 141.85
    endloop
  endfacet
  facet normal -0.986645 0.162887 0
    outer loop
      vertex -8.82707 1.75581 145
      vertex -8.923 1.17474 141.85
      vertex -8.923 1.17474 145
    endloop
  endfacet
  facet normal 0.773016 -0.634387 0
    outer loop
      vertex 6.96505 -5.69225 138
      vertex 7.14018 -5.47885 141.15
      vertex 6.96505 -5.69225 141.15
    endloop
  endfacet
  facet normal 0.773016 -0.634387 0
    outer loop
      vertex 7.14018 -5.47885 141.15
      vertex 6.96505 -5.69225 138
      vertex 7.14018 -5.47885 135
    endloop
  endfacet
  facet normal 0.773009 -0.634394 0
    outer loop
      vertex 6.76656 -5.93411 135
      vertex 6.96505 -5.69225 138
      vertex 6.76656 -5.93411 138
    endloop
  endfacet
  facet normal 0.773012 -0.634391 -4.66486e-07
    outer loop
      vertex 6.96505 -5.69225 138
      vertex 6.76656 -5.93411 135
      vertex 7.14018 -5.47885 135
    endloop
  endfacet
  facet normal 0.773016 -0.634387 0
    outer loop
      vertex 6.96505 -5.69225 145
      vertex 7.14018 -5.47885 141.85
      vertex 7.14018 -5.47885 145
    endloop
  endfacet
  facet normal 0.773016 -0.634387 0
    outer loop
      vertex 7.14018 -5.47885 141.85
      vertex 6.96505 -5.69225 145
      vertex 6.96505 -5.69225 141.85
    endloop
  endfacet
  facet normal 0.95694 -0.290284 0
    outer loop
      vertex 8.52237 -2.89295 141.15
      vertex 8.69333 -2.32937 135
      vertex 8.69333 -2.32937 141.15
    endloop
  endfacet
  facet normal 0.95694 -0.290284 0
    outer loop
      vertex 8.69333 -2.32937 135
      vertex 8.52237 -2.89295 141.15
      vertex 8.52237 -2.89295 135
    endloop
  endfacet
  facet normal 0.95694 -0.290284 0
    outer loop
      vertex 8.52237 -2.89295 145
      vertex 8.69333 -2.32937 141.85
      vertex 8.69333 -2.32937 145
    endloop
  endfacet
  facet normal 0.95694 -0.290284 0
    outer loop
      vertex 8.69333 -2.32937 141.85
      vertex 8.52237 -2.89295 145
      vertex 8.52237 -2.89295 141.85
    endloop
  endfacet
  facet normal 0.683594 0.729863 -0
    outer loop
      vertex 6.36396 6.36396 135
      vertex 5.93411 6.76656 138
      vertex 6.36396 6.36396 138
    endloop
  endfacet
  facet normal 0.683594 0.729863 0
    outer loop
      vertex 5.93411 6.76656 138
      vertex 6.36396 6.36396 135
      vertex 5.93411 6.76656 135
    endloop
  endfacet
  facet normal 0.582482 -0.812843 0
    outer loop
      vertex 5.00013 -7.48323 135
      vertex 5.47885 -7.14018 141.15
      vertex 5.00013 -7.48323 141.15
    endloop
  endfacet
  facet normal 0.582482 -0.812843 0
    outer loop
      vertex 5.47885 -7.14018 141.15
      vertex 5.00013 -7.48323 135
      vertex 5.47885 -7.14018 135
    endloop
  endfacet
  facet normal 0.582482 -0.812843 0
    outer loop
      vertex 5.00013 -7.48323 141.85
      vertex 5.47885 -7.14018 145
      vertex 5.00013 -7.48323 145
    endloop
  endfacet
  facet normal 0.582482 -0.812843 0
    outer loop
      vertex 5.47885 -7.14018 145
      vertex 5.00013 -7.48323 141.85
      vertex 5.47885 -7.14018 141.85
    endloop
  endfacet
  facet normal -0.95694 0.290284 0
    outer loop
      vertex -8.69333 2.32937 135
      vertex -8.52237 2.89295 141.15
      vertex -8.52237 2.89295 135
    endloop
  endfacet
  facet normal -0.95694 0.290284 0
    outer loop
      vertex -8.52237 2.89295 141.15
      vertex -8.69333 2.32937 135
      vertex -8.69333 2.32937 141.15
    endloop
  endfacet
  facet normal -0.95694 0.290284 0
    outer loop
      vertex -8.69333 2.32937 141.85
      vertex -8.52237 2.89295 145
      vertex -8.52237 2.89295 141.85
    endloop
  endfacet
  facet normal -0.95694 0.290284 0
    outer loop
      vertex -8.52237 2.89295 145
      vertex -8.69333 2.32937 141.85
      vertex -8.69333 2.32937 145
    endloop
  endfacet
  facet normal -0.881925 -0.47139 0
    outer loop
      vertex -7.79423 -4.5 135
      vertex -8.07185 -3.9806 141.15
      vertex -8.07185 -3.9806 135
    endloop
  endfacet
  facet normal -0.881925 -0.47139 0
    outer loop
      vertex -8.07185 -3.9806 141.15
      vertex -7.79423 -4.5 135
      vertex -7.79423 -4.5 141.15
    endloop
  endfacet
  facet normal -0.881925 -0.47139 0
    outer loop
      vertex -7.79423 -4.5 141.85
      vertex -8.07185 -3.9806 145
      vertex -8.07185 -3.9806 141.85
    endloop
  endfacet
  facet normal -0.881925 -0.47139 0
    outer loop
      vertex -8.07185 -3.9806 145
      vertex -7.79423 -4.5 141.85
      vertex -7.79423 -4.5 145
    endloop
  endfacet
  facet normal 0.683594 -0.729863 0
    outer loop
      vertex 5.93411 -6.76656 135
      vertex 6.36396 -6.36396 138
      vertex 5.93411 -6.76656 138
    endloop
  endfacet
  facet normal 0.683594 -0.729863 0
    outer loop
      vertex 6.36396 -6.36396 138
      vertex 5.93411 -6.76656 135
      vertex 6.36396 -6.36396 135
    endloop
  endfacet
  facet normal -0.95694 -0.290284 0
    outer loop
      vertex -8.52237 -2.89295 135
      vertex -8.69333 -2.32937 141.15
      vertex -8.69333 -2.32937 135
    endloop
  endfacet
  facet normal -0.95694 -0.290284 0
    outer loop
      vertex -8.69333 -2.32937 141.15
      vertex -8.52237 -2.89295 135
      vertex -8.52237 -2.89295 141.15
    endloop
  endfacet
  facet normal -0.95694 -0.290284 0
    outer loop
      vertex -8.52237 -2.89295 141.85
      vertex -8.69333 -2.32937 145
      vertex -8.69333 -2.32937 141.85
    endloop
  endfacet
  facet normal -0.95694 -0.290284 0
    outer loop
      vertex -8.69333 -2.32937 145
      vertex -8.52237 -2.89295 141.85
      vertex -8.52237 -2.89295 145
    endloop
  endfacet
  facet normal -0.412718 -0.910859 0
    outer loop
      vertex -3.9806 -8.07185 135
      vertex -3.44415 -8.31492 141.15
      vertex -3.9806 -8.07185 141.15
    endloop
  endfacet
  facet normal -0.412718 -0.910859 -0
    outer loop
      vertex -3.44415 -8.31492 141.15
      vertex -3.9806 -8.07185 135
      vertex -3.44415 -8.31492 135
    endloop
  endfacet
  facet normal -0.412718 -0.910859 0
    outer loop
      vertex -3.9806 -8.07185 141.85
      vertex -3.44415 -8.31492 145
      vertex -3.9806 -8.07185 145
    endloop
  endfacet
  facet normal -0.412718 -0.910859 -0
    outer loop
      vertex -3.44415 -8.31492 145
      vertex -3.9806 -8.07185 141.85
      vertex -3.44415 -8.31492 141.85
    endloop
  endfacet
  facet normal -0.528067 -0.849203 0
    outer loop
      vertex -5.00013 -7.48323 135
      vertex -4.5 -7.79423 141.15
      vertex -5.00013 -7.48323 141.15
    endloop
  endfacet
  facet normal -0.528067 -0.849203 -0
    outer loop
      vertex -4.5 -7.79423 141.15
      vertex -5.00013 -7.48323 135
      vertex -4.5 -7.79423 135
    endloop
  endfacet
  facet normal -0.528067 -0.849203 0
    outer loop
      vertex -5.00013 -7.48323 141.85
      vertex -4.5 -7.79423 145
      vertex -5.00013 -7.48323 145
    endloop
  endfacet
  facet normal -0.528067 -0.849203 -0
    outer loop
      vertex -4.5 -7.79423 145
      vertex -5.00013 -7.48323 141.85
      vertex -4.5 -7.79423 141.85
    endloop
  endfacet
  facet normal -0.634394 -0.773009 -0
    outer loop
      vertex -5.93411 -6.76656 138
      vertex -5.93411 -6.76656 135
      vertex -5.69225 -6.96505 138
    endloop
  endfacet
  facet normal -0.634387 -0.773016 0
    outer loop
      vertex -5.69225 -6.96505 138
      vertex -5.47885 -7.14018 141.15
      vertex -5.69225 -6.96505 141.15
    endloop
  endfacet
  facet normal -0.634387 -0.773016 0
    outer loop
      vertex -5.69225 -6.96505 138
      vertex -5.47885 -7.14018 135
      vertex -5.47885 -7.14018 141.15
    endloop
  endfacet
  facet normal -0.634391 -0.773012 -4.66486e-07
    outer loop
      vertex -5.47885 -7.14018 135
      vertex -5.69225 -6.96505 138
      vertex -5.93411 -6.76656 135
    endloop
  endfacet
  facet normal -0.634387 -0.773016 0
    outer loop
      vertex -5.69225 -6.96505 141.85
      vertex -5.47885 -7.14018 145
      vertex -5.69225 -6.96505 145
    endloop
  endfacet
  facet normal -0.634387 -0.773016 -0
    outer loop
      vertex -5.47885 -7.14018 145
      vertex -5.69225 -6.96505 141.85
      vertex -5.47885 -7.14018 141.85
    endloop
  endfacet
  facet normal -0.47139 -0.881925 0
    outer loop
      vertex -4.5 -7.79423 135
      vertex -3.9806 -8.07185 141.15
      vertex -4.5 -7.79423 141.15
    endloop
  endfacet
  facet normal -0.47139 -0.881925 -0
    outer loop
      vertex -3.9806 -8.07185 141.15
      vertex -4.5 -7.79423 135
      vertex -3.9806 -8.07185 135
    endloop
  endfacet
  facet normal -0.47139 -0.881925 0
    outer loop
      vertex -4.5 -7.79423 141.85
      vertex -3.9806 -8.07185 145
      vertex -4.5 -7.79423 145
    endloop
  endfacet
  facet normal -0.47139 -0.881925 -0
    outer loop
      vertex -3.9806 -8.07185 145
      vertex -4.5 -7.79423 141.85
      vertex -3.9806 -8.07185 141.85
    endloop
  endfacet
  facet normal -0.707109 -0.707104 0
    outer loop
      vertex -4.27196 5.54475 138
      vertex -5.69225 6.96505 141.15
      vertex -5.69225 6.96505 138
    endloop
  endfacet
  facet normal -0.707109 -0.707104 0
    outer loop
      vertex -5.69225 6.96505 141.15
      vertex -4.27196 5.54475 138
      vertex -5.69225 6.96505 141.85
    endloop
  endfacet
  facet normal -0.707109 -0.707104 -0
    outer loop
      vertex -4.27196 5.54475 145
      vertex -5.69225 6.96505 141.85
      vertex -4.27196 5.54475 138
    endloop
  endfacet
  facet normal -0.707109 -0.707104 0
    outer loop
      vertex -5.69225 6.96505 141.85
      vertex -4.27196 5.54475 145
      vertex -5.69225 6.96505 145
    endloop
  endfacet
  facet normal -0.707107 -0.707107 0
    outer loop
      vertex -5.8135 7.08629 141.321
      vertex -5.8135 7.08629 141.679
      vertex -5.94081 7.2136 141.5
    endloop
  endfacet
  facet normal -0.707078 -0.707136 0
    outer loop
      vertex -5.69225 6.96505 141.15
      vertex -5.8135 7.08629 141.679
      vertex -5.8135 7.08629 141.321
    endloop
  endfacet
  facet normal -0.707078 -0.707136 0
    outer loop
      vertex -5.8135 7.08629 141.679
      vertex -5.69225 6.96505 141.15
      vertex -5.69225 6.96505 141.85
    endloop
  endfacet
  facet normal 0.707104 0.707109 0
    outer loop
      vertex -5.54475 4.27196 145
      vertex -6.96505 5.69225 141.85
      vertex -6.96505 5.69225 145
    endloop
  endfacet
  facet normal 0.707104 0.707109 0
    outer loop
      vertex -6.96505 5.69225 141.85
      vertex -5.54475 4.27196 145
      vertex -6.96505 5.69225 141.15
    endloop
  endfacet
  facet normal 0.707104 0.707109 -0
    outer loop
      vertex -5.54475 4.27196 138
      vertex -6.96505 5.69225 141.15
      vertex -5.54475 4.27196 145
    endloop
  endfacet
  facet normal 0.707104 0.707109 0
    outer loop
      vertex -6.96505 5.69225 141.15
      vertex -5.54475 4.27196 138
      vertex -6.96505 5.69225 138
    endloop
  endfacet
  facet normal 0.707107 0.707107 0
    outer loop
      vertex -7.08629 5.8135 141.679
      vertex -7.08629 5.8135 141.321
      vertex -7.2136 5.94081 141.5
    endloop
  endfacet
  facet normal 0.707136 0.707078 0
    outer loop
      vertex -6.96505 5.69225 141.85
      vertex -7.08629 5.8135 141.321
      vertex -7.08629 5.8135 141.679
    endloop
  endfacet
  facet normal 0.707136 0.707078 0
    outer loop
      vertex -7.08629 5.8135 141.321
      vertex -6.96505 5.69225 141.85
      vertex -6.96505 5.69225 141.15
    endloop
  endfacet
  facet normal 0 0 1
    outer loop
      vertex -5.69225 6.96505 138
      vertex -4.61542 5.26288 138
      vertex -4.27196 5.54475 138
    endloop
  endfacet
  facet normal -0 0 1
    outer loop
      vertex -5.93411 6.76656 138
      vertex -4.61542 5.26288 138
      vertex -5.69225 6.96505 138
    endloop
  endfacet
  facet normal 0 0 1
    outer loop
      vertex -4.61542 5.26288 138
      vertex -5.93411 6.76656 138
      vertex -4.94975 4.94975 138
    endloop
  endfacet
  facet normal -0 0 1
    outer loop
      vertex -6.36396 6.36396 138
      vertex -4.94975 4.94975 138
      vertex -5.93411 6.76656 138
    endloop
  endfacet
  facet normal 0 0 1
    outer loop
      vertex -4.94975 4.94975 138
      vertex -6.36396 6.36396 138
      vertex -5.26288 4.61542 138
    endloop
  endfacet
  facet normal -0 0 1
    outer loop
      vertex -6.76656 5.93411 138
      vertex -5.26288 4.61542 138
      vertex -6.36396 6.36396 138
    endloop
  endfacet
  facet normal -0 0 1
    outer loop
      vertex -6.96505 5.69225 138
      vertex -5.26288 4.61542 138
      vertex -6.76656 5.93411 138
    endloop
  endfacet
  facet normal 0 0 1
    outer loop
      vertex -5.26288 4.61542 138
      vertex -6.96505 5.69225 138
      vertex -5.54475 4.27196 138
    endloop
  endfacet
  facet normal 0.707136 -0.707078 0
    outer loop
      vertex -7.08629 -5.8135 141.679
      vertex -6.96505 -5.69225 141.15
      vertex -6.96505 -5.69225 141.85
    endloop
  endfacet
  facet normal 0.707136 -0.707078 0
    outer loop
      vertex -7.08629 -5.8135 141.679
      vertex -7.08629 -5.8135 141.321
      vertex -6.96505 -5.69225 141.15
    endloop
  endfacet
  facet normal 0.707107 -0.707107 0
    outer loop
      vertex -7.08629 -5.8135 141.321
      vertex -7.08629 -5.8135 141.679
      vertex -7.2136 -5.94081 141.5
    endloop
  endfacet
  facet normal 0.707104 -0.707109 0
    outer loop
      vertex -6.96505 -5.69225 141.85
      vertex -5.54475 -4.27196 145
      vertex -6.96505 -5.69225 145
    endloop
  endfacet
  facet normal 0.707104 -0.707109 0
    outer loop
      vertex -5.54475 -4.27196 145
      vertex -6.96505 -5.69225 141.85
      vertex -5.54475 -4.27196 138
    endloop
  endfacet
  facet normal 0.707104 -0.707109 0
    outer loop
      vertex -6.96505 -5.69225 141.15
      vertex -5.54475 -4.27196 138
      vertex -6.96505 -5.69225 141.85
    endloop
  endfacet
  facet normal 0.707104 -0.707109 0
    outer loop
      vertex -5.54475 -4.27196 138
      vertex -6.96505 -5.69225 141.15
      vertex -6.96505 -5.69225 138
    endloop
  endfacet
  facet normal -0.707078 0.707136 0
    outer loop
      vertex -5.8135 -7.08629 141.321
      vertex -5.69225 -6.96505 141.85
      vertex -5.69225 -6.96505 141.15
    endloop
  endfacet
  facet normal -0.707078 0.707136 0
    outer loop
      vertex -5.8135 -7.08629 141.321
      vertex -5.8135 -7.08629 141.679
      vertex -5.69225 -6.96505 141.85
    endloop
  endfacet
  facet normal -0.707107 0.707107 0
    outer loop
      vertex -5.8135 -7.08629 141.679
      vertex -5.8135 -7.08629 141.321
      vertex -5.94081 -7.2136 141.5
    endloop
  endfacet
  facet normal -0.707109 0.707104 0
    outer loop
      vertex -5.69225 -6.96505 141.15
      vertex -4.27196 -5.54475 138
      vertex -5.69225 -6.96505 138
    endloop
  endfacet
  facet normal -0.707109 0.707104 0
    outer loop
      vertex -4.27196 -5.54475 138
      vertex -5.69225 -6.96505 141.15
      vertex -4.27196 -5.54475 145
    endloop
  endfacet
  facet normal -0.707109 0.707104 0
    outer loop
      vertex -5.69225 -6.96505 141.85
      vertex -4.27196 -5.54475 145
      vertex -5.69225 -6.96505 141.15
    endloop
  endfacet
  facet normal -0.707109 0.707104 0
    outer loop
      vertex -4.27196 -5.54475 145
      vertex -5.69225 -6.96505 141.85
      vertex -5.69225 -6.96505 145
    endloop
  endfacet
  facet normal 0 0 1
    outer loop
      vertex -4.61542 -5.26288 138
      vertex -5.69225 -6.96505 138
      vertex -4.27196 -5.54475 138
    endloop
  endfacet
  facet normal 0 0 1
    outer loop
      vertex -5.93411 -6.76656 138
      vertex -4.61542 -5.26288 138
      vertex -4.94975 -4.94975 138
    endloop
  endfacet
  facet normal 0 0 1
    outer loop
      vertex -6.36396 -6.36396 138
      vertex -4.94975 -4.94975 138
      vertex -5.26288 -4.61542 138
    endloop
  endfacet
  facet normal 0 0 1
    outer loop
      vertex -6.96505 -5.69225 138
      vertex -5.26288 -4.61542 138
      vertex -5.54475 -4.27196 138
    endloop
  endfacet
  facet normal 0 0 1
    outer loop
      vertex -4.61542 -5.26288 138
      vertex -5.93411 -6.76656 138
      vertex -5.69225 -6.96505 138
    endloop
  endfacet
  facet normal 0 0 1
    outer loop
      vertex -4.94975 -4.94975 138
      vertex -6.36396 -6.36396 138
      vertex -5.93411 -6.76656 138
    endloop
  endfacet
  facet normal 0 0 1
    outer loop
      vertex -5.26288 -4.61542 138
      vertex -6.76656 -5.93411 138
      vertex -6.36396 -6.36396 138
    endloop
  endfacet
  facet normal 0 0 1
    outer loop
      vertex -5.26288 -4.61542 138
      vertex -6.96505 -5.69225 138
      vertex -6.76656 -5.93411 138
    endloop
  endfacet
  facet normal 0.707078 0.707136 0
    outer loop
      vertex 5.8135 -7.08629 141.679
      vertex 5.69225 -6.96505 141.15
      vertex 5.69225 -6.96505 141.85
    endloop
  endfacet
  facet normal 0.707078 0.707136 0
    outer loop
      vertex 5.8135 -7.08629 141.679
      vertex 5.8135 -7.08629 141.321
      vertex 5.69225 -6.96505 141.15
    endloop
  endfacet
  facet normal 0.707107 0.707107 -0
    outer loop
      vertex 5.8135 -7.08629 141.321
      vertex 5.8135 -7.08629 141.679
      vertex 5.94081 -7.2136 141.5
    endloop
  endfacet
  facet normal 0.707109 0.707104 -0
    outer loop
      vertex 5.69225 -6.96505 141.85
      vertex 4.27196 -5.54475 145
      vertex 5.69225 -6.96505 145
    endloop
  endfacet
  facet normal 0.707109 0.707104 0
    outer loop
      vertex 4.27196 -5.54475 145
      vertex 5.69225 -6.96505 141.85
      vertex 4.27196 -5.54475 138
    endloop
  endfacet
  facet normal 0.707109 0.707104 -0
    outer loop
      vertex 5.69225 -6.96505 141.15
      vertex 4.27196 -5.54475 138
      vertex 5.69225 -6.96505 141.85
    endloop
  endfacet
  facet normal 0.707109 0.707104 0
    outer loop
      vertex 4.27196 -5.54475 138
      vertex 5.69225 -6.96505 141.15
      vertex 5.69225 -6.96505 138
    endloop
  endfacet
  facet normal 0 0 1
    outer loop
      vertex 5.26288 -4.61542 138
      vertex 6.76656 -5.93411 138
      vertex 6.96505 -5.69225 138
    endloop
  endfacet
  facet normal 0 0 1
    outer loop
      vertex 6.76656 -5.93411 138
      vertex 5.26288 -4.61542 138
      vertex 6.36396 -6.36396 138
    endloop
  endfacet
  facet normal 0 0 1
    outer loop
      vertex 6.36396 -6.36396 138
      vertex 4.94975 -4.94975 138
      vertex 5.93411 -6.76656 138
    endloop
  endfacet
  facet normal -0 0 1
    outer loop
      vertex 5.26288 -4.61542 138
      vertex 6.96505 -5.69225 138
      vertex 5.54475 -4.27196 138
    endloop
  endfacet
  facet normal 0 0 1
    outer loop
      vertex 6.36396 -6.36396 138
      vertex 5.26288 -4.61542 138
      vertex 4.94975 -4.94975 138
    endloop
  endfacet
  facet normal -0 0 1
    outer loop
      vertex 4.61542 -5.26288 138
      vertex 5.93411 -6.76656 138
      vertex 4.94975 -4.94975 138
    endloop
  endfacet
  facet normal 0 0 1
    outer loop
      vertex 5.93411 -6.76656 138
      vertex 4.61542 -5.26288 138
      vertex 5.69225 -6.96505 138
    endloop
  endfacet
  facet normal 0 0 1
    outer loop
      vertex 5.69225 -6.96505 138
      vertex 4.61542 -5.26288 138
      vertex 4.27196 -5.54475 138
    endloop
  endfacet
  facet normal -0.707136 -0.707078 0
    outer loop
      vertex 7.08629 -5.8135 141.321
      vertex 6.96505 -5.69225 141.85
      vertex 6.96505 -5.69225 141.15
    endloop
  endfacet
  facet normal -0.707136 -0.707078 0
    outer loop
      vertex 7.08629 -5.8135 141.321
      vertex 7.08629 -5.8135 141.679
      vertex 6.96505 -5.69225 141.85
    endloop
  endfacet
  facet normal -0.707107 -0.707107 -0
    outer loop
      vertex 7.08629 -5.8135 141.679
      vertex 7.08629 -5.8135 141.321
      vertex 7.2136 -5.94081 141.5
    endloop
  endfacet
  facet normal -0.707104 -0.707109 -0
    outer loop
      vertex 6.96505 -5.69225 141.15
      vertex 5.54475 -4.27196 138
      vertex 6.96505 -5.69225 138
    endloop
  endfacet
  facet normal -0.707104 -0.707109 0
    outer loop
      vertex 5.54475 -4.27196 138
      vertex 6.96505 -5.69225 141.15
      vertex 5.54475 -4.27196 145
    endloop
  endfacet
  facet normal -0.707104 -0.707109 -0
    outer loop
      vertex 6.96505 -5.69225 141.85
      vertex 5.54475 -4.27196 145
      vertex 6.96505 -5.69225 141.15
    endloop
  endfacet
  facet normal -0.707104 -0.707109 0
    outer loop
      vertex 5.54475 -4.27196 145
      vertex 6.96505 -5.69225 141.85
      vertex 6.96505 -5.69225 145
    endloop
  endfacet
  facet normal -0.707104 0.707109 0
    outer loop
      vertex 5.54475 4.27196 138
      vertex 6.96505 5.69225 141.15
      vertex 6.96505 5.69225 138
    endloop
  endfacet
  facet normal -0.707104 0.707109 0
    outer loop
      vertex 6.96505 5.69225 141.15
      vertex 5.54475 4.27196 138
      vertex 6.96505 5.69225 141.85
    endloop
  endfacet
  facet normal -0.707104 0.707109 0
    outer loop
      vertex 5.54475 4.27196 145
      vertex 6.96505 5.69225 141.85
      vertex 5.54475 4.27196 138
    endloop
  endfacet
  facet normal -0.707104 0.707109 0
    outer loop
      vertex 6.96505 5.69225 141.85
      vertex 5.54475 4.27196 145
      vertex 6.96505 5.69225 145
    endloop
  endfacet
  facet normal -0.707107 0.707107 0
    outer loop
      vertex 7.08629 5.8135 141.321
      vertex 7.08629 5.8135 141.679
      vertex 7.2136 5.94081 141.5
    endloop
  endfacet
  facet normal -0.707136 0.707078 0
    outer loop
      vertex 6.96505 5.69225 141.15
      vertex 7.08629 5.8135 141.679
      vertex 7.08629 5.8135 141.321
    endloop
  endfacet
  facet normal -0.707136 0.707078 0
    outer loop
      vertex 7.08629 5.8135 141.679
      vertex 6.96505 5.69225 141.15
      vertex 6.96505 5.69225 141.85
    endloop
  endfacet
  facet normal 0 0 1
    outer loop
      vertex 5.26288 4.61542 138
      vertex 6.76656 5.93411 138
      vertex 6.36396 6.36396 138
    endloop
  endfacet
  facet normal 0 0 1
    outer loop
      vertex 4.94975 4.94975 138
      vertex 6.36396 6.36396 138
      vertex 5.93411 6.76656 138
    endloop
  endfacet
  facet normal 0 0 1
    outer loop
      vertex 4.61542 5.26288 138
      vertex 5.93411 6.76656 138
      vertex 5.69225 6.96505 138
    endloop
  endfacet
  facet normal 0 -0 1
    outer loop
      vertex 5.26288 4.61542 138
      vertex 6.36396 6.36396 138
      vertex 4.94975 4.94975 138
    endloop
  endfacet
  facet normal 0 0 1
    outer loop
      vertex 6.96505 5.69225 138
      vertex 5.26288 4.61542 138
      vertex 5.54475 4.27196 138
    endloop
  endfacet
  facet normal 0 0 1
    outer loop
      vertex 6.76656 5.93411 138
      vertex 5.26288 4.61542 138
      vertex 6.96505 5.69225 138
    endloop
  endfacet
  facet normal 0 0 1
    outer loop
      vertex 5.93411 6.76656 138
      vertex 4.61542 5.26288 138
      vertex 4.94975 4.94975 138
    endloop
  endfacet
  facet normal 0 -0 1
    outer loop
      vertex 4.61542 5.26288 138
      vertex 5.69225 6.96505 138
      vertex 4.27196 5.54475 138
    endloop
  endfacet
  facet normal 0.707109 -0.707104 0
    outer loop
      vertex 4.27196 5.54475 145
      vertex 5.69225 6.96505 141.85
      vertex 5.69225 6.96505 145
    endloop
  endfacet
  facet normal 0.707109 -0.707104 0
    outer loop
      vertex 5.69225 6.96505 141.85
      vertex 4.27196 5.54475 145
      vertex 5.69225 6.96505 141.15
    endloop
  endfacet
  facet normal 0.707109 -0.707104 0
    outer loop
      vertex 4.27196 5.54475 138
      vertex 5.69225 6.96505 141.15
      vertex 4.27196 5.54475 145
    endloop
  endfacet
  facet normal 0.707109 -0.707104 0
    outer loop
      vertex 5.69225 6.96505 141.15
      vertex 4.27196 5.54475 138
      vertex 5.69225 6.96505 138
    endloop
  endfacet
  facet normal 0.707107 -0.707107 0
    outer loop
      vertex 5.8135 7.08629 141.679
      vertex 5.8135 7.08629 141.321
      vertex 5.94081 7.2136 141.5
    endloop
  endfacet
  facet normal 0.707078 -0.707136 0
    outer loop
      vertex 5.69225 6.96505 141.85
      vertex 5.8135 7.08629 141.321
      vertex 5.8135 7.08629 141.679
    endloop
  endfacet
  facet normal 0.707078 -0.707136 0
    outer loop
      vertex 5.8135 7.08629 141.321
      vertex 5.69225 6.96505 141.85
      vertex 5.69225 6.96505 141.15
    endloop
  endfacet
  facet normal -0.999464 0.0327462 0
    outer loop
      vertex 27.94 -1.83129 3.4
      vertex 28 0 120
      vertex 28 0 3.4
    endloop
  endfacet
  facet normal -0.999464 0.0327462 0
    outer loop
      vertex 28 0 120
      vertex 27.94 -1.83129 3.4
      vertex 27.94 -1.83129 120
    endloop
  endfacet
  facet normal -0.999464 0.0327462 0
    outer loop
      vertex 27.94 -1.83129 1.19
      vertex 28 0 2.6
      vertex 28 0 1.19
    endloop
  endfacet
  facet normal -0.999464 0.0327462 0
    outer loop
      vertex 28 0 2.6
      vertex 27.94 -1.83129 1.19
      vertex 27.94 -1.83129 2.6
    endloop
  endfacet
  facet normal -0.99519 -0.0979668 0
    outer loop
      vertex 27.94 1.83129 3.4
      vertex 27.7605 3.65473 120
      vertex 27.7605 3.65473 3.4
    endloop
  endfacet
  facet normal -0.99519 -0.0979668 0
    outer loop
      vertex 27.7605 3.65473 120
      vertex 27.94 1.83129 3.4
      vertex 27.94 1.83129 120
    endloop
  endfacet
  facet normal -0.99519 -0.0979668 0
    outer loop
      vertex 27.94 1.83129 1.19
      vertex 27.7605 3.65473 2.6
      vertex 27.7605 3.65473 1.19
    endloop
  endfacet
  facet normal -0.99519 -0.0979668 0
    outer loop
      vertex 27.7605 3.65473 2.6
      vertex 27.94 1.83129 1.19
      vertex 27.94 1.83129 2.6
    endloop
  endfacet
  facet normal -0.999464 -0.0327462 0
    outer loop
      vertex 28 0 3.4
      vertex 27.94 1.83129 120
      vertex 27.94 1.83129 3.4
    endloop
  endfacet
  facet normal -0.999464 -0.0327462 0
    outer loop
      vertex 27.94 1.83129 120
      vertex 28 0 3.4
      vertex 28 0 120
    endloop
  endfacet
  facet normal -0.999464 -0.0327462 0
    outer loop
      vertex 28 0 1.19
      vertex 27.94 1.83129 2.6
      vertex 27.94 1.83129 1.19
    endloop
  endfacet
  facet normal -0.999464 -0.0327462 0
    outer loop
      vertex 27.94 1.83129 2.6
      vertex 28 0 1.19
      vertex 28 0 2.6
    endloop
  endfacet
  facet normal -0.986641 -0.162912 0
    outer loop
      vertex 27.7605 3.65473 3.4
      vertex 27.462 5.46253 120
      vertex 27.462 5.46253 3.4
    endloop
  endfacet
  facet normal -0.986641 -0.162912 0
    outer loop
      vertex 27.462 5.46253 120
      vertex 27.7605 3.65473 3.4
      vertex 27.7605 3.65473 120
    endloop
  endfacet
  facet normal -0.986641 -0.162912 0
    outer loop
      vertex 27.7605 3.65473 1.19
      vertex 27.462 5.46253 2.6
      vertex 27.462 5.46253 1.19
    endloop
  endfacet
  facet normal -0.986641 -0.162912 0
    outer loop
      vertex 27.462 5.46253 2.6
      vertex 27.7605 3.65473 1.19
      vertex 27.7605 3.65473 2.6
    endloop
  endfacet
  facet normal -0.956937 -0.290295 0
    outer loop
      vertex 27.0459 7.24693 3.4
      vertex 26.514 9.0003 120
      vertex 26.514 9.0003 3.4
    endloop
  endfacet
  facet normal -0.956937 -0.290295 0
    outer loop
      vertex 26.514 9.0003 120
      vertex 27.0459 7.24693 3.4
      vertex 27.0459 7.24693 120
    endloop
  endfacet
  facet normal -0.956937 -0.290295 0
    outer loop
      vertex 27.0459 7.24693 1.19
      vertex 26.514 9.0003 2.6
      vertex 26.514 9.0003 1.19
    endloop
  endfacet
  facet normal -0.956937 -0.290295 0
    outer loop
      vertex 26.514 9.0003 2.6
      vertex 27.0459 7.24693 1.19
      vertex 27.0459 7.24693 2.6
    endloop
  endfacet
  facet normal -0.412701 0.910867 0
    outer loop
      vertex 12.3841 -25.1124 3.4
      vertex 10.7151 -25.8686 120
      vertex 12.3841 -25.1124 120
    endloop
  endfacet
  facet normal -0.412701 0.910867 0
    outer loop
      vertex 10.7151 -25.8686 120
      vertex 12.3841 -25.1124 3.4
      vertex 10.7151 -25.8686 3.4
    endloop
  endfacet
  facet normal -0.412701 0.910867 0
    outer loop
      vertex 12.3841 -25.1124 1.19
      vertex 10.7151 -25.8686 2.6
      vertex 12.3841 -25.1124 2.6
    endloop
  endfacet
  facet normal -0.412701 0.910867 0
    outer loop
      vertex 10.7151 -25.8686 2.6
      vertex 12.3841 -25.1124 1.19
      vertex 10.7151 -25.8686 1.19
    endloop
  endfacet
  facet normal -0.0979668 -0.99519 0
    outer loop
      vertex 1.83129 27.94 3.4
      vertex 3.65473 27.7605 120
      vertex 1.83129 27.94 120
    endloop
  endfacet
  facet normal -0.0979668 -0.99519 -0
    outer loop
      vertex 3.65473 27.7605 120
      vertex 1.83129 27.94 3.4
      vertex 3.65473 27.7605 3.4
    endloop
  endfacet
  facet normal -0.0979668 -0.99519 0
    outer loop
      vertex 1.83129 27.94 1.19
      vertex 3.65473 27.7605 2.6
      vertex 1.83129 27.94 2.6
    endloop
  endfacet
  facet normal -0.0979668 -0.99519 -0
    outer loop
      vertex 3.65473 27.7605 2.6
      vertex 1.83129 27.94 1.19
      vertex 3.65473 27.7605 1.19
    endloop
  endfacet
  facet normal 0.849198 -0.528075 0
    outer loop
      vertex -24.2487 14 120
      vertex -23.2811 15.556 3.4
      vertex -23.2811 15.556 120
    endloop
  endfacet
  facet normal 0.849198 -0.528075 0
    outer loop
      vertex -23.2811 15.556 3.4
      vertex -24.2487 14 120
      vertex -24.2487 14 3.4
    endloop
  endfacet
  facet normal 0.849198 -0.528075 0
    outer loop
      vertex -24.2487 14 2.6
      vertex -23.2811 15.556 1.19
      vertex -23.2811 15.556 2.6
    endloop
  endfacet
  facet normal 0.849198 -0.528075 0
    outer loop
      vertex -23.2811 15.556 1.19
      vertex -24.2487 14 2.6
      vertex -24.2487 14 1.19
    endloop
  endfacet
  facet normal 0.999464 0.0327462 0
    outer loop
      vertex -27.94 -1.83129 120
      vertex -28 0 3.4
      vertex -28 0 120
    endloop
  endfacet
  facet normal 0.999464 0.0327462 0
    outer loop
      vertex -28 0 3.4
      vertex -27.94 -1.83129 120
      vertex -27.94 -1.83129 3.4
    endloop
  endfacet
  facet normal 0.999464 0.0327462 0
    outer loop
      vertex -27.94 -1.83129 2.6
      vertex -28 0 1.19
      vertex -28 0 2.6
    endloop
  endfacet
  facet normal 0.999464 0.0327462 0
    outer loop
      vertex -28 0 1.19
      vertex -27.94 -1.83129 2.6
      vertex -27.94 -1.83129 1.19
    endloop
  endfacet
  facet normal -0.47139 0.881925 0
    outer loop
      vertex 14 -24.2487 3.4
      vertex 12.3841 -25.1124 120
      vertex 14 -24.2487 120
    endloop
  endfacet
  facet normal -0.47139 0.881925 0
    outer loop
      vertex 12.3841 -25.1124 120
      vertex 14 -24.2487 3.4
      vertex 12.3841 -25.1124 3.4
    endloop
  endfacet
  facet normal -0.47139 0.881925 0
    outer loop
      vertex 14 -24.2487 1.19
      vertex 12.3841 -25.1124 2.6
      vertex 14 -24.2487 2.6
    endloop
  endfacet
  facet normal -0.47139 0.881925 0
    outer loop
      vertex 12.3841 -25.1124 2.6
      vertex 14 -24.2487 1.19
      vertex 12.3841 -25.1124 1.19
    endloop
  endfacet
  facet normal 0.162912 0.986641 -0
    outer loop
      vertex -3.65473 -27.7605 3.4
      vertex -5.46253 -27.462 120
      vertex -3.65473 -27.7605 120
    endloop
  endfacet
  facet normal 0.162912 0.986641 0
    outer loop
      vertex -5.46253 -27.462 120
      vertex -3.65473 -27.7605 3.4
      vertex -5.46253 -27.462 3.4
    endloop
  endfacet
  facet normal 0.162912 0.986641 -0
    outer loop
      vertex -3.65473 -27.7605 1.19
      vertex -5.46253 -27.462 2.6
      vertex -3.65473 -27.7605 2.6
    endloop
  endfacet
  facet normal 0.162912 0.986641 0
    outer loop
      vertex -5.46253 -27.462 2.6
      vertex -3.65473 -27.7605 1.19
      vertex -5.46253 -27.462 1.19
    endloop
  endfacet
  facet normal 0.290295 -0.956937 0
    outer loop
      vertex -9.0003 26.514 3.4
      vertex -7.24693 27.0459 120
      vertex -9.0003 26.514 120
    endloop
  endfacet
  facet normal 0.290295 -0.956937 0
    outer loop
      vertex -7.24693 27.0459 120
      vertex -9.0003 26.514 3.4
      vertex -7.24693 27.0459 3.4
    endloop
  endfacet
  facet normal 0.290295 -0.956937 0
    outer loop
      vertex -9.0003 26.514 1.19
      vertex -7.24693 27.0459 2.6
      vertex -9.0003 26.514 2.6
    endloop
  endfacet
  facet normal 0.290295 -0.956937 0
    outer loop
      vertex -7.24693 27.0459 2.6
      vertex -9.0003 26.514 1.19
      vertex -7.24693 27.0459 1.19
    endloop
  endfacet
  facet normal -0.99519 0.0979668 0
    outer loop
      vertex 27.7605 -3.65473 3.4
      vertex 27.94 -1.83129 120
      vertex 27.94 -1.83129 3.4
    endloop
  endfacet
  facet normal -0.99519 0.0979668 0
    outer loop
      vertex 27.94 -1.83129 120
      vertex 27.7605 -3.65473 3.4
      vertex 27.7605 -3.65473 120
    endloop
  endfacet
  facet normal -0.99519 0.0979668 0
    outer loop
      vertex 27.7605 -3.65473 1.19
      vertex 27.94 -1.83129 2.6
      vertex 27.94 -1.83129 1.19
    endloop
  endfacet
  facet normal -0.99519 0.0979668 0
    outer loop
      vertex 27.94 -1.83129 2.6
      vertex 27.7605 -3.65473 1.19
      vertex 27.7605 -3.65473 2.6
    endloop
  endfacet
  facet normal 0.956937 -0.290295 0
    outer loop
      vertex -27.0459 7.24693 120
      vertex -26.514 9.0003 3.4
      vertex -26.514 9.0003 120
    endloop
  endfacet
  facet normal 0.956937 -0.290295 0
    outer loop
      vertex -26.514 9.0003 3.4
      vertex -27.0459 7.24693 120
      vertex -27.0459 7.24693 3.4
    endloop
  endfacet
  facet normal 0.956937 -0.290295 0
    outer loop
      vertex -27.0459 7.24693 2.6
      vertex -26.514 9.0003 1.19
      vertex -26.514 9.0003 2.6
    endloop
  endfacet
  facet normal 0.956937 -0.290295 0
    outer loop
      vertex -26.514 9.0003 1.19
      vertex -27.0459 7.24693 2.6
      vertex -27.0459 7.24693 1.19
    endloop
  endfacet
  facet normal -0.162912 0.986641 0
    outer loop
      vertex 5.46253 -27.462 3.4
      vertex 3.65473 -27.7605 120
      vertex 5.46253 -27.462 120
    endloop
  endfacet
  facet normal -0.162912 0.986641 0
    outer loop
      vertex 3.65473 -27.7605 120
      vertex 5.46253 -27.462 3.4
      vertex 3.65473 -27.7605 3.4
    endloop
  endfacet
  facet normal -0.162912 0.986641 0
    outer loop
      vertex 5.46253 -27.462 1.19
      vertex 3.65473 -27.7605 2.6
      vertex 5.46253 -27.462 2.6
    endloop
  endfacet
  facet normal -0.162912 0.986641 0
    outer loop
      vertex 3.65473 -27.7605 2.6
      vertex 5.46253 -27.462 1.19
      vertex 3.65473 -27.7605 1.19
    endloop
  endfacet
  facet normal 0.47139 -0.881925 0
    outer loop
      vertex -14 24.2487 3.4
      vertex -12.3841 25.1124 120
      vertex -14 24.2487 120
    endloop
  endfacet
  facet normal 0.47139 -0.881925 0
    outer loop
      vertex -12.3841 25.1124 120
      vertex -14 24.2487 3.4
      vertex -12.3841 25.1124 3.4
    endloop
  endfacet
  facet normal 0.47139 -0.881925 0
    outer loop
      vertex -14 24.2487 1.19
      vertex -12.3841 25.1124 2.6
      vertex -14 24.2487 2.6
    endloop
  endfacet
  facet normal 0.47139 -0.881925 0
    outer loop
      vertex -12.3841 25.1124 2.6
      vertex -14 24.2487 1.19
      vertex -12.3841 25.1124 1.19
    endloop
  endfacet
  facet normal -0.773013 -0.63439 0
    outer loop
      vertex 22.2139 17.0453 3.4
      vertex 21.0515 18.4617 120
      vertex 21.0515 18.4617 3.4
    endloop
  endfacet
  facet normal -0.773013 -0.63439 0
    outer loop
      vertex 21.0515 18.4617 120
      vertex 22.2139 17.0453 3.4
      vertex 22.2139 17.0453 120
    endloop
  endfacet
  facet normal -0.773013 -0.63439 0
    outer loop
      vertex 22.2139 17.0453 1.19
      vertex 21.0515 18.4617 2.6
      vertex 21.0515 18.4617 1.19
    endloop
  endfacet
  facet normal -0.773013 -0.63439 0
    outer loop
      vertex 21.0515 18.4617 2.6
      vertex 22.2139 17.0453 1.19
      vertex 22.2139 17.0453 2.6
    endloop
  endfacet
  facet normal -0.935907 -0.352248 0
    outer loop
      vertex 26.514 9.0003 3.4
      vertex 25.8686 10.7151 120
      vertex 25.8686 10.7151 3.4
    endloop
  endfacet
  facet normal -0.935907 -0.352248 0
    outer loop
      vertex 25.8686 10.7151 120
      vertex 26.514 9.0003 3.4
      vertex 26.514 9.0003 120
    endloop
  endfacet
  facet normal -0.935907 -0.352248 0
    outer loop
      vertex 26.514 9.0003 1.19
      vertex 25.8686 10.7151 2.6
      vertex 25.8686 10.7151 1.19
    endloop
  endfacet
  facet normal -0.935907 -0.352248 0
    outer loop
      vertex 25.8686 10.7151 2.6
      vertex 26.514 9.0003 1.19
      vertex 26.514 9.0003 2.6
    endloop
  endfacet
  facet normal -0.881925 -0.47139 0
    outer loop
      vertex 25.1124 12.3841 3.4
      vertex 24.2487 14 120
      vertex 24.2487 14 3.4
    endloop
  endfacet
  facet normal -0.881925 -0.47139 0
    outer loop
      vertex 24.2487 14 120
      vertex 25.1124 12.3841 3.4
      vertex 25.1124 12.3841 120
    endloop
  endfacet
  facet normal -0.881925 -0.47139 0
    outer loop
      vertex 25.1124 12.3841 1.19
      vertex 24.2487 14 2.6
      vertex 24.2487 14 1.19
    endloop
  endfacet
  facet normal -0.881925 -0.47139 0
    outer loop
      vertex 24.2487 14 2.6
      vertex 25.1124 12.3841 1.19
      vertex 25.1124 12.3841 2.6
    endloop
  endfacet
  facet normal -0.582471 -0.812851 0
    outer loop
      vertex 15.556 23.2811 3.4
      vertex 17.0453 22.2139 120
      vertex 15.556 23.2811 120
    endloop
  endfacet
  facet normal -0.582471 -0.812851 -0
    outer loop
      vertex 17.0453 22.2139 120
      vertex 15.556 23.2811 3.4
      vertex 17.0453 22.2139 3.4
    endloop
  endfacet
  facet normal -0.582471 -0.812851 0
    outer loop
      vertex 15.556 23.2811 1.19
      vertex 17.0453 22.2139 2.6
      vertex 15.556 23.2811 2.6
    endloop
  endfacet
  facet normal -0.582471 -0.812851 -0
    outer loop
      vertex 17.0453 22.2139 2.6
      vertex 15.556 23.2811 1.19
      vertex 17.0453 22.2139 1.19
    endloop
  endfacet
  facet normal -0.729869 -0.683587 0
    outer loop
      vertex 21.0515 18.4617 3.4
      vertex 19.799 19.799 120
      vertex 19.799 19.799 3.4
    endloop
  endfacet
  facet normal -0.729869 -0.683587 0
    outer loop
      vertex 19.799 19.799 120
      vertex 21.0515 18.4617 3.4
      vertex 21.0515 18.4617 120
    endloop
  endfacet
  facet normal -0.729869 -0.683587 0
    outer loop
      vertex 21.0515 18.4617 1.19
      vertex 19.799 19.799 2.6
      vertex 19.799 19.799 1.19
    endloop
  endfacet
  facet normal -0.729869 -0.683587 0
    outer loop
      vertex 19.799 19.799 2.6
      vertex 21.0515 18.4617 1.19
      vertex 21.0515 18.4617 2.6
    endloop
  endfacet
  facet normal 0.47139 0.881925 -0
    outer loop
      vertex -12.3841 -25.1124 3.4
      vertex -14 -24.2487 120
      vertex -12.3841 -25.1124 120
    endloop
  endfacet
  facet normal 0.47139 0.881925 0
    outer loop
      vertex -14 -24.2487 120
      vertex -12.3841 -25.1124 3.4
      vertex -14 -24.2487 3.4
    endloop
  endfacet
  facet normal 0.47139 0.881925 -0
    outer loop
      vertex -12.3841 -25.1124 1.19
      vertex -14 -24.2487 2.6
      vertex -12.3841 -25.1124 2.6
    endloop
  endfacet
  facet normal 0.47139 0.881925 0
    outer loop
      vertex -14 -24.2487 2.6
      vertex -12.3841 -25.1124 1.19
      vertex -14 -24.2487 1.19
    endloop
  endfacet
  facet normal 0.412701 -0.910867 0
    outer loop
      vertex -12.3841 25.1124 3.4
      vertex -10.7151 25.8686 120
      vertex -12.3841 25.1124 120
    endloop
  endfacet
  facet normal 0.412701 -0.910867 0
    outer loop
      vertex -10.7151 25.8686 120
      vertex -12.3841 25.1124 3.4
      vertex -10.7151 25.8686 3.4
    endloop
  endfacet
  facet normal 0.412701 -0.910867 0
    outer loop
      vertex -12.3841 25.1124 1.19
      vertex -10.7151 25.8686 2.6
      vertex -12.3841 25.1124 2.6
    endloop
  endfacet
  facet normal 0.412701 -0.910867 0
    outer loop
      vertex -10.7151 25.8686 2.6
      vertex -12.3841 25.1124 1.19
      vertex -10.7151 25.8686 1.19
    endloop
  endfacet
  facet normal -0.412701 -0.910867 0
    outer loop
      vertex 10.7151 25.8686 3.4
      vertex 12.3841 25.1124 120
      vertex 10.7151 25.8686 120
    endloop
  endfacet
  facet normal -0.412701 -0.910867 -0
    outer loop
      vertex 12.3841 25.1124 120
      vertex 10.7151 25.8686 3.4
      vertex 12.3841 25.1124 3.4
    endloop
  endfacet
  facet normal -0.412701 -0.910867 0
    outer loop
      vertex 10.7151 25.8686 1.19
      vertex 12.3841 25.1124 2.6
      vertex 10.7151 25.8686 2.6
    endloop
  endfacet
  facet normal -0.412701 -0.910867 -0
    outer loop
      vertex 12.3841 25.1124 2.6
      vertex 10.7151 25.8686 1.19
      vertex 12.3841 25.1124 1.19
    endloop
  endfacet
  facet normal -0.0979668 0.99519 0
    outer loop
      vertex 3.65473 -27.7605 3.4
      vertex 1.83129 -27.94 120
      vertex 3.65473 -27.7605 120
    endloop
  endfacet
  facet normal -0.0979668 0.99519 0
    outer loop
      vertex 1.83129 -27.94 120
      vertex 3.65473 -27.7605 3.4
      vertex 1.83129 -27.94 3.4
    endloop
  endfacet
  facet normal -0.0979668 0.99519 0
    outer loop
      vertex 3.65473 -27.7605 1.19
      vertex 1.83129 -27.94 2.6
      vertex 3.65473 -27.7605 2.6
    endloop
  endfacet
  facet normal -0.0979668 0.99519 0
    outer loop
      vertex 1.83129 -27.94 2.6
      vertex 3.65473 -27.7605 1.19
      vertex 1.83129 -27.94 1.19
    endloop
  endfacet
  facet normal -0.352248 0.935907 0
    outer loop
      vertex 10.7151 -25.8686 3.4
      vertex 9.0003 -26.514 120
      vertex 10.7151 -25.8686 120
    endloop
  endfacet
  facet normal -0.352248 0.935907 0
    outer loop
      vertex 9.0003 -26.514 120
      vertex 10.7151 -25.8686 3.4
      vertex 9.0003 -26.514 3.4
    endloop
  endfacet
  facet normal -0.352248 0.935907 0
    outer loop
      vertex 10.7151 -25.8686 1.19
      vertex 9.0003 -26.514 2.6
      vertex 10.7151 -25.8686 2.6
    endloop
  endfacet
  facet normal -0.352248 0.935907 0
    outer loop
      vertex 9.0003 -26.514 2.6
      vertex 10.7151 -25.8686 1.19
      vertex 9.0003 -26.514 1.19
    endloop
  endfacet
  facet normal 0.227095 -0.973873 0
    outer loop
      vertex -7.24693 27.0459 3.4
      vertex -5.46253 27.462 120
      vertex -7.24693 27.0459 120
    endloop
  endfacet
  facet normal 0.227095 -0.973873 0
    outer loop
      vertex -5.46253 27.462 120
      vertex -7.24693 27.0459 3.4
      vertex -5.46253 27.462 3.4
    endloop
  endfacet
  facet normal 0.227095 -0.973873 0
    outer loop
      vertex -7.24693 27.0459 1.19
      vertex -5.46253 27.462 2.6
      vertex -7.24693 27.0459 2.6
    endloop
  endfacet
  facet normal 0.227095 -0.973873 0
    outer loop
      vertex -5.46253 27.462 2.6
      vertex -7.24693 27.0459 1.19
      vertex -5.46253 27.462 1.19
    endloop
  endfacet
  facet normal 0.729869 0.683587 0
    outer loop
      vertex -19.799 -19.799 120
      vertex -21.0515 -18.4617 3.4
      vertex -21.0515 -18.4617 120
    endloop
  endfacet
  facet normal 0.729869 0.683587 0
    outer loop
      vertex -21.0515 -18.4617 3.4
      vertex -19.799 -19.799 120
      vertex -19.799 -19.799 3.4
    endloop
  endfacet
  facet normal 0.729869 0.683587 0
    outer loop
      vertex -19.799 -19.799 2.6
      vertex -21.0515 -18.4617 1.19
      vertex -21.0515 -18.4617 2.6
    endloop
  endfacet
  facet normal 0.729869 0.683587 0
    outer loop
      vertex -21.0515 -18.4617 1.19
      vertex -19.799 -19.799 2.6
      vertex -19.799 -19.799 1.19
    endloop
  endfacet
  facet normal -0.729869 0.683587 0
    outer loop
      vertex 19.799 -19.799 3.4
      vertex 21.0515 -18.4617 120
      vertex 21.0515 -18.4617 3.4
    endloop
  endfacet
  facet normal -0.729869 0.683587 0
    outer loop
      vertex 21.0515 -18.4617 120
      vertex 19.799 -19.799 3.4
      vertex 19.799 -19.799 120
    endloop
  endfacet
  facet normal -0.729869 0.683587 0
    outer loop
      vertex 19.799 -19.799 1.19
      vertex 21.0515 -18.4617 2.6
      vertex 21.0515 -18.4617 1.19
    endloop
  endfacet
  facet normal -0.729869 0.683587 0
    outer loop
      vertex 21.0515 -18.4617 2.6
      vertex 19.799 -19.799 1.19
      vertex 19.799 -19.799 2.6
    endloop
  endfacet
  facet normal 0.63439 -0.773013 0
    outer loop
      vertex -18.4617 21.0515 3.4
      vertex -17.0453 22.2139 120
      vertex -18.4617 21.0515 120
    endloop
  endfacet
  facet normal 0.63439 -0.773013 0
    outer loop
      vertex -17.0453 22.2139 120
      vertex -18.4617 21.0515 3.4
      vertex -17.0453 22.2139 3.4
    endloop
  endfacet
  facet normal 0.63439 -0.773013 0
    outer loop
      vertex -18.4617 21.0515 1.19
      vertex -17.0453 22.2139 2.6
      vertex -18.4617 21.0515 2.6
    endloop
  endfacet
  facet normal 0.63439 -0.773013 0
    outer loop
      vertex -17.0453 22.2139 2.6
      vertex -18.4617 21.0515 1.19
      vertex -17.0453 22.2139 1.19
    endloop
  endfacet
  facet normal 0.528075 -0.849198 0
    outer loop
      vertex -15.556 23.2811 3.4
      vertex -14 24.2487 120
      vertex -15.556 23.2811 120
    endloop
  endfacet
  facet normal 0.528075 -0.849198 0
    outer loop
      vertex -14 24.2487 120
      vertex -15.556 23.2811 3.4
      vertex -14 24.2487 3.4
    endloop
  endfacet
  facet normal 0.528075 -0.849198 0
    outer loop
      vertex -15.556 23.2811 1.19
      vertex -14 24.2487 2.6
      vertex -15.556 23.2811 2.6
    endloop
  endfacet
  facet normal 0.528075 -0.849198 0
    outer loop
      vertex -14 24.2487 2.6
      vertex -15.556 23.2811 1.19
      vertex -14 24.2487 1.19
    endloop
  endfacet
  facet normal -0.935907 0.352248 0
    outer loop
      vertex 25.8686 -10.7151 3.4
      vertex 26.514 -9.0003 120
      vertex 26.514 -9.0003 3.4
    endloop
  endfacet
  facet normal -0.935907 0.352248 0
    outer loop
      vertex 26.514 -9.0003 120
      vertex 25.8686 -10.7151 3.4
      vertex 25.8686 -10.7151 120
    endloop
  endfacet
  facet normal -0.935907 0.352248 0
    outer loop
      vertex 25.8686 -10.7151 1.19
      vertex 26.514 -9.0003 2.6
      vertex 26.514 -9.0003 1.19
    endloop
  endfacet
  facet normal -0.935907 0.352248 0
    outer loop
      vertex 26.514 -9.0003 2.6
      vertex 25.8686 -10.7151 1.19
      vertex 25.8686 -10.7151 2.6
    endloop
  endfacet
  facet normal 0.729869 -0.683587 0
    outer loop
      vertex -21.0515 18.4617 120
      vertex -19.799 19.799 3.4
      vertex -19.799 19.799 120
    endloop
  endfacet
  facet normal 0.729869 -0.683587 0
    outer loop
      vertex -19.799 19.799 3.4
      vertex -21.0515 18.4617 120
      vertex -21.0515 18.4617 3.4
    endloop
  endfacet
  facet normal 0.729869 -0.683587 0
    outer loop
      vertex -21.0515 18.4617 2.6
      vertex -19.799 19.799 1.19
      vertex -19.799 19.799 2.6
    endloop
  endfacet
  facet normal 0.729869 -0.683587 0
    outer loop
      vertex -19.799 19.799 1.19
      vertex -21.0515 18.4617 2.6
      vertex -21.0515 18.4617 1.19
    endloop
  endfacet
  facet normal 0.0979668 0.99519 -0
    outer loop
      vertex -1.83129 -27.94 3.4
      vertex -3.65473 -27.7605 120
      vertex -1.83129 -27.94 120
    endloop
  endfacet
  facet normal 0.0979668 0.99519 0
    outer loop
      vertex -3.65473 -27.7605 120
      vertex -1.83129 -27.94 3.4
      vertex -3.65473 -27.7605 3.4
    endloop
  endfacet
  facet normal 0.0979668 0.99519 -0
    outer loop
      vertex -1.83129 -27.94 1.19
      vertex -3.65473 -27.7605 2.6
      vertex -1.83129 -27.94 2.6
    endloop
  endfacet
  facet normal 0.0979668 0.99519 0
    outer loop
      vertex -3.65473 -27.7605 2.6
      vertex -1.83129 -27.94 1.19
      vertex -3.65473 -27.7605 1.19
    endloop
  endfacet
  facet normal 0.956937 0.290295 0
    outer loop
      vertex -26.514 -9.0003 120
      vertex -27.0459 -7.24693 3.4
      vertex -27.0459 -7.24693 120
    endloop
  endfacet
  facet normal 0.956937 0.290295 0
    outer loop
      vertex -27.0459 -7.24693 3.4
      vertex -26.514 -9.0003 120
      vertex -26.514 -9.0003 3.4
    endloop
  endfacet
  facet normal 0.956937 0.290295 0
    outer loop
      vertex -26.514 -9.0003 2.6
      vertex -27.0459 -7.24693 1.19
      vertex -27.0459 -7.24693 2.6
    endloop
  endfacet
  facet normal 0.956937 0.290295 0
    outer loop
      vertex -27.0459 -7.24693 1.19
      vertex -26.514 -9.0003 2.6
      vertex -26.514 -9.0003 1.19
    endloop
  endfacet
  facet normal 0.162912 -0.986641 0
    outer loop
      vertex -5.46253 27.462 3.4
      vertex -3.65473 27.7605 120
      vertex -5.46253 27.462 120
    endloop
  endfacet
  facet normal 0.162912 -0.986641 0
    outer loop
      vertex -3.65473 27.7605 120
      vertex -5.46253 27.462 3.4
      vertex -3.65473 27.7605 3.4
    endloop
  endfacet
  facet normal 0.162912 -0.986641 0
    outer loop
      vertex -5.46253 27.462 1.19
      vertex -3.65473 27.7605 2.6
      vertex -5.46253 27.462 2.6
    endloop
  endfacet
  facet normal 0.162912 -0.986641 0
    outer loop
      vertex -3.65473 27.7605 2.6
      vertex -5.46253 27.462 1.19
      vertex -3.65473 27.7605 1.19
    endloop
  endfacet
  facet normal 0.582471 0.812851 -0
    outer loop
      vertex -15.556 -23.2811 3.4
      vertex -17.0453 -22.2139 120
      vertex -15.556 -23.2811 120
    endloop
  endfacet
  facet normal 0.582471 0.812851 0
    outer loop
      vertex -17.0453 -22.2139 120
      vertex -15.556 -23.2811 3.4
      vertex -17.0453 -22.2139 3.4
    endloop
  endfacet
  facet normal 0.582471 0.812851 -0
    outer loop
      vertex -15.556 -23.2811 1.19
      vertex -17.0453 -22.2139 2.6
      vertex -15.556 -23.2811 2.6
    endloop
  endfacet
  facet normal 0.582471 0.812851 0
    outer loop
      vertex -17.0453 -22.2139 2.6
      vertex -15.556 -23.2811 1.19
      vertex -17.0453 -22.2139 1.19
    endloop
  endfacet
  facet normal 0.773013 -0.63439 0
    outer loop
      vertex -22.2139 17.0453 120
      vertex -21.0515 18.4617 3.4
      vertex -21.0515 18.4617 120
    endloop
  endfacet
  facet normal 0.773013 -0.63439 0
    outer loop
      vertex -21.0515 18.4617 3.4
      vertex -22.2139 17.0453 120
      vertex -22.2139 17.0453 3.4
    endloop
  endfacet
  facet normal 0.773013 -0.63439 0
    outer loop
      vertex -22.2139 17.0453 2.6
      vertex -21.0515 18.4617 1.19
      vertex -21.0515 18.4617 2.6
    endloop
  endfacet
  facet normal 0.773013 -0.63439 0
    outer loop
      vertex -21.0515 18.4617 1.19
      vertex -22.2139 17.0453 2.6
      vertex -22.2139 17.0453 1.19
    endloop
  endfacet
  facet normal -0.683587 0.729869 0
    outer loop
      vertex 19.799 -19.799 3.4
      vertex 18.4617 -21.0515 120
      vertex 19.799 -19.799 120
    endloop
  endfacet
  facet normal -0.683587 0.729869 0
    outer loop
      vertex 18.4617 -21.0515 120
      vertex 19.799 -19.799 3.4
      vertex 18.4617 -21.0515 3.4
    endloop
  endfacet
  facet normal -0.683587 0.729869 0
    outer loop
      vertex 19.799 -19.799 1.19
      vertex 18.4617 -21.0515 2.6
      vertex 19.799 -19.799 2.6
    endloop
  endfacet
  facet normal -0.683587 0.729869 0
    outer loop
      vertex 18.4617 -21.0515 2.6
      vertex 19.799 -19.799 1.19
      vertex 18.4617 -21.0515 1.19
    endloop
  endfacet
  facet normal -0.290295 0.956937 0
    outer loop
      vertex 9.0003 -26.514 3.4
      vertex 7.24693 -27.0459 120
      vertex 9.0003 -26.514 120
    endloop
  endfacet
  facet normal -0.290295 0.956937 0
    outer loop
      vertex 7.24693 -27.0459 120
      vertex 9.0003 -26.514 3.4
      vertex 7.24693 -27.0459 3.4
    endloop
  endfacet
  facet normal -0.290295 0.956937 0
    outer loop
      vertex 9.0003 -26.514 1.19
      vertex 7.24693 -27.0459 2.6
      vertex 9.0003 -26.514 2.6
    endloop
  endfacet
  facet normal -0.290295 0.956937 0
    outer loop
      vertex 7.24693 -27.0459 2.6
      vertex 9.0003 -26.514 1.19
      vertex 7.24693 -27.0459 1.19
    endloop
  endfacet
  facet normal 0.352248 0.935907 -0
    outer loop
      vertex -9.0003 -26.514 3.4
      vertex -10.7151 -25.8686 120
      vertex -9.0003 -26.514 120
    endloop
  endfacet
  facet normal 0.352248 0.935907 0
    outer loop
      vertex -10.7151 -25.8686 120
      vertex -9.0003 -26.514 3.4
      vertex -10.7151 -25.8686 3.4
    endloop
  endfacet
  facet normal 0.352248 0.935907 -0
    outer loop
      vertex -9.0003 -26.514 1.19
      vertex -10.7151 -25.8686 2.6
      vertex -9.0003 -26.514 2.6
    endloop
  endfacet
  facet normal 0.352248 0.935907 0
    outer loop
      vertex -10.7151 -25.8686 2.6
      vertex -9.0003 -26.514 1.19
      vertex -10.7151 -25.8686 1.19
    endloop
  endfacet
  facet normal -0.973873 -0.227095 0
    outer loop
      vertex 27.462 5.46253 3.4
      vertex 27.0459 7.24693 120
      vertex 27.0459 7.24693 3.4
    endloop
  endfacet
  facet normal -0.973873 -0.227095 0
    outer loop
      vertex 27.0459 7.24693 120
      vertex 27.462 5.46253 3.4
      vertex 27.462 5.46253 120
    endloop
  endfacet
  facet normal -0.973873 -0.227095 0
    outer loop
      vertex 27.462 5.46253 1.19
      vertex 27.0459 7.24693 2.6
      vertex 27.0459 7.24693 1.19
    endloop
  endfacet
  facet normal -0.973873 -0.227095 0
    outer loop
      vertex 27.0459 7.24693 2.6
      vertex 27.462 5.46253 1.19
      vertex 27.462 5.46253 2.6
    endloop
  endfacet
  facet normal -0.812851 0.582471 0
    outer loop
      vertex 22.2139 -17.0453 3.4
      vertex 23.2811 -15.556 120
      vertex 23.2811 -15.556 3.4
    endloop
  endfacet
  facet normal -0.812851 0.582471 0
    outer loop
      vertex 23.2811 -15.556 120
      vertex 22.2139 -17.0453 3.4
      vertex 22.2139 -17.0453 120
    endloop
  endfacet
  facet normal -0.812851 0.582471 0
    outer loop
      vertex 22.2139 -17.0453 1.19
      vertex 23.2811 -15.556 2.6
      vertex 23.2811 -15.556 1.19
    endloop
  endfacet
  facet normal -0.812851 0.582471 0
    outer loop
      vertex 23.2811 -15.556 2.6
      vertex 22.2139 -17.0453 1.19
      vertex 22.2139 -17.0453 2.6
    endloop
  endfacet
  facet normal 0.910867 0.412701 0
    outer loop
      vertex -25.1124 -12.3841 120
      vertex -25.8686 -10.7151 3.4
      vertex -25.8686 -10.7151 120
    endloop
  endfacet
  facet normal 0.910867 0.412701 0
    outer loop
      vertex -25.8686 -10.7151 3.4
      vertex -25.1124 -12.3841 120
      vertex -25.1124 -12.3841 3.4
    endloop
  endfacet
  facet normal 0.910867 0.412701 0
    outer loop
      vertex -25.1124 -12.3841 2.6
      vertex -25.8686 -10.7151 1.19
      vertex -25.8686 -10.7151 2.6
    endloop
  endfacet
  facet normal 0.910867 0.412701 0
    outer loop
      vertex -25.8686 -10.7151 1.19
      vertex -25.1124 -12.3841 2.6
      vertex -25.1124 -12.3841 1.19
    endloop
  endfacet
  facet normal 0.773013 0.63439 0
    outer loop
      vertex -21.0515 -18.4617 120
      vertex -22.2139 -17.0453 3.4
      vertex -22.2139 -17.0453 120
    endloop
  endfacet
  facet normal 0.773013 0.63439 0
    outer loop
      vertex -22.2139 -17.0453 3.4
      vertex -21.0515 -18.4617 120
      vertex -21.0515 -18.4617 3.4
    endloop
  endfacet
  facet normal 0.773013 0.63439 0
    outer loop
      vertex -21.0515 -18.4617 2.6
      vertex -22.2139 -17.0453 1.19
      vertex -22.2139 -17.0453 2.6
    endloop
  endfacet
  facet normal 0.773013 0.63439 0
    outer loop
      vertex -22.2139 -17.0453 1.19
      vertex -21.0515 -18.4617 2.6
      vertex -21.0515 -18.4617 1.19
    endloop
  endfacet
  facet normal 0.582471 -0.812851 0
    outer loop
      vertex -17.0453 22.2139 3.4
      vertex -15.556 23.2811 120
      vertex -17.0453 22.2139 120
    endloop
  endfacet
  facet normal 0.582471 -0.812851 0
    outer loop
      vertex -15.556 23.2811 120
      vertex -17.0453 22.2139 3.4
      vertex -15.556 23.2811 3.4
    endloop
  endfacet
  facet normal 0.582471 -0.812851 0
    outer loop
      vertex -17.0453 22.2139 1.19
      vertex -15.556 23.2811 2.6
      vertex -17.0453 22.2139 2.6
    endloop
  endfacet
  facet normal 0.582471 -0.812851 0
    outer loop
      vertex -15.556 23.2811 2.6
      vertex -17.0453 22.2139 1.19
      vertex -15.556 23.2811 1.19
    endloop
  endfacet
  facet normal 0.849198 0.528075 0
    outer loop
      vertex -23.2811 -15.556 120
      vertex -24.2487 -14 3.4
      vertex -24.2487 -14 120
    endloop
  endfacet
  facet normal 0.849198 0.528075 0
    outer loop
      vertex -24.2487 -14 3.4
      vertex -23.2811 -15.556 120
      vertex -23.2811 -15.556 3.4
    endloop
  endfacet
  facet normal 0.849198 0.528075 0
    outer loop
      vertex -23.2811 -15.556 2.6
      vertex -24.2487 -14 1.19
      vertex -24.2487 -14 2.6
    endloop
  endfacet
  facet normal 0.849198 0.528075 0
    outer loop
      vertex -24.2487 -14 1.19
      vertex -23.2811 -15.556 2.6
      vertex -23.2811 -15.556 1.19
    endloop
  endfacet
  facet normal 0.0327462 0.999464 -0
    outer loop
      vertex 0 -28 3.4
      vertex -1.83129 -27.94 120
      vertex 0 -28 120
    endloop
  endfacet
  facet normal 0.0327462 0.999464 0
    outer loop
      vertex -1.83129 -27.94 120
      vertex 0 -28 3.4
      vertex -1.83129 -27.94 3.4
    endloop
  endfacet
  facet normal 0.0327462 0.999464 -0
    outer loop
      vertex 0 -28 1.19
      vertex -1.83129 -27.94 2.6
      vertex 0 -28 2.6
    endloop
  endfacet
  facet normal 0.0327462 0.999464 0
    outer loop
      vertex -1.83129 -27.94 2.6
      vertex 0 -28 1.19
      vertex -1.83129 -27.94 1.19
    endloop
  endfacet
  facet normal 0.812851 -0.582471 0
    outer loop
      vertex -23.2811 15.556 120
      vertex -22.2139 17.0453 3.4
      vertex -22.2139 17.0453 120
    endloop
  endfacet
  facet normal 0.812851 -0.582471 0
    outer loop
      vertex -22.2139 17.0453 3.4
      vertex -23.2811 15.556 120
      vertex -23.2811 15.556 3.4
    endloop
  endfacet
  facet normal 0.812851 -0.582471 0
    outer loop
      vertex -23.2811 15.556 2.6
      vertex -22.2139 17.0453 1.19
      vertex -22.2139 17.0453 2.6
    endloop
  endfacet
  facet normal 0.812851 -0.582471 0
    outer loop
      vertex -22.2139 17.0453 1.19
      vertex -23.2811 15.556 2.6
      vertex -23.2811 15.556 1.19
    endloop
  endfacet
  facet normal 0.986641 0.162912 0
    outer loop
      vertex -27.462 -5.46253 120
      vertex -27.7605 -3.65473 3.4
      vertex -27.7605 -3.65473 120
    endloop
  endfacet
  facet normal 0.986641 0.162912 0
    outer loop
      vertex -27.7605 -3.65473 3.4
      vertex -27.462 -5.46253 120
      vertex -27.462 -5.46253 3.4
    endloop
  endfacet
  facet normal 0.986641 0.162912 0
    outer loop
      vertex -27.462 -5.46253 2.6
      vertex -27.7605 -3.65473 1.19
      vertex -27.7605 -3.65473 2.6
    endloop
  endfacet
  facet normal 0.986641 0.162912 0
    outer loop
      vertex -27.7605 -3.65473 1.19
      vertex -27.462 -5.46253 2.6
      vertex -27.462 -5.46253 1.19
    endloop
  endfacet
  facet normal -0.910867 -0.412701 0
    outer loop
      vertex 25.8686 10.7151 3.4
      vertex 25.1124 12.3841 120
      vertex 25.1124 12.3841 3.4
    endloop
  endfacet
  facet normal -0.910867 -0.412701 0
    outer loop
      vertex 25.1124 12.3841 120
      vertex 25.8686 10.7151 3.4
      vertex 25.8686 10.7151 120
    endloop
  endfacet
  facet normal -0.910867 -0.412701 0
    outer loop
      vertex 25.8686 10.7151 1.19
      vertex 25.1124 12.3841 2.6
      vertex 25.1124 12.3841 1.19
    endloop
  endfacet
  facet normal -0.910867 -0.412701 0
    outer loop
      vertex 25.1124 12.3841 2.6
      vertex 25.8686 10.7151 1.19
      vertex 25.8686 10.7151 2.6
    endloop
  endfacet
  facet normal -0.227095 0.973873 0
    outer loop
      vertex 7.24693 -27.0459 3.4
      vertex 5.46253 -27.462 120
      vertex 7.24693 -27.0459 120
    endloop
  endfacet
  facet normal -0.227095 0.973873 0
    outer loop
      vertex 5.46253 -27.462 120
      vertex 7.24693 -27.0459 3.4
      vertex 5.46253 -27.462 3.4
    endloop
  endfacet
  facet normal -0.227095 0.973873 0
    outer loop
      vertex 7.24693 -27.0459 1.19
      vertex 5.46253 -27.462 2.6
      vertex 7.24693 -27.0459 2.6
    endloop
  endfacet
  facet normal -0.227095 0.973873 0
    outer loop
      vertex 5.46253 -27.462 2.6
      vertex 7.24693 -27.0459 1.19
      vertex 5.46253 -27.462 1.19
    endloop
  endfacet
  facet normal 0.528075 0.849198 -0
    outer loop
      vertex -14 -24.2487 3.4
      vertex -15.556 -23.2811 120
      vertex -14 -24.2487 120
    endloop
  endfacet
  facet normal 0.528075 0.849198 0
    outer loop
      vertex -15.556 -23.2811 120
      vertex -14 -24.2487 3.4
      vertex -15.556 -23.2811 3.4
    endloop
  endfacet
  facet normal 0.528075 0.849198 -0
    outer loop
      vertex -14 -24.2487 1.19
      vertex -15.556 -23.2811 2.6
      vertex -14 -24.2487 2.6
    endloop
  endfacet
  facet normal 0.528075 0.849198 0
    outer loop
      vertex -15.556 -23.2811 2.6
      vertex -14 -24.2487 1.19
      vertex -15.556 -23.2811 1.19
    endloop
  endfacet
  facet normal -0.881925 0.47139 0
    outer loop
      vertex 24.2487 -14 3.4
      vertex 25.1124 -12.3841 120
      vertex 25.1124 -12.3841 3.4
    endloop
  endfacet
  facet normal -0.881925 0.47139 0
    outer loop
      vertex 25.1124 -12.3841 120
      vertex 24.2487 -14 3.4
      vertex 24.2487 -14 120
    endloop
  endfacet
  facet normal -0.881925 0.47139 0
    outer loop
      vertex 24.2487 -14 1.19
      vertex 25.1124 -12.3841 2.6
      vertex 25.1124 -12.3841 1.19
    endloop
  endfacet
  facet normal -0.881925 0.47139 0
    outer loop
      vertex 25.1124 -12.3841 2.6
      vertex 24.2487 -14 1.19
      vertex 24.2487 -14 2.6
    endloop
  endfacet
  facet normal -0.290295 -0.956937 0
    outer loop
      vertex 7.24693 27.0459 3.4
      vertex 9.0003 26.514 120
      vertex 7.24693 27.0459 120
    endloop
  endfacet
  facet normal -0.290295 -0.956937 -0
    outer loop
      vertex 9.0003 26.514 120
      vertex 7.24693 27.0459 3.4
      vertex 9.0003 26.514 3.4
    endloop
  endfacet
  facet normal -0.290295 -0.956937 0
    outer loop
      vertex 7.24693 27.0459 1.19
      vertex 9.0003 26.514 2.6
      vertex 7.24693 27.0459 2.6
    endloop
  endfacet
  facet normal -0.290295 -0.956937 -0
    outer loop
      vertex 9.0003 26.514 2.6
      vertex 7.24693 27.0459 1.19
      vertex 9.0003 26.514 1.19
    endloop
  endfacet
  facet normal -0.849198 -0.528075 0
    outer loop
      vertex 24.2487 14 3.4
      vertex 23.2811 15.556 120
      vertex 23.2811 15.556 3.4
    endloop
  endfacet
  facet normal -0.849198 -0.528075 0
    outer loop
      vertex 23.2811 15.556 120
      vertex 24.2487 14 3.4
      vertex 24.2487 14 120
    endloop
  endfacet
  facet normal -0.849198 -0.528075 0
    outer loop
      vertex 24.2487 14 1.19
      vertex 23.2811 15.556 2.6
      vertex 23.2811 15.556 1.19
    endloop
  endfacet
  facet normal -0.849198 -0.528075 0
    outer loop
      vertex 23.2811 15.556 2.6
      vertex 24.2487 14 1.19
      vertex 24.2487 14 2.6
    endloop
  endfacet
  facet normal 0.973873 -0.227095 0
    outer loop
      vertex -27.462 5.46253 120
      vertex -27.0459 7.24693 3.4
      vertex -27.0459 7.24693 120
    endloop
  endfacet
  facet normal 0.973873 -0.227095 0
    outer loop
      vertex -27.0459 7.24693 3.4
      vertex -27.462 5.46253 120
      vertex -27.462 5.46253 3.4
    endloop
  endfacet
  facet normal 0.973873 -0.227095 0
    outer loop
      vertex -27.462 5.46253 2.6
      vertex -27.0459 7.24693 1.19
      vertex -27.0459 7.24693 2.6
    endloop
  endfacet
  facet normal 0.973873 -0.227095 0
    outer loop
      vertex -27.0459 7.24693 1.19
      vertex -27.462 5.46253 2.6
      vertex -27.462 5.46253 1.19
    endloop
  endfacet
  facet normal 0.290295 0.956937 -0
    outer loop
      vertex -7.24693 -27.0459 3.4
      vertex -9.0003 -26.514 120
      vertex -7.24693 -27.0459 120
    endloop
  endfacet
  facet normal 0.290295 0.956937 0
    outer loop
      vertex -9.0003 -26.514 120
      vertex -7.24693 -27.0459 3.4
      vertex -9.0003 -26.514 3.4
    endloop
  endfacet
  facet normal 0.290295 0.956937 -0
    outer loop
      vertex -7.24693 -27.0459 1.19
      vertex -9.0003 -26.514 2.6
      vertex -7.24693 -27.0459 2.6
    endloop
  endfacet
  facet normal 0.290295 0.956937 0
    outer loop
      vertex -9.0003 -26.514 2.6
      vertex -7.24693 -27.0459 1.19
      vertex -9.0003 -26.514 1.19
    endloop
  endfacet
  facet normal -0.683587 -0.729869 0
    outer loop
      vertex 18.4617 21.0515 3.4
      vertex 19.799 19.799 120
      vertex 18.4617 21.0515 120
    endloop
  endfacet
  facet normal -0.683587 -0.729869 -0
    outer loop
      vertex 19.799 19.799 120
      vertex 18.4617 21.0515 3.4
      vertex 19.799 19.799 3.4
    endloop
  endfacet
  facet normal -0.683587 -0.729869 0
    outer loop
      vertex 18.4617 21.0515 1.19
      vertex 19.799 19.799 2.6
      vertex 18.4617 21.0515 2.6
    endloop
  endfacet
  facet normal -0.683587 -0.729869 -0
    outer loop
      vertex 19.799 19.799 2.6
      vertex 18.4617 21.0515 1.19
      vertex 19.799 19.799 1.19
    endloop
  endfacet
  facet normal 0.973873 0.227095 0
    outer loop
      vertex -27.0459 -7.24693 120
      vertex -27.462 -5.46253 3.4
      vertex -27.462 -5.46253 120
    endloop
  endfacet
  facet normal 0.973873 0.227095 0
    outer loop
      vertex -27.462 -5.46253 3.4
      vertex -27.0459 -7.24693 120
      vertex -27.0459 -7.24693 3.4
    endloop
  endfacet
  facet normal 0.973873 0.227095 0
    outer loop
      vertex -27.0459 -7.24693 2.6
      vertex -27.462 -5.46253 1.19
      vertex -27.462 -5.46253 2.6
    endloop
  endfacet
  facet normal 0.973873 0.227095 0
    outer loop
      vertex -27.462 -5.46253 1.19
      vertex -27.0459 -7.24693 2.6
      vertex -27.0459 -7.24693 1.19
    endloop
  endfacet
  facet normal 0.812851 0.582471 0
    outer loop
      vertex -22.2139 -17.0453 120
      vertex -23.2811 -15.556 3.4
      vertex -23.2811 -15.556 120
    endloop
  endfacet
  facet normal 0.812851 0.582471 0
    outer loop
      vertex -23.2811 -15.556 3.4
      vertex -22.2139 -17.0453 120
      vertex -22.2139 -17.0453 3.4
    endloop
  endfacet
  facet normal 0.812851 0.582471 0
    outer loop
      vertex -22.2139 -17.0453 2.6
      vertex -23.2811 -15.556 1.19
      vertex -23.2811 -15.556 2.6
    endloop
  endfacet
  facet normal 0.812851 0.582471 0
    outer loop
      vertex -23.2811 -15.556 1.19
      vertex -22.2139 -17.0453 2.6
      vertex -22.2139 -17.0453 1.19
    endloop
  endfacet
  facet normal 0.683587 0.729869 -0
    outer loop
      vertex -18.4617 -21.0515 3.4
      vertex -19.799 -19.799 120
      vertex -18.4617 -21.0515 120
    endloop
  endfacet
  facet normal 0.683587 0.729869 0
    outer loop
      vertex -19.799 -19.799 120
      vertex -18.4617 -21.0515 3.4
      vertex -19.799 -19.799 3.4
    endloop
  endfacet
  facet normal 0.683587 0.729869 -0
    outer loop
      vertex -18.4617 -21.0515 1.19
      vertex -19.799 -19.799 2.6
      vertex -18.4617 -21.0515 2.6
    endloop
  endfacet
  facet normal 0.683587 0.729869 0
    outer loop
      vertex -19.799 -19.799 2.6
      vertex -18.4617 -21.0515 1.19
      vertex -19.799 -19.799 1.19
    endloop
  endfacet
  facet normal -0.63439 -0.773013 0
    outer loop
      vertex 17.0453 22.2139 3.4
      vertex 18.4617 21.0515 120
      vertex 17.0453 22.2139 120
    endloop
  endfacet
  facet normal -0.63439 -0.773013 -0
    outer loop
      vertex 18.4617 21.0515 120
      vertex 17.0453 22.2139 3.4
      vertex 18.4617 21.0515 3.4
    endloop
  endfacet
  facet normal -0.63439 -0.773013 0
    outer loop
      vertex 17.0453 22.2139 1.19
      vertex 18.4617 21.0515 2.6
      vertex 17.0453 22.2139 2.6
    endloop
  endfacet
  facet normal -0.63439 -0.773013 -0
    outer loop
      vertex 18.4617 21.0515 2.6
      vertex 17.0453 22.2139 1.19
      vertex 18.4617 21.0515 1.19
    endloop
  endfacet
  facet normal 0.63439 0.773013 -0
    outer loop
      vertex -17.0453 -22.2139 3.4
      vertex -18.4617 -21.0515 120
      vertex -17.0453 -22.2139 120
    endloop
  endfacet
  facet normal 0.63439 0.773013 0
    outer loop
      vertex -18.4617 -21.0515 120
      vertex -17.0453 -22.2139 3.4
      vertex -18.4617 -21.0515 3.4
    endloop
  endfacet
  facet normal 0.63439 0.773013 -0
    outer loop
      vertex -17.0453 -22.2139 1.19
      vertex -18.4617 -21.0515 2.6
      vertex -17.0453 -22.2139 2.6
    endloop
  endfacet
  facet normal 0.63439 0.773013 0
    outer loop
      vertex -18.4617 -21.0515 2.6
      vertex -17.0453 -22.2139 1.19
      vertex -18.4617 -21.0515 1.19
    endloop
  endfacet
  facet normal -0.162912 -0.986641 0
    outer loop
      vertex 3.65473 27.7605 3.4
      vertex 5.46253 27.462 120
      vertex 3.65473 27.7605 120
    endloop
  endfacet
  facet normal -0.162912 -0.986641 -0
    outer loop
      vertex 5.46253 27.462 120
      vertex 3.65473 27.7605 3.4
      vertex 5.46253 27.462 3.4
    endloop
  endfacet
  facet normal -0.162912 -0.986641 0
    outer loop
      vertex 3.65473 27.7605 1.19
      vertex 5.46253 27.462 2.6
      vertex 3.65473 27.7605 2.6
    endloop
  endfacet
  facet normal -0.162912 -0.986641 -0
    outer loop
      vertex 5.46253 27.462 2.6
      vertex 3.65473 27.7605 1.19
      vertex 5.46253 27.462 1.19
    endloop
  endfacet
  facet normal -0.0327462 0.999464 0
    outer loop
      vertex 1.83129 -27.94 3.4
      vertex 0 -28 120
      vertex 1.83129 -27.94 120
    endloop
  endfacet
  facet normal -0.0327462 0.999464 0
    outer loop
      vertex 0 -28 120
      vertex 1.83129 -27.94 3.4
      vertex 0 -28 3.4
    endloop
  endfacet
  facet normal -0.0327462 0.999464 0
    outer loop
      vertex 1.83129 -27.94 1.19
      vertex 0 -28 2.6
      vertex 1.83129 -27.94 2.6
    endloop
  endfacet
  facet normal -0.0327462 0.999464 0
    outer loop
      vertex 0 -28 2.6
      vertex 1.83129 -27.94 1.19
      vertex 0 -28 1.19
    endloop
  endfacet
  facet normal -0.528075 0.849198 0
    outer loop
      vertex 15.556 -23.2811 3.4
      vertex 14 -24.2487 120
      vertex 15.556 -23.2811 120
    endloop
  endfacet
  facet normal -0.528075 0.849198 0
    outer loop
      vertex 14 -24.2487 120
      vertex 15.556 -23.2811 3.4
      vertex 14 -24.2487 3.4
    endloop
  endfacet
  facet normal -0.528075 0.849198 0
    outer loop
      vertex 15.556 -23.2811 1.19
      vertex 14 -24.2487 2.6
      vertex 15.556 -23.2811 2.6
    endloop
  endfacet
  facet normal -0.528075 0.849198 0
    outer loop
      vertex 14 -24.2487 2.6
      vertex 15.556 -23.2811 1.19
      vertex 14 -24.2487 1.19
    endloop
  endfacet
  facet normal -0.812851 -0.582471 0
    outer loop
      vertex 23.2811 15.556 3.4
      vertex 22.2139 17.0453 120
      vertex 22.2139 17.0453 3.4
    endloop
  endfacet
  facet normal -0.812851 -0.582471 0
    outer loop
      vertex 22.2139 17.0453 120
      vertex 23.2811 15.556 3.4
      vertex 23.2811 15.556 120
    endloop
  endfacet
  facet normal -0.812851 -0.582471 0
    outer loop
      vertex 23.2811 15.556 1.19
      vertex 22.2139 17.0453 2.6
      vertex 22.2139 17.0453 1.19
    endloop
  endfacet
  facet normal -0.812851 -0.582471 0
    outer loop
      vertex 22.2139 17.0453 2.6
      vertex 23.2811 15.556 1.19
      vertex 23.2811 15.556 2.6
    endloop
  endfacet
  facet normal -0.956937 0.290295 0
    outer loop
      vertex 26.514 -9.0003 3.4
      vertex 27.0459 -7.24693 120
      vertex 27.0459 -7.24693 3.4
    endloop
  endfacet
  facet normal -0.956937 0.290295 0
    outer loop
      vertex 27.0459 -7.24693 120
      vertex 26.514 -9.0003 3.4
      vertex 26.514 -9.0003 120
    endloop
  endfacet
  facet normal -0.956937 0.290295 0
    outer loop
      vertex 26.514 -9.0003 1.19
      vertex 27.0459 -7.24693 2.6
      vertex 27.0459 -7.24693 1.19
    endloop
  endfacet
  facet normal -0.956937 0.290295 0
    outer loop
      vertex 27.0459 -7.24693 2.6
      vertex 26.514 -9.0003 1.19
      vertex 26.514 -9.0003 2.6
    endloop
  endfacet
  facet normal 0.352248 -0.935907 0
    outer loop
      vertex -10.7151 25.8686 3.4
      vertex -9.0003 26.514 120
      vertex -10.7151 25.8686 120
    endloop
  endfacet
  facet normal 0.352248 -0.935907 0
    outer loop
      vertex -9.0003 26.514 120
      vertex -10.7151 25.8686 3.4
      vertex -9.0003 26.514 3.4
    endloop
  endfacet
  facet normal 0.352248 -0.935907 0
    outer loop
      vertex -10.7151 25.8686 1.19
      vertex -9.0003 26.514 2.6
      vertex -10.7151 25.8686 2.6
    endloop
  endfacet
  facet normal 0.352248 -0.935907 0
    outer loop
      vertex -9.0003 26.514 2.6
      vertex -10.7151 25.8686 1.19
      vertex -9.0003 26.514 1.19
    endloop
  endfacet
  facet normal -0.773013 0.63439 0
    outer loop
      vertex 21.0515 -18.4617 3.4
      vertex 22.2139 -17.0453 120
      vertex 22.2139 -17.0453 3.4
    endloop
  endfacet
  facet normal -0.773013 0.63439 0
    outer loop
      vertex 22.2139 -17.0453 120
      vertex 21.0515 -18.4617 3.4
      vertex 21.0515 -18.4617 120
    endloop
  endfacet
  facet normal -0.773013 0.63439 0
    outer loop
      vertex 21.0515 -18.4617 1.19
      vertex 22.2139 -17.0453 2.6
      vertex 22.2139 -17.0453 1.19
    endloop
  endfacet
  facet normal -0.773013 0.63439 0
    outer loop
      vertex 22.2139 -17.0453 2.6
      vertex 21.0515 -18.4617 1.19
      vertex 21.0515 -18.4617 2.6
    endloop
  endfacet
  facet normal -0.910867 0.412701 0
    outer loop
      vertex 25.1124 -12.3841 3.4
      vertex 25.8686 -10.7151 120
      vertex 25.8686 -10.7151 3.4
    endloop
  endfacet
  facet normal -0.910867 0.412701 0
    outer loop
      vertex 25.8686 -10.7151 120
      vertex 25.1124 -12.3841 3.4
      vertex 25.1124 -12.3841 120
    endloop
  endfacet
  facet normal -0.910867 0.412701 0
    outer loop
      vertex 25.1124 -12.3841 1.19
      vertex 25.8686 -10.7151 2.6
      vertex 25.8686 -10.7151 1.19
    endloop
  endfacet
  facet normal -0.910867 0.412701 0
    outer loop
      vertex 25.8686 -10.7151 2.6
      vertex 25.1124 -12.3841 1.19
      vertex 25.1124 -12.3841 2.6
    endloop
  endfacet
  facet normal 0.683587 -0.729869 0
    outer loop
      vertex -19.799 19.799 3.4
      vertex -18.4617 21.0515 120
      vertex -19.799 19.799 120
    endloop
  endfacet
  facet normal 0.683587 -0.729869 0
    outer loop
      vertex -18.4617 21.0515 120
      vertex -19.799 19.799 3.4
      vertex -18.4617 21.0515 3.4
    endloop
  endfacet
  facet normal 0.683587 -0.729869 0
    outer loop
      vertex -19.799 19.799 1.19
      vertex -18.4617 21.0515 2.6
      vertex -19.799 19.799 2.6
    endloop
  endfacet
  facet normal 0.683587 -0.729869 0
    outer loop
      vertex -18.4617 21.0515 2.6
      vertex -19.799 19.799 1.19
      vertex -18.4617 21.0515 1.19
    endloop
  endfacet
  facet normal 0.999464 -0.0327462 0
    outer loop
      vertex -28 0 120
      vertex -27.94 1.83129 3.4
      vertex -27.94 1.83129 120
    endloop
  endfacet
  facet normal 0.999464 -0.0327462 0
    outer loop
      vertex -27.94 1.83129 3.4
      vertex -28 0 120
      vertex -28 0 3.4
    endloop
  endfacet
  facet normal 0.999464 -0.0327462 0
    outer loop
      vertex -28 0 2.6
      vertex -27.94 1.83129 1.19
      vertex -27.94 1.83129 2.6
    endloop
  endfacet
  facet normal 0.999464 -0.0327462 0
    outer loop
      vertex -27.94 1.83129 1.19
      vertex -28 0 2.6
      vertex -28 0 1.19
    endloop
  endfacet
  facet normal -0.528075 -0.849198 0
    outer loop
      vertex 14 24.2487 3.4
      vertex 15.556 23.2811 120
      vertex 14 24.2487 120
    endloop
  endfacet
  facet normal -0.528075 -0.849198 -0
    outer loop
      vertex 15.556 23.2811 120
      vertex 14 24.2487 3.4
      vertex 15.556 23.2811 3.4
    endloop
  endfacet
  facet normal -0.528075 -0.849198 0
    outer loop
      vertex 14 24.2487 1.19
      vertex 15.556 23.2811 2.6
      vertex 14 24.2487 2.6
    endloop
  endfacet
  facet normal -0.528075 -0.849198 -0
    outer loop
      vertex 15.556 23.2811 2.6
      vertex 14 24.2487 1.19
      vertex 15.556 23.2811 1.19
    endloop
  endfacet
  facet normal -0.47139 -0.881925 0
    outer loop
      vertex 12.3841 25.1124 3.4
      vertex 14 24.2487 120
      vertex 12.3841 25.1124 120
    endloop
  endfacet
  facet normal -0.47139 -0.881925 -0
    outer loop
      vertex 14 24.2487 120
      vertex 12.3841 25.1124 3.4
      vertex 14 24.2487 3.4
    endloop
  endfacet
  facet normal -0.47139 -0.881925 0
    outer loop
      vertex 12.3841 25.1124 1.19
      vertex 14 24.2487 2.6
      vertex 12.3841 25.1124 2.6
    endloop
  endfacet
  facet normal -0.47139 -0.881925 -0
    outer loop
      vertex 14 24.2487 2.6
      vertex 12.3841 25.1124 1.19
      vertex 14 24.2487 1.19
    endloop
  endfacet
  facet normal 0.99519 0.0979668 0
    outer loop
      vertex -27.7605 -3.65473 120
      vertex -27.94 -1.83129 3.4
      vertex -27.94 -1.83129 120
    endloop
  endfacet
  facet normal 0.99519 0.0979668 0
    outer loop
      vertex -27.94 -1.83129 3.4
      vertex -27.7605 -3.65473 120
      vertex -27.7605 -3.65473 3.4
    endloop
  endfacet
  facet normal 0.99519 0.0979668 0
    outer loop
      vertex -27.7605 -3.65473 2.6
      vertex -27.94 -1.83129 1.19
      vertex -27.94 -1.83129 2.6
    endloop
  endfacet
  facet normal 0.99519 0.0979668 0
    outer loop
      vertex -27.94 -1.83129 1.19
      vertex -27.7605 -3.65473 2.6
      vertex -27.7605 -3.65473 1.19
    endloop
  endfacet
  facet normal 0.935907 0.352248 0
    outer loop
      vertex -25.8686 -10.7151 120
      vertex -26.514 -9.0003 3.4
      vertex -26.514 -9.0003 120
    endloop
  endfacet
  facet normal 0.935907 0.352248 0
    outer loop
      vertex -26.514 -9.0003 3.4
      vertex -25.8686 -10.7151 120
      vertex -25.8686 -10.7151 3.4
    endloop
  endfacet
  facet normal 0.935907 0.352248 0
    outer loop
      vertex -25.8686 -10.7151 2.6
      vertex -26.514 -9.0003 1.19
      vertex -26.514 -9.0003 2.6
    endloop
  endfacet
  facet normal 0.935907 0.352248 0
    outer loop
      vertex -26.514 -9.0003 1.19
      vertex -25.8686 -10.7151 2.6
      vertex -25.8686 -10.7151 1.19
    endloop
  endfacet
  facet normal 0.986641 -0.162912 0
    outer loop
      vertex -27.7605 3.65473 120
      vertex -27.462 5.46253 3.4
      vertex -27.462 5.46253 120
    endloop
  endfacet
  facet normal 0.986641 -0.162912 0
    outer loop
      vertex -27.462 5.46253 3.4
      vertex -27.7605 3.65473 120
      vertex -27.7605 3.65473 3.4
    endloop
  endfacet
  facet normal 0.986641 -0.162912 0
    outer loop
      vertex -27.7605 3.65473 2.6
      vertex -27.462 5.46253 1.19
      vertex -27.462 5.46253 2.6
    endloop
  endfacet
  facet normal 0.986641 -0.162912 0
    outer loop
      vertex -27.462 5.46253 1.19
      vertex -27.7605 3.65473 2.6
      vertex -27.7605 3.65473 1.19
    endloop
  endfacet
  facet normal 0.881925 -0.47139 0
    outer loop
      vertex -25.1124 12.3841 120
      vertex -24.2487 14 3.4
      vertex -24.2487 14 120
    endloop
  endfacet
  facet normal 0.881925 -0.47139 0
    outer loop
      vertex -24.2487 14 3.4
      vertex -25.1124 12.3841 120
      vertex -25.1124 12.3841 3.4
    endloop
  endfacet
  facet normal 0.881925 -0.47139 0
    outer loop
      vertex -25.1124 12.3841 2.6
      vertex -24.2487 14 1.19
      vertex -24.2487 14 2.6
    endloop
  endfacet
  facet normal 0.881925 -0.47139 0
    outer loop
      vertex -24.2487 14 1.19
      vertex -25.1124 12.3841 2.6
      vertex -25.1124 12.3841 1.19
    endloop
  endfacet
  facet normal -0.0327462 -0.999464 0
    outer loop
      vertex 0 28 3.4
      vertex 1.83129 27.94 120
      vertex 0 28 120
    endloop
  endfacet
  facet normal -0.0327462 -0.999464 -0
    outer loop
      vertex 1.83129 27.94 120
      vertex 0 28 3.4
      vertex 1.83129 27.94 3.4
    endloop
  endfacet
  facet normal -0.0327462 -0.999464 0
    outer loop
      vertex 0 28 1.19
      vertex 1.83129 27.94 2.6
      vertex 0 28 2.6
    endloop
  endfacet
  facet normal -0.0327462 -0.999464 -0
    outer loop
      vertex 1.83129 27.94 2.6
      vertex 0 28 1.19
      vertex 1.83129 27.94 1.19
    endloop
  endfacet
  facet normal -0.986641 0.162912 0
    outer loop
      vertex 27.462 -5.46253 3.4
      vertex 27.7605 -3.65473 120
      vertex 27.7605 -3.65473 3.4
    endloop
  endfacet
  facet normal -0.986641 0.162912 0
    outer loop
      vertex 27.7605 -3.65473 120
      vertex 27.462 -5.46253 3.4
      vertex 27.462 -5.46253 120
    endloop
  endfacet
  facet normal -0.986641 0.162912 0
    outer loop
      vertex 27.462 -5.46253 1.19
      vertex 27.7605 -3.65473 2.6
      vertex 27.7605 -3.65473 1.19
    endloop
  endfacet
  facet normal -0.986641 0.162912 0
    outer loop
      vertex 27.7605 -3.65473 2.6
      vertex 27.462 -5.46253 1.19
      vertex 27.462 -5.46253 2.6
    endloop
  endfacet
  facet normal 0.0979668 -0.99519 0
    outer loop
      vertex -3.65473 27.7605 3.4
      vertex -1.83129 27.94 120
      vertex -3.65473 27.7605 120
    endloop
  endfacet
  facet normal 0.0979668 -0.99519 0
    outer loop
      vertex -1.83129 27.94 120
      vertex -3.65473 27.7605 3.4
      vertex -1.83129 27.94 3.4
    endloop
  endfacet
  facet normal 0.0979668 -0.99519 0
    outer loop
      vertex -3.65473 27.7605 1.19
      vertex -1.83129 27.94 2.6
      vertex -3.65473 27.7605 2.6
    endloop
  endfacet
  facet normal 0.0979668 -0.99519 0
    outer loop
      vertex -1.83129 27.94 2.6
      vertex -3.65473 27.7605 1.19
      vertex -1.83129 27.94 1.19
    endloop
  endfacet
  facet normal 0.227095 0.973873 -0
    outer loop
      vertex -5.46253 -27.462 3.4
      vertex -7.24693 -27.0459 120
      vertex -5.46253 -27.462 120
    endloop
  endfacet
  facet normal 0.227095 0.973873 0
    outer loop
      vertex -7.24693 -27.0459 120
      vertex -5.46253 -27.462 3.4
      vertex -7.24693 -27.0459 3.4
    endloop
  endfacet
  facet normal 0.227095 0.973873 -0
    outer loop
      vertex -5.46253 -27.462 1.19
      vertex -7.24693 -27.0459 2.6
      vertex -5.46253 -27.462 2.6
    endloop
  endfacet
  facet normal 0.227095 0.973873 0
    outer loop
      vertex -7.24693 -27.0459 2.6
      vertex -5.46253 -27.462 1.19
      vertex -7.24693 -27.0459 1.19
    endloop
  endfacet
  facet normal 0.0327462 -0.999464 0
    outer loop
      vertex -1.83129 27.94 3.4
      vertex 0 28 120
      vertex -1.83129 27.94 120
    endloop
  endfacet
  facet normal 0.0327462 -0.999464 0
    outer loop
      vertex 0 28 120
      vertex -1.83129 27.94 3.4
      vertex 0 28 3.4
    endloop
  endfacet
  facet normal 0.0327462 -0.999464 0
    outer loop
      vertex -1.83129 27.94 1.19
      vertex 0 28 2.6
      vertex -1.83129 27.94 2.6
    endloop
  endfacet
  facet normal 0.0327462 -0.999464 0
    outer loop
      vertex 0 28 2.6
      vertex -1.83129 27.94 1.19
      vertex 0 28 1.19
    endloop
  endfacet
  facet normal -0.582471 0.812851 0
    outer loop
      vertex 17.0453 -22.2139 3.4
      vertex 15.556 -23.2811 120
      vertex 17.0453 -22.2139 120
    endloop
  endfacet
  facet normal -0.582471 0.812851 0
    outer loop
      vertex 15.556 -23.2811 120
      vertex 17.0453 -22.2139 3.4
      vertex 15.556 -23.2811 3.4
    endloop
  endfacet
  facet normal -0.582471 0.812851 0
    outer loop
      vertex 17.0453 -22.2139 1.19
      vertex 15.556 -23.2811 2.6
      vertex 17.0453 -22.2139 2.6
    endloop
  endfacet
  facet normal -0.582471 0.812851 0
    outer loop
      vertex 15.556 -23.2811 2.6
      vertex 17.0453 -22.2139 1.19
      vertex 15.556 -23.2811 1.19
    endloop
  endfacet
  facet normal 0.881925 0.47139 0
    outer loop
      vertex -24.2487 -14 120
      vertex -25.1124 -12.3841 3.4
      vertex -25.1124 -12.3841 120
    endloop
  endfacet
  facet normal 0.881925 0.47139 0
    outer loop
      vertex -25.1124 -12.3841 3.4
      vertex -24.2487 -14 120
      vertex -24.2487 -14 3.4
    endloop
  endfacet
  facet normal 0.881925 0.47139 0
    outer loop
      vertex -24.2487 -14 2.6
      vertex -25.1124 -12.3841 1.19
      vertex -25.1124 -12.3841 2.6
    endloop
  endfacet
  facet normal 0.881925 0.47139 0
    outer loop
      vertex -25.1124 -12.3841 1.19
      vertex -24.2487 -14 2.6
      vertex -24.2487 -14 1.19
    endloop
  endfacet
  facet normal -0.227095 -0.973873 0
    outer loop
      vertex 5.46253 27.462 3.4
      vertex 7.24693 27.0459 120
      vertex 5.46253 27.462 120
    endloop
  endfacet
  facet normal -0.227095 -0.973873 -0
    outer loop
      vertex 7.24693 27.0459 120
      vertex 5.46253 27.462 3.4
      vertex 7.24693 27.0459 3.4
    endloop
  endfacet
  facet normal -0.227095 -0.973873 0
    outer loop
      vertex 5.46253 27.462 1.19
      vertex 7.24693 27.0459 2.6
      vertex 5.46253 27.462 2.6
    endloop
  endfacet
  facet normal -0.227095 -0.973873 -0
    outer loop
      vertex 7.24693 27.0459 2.6
      vertex 5.46253 27.462 1.19
      vertex 7.24693 27.0459 1.19
    endloop
  endfacet
  facet normal -0.352248 -0.935907 0
    outer loop
      vertex 9.0003 26.514 3.4
      vertex 10.7151 25.8686 120
      vertex 9.0003 26.514 120
    endloop
  endfacet
  facet normal -0.352248 -0.935907 -0
    outer loop
      vertex 10.7151 25.8686 120
      vertex 9.0003 26.514 3.4
      vertex 10.7151 25.8686 3.4
    endloop
  endfacet
  facet normal -0.352248 -0.935907 0
    outer loop
      vertex 9.0003 26.514 1.19
      vertex 10.7151 25.8686 2.6
      vertex 9.0003 26.514 2.6
    endloop
  endfacet
  facet normal -0.352248 -0.935907 -0
    outer loop
      vertex 10.7151 25.8686 2.6
      vertex 9.0003 26.514 1.19
      vertex 10.7151 25.8686 1.19
    endloop
  endfacet
  facet normal 0.935907 -0.352248 0
    outer loop
      vertex -26.514 9.0003 120
      vertex -25.8686 10.7151 3.4
      vertex -25.8686 10.7151 120
    endloop
  endfacet
  facet normal 0.935907 -0.352248 0
    outer loop
      vertex -25.8686 10.7151 3.4
      vertex -26.514 9.0003 120
      vertex -26.514 9.0003 3.4
    endloop
  endfacet
  facet normal 0.935907 -0.352248 0
    outer loop
      vertex -26.514 9.0003 2.6
      vertex -25.8686 10.7151 1.19
      vertex -25.8686 10.7151 2.6
    endloop
  endfacet
  facet normal 0.935907 -0.352248 0
    outer loop
      vertex -25.8686 10.7151 1.19
      vertex -26.514 9.0003 2.6
      vertex -26.514 9.0003 1.19
    endloop
  endfacet
  facet normal -0.849198 0.528075 0
    outer loop
      vertex 23.2811 -15.556 3.4
      vertex 24.2487 -14 120
      vertex 24.2487 -14 3.4
    endloop
  endfacet
  facet normal -0.849198 0.528075 0
    outer loop
      vertex 24.2487 -14 120
      vertex 23.2811 -15.556 3.4
      vertex 23.2811 -15.556 120
    endloop
  endfacet
  facet normal -0.849198 0.528075 0
    outer loop
      vertex 23.2811 -15.556 1.19
      vertex 24.2487 -14 2.6
      vertex 24.2487 -14 1.19
    endloop
  endfacet
  facet normal -0.849198 0.528075 0
    outer loop
      vertex 24.2487 -14 2.6
      vertex 23.2811 -15.556 1.19
      vertex 23.2811 -15.556 2.6
    endloop
  endfacet
  facet normal -0.973873 0.227095 0
    outer loop
      vertex 27.0459 -7.24693 3.4
      vertex 27.462 -5.46253 120
      vertex 27.462 -5.46253 3.4
    endloop
  endfacet
  facet normal -0.973873 0.227095 0
    outer loop
      vertex 27.462 -5.46253 120
      vertex 27.0459 -7.24693 3.4
      vertex 27.0459 -7.24693 120
    endloop
  endfacet
  facet normal -0.973873 0.227095 0
    outer loop
      vertex 27.0459 -7.24693 1.19
      vertex 27.462 -5.46253 2.6
      vertex 27.462 -5.46253 1.19
    endloop
  endfacet
  facet normal -0.973873 0.227095 0
    outer loop
      vertex 27.462 -5.46253 2.6
      vertex 27.0459 -7.24693 1.19
      vertex 27.0459 -7.24693 2.6
    endloop
  endfacet
  facet normal 0.99519 -0.0979668 0
    outer loop
      vertex -27.94 1.83129 120
      vertex -27.7605 3.65473 3.4
      vertex -27.7605 3.65473 120
    endloop
  endfacet
  facet normal 0.99519 -0.0979668 0
    outer loop
      vertex -27.7605 3.65473 3.4
      vertex -27.94 1.83129 120
      vertex -27.94 1.83129 3.4
    endloop
  endfacet
  facet normal 0.99519 -0.0979668 0
    outer loop
      vertex -27.94 1.83129 2.6
      vertex -27.7605 3.65473 1.19
      vertex -27.7605 3.65473 2.6
    endloop
  endfacet
  facet normal 0.99519 -0.0979668 0
    outer loop
      vertex -27.7605 3.65473 1.19
      vertex -27.94 1.83129 2.6
      vertex -27.94 1.83129 1.19
    endloop
  endfacet
  facet normal -0.63439 0.773013 0
    outer loop
      vertex 18.4617 -21.0515 3.4
      vertex 17.0453 -22.2139 120
      vertex 18.4617 -21.0515 120
    endloop
  endfacet
  facet normal -0.63439 0.773013 0
    outer loop
      vertex 17.0453 -22.2139 120
      vertex 18.4617 -21.0515 3.4
      vertex 17.0453 -22.2139 3.4
    endloop
  endfacet
  facet normal -0.63439 0.773013 0
    outer loop
      vertex 18.4617 -21.0515 1.19
      vertex 17.0453 -22.2139 2.6
      vertex 18.4617 -21.0515 2.6
    endloop
  endfacet
  facet normal -0.63439 0.773013 0
    outer loop
      vertex 17.0453 -22.2139 2.6
      vertex 18.4617 -21.0515 1.19
      vertex 17.0453 -22.2139 1.19
    endloop
  endfacet
  facet normal 0.412701 0.910867 -0
    outer loop
      vertex -10.7151 -25.8686 3.4
      vertex -12.3841 -25.1124 120
      vertex -10.7151 -25.8686 120
    endloop
  endfacet
  facet normal 0.412701 0.910867 0
    outer loop
      vertex -12.3841 -25.1124 120
      vertex -10.7151 -25.8686 3.4
      vertex -12.3841 -25.1124 3.4
    endloop
  endfacet
  facet normal 0.412701 0.910867 -0
    outer loop
      vertex -10.7151 -25.8686 1.19
      vertex -12.3841 -25.1124 2.6
      vertex -10.7151 -25.8686 2.6
    endloop
  endfacet
  facet normal 0.412701 0.910867 0
    outer loop
      vertex -12.3841 -25.1124 2.6
      vertex -10.7151 -25.8686 1.19
      vertex -12.3841 -25.1124 1.19
    endloop
  endfacet
  facet normal 0.910867 -0.412701 0
    outer loop
      vertex -25.8686 10.7151 120
      vertex -25.1124 12.3841 3.4
      vertex -25.1124 12.3841 120
    endloop
  endfacet
  facet normal 0.910867 -0.412701 0
    outer loop
      vertex -25.1124 12.3841 3.4
      vertex -25.8686 10.7151 120
      vertex -25.8686 10.7151 3.4
    endloop
  endfacet
  facet normal 0.910867 -0.412701 0
    outer loop
      vertex -25.8686 10.7151 2.6
      vertex -25.1124 12.3841 1.19
      vertex -25.1124 12.3841 2.6
    endloop
  endfacet
  facet normal 0.910867 -0.412701 0
    outer loop
      vertex -25.1124 12.3841 1.19
      vertex -25.8686 10.7151 2.6
      vertex -25.8686 10.7151 1.19
    endloop
  endfacet
  facet normal -0.581389 -0.0190485 -0.813403
    outer loop
      vertex 27.94 1.83129 120
      vertex 28 0 120
      vertex 7 0 135.01
    endloop
  endfacet
  facet normal -0.369025 -0.449662 -0.813403
    outer loop
      vertex 17.0453 22.2139 120
      vertex 18.4617 21.0515 120
      vertex 4.61542 5.26288 135.01
    endloop
  endfacet
  facet normal -0.52985 0.240073 -0.813402
    outer loop
      vertex 6.46716 -2.67878 135.01
      vertex 25.1124 -12.3841 120
      vertex 6.27811 -3.09602 135.01
    endloop
  endfacet
  facet normal 0.397643 -0.424565 -0.813403
    outer loop
      vertex -4.61542 5.26288 135.01
      vertex -4.94975 4.94975 135.01
      vertex -19.799 19.799 120
    endloop
  endfacet
  facet normal 0.338824 0.472836 -0.813403
    outer loop
      vertex -3.88899 -5.82029 135.01
      vertex -15.556 -23.2811 120
      vertex -17.0453 -22.2139 120
    endloop
  endfacet
  facet normal -0.240073 -0.52985 -0.813402
    outer loop
      vertex 12.3841 25.1124 120
      vertex 3.09602 6.27811 135.01
      vertex 2.67878 6.46716 135.01
    endloop
  endfacet
  facet normal -0.449663 -0.369024 -0.813403
    outer loop
      vertex 22.2139 17.0453 120
      vertex 5.55347 4.26133 135.01
      vertex 5.26288 4.61542 135.01
    endloop
  endfacet
  facet normal 0.132095 -0.566504 -0.813403
    outer loop
      vertex -1.81173 6.76148 135.01
      vertex -5.46253 27.462 120
      vertex -1.36563 6.8655 135.01
    endloop
  endfacet
  facet normal 0.132101 -0.566503 -0.813403
    outer loop
      vertex -5.46253 27.462 120
      vertex -1.81173 6.76148 135.01
      vertex -7.24693 27.0459 120
    endloop
  endfacet
  facet normal 0.307178 0.493982 -0.813403
    outer loop
      vertex -3.88899 -5.82029 135.01
      vertex -3.5 -6.06218 135.01
      vertex -15.556 -23.2811 120
    endloop
  endfacet
  facet normal 0.544418 -0.204903 -0.813402
    outer loop
      vertex -25.8686 10.7151 120
      vertex -6.46716 2.67878 135.01
      vertex -26.514 9.0003 120
    endloop
  endfacet
  facet normal 0.472831 -0.338832 -0.813403
    outer loop
      vertex -5.55347 4.26133 135.01
      vertex -5.82029 3.88899 135.01
      vertex -22.2139 17.0453 120
    endloop
  endfacet
  facet normal -0.566503 0.132101 -0.813403
    outer loop
      vertex 27.0459 -7.24693 120
      vertex 6.8655 -1.36563 135.01
      vertex 27.462 -5.46253 120
    endloop
  endfacet
  facet normal -0.566504 0.132095 -0.813403
    outer loop
      vertex 6.8655 -1.36563 135.01
      vertex 27.0459 -7.24693 120
      vertex 6.76148 -1.81173 135.01
    endloop
  endfacet
  facet normal -0.578902 -0.0569873 -0.813403
    outer loop
      vertex 27.7605 3.65473 120
      vertex 27.94 1.83129 120
      vertex 6.94011 0.913683 135.01
    endloop
  endfacet
  facet normal -0.0947659 -0.573929 -0.813403
    outer loop
      vertex 3.65473 27.7605 120
      vertex 5.46253 27.462 120
      vertex 0.913683 6.94011 135.01
    endloop
  endfacet
  facet normal 0.573929 0.0947659 -0.813403
    outer loop
      vertex -6.94011 -0.913683 135.01
      vertex -27.462 -5.46253 120
      vertex -27.7605 -3.65473 120
    endloop
  endfacet
  facet normal -0.424565 -0.397643 -0.813403
    outer loop
      vertex 19.799 19.799 120
      vertex 21.0515 18.4617 120
      vertex 5.26288 4.61542 135.01
    endloop
  endfacet
  facet normal 0.204903 -0.544418 -0.813402
    outer loop
      vertex -9.0003 26.514 120
      vertex -2.67878 6.46716 135.01
      vertex -10.7151 25.8686 120
    endloop
  endfacet
  facet normal -0.274208 0.513017 -0.813403
    outer loop
      vertex 14 -24.2487 120
      vertex 12.3841 -25.1124 120
      vertex 3.5 -6.06218 135.01
    endloop
  endfacet
  facet normal -0.338832 -0.472831 -0.813403
    outer loop
      vertex 17.0453 22.2139 120
      vertex 4.26133 5.55347 135.01
      vertex 3.88899 5.82029 135.01
    endloop
  endfacet
  facet normal -0.0947481 -0.573933 -0.813403
    outer loop
      vertex 5.46253 27.462 120
      vertex 1.36563 6.8655 135.01
      vertex 0.913683 6.94011 135.01
    endloop
  endfacet
  facet normal -0.472836 -0.338824 -0.813403
    outer loop
      vertex 22.2139 17.0453 120
      vertex 23.2811 15.556 120
      vertex 5.82029 3.88899 135.01
    endloop
  endfacet
  facet normal -0.566503 -0.132101 -0.813403
    outer loop
      vertex 6.8655 1.36563 135.01
      vertex 27.0459 7.24693 120
      vertex 27.462 5.46253 120
    endloop
  endfacet
  facet normal -0.566504 -0.132095 -0.813403
    outer loop
      vertex 27.0459 7.24693 120
      vertex 6.8655 1.36563 135.01
      vertex 6.76148 1.81173 135.01
    endloop
  endfacet
  facet normal -0.132101 -0.566503 -0.813403
    outer loop
      vertex 1.81173 6.76148 135.01
      vertex 5.46253 27.462 120
      vertex 7.24693 27.0459 120
    endloop
  endfacet
  facet normal -0.132095 -0.566504 -0.813403
    outer loop
      vertex 5.46253 27.462 120
      vertex 1.81173 6.76148 135.01
      vertex 1.36563 6.8655 135.01
    endloop
  endfacet
  facet normal -0.338824 -0.472836 -0.813403
    outer loop
      vertex 15.556 23.2811 120
      vertex 17.0453 22.2139 120
      vertex 3.88899 5.82029 135.01
    endloop
  endfacet
  facet normal 0.544418 0.204903 -0.813402
    outer loop
      vertex -6.46716 -2.67878 135.01
      vertex -25.8686 -10.7151 120
      vertex -26.514 -9.0003 120
    endloop
  endfacet
  facet normal -0.0190485 -0.581389 -0.813403
    outer loop
      vertex 0 28 120
      vertex 1.83129 27.94 120
      vertex 0 7 135.01
    endloop
  endfacet
  facet normal 0.0947659 0.573929 -0.813403
    outer loop
      vertex -0.913683 -6.94011 135.01
      vertex -3.65473 -27.7605 120
      vertex -5.46253 -27.462 120
    endloop
  endfacet
  facet normal 0.493979 -0.307182 -0.813403
    outer loop
      vertex -23.2811 15.556 120
      vertex -6.06218 3.5 135.01
      vertex -24.2487 14 120
    endloop
  endfacet
  facet normal -0.240069 0.529853 -0.813402
    outer loop
      vertex 12.3841 -25.1124 120
      vertex 10.7151 -25.8686 120
      vertex 2.67878 -6.46716 135.01
    endloop
  endfacet
  facet normal 0.0190485 -0.581389 -0.813403
    outer loop
      vertex 0 28 120
      vertex 0 7 135.01
      vertex -1.83129 27.94 120
    endloop
  endfacet
  facet normal 0.27421 -0.513016 -0.813403
    outer loop
      vertex -3.09602 6.27811 135.01
      vertex -3.5 6.06218 135.01
      vertex -12.3841 25.1124 120
    endloop
  endfacet
  facet normal -0.307182 -0.493979 -0.813403
    outer loop
      vertex 14 24.2487 120
      vertex 15.556 23.2811 120
      vertex 3.5 6.06218 135.01
    endloop
  endfacet
  facet normal -0.573929 -0.0947659 -0.813403
    outer loop
      vertex 27.462 5.46253 120
      vertex 27.7605 3.65473 120
      vertex 6.94011 0.913683 135.01
    endloop
  endfacet
  facet normal -0.581389 0.0190485 -0.813403
    outer loop
      vertex 28 0 120
      vertex 27.94 -1.83129 120
      vertex 7 0 135.01
    endloop
  endfacet
  facet normal -0.204903 -0.544418 -0.813402
    outer loop
      vertex 9.0003 26.514 120
      vertex 10.7151 25.8686 120
      vertex 2.67878 6.46716 135.01
    endloop
  endfacet
  facet normal 0.472836 0.338824 -0.813403
    outer loop
      vertex -5.82029 -3.88899 135.01
      vertex -22.2139 -17.0453 120
      vertex -23.2811 -15.556 120
    endloop
  endfacet
  facet normal -0.397643 0.424565 -0.813403
    outer loop
      vertex 4.94975 -4.94975 135.01
      vertex 19.799 -19.799 120
      vertex 4.61542 -5.26288 135.01
    endloop
  endfacet
  facet normal -0.573933 -0.0947481 -0.813403
    outer loop
      vertex 27.462 5.46253 120
      vertex 6.94011 0.913683 135.01
      vertex 6.8655 1.36563 135.01
    endloop
  endfacet
  facet normal 0.369025 0.449662 -0.813403
    outer loop
      vertex -4.61542 -5.26288 135.01
      vertex -17.0453 -22.2139 120
      vertex -18.4617 -21.0515 120
    endloop
  endfacet
  facet normal -0.0569873 0.578902 -0.813403
    outer loop
      vertex 3.65473 -27.7605 120
      vertex 1.83129 -27.94 120
      vertex 0.913683 -6.94011 135.01
    endloop
  endfacet
  facet normal -0.529853 -0.240069 -0.813402
    outer loop
      vertex 25.1124 12.3841 120
      vertex 25.8686 10.7151 120
      vertex 6.46716 2.67878 135.01
    endloop
  endfacet
  facet normal -0.369024 -0.449663 -0.813403
    outer loop
      vertex 17.0453 22.2139 120
      vertex 4.61542 5.26288 135.01
      vertex 4.26133 5.55347 135.01
    endloop
  endfacet
  facet normal -0.556652 -0.168865 -0.813402
    outer loop
      vertex 26.514 9.0003 120
      vertex 27.0459 7.24693 120
      vertex 6.76148 1.81173 135.01
    endloop
  endfacet
  facet normal 0.556654 0.168857 -0.813402
    outer loop
      vertex -6.76148 -1.81173 135.01
      vertex -6.62851 -2.25008 135.01
      vertex -26.514 -9.0003 120
    endloop
  endfacet
  facet normal -0.493979 0.307182 -0.813403
    outer loop
      vertex 24.2487 -14 120
      vertex 23.2811 -15.556 120
      vertex 6.06218 -3.5 135.01
    endloop
  endfacet
  facet normal -0.424565 0.397643 -0.813403
    outer loop
      vertex 5.26288 -4.61542 135.01
      vertex 19.799 -19.799 120
      vertex 4.94975 -4.94975 135.01
    endloop
  endfacet
  facet normal 0.240073 -0.52985 -0.813402
    outer loop
      vertex -2.67878 6.46716 135.01
      vertex -3.09602 6.27811 135.01
      vertex -12.3841 25.1124 120
    endloop
  endfacet
  facet normal 0.240069 -0.529853 -0.813402
    outer loop
      vertex -10.7151 25.8686 120
      vertex -2.67878 6.46716 135.01
      vertex -12.3841 25.1124 120
    endloop
  endfacet
  facet normal 0.338832 0.472831 -0.813403
    outer loop
      vertex -4.26133 -5.55347 135.01
      vertex -3.88899 -5.82029 135.01
      vertex -17.0453 -22.2139 120
    endloop
  endfacet
  facet normal -0.472836 0.338824 -0.813403
    outer loop
      vertex 23.2811 -15.556 120
      vertex 22.2139 -17.0453 120
      vertex 5.82029 -3.88899 135.01
    endloop
  endfacet
  facet normal 0.240069 0.529853 -0.813402
    outer loop
      vertex -2.67878 -6.46716 135.01
      vertex -10.7151 -25.8686 120
      vertex -12.3841 -25.1124 120
    endloop
  endfacet
  facet normal -0.204903 0.544418 -0.813402
    outer loop
      vertex 10.7151 -25.8686 120
      vertex 9.0003 -26.514 120
      vertex 2.67878 -6.46716 135.01
    endloop
  endfacet
  facet normal 0.513017 0.274208 -0.813403
    outer loop
      vertex -6.06218 -3.5 135.01
      vertex -24.2487 -14 120
      vertex -25.1124 -12.3841 120
    endloop
  endfacet
  facet normal 0.5789 -0.0570188 -0.813402
    outer loop
      vertex -6.94011 0.913683 135.01
      vertex -6.98501 0.457822 135.01
      vertex -27.94 1.83129 120
    endloop
  endfacet
  facet normal -0.240069 -0.529853 -0.813402
    outer loop
      vertex 10.7151 25.8686 120
      vertex 12.3841 25.1124 120
      vertex 2.67878 6.46716 135.01
    endloop
  endfacet
  facet normal 0.529853 0.240069 -0.813402
    outer loop
      vertex -6.46716 -2.67878 135.01
      vertex -25.1124 -12.3841 120
      vertex -25.8686 -10.7151 120
    endloop
  endfacet
  facet normal -0.544418 -0.204903 -0.813402
    outer loop
      vertex 25.8686 10.7151 120
      vertex 26.514 9.0003 120
      vertex 6.46716 2.67878 135.01
    endloop
  endfacet
  facet normal 0.493982 0.307178 -0.813403
    outer loop
      vertex -6.06218 -3.5 135.01
      vertex -5.82029 -3.88899 135.01
      vertex -23.2811 -15.556 120
    endloop
  endfacet
  facet normal -0.397643 -0.424565 -0.813403
    outer loop
      vertex 18.4617 21.0515 120
      vertex 19.799 19.799 120
      vertex 4.61542 5.26288 135.01
    endloop
  endfacet
  facet normal -0.338832 0.472831 -0.813403
    outer loop
      vertex 4.26133 -5.55347 135.01
      vertex 17.0453 -22.2139 120
      vertex 3.88899 -5.82029 135.01
    endloop
  endfacet
  facet normal 0.338824 -0.472836 -0.813403
    outer loop
      vertex -15.556 23.2811 120
      vertex -3.88899 5.82029 135.01
      vertex -17.0453 22.2139 120
    endloop
  endfacet
  facet normal -0.573929 0.0947659 -0.813403
    outer loop
      vertex 27.7605 -3.65473 120
      vertex 27.462 -5.46253 120
      vertex 6.94011 -0.913683 135.01
    endloop
  endfacet
  facet normal -0.5789 -0.0570188 -0.813402
    outer loop
      vertex 27.94 1.83129 120
      vertex 6.98501 0.457822 135.01
      vertex 6.94011 0.913683 135.01
    endloop
  endfacet
  facet normal 0.424565 0.397643 -0.813403
    outer loop
      vertex -5.26288 -4.61542 135.01
      vertex -4.94975 -4.94975 135.01
      vertex -19.799 -19.799 120
    endloop
  endfacet
  facet normal 0.274208 0.513017 -0.813403
    outer loop
      vertex -3.5 -6.06218 135.01
      vertex -12.3841 -25.1124 120
      vertex -14 -24.2487 120
    endloop
  endfacet
  facet normal -0.369024 0.449663 -0.813403
    outer loop
      vertex 4.61542 -5.26288 135.01
      vertex 17.0453 -22.2139 120
      vertex 4.26133 -5.55347 135.01
    endloop
  endfacet
  facet normal -0.52985 -0.240073 -0.813402
    outer loop
      vertex 25.1124 12.3841 120
      vertex 6.46716 2.67878 135.01
      vertex 6.27811 3.09602 135.01
    endloop
  endfacet
  facet normal 0.52985 0.240073 -0.813402
    outer loop
      vertex -6.46716 -2.67878 135.01
      vertex -6.27811 -3.09602 135.01
      vertex -25.1124 -12.3841 120
    endloop
  endfacet
  facet normal -0.578902 0.0569873 -0.813403
    outer loop
      vertex 27.94 -1.83129 120
      vertex 27.7605 -3.65473 120
      vertex 6.94011 -0.913683 135.01
    endloop
  endfacet
  facet normal -0.0947481 0.573933 -0.813403
    outer loop
      vertex 1.36563 -6.8655 135.01
      vertex 5.46253 -27.462 120
      vertex 0.913683 -6.94011 135.01
    endloop
  endfacet
  facet normal -0.397643 0.424565 -0.813403
    outer loop
      vertex 19.799 -19.799 120
      vertex 18.4617 -21.0515 120
      vertex 4.61542 -5.26288 135.01
    endloop
  endfacet
  facet normal -0.240073 0.52985 -0.813402
    outer loop
      vertex 3.09602 -6.27811 135.01
      vertex 12.3841 -25.1124 120
      vertex 2.67878 -6.46716 135.01
    endloop
  endfacet
  facet normal -0.168857 0.556654 -0.813402
    outer loop
      vertex 2.25008 -6.62851 135.01
      vertex 9.0003 -26.514 120
      vertex 1.81173 -6.76148 135.01
    endloop
  endfacet
  facet normal -0.0569873 -0.578902 -0.813403
    outer loop
      vertex 1.83129 27.94 120
      vertex 3.65473 27.7605 120
      vertex 0.913683 6.94011 135.01
    endloop
  endfacet
  facet normal 0.0570188 0.5789 -0.813402
    outer loop
      vertex -0.913683 -6.94011 135.01
      vertex -0.457822 -6.98501 135.01
      vertex -1.83129 -27.94 120
    endloop
  endfacet
  facet normal 0.0947481 0.573933 -0.813403
    outer loop
      vertex -1.36563 -6.8655 135.01
      vertex -0.913683 -6.94011 135.01
      vertex -5.46253 -27.462 120
    endloop
  endfacet
  facet normal -0.472831 0.338832 -0.813403
    outer loop
      vertex 5.82029 -3.88899 135.01
      vertex 22.2139 -17.0453 120
      vertex 5.55347 -4.26133 135.01
    endloop
  endfacet
  facet normal 0.556652 -0.168865 -0.813402
    outer loop
      vertex -26.514 9.0003 120
      vertex -6.76148 1.81173 135.01
      vertex -27.0459 7.24693 120
    endloop
  endfacet
  facet normal 0.0190359 0.58139 -0.813402
    outer loop
      vertex -0.457822 -6.98501 135.01
      vertex 0 -7 135.01
      vertex -1.83129 -27.94 120
    endloop
  endfacet
  facet normal -0.307178 -0.493982 -0.813403
    outer loop
      vertex 15.556 23.2811 120
      vertex 3.88899 5.82029 135.01
      vertex 3.5 6.06218 135.01
    endloop
  endfacet
  facet normal 0.132095 0.566504 -0.813403
    outer loop
      vertex -5.46253 -27.462 120
      vertex -1.81173 -6.76148 135.01
      vertex -1.36563 -6.8655 135.01
    endloop
  endfacet
  facet normal 0.132101 0.566503 -0.813403
    outer loop
      vertex -1.81173 -6.76148 135.01
      vertex -5.46253 -27.462 120
      vertex -7.24693 -27.0459 120
    endloop
  endfacet
  facet normal -0.0570188 0.5789 -0.813402
    outer loop
      vertex 0.913683 -6.94011 135.01
      vertex 1.83129 -27.94 120
      vertex 0.457822 -6.98501 135.01
    endloop
  endfacet
  facet normal 0.513016 0.27421 -0.813403
    outer loop
      vertex -6.27811 -3.09602 135.01
      vertex -6.06218 -3.5 135.01
      vertex -25.1124 -12.3841 120
    endloop
  endfacet
  facet normal 0.369025 -0.449662 -0.813403
    outer loop
      vertex -17.0453 22.2139 120
      vertex -4.61542 5.26288 135.01
      vertex -18.4617 21.0515 120
    endloop
  endfacet
  facet normal 0.493979 0.307182 -0.813403
    outer loop
      vertex -6.06218 -3.5 135.01
      vertex -23.2811 -15.556 120
      vertex -24.2487 -14 120
    endloop
  endfacet
  facet normal -0.544418 0.204903 -0.813402
    outer loop
      vertex 26.514 -9.0003 120
      vertex 25.8686 -10.7151 120
      vertex 6.46716 -2.67878 135.01
    endloop
  endfacet
  facet normal -0.493982 -0.307178 -0.813403
    outer loop
      vertex 23.2811 15.556 120
      vertex 6.06218 3.5 135.01
      vertex 5.82029 3.88899 135.01
    endloop
  endfacet
  facet normal -0.0570188 -0.5789 -0.813402
    outer loop
      vertex 1.83129 27.94 120
      vertex 0.913683 6.94011 135.01
      vertex 0.457822 6.98501 135.01
    endloop
  endfacet
  facet normal -0.274208 -0.513017 -0.813403
    outer loop
      vertex 12.3841 25.1124 120
      vertex 14 24.2487 120
      vertex 3.5 6.06218 135.01
    endloop
  endfacet
  facet normal -0.338824 0.472836 -0.813403
    outer loop
      vertex 17.0453 -22.2139 120
      vertex 15.556 -23.2811 120
      vertex 3.88899 -5.82029 135.01
    endloop
  endfacet
  facet normal -0.529853 0.240069 -0.813402
    outer loop
      vertex 25.8686 -10.7151 120
      vertex 25.1124 -12.3841 120
      vertex 6.46716 -2.67878 135.01
    endloop
  endfacet
  facet normal -0.544418 0.204903 -0.813402
    outer loop
      vertex 6.62851 -2.25008 135.01
      vertex 26.514 -9.0003 120
      vertex 6.46716 -2.67878 135.01
    endloop
  endfacet
  facet normal 0.0569873 0.578902 -0.813403
    outer loop
      vertex -0.913683 -6.94011 135.01
      vertex -1.83129 -27.94 120
      vertex -3.65473 -27.7605 120
    endloop
  endfacet
  facet normal 0.168865 0.556652 -0.813402
    outer loop
      vertex -1.81173 -6.76148 135.01
      vertex -7.24693 -27.0459 120
      vertex -9.0003 -26.514 120
    endloop
  endfacet
  facet normal 0.274208 -0.513017 -0.813403
    outer loop
      vertex -12.3841 25.1124 120
      vertex -3.5 6.06218 135.01
      vertex -14 24.2487 120
    endloop
  endfacet
  facet normal -0.0190359 0.58139 -0.813402
    outer loop
      vertex 0.457822 -6.98501 135.01
      vertex 1.83129 -27.94 120
      vertex 0 -7 135.01
    endloop
  endfacet
  facet normal -0.513017 -0.274208 -0.813403
    outer loop
      vertex 24.2487 14 120
      vertex 25.1124 12.3841 120
      vertex 6.06218 3.5 135.01
    endloop
  endfacet
  facet normal 0.397643 0.424565 -0.813403
    outer loop
      vertex -4.61542 -5.26288 135.01
      vertex -18.4617 -21.0515 120
      vertex -19.799 -19.799 120
    endloop
  endfacet
  facet normal -0.0190359 -0.58139 -0.813402
    outer loop
      vertex 1.83129 27.94 120
      vertex 0.457822 6.98501 135.01
      vertex 0 7 135.01
    endloop
  endfacet
  facet normal -0.58139 -0.0190359 -0.813402
    outer loop
      vertex 27.94 1.83129 120
      vertex 7 0 135.01
      vertex 6.98501 0.457822 135.01
    endloop
  endfacet
  facet normal -0.369025 0.449662 -0.813403
    outer loop
      vertex 18.4617 -21.0515 120
      vertex 17.0453 -22.2139 120
      vertex 4.61542 -5.26288 135.01
    endloop
  endfacet
  facet normal -0.544418 -0.204903 -0.813402
    outer loop
      vertex 26.514 9.0003 120
      vertex 6.62851 2.25008 135.01
      vertex 6.46716 2.67878 135.01
    endloop
  endfacet
  facet normal -0.573933 0.0947481 -0.813403
    outer loop
      vertex 6.94011 -0.913683 135.01
      vertex 27.462 -5.46253 120
      vertex 6.8655 -1.36563 135.01
    endloop
  endfacet
  facet normal -0.556654 -0.168857 -0.813402
    outer loop
      vertex 26.514 9.0003 120
      vertex 6.76148 1.81173 135.01
      vertex 6.62851 2.25008 135.01
    endloop
  endfacet
  facet normal -0.5789 0.0570188 -0.813402
    outer loop
      vertex 6.98501 -0.457822 135.01
      vertex 27.94 -1.83129 120
      vertex 6.94011 -0.913683 135.01
    endloop
  endfacet
  facet normal -0.58139 0.0190359 -0.813402
    outer loop
      vertex 7 0 135.01
      vertex 27.94 -1.83129 120
      vertex 6.98501 -0.457822 135.01
    endloop
  endfacet
  facet normal -0.204903 -0.544418 -0.813402
    outer loop
      vertex 9.0003 26.514 120
      vertex 2.67878 6.46716 135.01
      vertex 2.25008 6.62851 135.01
    endloop
  endfacet
  facet normal -0.449662 -0.369025 -0.813403
    outer loop
      vertex 21.0515 18.4617 120
      vertex 22.2139 17.0453 120
      vertex 5.26288 4.61542 135.01
    endloop
  endfacet
  facet normal 0.0569873 -0.578902 -0.813403
    outer loop
      vertex -1.83129 27.94 120
      vertex -0.913683 6.94011 135.01
      vertex -3.65473 27.7605 120
    endloop
  endfacet
  facet normal -0.0947659 0.573929 -0.813403
    outer loop
      vertex 5.46253 -27.462 120
      vertex 3.65473 -27.7605 120
      vertex 0.913683 -6.94011 135.01
    endloop
  endfacet
  facet normal -0.132101 0.566503 -0.813403
    outer loop
      vertex 5.46253 -27.462 120
      vertex 1.81173 -6.76148 135.01
      vertex 7.24693 -27.0459 120
    endloop
  endfacet
  facet normal -0.132095 0.566504 -0.813403
    outer loop
      vertex 1.81173 -6.76148 135.01
      vertex 5.46253 -27.462 120
      vertex 1.36563 -6.8655 135.01
    endloop
  endfacet
  facet normal -0.168865 -0.556652 -0.813402
    outer loop
      vertex 7.24693 27.0459 120
      vertex 9.0003 26.514 120
      vertex 1.81173 6.76148 135.01
    endloop
  endfacet
  facet normal 0.338832 -0.472831 -0.813403
    outer loop
      vertex -3.88899 5.82029 135.01
      vertex -4.26133 5.55347 135.01
      vertex -17.0453 22.2139 120
    endloop
  endfacet
  facet normal -0.307182 0.493979 -0.813403
    outer loop
      vertex 15.556 -23.2811 120
      vertex 14 -24.2487 120
      vertex 3.5 -6.06218 135.01
    endloop
  endfacet
  facet normal -0.449662 0.369025 -0.813403
    outer loop
      vertex 22.2139 -17.0453 120
      vertex 21.0515 -18.4617 120
      vertex 5.26288 -4.61542 135.01
    endloop
  endfacet
  facet normal -0.424565 0.397643 -0.813403
    outer loop
      vertex 21.0515 -18.4617 120
      vertex 19.799 -19.799 120
      vertex 5.26288 -4.61542 135.01
    endloop
  endfacet
  facet normal -0.397643 -0.424565 -0.813403
    outer loop
      vertex 19.799 19.799 120
      vertex 4.94975 4.94975 135.01
      vertex 4.61542 5.26288 135.01
    endloop
  endfacet
  facet normal 0.0947481 -0.573933 -0.813403
    outer loop
      vertex -0.913683 6.94011 135.01
      vertex -1.36563 6.8655 135.01
      vertex -5.46253 27.462 120
    endloop
  endfacet
  facet normal 0.0947659 -0.573929 -0.813403
    outer loop
      vertex -3.65473 27.7605 120
      vertex -0.913683 6.94011 135.01
      vertex -5.46253 27.462 120
    endloop
  endfacet
  facet normal -0.0190485 0.581389 -0.813403
    outer loop
      vertex 0 -7 135.01
      vertex 1.83129 -27.94 120
      vertex 0 -28 120
    endloop
  endfacet
  facet normal 0.307182 0.493979 -0.813403
    outer loop
      vertex -3.5 -6.06218 135.01
      vertex -14 -24.2487 120
      vertex -15.556 -23.2811 120
    endloop
  endfacet
  facet normal 0.307178 -0.493982 -0.813403
    outer loop
      vertex -3.5 6.06218 135.01
      vertex -3.88899 5.82029 135.01
      vertex -15.556 23.2811 120
    endloop
  endfacet
  facet normal 0.578902 0.0569873 -0.813403
    outer loop
      vertex -6.94011 -0.913683 135.01
      vertex -27.7605 -3.65473 120
      vertex -27.94 -1.83129 120
    endloop
  endfacet
  facet normal 0.529853 -0.240069 -0.813402
    outer loop
      vertex -25.1124 12.3841 120
      vertex -6.46716 2.67878 135.01
      vertex -25.8686 10.7151 120
    endloop
  endfacet
  facet normal -0.556654 0.168857 -0.813402
    outer loop
      vertex 6.76148 -1.81173 135.01
      vertex 26.514 -9.0003 120
      vertex 6.62851 -2.25008 135.01
    endloop
  endfacet
  facet normal -0.556652 0.168865 -0.813402
    outer loop
      vertex 27.0459 -7.24693 120
      vertex 26.514 -9.0003 120
      vertex 6.76148 -1.81173 135.01
    endloop
  endfacet
  facet normal 0.544418 0.204903 -0.813402
    outer loop
      vertex -6.62851 -2.25008 135.01
      vertex -6.46716 -2.67878 135.01
      vertex -26.514 -9.0003 120
    endloop
  endfacet
  facet normal -0.424565 -0.397643 -0.813403
    outer loop
      vertex 19.799 19.799 120
      vertex 5.26288 4.61542 135.01
      vertex 4.94975 4.94975 135.01
    endloop
  endfacet
  facet normal -0.307178 0.493982 -0.813403
    outer loop
      vertex 3.88899 -5.82029 135.01
      vertex 15.556 -23.2811 120
      vertex 3.5 -6.06218 135.01
    endloop
  endfacet
  facet normal 0.204903 0.544418 -0.813402
    outer loop
      vertex -2.67878 -6.46716 135.01
      vertex -2.25008 -6.62851 135.01
      vertex -9.0003 -26.514 120
    endloop
  endfacet
  facet normal 0.0190485 0.581389 -0.813403
    outer loop
      vertex 0 -7 135.01
      vertex 0 -28 120
      vertex -1.83129 -27.94 120
    endloop
  endfacet
  facet normal 0.578902 -0.0569873 -0.813403
    outer loop
      vertex -27.7605 3.65473 120
      vertex -6.94011 0.913683 135.01
      vertex -27.94 1.83129 120
    endloop
  endfacet
  facet normal -0.449663 0.369024 -0.813403
    outer loop
      vertex 5.55347 -4.26133 135.01
      vertex 22.2139 -17.0453 120
      vertex 5.26288 -4.61542 135.01
    endloop
  endfacet
  facet normal 0.168865 -0.556652 -0.813402
    outer loop
      vertex -7.24693 27.0459 120
      vertex -1.81173 6.76148 135.01
      vertex -9.0003 26.514 120
    endloop
  endfacet
  facet normal 0.581389 0.0190485 -0.813403
    outer loop
      vertex -7 0 135.01
      vertex -27.94 -1.83129 120
      vertex -28 0 120
    endloop
  endfacet
  facet normal 0.397643 -0.424565 -0.813403
    outer loop
      vertex -18.4617 21.0515 120
      vertex -4.61542 5.26288 135.01
      vertex -19.799 19.799 120
    endloop
  endfacet
  facet normal 0.204903 0.544418 -0.813402
    outer loop
      vertex -2.67878 -6.46716 135.01
      vertex -9.0003 -26.514 120
      vertex -10.7151 -25.8686 120
    endloop
  endfacet
  facet normal -0.493979 -0.307182 -0.813403
    outer loop
      vertex 23.2811 15.556 120
      vertex 24.2487 14 120
      vertex 6.06218 3.5 135.01
    endloop
  endfacet
  facet normal -0.168857 -0.556654 -0.813402
    outer loop
      vertex 9.0003 26.514 120
      vertex 2.25008 6.62851 135.01
      vertex 1.81173 6.76148 135.01
    endloop
  endfacet
  facet normal -0.472831 -0.338832 -0.813403
    outer loop
      vertex 22.2139 17.0453 120
      vertex 5.82029 3.88899 135.01
      vertex 5.55347 4.26133 135.01
    endloop
  endfacet
  facet normal 0.307182 -0.493979 -0.813403
    outer loop
      vertex -14 24.2487 120
      vertex -3.5 6.06218 135.01
      vertex -15.556 23.2811 120
    endloop
  endfacet
  facet normal 0.573933 0.0947481 -0.813403
    outer loop
      vertex -6.94011 -0.913683 135.01
      vertex -6.8655 -1.36563 135.01
      vertex -27.462 -5.46253 120
    endloop
  endfacet
  facet normal 0.449662 0.369025 -0.813403
    outer loop
      vertex -5.26288 -4.61542 135.01
      vertex -21.0515 -18.4617 120
      vertex -22.2139 -17.0453 120
    endloop
  endfacet
  facet normal 0.424565 0.397643 -0.813403
    outer loop
      vertex -5.26288 -4.61542 135.01
      vertex -19.799 -19.799 120
      vertex -21.0515 -18.4617 120
    endloop
  endfacet
  facet normal 0.573929 -0.0947659 -0.813403
    outer loop
      vertex -27.462 5.46253 120
      vertex -6.94011 0.913683 135.01
      vertex -27.7605 3.65473 120
    endloop
  endfacet
  facet normal -0.493982 0.307178 -0.813403
    outer loop
      vertex 6.06218 -3.5 135.01
      vertex 23.2811 -15.556 120
      vertex 5.82029 -3.88899 135.01
    endloop
  endfacet
  facet normal -0.513017 0.274208 -0.813403
    outer loop
      vertex 25.1124 -12.3841 120
      vertex 24.2487 -14 120
      vertex 6.06218 -3.5 135.01
    endloop
  endfacet
  facet normal -0.513016 -0.27421 -0.813403
    outer loop
      vertex 25.1124 12.3841 120
      vertex 6.27811 3.09602 135.01
      vertex 6.06218 3.5 135.01
    endloop
  endfacet
  facet normal 0.397643 0.424565 -0.813403
    outer loop
      vertex -4.94975 -4.94975 135.01
      vertex -4.61542 -5.26288 135.01
      vertex -19.799 -19.799 120
    endloop
  endfacet
  facet normal 0.0190359 -0.58139 -0.813402
    outer loop
      vertex 0 7 135.01
      vertex -0.457822 6.98501 135.01
      vertex -1.83129 27.94 120
    endloop
  endfacet
  facet normal 0.0570188 -0.5789 -0.813402
    outer loop
      vertex -0.457822 6.98501 135.01
      vertex -0.913683 6.94011 135.01
      vertex -1.83129 27.94 120
    endloop
  endfacet
  facet normal 0.472836 -0.338824 -0.813403
    outer loop
      vertex -22.2139 17.0453 120
      vertex -5.82029 3.88899 135.01
      vertex -23.2811 15.556 120
    endloop
  endfacet
  facet normal 0.573933 -0.0947481 -0.813403
    outer loop
      vertex -6.8655 1.36563 135.01
      vertex -6.94011 0.913683 135.01
      vertex -27.462 5.46253 120
    endloop
  endfacet
  facet normal -0.204903 0.544418 -0.813402
    outer loop
      vertex 2.67878 -6.46716 135.01
      vertex 9.0003 -26.514 120
      vertex 2.25008 -6.62851 135.01
    endloop
  endfacet
  facet normal 0.369024 0.449663 -0.813403
    outer loop
      vertex -4.61542 -5.26288 135.01
      vertex -4.26133 -5.55347 135.01
      vertex -17.0453 -22.2139 120
    endloop
  endfacet
  facet normal 0.566504 -0.132095 -0.813403
    outer loop
      vertex -6.8655 1.36563 135.01
      vertex -27.0459 7.24693 120
      vertex -6.76148 1.81173 135.01
    endloop
  endfacet
  facet normal 0.566503 -0.132101 -0.813403
    outer loop
      vertex -27.0459 7.24693 120
      vertex -6.8655 1.36563 135.01
      vertex -27.462 5.46253 120
    endloop
  endfacet
  facet normal 0.168857 0.556654 -0.813402
    outer loop
      vertex -2.25008 -6.62851 135.01
      vertex -1.81173 -6.76148 135.01
      vertex -9.0003 -26.514 120
    endloop
  endfacet
  facet normal -0.168865 0.556652 -0.813402
    outer loop
      vertex 9.0003 -26.514 120
      vertex 7.24693 -27.0459 120
      vertex 1.81173 -6.76148 135.01
    endloop
  endfacet
  facet normal 0.204903 -0.544418 -0.813402
    outer loop
      vertex -2.25008 6.62851 135.01
      vertex -2.67878 6.46716 135.01
      vertex -9.0003 26.514 120
    endloop
  endfacet
  facet normal 0.424565 -0.397643 -0.813403
    outer loop
      vertex -19.799 19.799 120
      vertex -5.26288 4.61542 135.01
      vertex -21.0515 18.4617 120
    endloop
  endfacet
  facet normal -0.27421 0.513016 -0.813403
    outer loop
      vertex 3.5 -6.06218 135.01
      vertex 12.3841 -25.1124 120
      vertex 3.09602 -6.27811 135.01
    endloop
  endfacet
  facet normal -0.27421 -0.513016 -0.813403
    outer loop
      vertex 12.3841 25.1124 120
      vertex 3.5 6.06218 135.01
      vertex 3.09602 6.27811 135.01
    endloop
  endfacet
  facet normal 0.369024 -0.449663 -0.813403
    outer loop
      vertex -4.26133 5.55347 135.01
      vertex -4.61542 5.26288 135.01
      vertex -17.0453 22.2139 120
    endloop
  endfacet
  facet normal 0.424565 -0.397643 -0.813403
    outer loop
      vertex -4.94975 4.94975 135.01
      vertex -5.26288 4.61542 135.01
      vertex -19.799 19.799 120
    endloop
  endfacet
  facet normal 0.449662 -0.369025 -0.813403
    outer loop
      vertex -21.0515 18.4617 120
      vertex -5.26288 4.61542 135.01
      vertex -22.2139 17.0453 120
    endloop
  endfacet
  facet normal 0.493982 -0.307178 -0.813403
    outer loop
      vertex -5.82029 3.88899 135.01
      vertex -6.06218 3.5 135.01
      vertex -23.2811 15.556 120
    endloop
  endfacet
  facet normal 0.513016 -0.27421 -0.813403
    outer loop
      vertex -6.06218 3.5 135.01
      vertex -6.27811 3.09602 135.01
      vertex -25.1124 12.3841 120
    endloop
  endfacet
  facet normal 0.472831 0.338832 -0.813403
    outer loop
      vertex -5.82029 -3.88899 135.01
      vertex -5.55347 -4.26133 135.01
      vertex -22.2139 -17.0453 120
    endloop
  endfacet
  facet normal 0.449663 0.369024 -0.813403
    outer loop
      vertex -5.55347 -4.26133 135.01
      vertex -5.26288 -4.61542 135.01
      vertex -22.2139 -17.0453 120
    endloop
  endfacet
  facet normal 0.556654 -0.168857 -0.813402
    outer loop
      vertex -6.62851 2.25008 135.01
      vertex -6.76148 1.81173 135.01
      vertex -26.514 9.0003 120
    endloop
  endfacet
  facet normal 0.58139 -0.0190359 -0.813402
    outer loop
      vertex -6.98501 0.457822 135.01
      vertex -7 0 135.01
      vertex -27.94 1.83129 120
    endloop
  endfacet
  facet normal 0.581389 -0.0190485 -0.813403
    outer loop
      vertex -27.94 1.83129 120
      vertex -7 0 135.01
      vertex -28 0 120
    endloop
  endfacet
  facet normal 0.513017 -0.274208 -0.813403
    outer loop
      vertex -24.2487 14 120
      vertex -6.06218 3.5 135.01
      vertex -25.1124 12.3841 120
    endloop
  endfacet
  facet normal 0.556652 0.168865 -0.813402
    outer loop
      vertex -6.76148 -1.81173 135.01
      vertex -26.514 -9.0003 120
      vertex -27.0459 -7.24693 120
    endloop
  endfacet
  facet normal -0.513016 0.27421 -0.813403
    outer loop
      vertex 6.27811 -3.09602 135.01
      vertex 25.1124 -12.3841 120
      vertex 6.06218 -3.5 135.01
    endloop
  endfacet
  facet normal 0.168857 -0.556654 -0.813402
    outer loop
      vertex -1.81173 6.76148 135.01
      vertex -2.25008 6.62851 135.01
      vertex -9.0003 26.514 120
    endloop
  endfacet
  facet normal 0.27421 0.513016 -0.813403
    outer loop
      vertex -3.5 -6.06218 135.01
      vertex -3.09602 -6.27811 135.01
      vertex -12.3841 -25.1124 120
    endloop
  endfacet
  facet normal 0.240073 0.52985 -0.813402
    outer loop
      vertex -3.09602 -6.27811 135.01
      vertex -2.67878 -6.46716 135.01
      vertex -12.3841 -25.1124 120
    endloop
  endfacet
  facet normal 0.449663 -0.369024 -0.813403
    outer loop
      vertex -5.26288 4.61542 135.01
      vertex -5.55347 4.26133 135.01
      vertex -22.2139 17.0453 120
    endloop
  endfacet
  facet normal 0.52985 -0.240073 -0.813402
    outer loop
      vertex -6.27811 3.09602 135.01
      vertex -6.46716 2.67878 135.01
      vertex -25.1124 12.3841 120
    endloop
  endfacet
  facet normal 0.544418 -0.204903 -0.813402
    outer loop
      vertex -6.46716 2.67878 135.01
      vertex -6.62851 2.25008 135.01
      vertex -26.514 9.0003 120
    endloop
  endfacet
  facet normal 0.566504 0.132095 -0.813403
    outer loop
      vertex -27.0459 -7.24693 120
      vertex -6.8655 -1.36563 135.01
      vertex -6.76148 -1.81173 135.01
    endloop
  endfacet
  facet normal 0.566503 0.132101 -0.813403
    outer loop
      vertex -6.8655 -1.36563 135.01
      vertex -27.0459 -7.24693 120
      vertex -27.462 -5.46253 120
    endloop
  endfacet
  facet normal 0.58139 0.0190359 -0.813402
    outer loop
      vertex -7 0 135.01
      vertex -6.98501 -0.457822 135.01
      vertex -27.94 -1.83129 120
    endloop
  endfacet
  facet normal 0.5789 0.0570188 -0.813402
    outer loop
      vertex -6.98501 -0.457822 135.01
      vertex -6.94011 -0.913683 135.01
      vertex -27.94 -1.83129 120
    endloop
  endfacet
  facet normal -0.995184 -0.0980206 0
    outer loop
      vertex 6.98501 0.457822 135.01
      vertex 6.94011 0.913683 145
      vertex 6.94011 0.913683 135.01
    endloop
  endfacet
  facet normal -0.995184 -0.0980206 0
    outer loop
      vertex 6.94011 0.913683 145
      vertex 6.98501 0.457822 135.01
      vertex 6.98501 0.457822 145
    endloop
  endfacet
  facet normal -0.999464 -0.0327244 0
    outer loop
      vertex 7 0 135.01
      vertex 6.98501 0.457822 145
      vertex 6.98501 0.457822 135.01
    endloop
  endfacet
  facet normal -0.999464 -0.0327244 0
    outer loop
      vertex 6.98501 0.457822 145
      vertex 7 0 135.01
      vertex 7 0 145
    endloop
  endfacet
  facet normal -0.812842 0.582485 0
    outer loop
      vertex 5.55347 -4.26133 135.01
      vertex 5.82029 -3.88899 145
      vertex 5.82029 -3.88899 135.01
    endloop
  endfacet
  facet normal -0.812842 0.582485 0
    outer loop
      vertex 5.82029 -3.88899 145
      vertex 5.55347 -4.26133 135.01
      vertex 5.55347 -4.26133 145
    endloop
  endfacet
  facet normal -0.849202 -0.528069 0
    outer loop
      vertex 6.06218 3.5 135.01
      vertex 5.82029 3.88899 145
      vertex 5.82029 3.88899 135.01
    endloop
  endfacet
  facet normal -0.849202 -0.528069 0
    outer loop
      vertex 5.82029 3.88899 145
      vertex 6.06218 3.5 135.01
      vertex 6.06218 3.5 145
    endloop
  endfacet
  facet normal -0.0980206 -0.995184 0
    outer loop
      vertex 0.457822 6.98501 135.01
      vertex 0.913683 6.94011 145
      vertex 0.457822 6.98501 145
    endloop
  endfacet
  facet normal -0.0980206 -0.995184 -0
    outer loop
      vertex 0.913683 6.94011 145
      vertex 0.457822 6.98501 135.01
      vertex 0.913683 6.94011 135.01
    endloop
  endfacet
  facet normal -0.634227 -0.773147 0
    outer loop
      vertex 4.26133 5.55347 145
      vertex 4.27196 5.54475 138
      vertex 4.27196 5.54475 145
    endloop
  endfacet
  facet normal -0.634227 -0.773147 0
    outer loop
      vertex 4.26133 5.55347 135.01
      vertex 4.27196 5.54475 138
      vertex 4.26133 5.55347 145
    endloop
  endfacet
  facet normal -0.634393 -0.773011 9.83741e-07
    outer loop
      vertex 4.26133 5.55347 135.01
      vertex 4.61542 5.26288 138
      vertex 4.27196 5.54475 138
    endloop
  endfacet
  facet normal -0.634388 -0.773015 -0
    outer loop
      vertex 4.61542 5.26288 138
      vertex 4.26133 5.55347 135.01
      vertex 4.61542 5.26288 135.01
    endloop
  endfacet
  facet normal -0.528069 0.849202 0
    outer loop
      vertex 3.88899 -5.82029 135.01
      vertex 3.5 -6.06218 145
      vertex 3.88899 -5.82029 145
    endloop
  endfacet
  facet normal -0.528069 0.849202 0
    outer loop
      vertex 3.5 -6.06218 145
      vertex 3.88899 -5.82029 135.01
      vertex 3.5 -6.06218 135.01
    endloop
  endfacet
  facet normal -0.0327244 -0.999464 0
    outer loop
      vertex 0 7 135.01
      vertex 0.457822 6.98501 145
      vertex 0 7 145
    endloop
  endfacet
  facet normal -0.0327244 -0.999464 -0
    outer loop
      vertex 0.457822 6.98501 145
      vertex 0 7 135.01
      vertex 0.457822 6.98501 135.01
    endloop
  endfacet
  facet normal 0.352248 0.935907 -0
    outer loop
      vertex -2.25008 -6.62851 135.01
      vertex -2.67878 -6.46716 145
      vertex -2.25008 -6.62851 145
    endloop
  endfacet
  facet normal 0.352248 0.935907 0
    outer loop
      vertex -2.67878 -6.46716 145
      vertex -2.25008 -6.62851 135.01
      vertex -2.67878 -6.46716 135.01
    endloop
  endfacet
  facet normal -0.812842 -0.582485 0
    outer loop
      vertex 5.82029 3.88899 135.01
      vertex 5.55347 4.26133 145
      vertex 5.55347 4.26133 135.01
    endloop
  endfacet
  facet normal -0.812842 -0.582485 0
    outer loop
      vertex 5.55347 4.26133 145
      vertex 5.82029 3.88899 135.01
      vertex 5.82029 3.88899 145
    endloop
  endfacet
  facet normal -0.162881 0.986646 0
    outer loop
      vertex 1.36563 -6.8655 135.01
      vertex 0.913683 -6.94011 145
      vertex 1.36563 -6.8655 145
    endloop
  endfacet
  facet normal -0.162881 0.986646 0
    outer loop
      vertex 0.913683 -6.94011 145
      vertex 1.36563 -6.8655 135.01
      vertex 0.913683 -6.94011 135.01
    endloop
  endfacet
  facet normal -0.973875 -0.227085 0
    outer loop
      vertex 6.8655 1.36563 135.01
      vertex 6.76148 1.81173 145
      vertex 6.76148 1.81173 135.01
    endloop
  endfacet
  facet normal -0.973875 -0.227085 0
    outer loop
      vertex 6.76148 1.81173 145
      vertex 6.8655 1.36563 135.01
      vertex 6.8655 1.36563 145
    endloop
  endfacet
  facet normal -0.881923 0.471394 0
    outer loop
      vertex 6.06218 -3.5 135.01
      vertex 6.27811 -3.09602 145
      vertex 6.27811 -3.09602 135.01
    endloop
  endfacet
  facet normal -0.881923 0.471394 0
    outer loop
      vertex 6.27811 -3.09602 145
      vertex 6.06218 -3.5 135.01
      vertex 6.06218 -3.5 145
    endloop
  endfacet
  facet normal -0.528069 -0.849202 0
    outer loop
      vertex 3.5 6.06218 135.01
      vertex 3.88899 5.82029 145
      vertex 3.5 6.06218 145
    endloop
  endfacet
  facet normal -0.528069 -0.849202 -0
    outer loop
      vertex 3.88899 5.82029 145
      vertex 3.5 6.06218 135.01
      vertex 3.88899 5.82029 135.01
    endloop
  endfacet
  facet normal -0.471394 0.881923 0
    outer loop
      vertex 3.5 -6.06218 135.01
      vertex 3.09602 -6.27811 145
      vertex 3.5 -6.06218 145
    endloop
  endfacet
  facet normal -0.471394 0.881923 0
    outer loop
      vertex 3.09602 -6.27811 145
      vertex 3.5 -6.06218 135.01
      vertex 3.09602 -6.27811 135.01
    endloop
  endfacet
  facet normal 0.729869 0.683587 0
    outer loop
      vertex -4.94975 -4.94975 138
      vertex -5.26288 -4.61542 135.01
      vertex -5.26288 -4.61542 138
    endloop
  endfacet
  facet normal 0.729869 0.683587 0
    outer loop
      vertex -5.26288 -4.61542 135.01
      vertex -4.94975 -4.94975 138
      vertex -4.94975 -4.94975 135.01
    endloop
  endfacet
  facet normal 0.528069 0.849202 -0
    outer loop
      vertex -3.5 -6.06218 135.01
      vertex -3.88899 -5.82029 145
      vertex -3.5 -6.06218 145
    endloop
  endfacet
  facet normal 0.528069 0.849202 0
    outer loop
      vertex -3.88899 -5.82029 145
      vertex -3.5 -6.06218 135.01
      vertex -3.88899 -5.82029 135.01
    endloop
  endfacet
  facet normal -0.729869 -0.683587 0
    outer loop
      vertex 5.26288 4.61542 135.01
      vertex 4.94975 4.94975 138
      vertex 4.94975 4.94975 135.01
    endloop
  endfacet
  facet normal -0.729869 -0.683587 0
    outer loop
      vertex 4.94975 4.94975 138
      vertex 5.26288 4.61542 135.01
      vertex 5.26288 4.61542 138
    endloop
  endfacet
  facet normal 0.227085 0.973875 -0
    outer loop
      vertex -1.36563 -6.8655 135.01
      vertex -1.81173 -6.76148 145
      vertex -1.36563 -6.8655 145
    endloop
  endfacet
  facet normal 0.227085 0.973875 0
    outer loop
      vertex -1.81173 -6.76148 145
      vertex -1.36563 -6.8655 135.01
      vertex -1.81173 -6.76148 135.01
    endloop
  endfacet
  facet normal -0.412709 -0.910863 0
    outer loop
      vertex 2.67878 6.46716 135.01
      vertex 3.09602 6.27811 145
      vertex 2.67878 6.46716 145
    endloop
  endfacet
  facet normal -0.412709 -0.910863 -0
    outer loop
      vertex 3.09602 6.27811 145
      vertex 2.67878 6.46716 135.01
      vertex 3.09602 6.27811 135.01
    endloop
  endfacet
  facet normal -0.0980206 0.995184 0
    outer loop
      vertex 0.913683 -6.94011 135.01
      vertex 0.457822 -6.98501 145
      vertex 0.913683 -6.94011 145
    endloop
  endfacet
  facet normal -0.0980206 0.995184 0
    outer loop
      vertex 0.457822 -6.98501 145
      vertex 0.913683 -6.94011 135.01
      vertex 0.457822 -6.98501 135.01
    endloop
  endfacet
  facet normal 0.729869 -0.683587 0
    outer loop
      vertex -5.26288 4.61542 138
      vertex -4.94975 4.94975 135.01
      vertex -4.94975 4.94975 138
    endloop
  endfacet
  facet normal 0.729869 -0.683587 0
    outer loop
      vertex -4.94975 4.94975 135.01
      vertex -5.26288 4.61542 138
      vertex -5.26288 4.61542 135.01
    endloop
  endfacet
  facet normal -0.683587 0.729869 0
    outer loop
      vertex 4.94975 -4.94975 135.01
      vertex 4.61542 -5.26288 138
      vertex 4.94975 -4.94975 138
    endloop
  endfacet
  facet normal -0.683587 0.729869 0
    outer loop
      vertex 4.61542 -5.26288 138
      vertex 4.94975 -4.94975 135.01
      vertex 4.61542 -5.26288 135.01
    endloop
  endfacet
  facet normal -0.471394 -0.881923 0
    outer loop
      vertex 3.09602 6.27811 135.01
      vertex 3.5 6.06218 145
      vertex 3.09602 6.27811 145
    endloop
  endfacet
  facet normal -0.471394 -0.881923 -0
    outer loop
      vertex 3.5 6.06218 145
      vertex 3.09602 6.27811 135.01
      vertex 3.5 6.06218 135.01
    endloop
  endfacet
  facet normal -0.683587 -0.729869 0
    outer loop
      vertex 4.61542 5.26288 135.01
      vertex 4.94975 4.94975 138
      vertex 4.61542 5.26288 138
    endloop
  endfacet
  facet normal -0.683587 -0.729869 -0
    outer loop
      vertex 4.94975 4.94975 138
      vertex 4.61542 5.26288 135.01
      vertex 4.94975 4.94975 135.01
    endloop
  endfacet
  facet normal -0.956942 0.290281 0
    outer loop
      vertex 6.62851 -2.25008 135.01
      vertex 6.76148 -1.81173 145
      vertex 6.76148 -1.81173 135.01
    endloop
  endfacet
  facet normal -0.956942 0.290281 0
    outer loop
      vertex 6.76148 -1.81173 145
      vertex 6.62851 -2.25008 135.01
      vertex 6.62851 -2.25008 145
    endloop
  endfacet
  facet normal 0.0327244 -0.999464 0
    outer loop
      vertex -0.457822 6.98501 135.01
      vertex 0 7 145
      vertex -0.457822 6.98501 145
    endloop
  endfacet
  facet normal 0.0327244 -0.999464 0
    outer loop
      vertex 0 7 145
      vertex -0.457822 6.98501 135.01
      vertex 0 7 135.01
    endloop
  endfacet
  facet normal 0.683587 -0.729869 0
    outer loop
      vertex -4.94975 4.94975 135.01
      vertex -4.61542 5.26288 138
      vertex -4.94975 4.94975 138
    endloop
  endfacet
  facet normal 0.683587 -0.729869 0
    outer loop
      vertex -4.61542 5.26288 138
      vertex -4.94975 4.94975 135.01
      vertex -4.61542 5.26288 135.01
    endloop
  endfacet
  facet normal 0.973875 -0.227085 0
    outer loop
      vertex -6.8655 1.36563 145
      vertex -6.76148 1.81173 135.01
      vertex -6.76148 1.81173 145
    endloop
  endfacet
  facet normal 0.973875 -0.227085 0
    outer loop
      vertex -6.76148 1.81173 135.01
      vertex -6.8655 1.36563 145
      vertex -6.8655 1.36563 135.01
    endloop
  endfacet
  facet normal 0.352248 -0.935907 0
    outer loop
      vertex -2.67878 6.46716 135.01
      vertex -2.25008 6.62851 145
      vertex -2.67878 6.46716 145
    endloop
  endfacet
  facet normal 0.352248 -0.935907 0
    outer loop
      vertex -2.25008 6.62851 145
      vertex -2.67878 6.46716 135.01
      vertex -2.25008 6.62851 135.01
    endloop
  endfacet
  facet normal -0.0327244 0.999464 0
    outer loop
      vertex 0.457822 -6.98501 135.01
      vertex 0 -7 145
      vertex 0.457822 -6.98501 145
    endloop
  endfacet
  facet normal -0.0327244 0.999464 0
    outer loop
      vertex 0 -7 145
      vertex 0.457822 -6.98501 135.01
      vertex 0 -7 135.01
    endloop
  endfacet
  facet normal -0.582485 -0.812842 0
    outer loop
      vertex 3.88899 5.82029 135.01
      vertex 4.26133 5.55347 145
      vertex 3.88899 5.82029 145
    endloop
  endfacet
  facet normal -0.582485 -0.812842 -0
    outer loop
      vertex 4.26133 5.55347 145
      vertex 3.88899 5.82029 135.01
      vertex 4.26133 5.55347 135.01
    endloop
  endfacet
  facet normal 0.471394 0.881923 -0
    outer loop
      vertex -3.09602 -6.27811 135.01
      vertex -3.5 -6.06218 145
      vertex -3.09602 -6.27811 145
    endloop
  endfacet
  facet normal 0.471394 0.881923 0
    outer loop
      vertex -3.5 -6.06218 145
      vertex -3.09602 -6.27811 135.01
      vertex -3.5 -6.06218 135.01
    endloop
  endfacet
  facet normal 0.910863 0.412709 0
    outer loop
      vertex -6.27811 -3.09602 145
      vertex -6.46716 -2.67878 135.01
      vertex -6.46716 -2.67878 145
    endloop
  endfacet
  facet normal 0.910863 0.412709 0
    outer loop
      vertex -6.46716 -2.67878 135.01
      vertex -6.27811 -3.09602 145
      vertex -6.27811 -3.09602 135.01
    endloop
  endfacet
  facet normal 0.162881 -0.986646 0
    outer loop
      vertex -1.36563 6.8655 135.01
      vertex -0.913683 6.94011 145
      vertex -1.36563 6.8655 145
    endloop
  endfacet
  facet normal 0.162881 -0.986646 0
    outer loop
      vertex -0.913683 6.94011 145
      vertex -1.36563 6.8655 135.01
      vertex -0.913683 6.94011 135.01
    endloop
  endfacet
  facet normal -0.849202 0.528069 0
    outer loop
      vertex 5.82029 -3.88899 135.01
      vertex 6.06218 -3.5 145
      vertex 6.06218 -3.5 135.01
    endloop
  endfacet
  facet normal -0.849202 0.528069 0
    outer loop
      vertex 6.06218 -3.5 145
      vertex 5.82029 -3.88899 135.01
      vertex 5.82029 -3.88899 145
    endloop
  endfacet
  facet normal 0.935907 0.352248 0
    outer loop
      vertex -6.46716 -2.67878 145
      vertex -6.62851 -2.25008 135.01
      vertex -6.62851 -2.25008 145
    endloop
  endfacet
  facet normal 0.935907 0.352248 0
    outer loop
      vertex -6.62851 -2.25008 135.01
      vertex -6.46716 -2.67878 145
      vertex -6.46716 -2.67878 135.01
    endloop
  endfacet
  facet normal -0.999464 0.0327244 0
    outer loop
      vertex 6.98501 -0.457822 135.01
      vertex 7 0 145
      vertex 7 0 135.01
    endloop
  endfacet
  facet normal -0.999464 0.0327244 0
    outer loop
      vertex 7 0 145
      vertex 6.98501 -0.457822 135.01
      vertex 6.98501 -0.457822 145
    endloop
  endfacet
  facet normal -0.162881 -0.986646 0
    outer loop
      vertex 0.913683 6.94011 135.01
      vertex 1.36563 6.8655 145
      vertex 0.913683 6.94011 145
    endloop
  endfacet
  facet normal -0.162881 -0.986646 -0
    outer loop
      vertex 1.36563 6.8655 145
      vertex 0.913683 6.94011 135.01
      vertex 1.36563 6.8655 135.01
    endloop
  endfacet
  facet normal -0.352248 0.935907 0
    outer loop
      vertex 2.67878 -6.46716 135.01
      vertex 2.25008 -6.62851 145
      vertex 2.67878 -6.46716 145
    endloop
  endfacet
  facet normal -0.352248 0.935907 0
    outer loop
      vertex 2.25008 -6.62851 145
      vertex 2.67878 -6.46716 135.01
      vertex 2.25008 -6.62851 135.01
    endloop
  endfacet
  facet normal -0.634393 0.773011 0
    outer loop
      vertex 4.61542 -5.26288 138
      vertex 4.61542 -5.26288 135.01
      vertex 4.27196 -5.54475 138
    endloop
  endfacet
  facet normal -0.634227 0.773147 0
    outer loop
      vertex 4.27196 -5.54475 138
      vertex 4.26133 -5.55347 145
      vertex 4.27196 -5.54475 145
    endloop
  endfacet
  facet normal -0.634227 0.773147 0
    outer loop
      vertex 4.27196 -5.54475 138
      vertex 4.26133 -5.55347 135.01
      vertex 4.26133 -5.55347 145
    endloop
  endfacet
  facet normal -0.634388 0.773015 9.54213e-07
    outer loop
      vertex 4.26133 -5.55347 135.01
      vertex 4.27196 -5.54475 138
      vertex 4.61542 -5.26288 135.01
    endloop
  endfacet
  facet normal -0.910863 -0.412709 0
    outer loop
      vertex 6.46716 2.67878 135.01
      vertex 6.27811 3.09602 145
      vertex 6.27811 3.09602 135.01
    endloop
  endfacet
  facet normal -0.910863 -0.412709 0
    outer loop
      vertex 6.27811 3.09602 145
      vertex 6.46716 2.67878 135.01
      vertex 6.46716 2.67878 145
    endloop
  endfacet
  facet normal -0.412709 0.910863 0
    outer loop
      vertex 3.09602 -6.27811 135.01
      vertex 2.67878 -6.46716 145
      vertex 3.09602 -6.27811 145
    endloop
  endfacet
  facet normal -0.412709 0.910863 0
    outer loop
      vertex 2.67878 -6.46716 145
      vertex 3.09602 -6.27811 135.01
      vertex 2.67878 -6.46716 135.01
    endloop
  endfacet
  facet normal -0.227085 0.973875 0
    outer loop
      vertex 1.81173 -6.76148 135.01
      vertex 1.36563 -6.8655 145
      vertex 1.81173 -6.76148 145
    endloop
  endfacet
  facet normal -0.227085 0.973875 0
    outer loop
      vertex 1.36563 -6.8655 145
      vertex 1.81173 -6.76148 135.01
      vertex 1.36563 -6.8655 135.01
    endloop
  endfacet
  facet normal -0.956942 -0.290281 0
    outer loop
      vertex 6.76148 1.81173 135.01
      vertex 6.62851 2.25008 145
      vertex 6.62851 2.25008 135.01
    endloop
  endfacet
  facet normal -0.956942 -0.290281 0
    outer loop
      vertex 6.62851 2.25008 145
      vertex 6.76148 1.81173 135.01
      vertex 6.76148 1.81173 145
    endloop
  endfacet
  facet normal 0.986646 0.162881 0
    outer loop
      vertex -6.8655 -1.36563 145
      vertex -6.94011 -0.913683 135.01
      vertex -6.94011 -0.913683 145
    endloop
  endfacet
  facet normal 0.986646 0.162881 0
    outer loop
      vertex -6.94011 -0.913683 135.01
      vertex -6.8655 -1.36563 145
      vertex -6.8655 -1.36563 135.01
    endloop
  endfacet
  facet normal -0.881923 -0.471394 0
    outer loop
      vertex 6.27811 3.09602 135.01
      vertex 6.06218 3.5 145
      vertex 6.06218 3.5 135.01
    endloop
  endfacet
  facet normal -0.881923 -0.471394 0
    outer loop
      vertex 6.06218 3.5 145
      vertex 6.27811 3.09602 135.01
      vertex 6.27811 3.09602 145
    endloop
  endfacet
  facet normal -0.582485 0.812842 0
    outer loop
      vertex 4.26133 -5.55347 135.01
      vertex 3.88899 -5.82029 145
      vertex 4.26133 -5.55347 145
    endloop
  endfacet
  facet normal -0.582485 0.812842 0
    outer loop
      vertex 3.88899 -5.82029 145
      vertex 4.26133 -5.55347 135.01
      vertex 3.88899 -5.82029 135.01
    endloop
  endfacet
  facet normal -0.773011 -0.634393 0
    outer loop
      vertex 5.26288 4.61542 135.01
      vertex 5.54475 4.27196 138
      vertex 5.26288 4.61542 138
    endloop
  endfacet
  facet normal -0.773015 -0.634388 9.54213e-07
    outer loop
      vertex 5.55347 4.26133 135.01
      vertex 5.54475 4.27196 138
      vertex 5.26288 4.61542 135.01
    endloop
  endfacet
  facet normal -0.773147 -0.634227 -0
    outer loop
      vertex 5.55347 4.26133 145
      vertex 5.54475 4.27196 138
      vertex 5.55347 4.26133 135.01
    endloop
  endfacet
  facet normal -0.773147 -0.634227 0
    outer loop
      vertex 5.54475 4.27196 138
      vertex 5.55347 4.26133 145
      vertex 5.54475 4.27196 145
    endloop
  endfacet
  facet normal 0.528069 -0.849202 0
    outer loop
      vertex -3.88899 5.82029 135.01
      vertex -3.5 6.06218 145
      vertex -3.88899 5.82029 145
    endloop
  endfacet
  facet normal 0.528069 -0.849202 0
    outer loop
      vertex -3.5 6.06218 145
      vertex -3.88899 5.82029 135.01
      vertex -3.5 6.06218 135.01
    endloop
  endfacet
  facet normal -0.227085 -0.973875 0
    outer loop
      vertex 1.36563 6.8655 135.01
      vertex 1.81173 6.76148 145
      vertex 1.36563 6.8655 145
    endloop
  endfacet
  facet normal -0.227085 -0.973875 -0
    outer loop
      vertex 1.81173 6.76148 145
      vertex 1.36563 6.8655 135.01
      vertex 1.81173 6.76148 135.01
    endloop
  endfacet
  facet normal 0.881923 0.471394 0
    outer loop
      vertex -6.06218 -3.5 145
      vertex -6.27811 -3.09602 135.01
      vertex -6.27811 -3.09602 145
    endloop
  endfacet
  facet normal 0.881923 0.471394 0
    outer loop
      vertex -6.27811 -3.09602 135.01
      vertex -6.06218 -3.5 145
      vertex -6.06218 -3.5 135.01
    endloop
  endfacet
  facet normal -0.973875 0.227085 0
    outer loop
      vertex 6.76148 -1.81173 135.01
      vertex 6.8655 -1.36563 145
      vertex 6.8655 -1.36563 135.01
    endloop
  endfacet
  facet normal -0.973875 0.227085 0
    outer loop
      vertex 6.8655 -1.36563 145
      vertex 6.76148 -1.81173 135.01
      vertex 6.76148 -1.81173 145
    endloop
  endfacet
  facet normal 0.849202 0.528069 0
    outer loop
      vertex -5.82029 -3.88899 145
      vertex -6.06218 -3.5 135.01
      vertex -6.06218 -3.5 145
    endloop
  endfacet
  facet normal 0.849202 0.528069 0
    outer loop
      vertex -6.06218 -3.5 135.01
      vertex -5.82029 -3.88899 145
      vertex -5.82029 -3.88899 135.01
    endloop
  endfacet
  facet normal 0.0980206 -0.995184 0
    outer loop
      vertex -0.913683 6.94011 135.01
      vertex -0.457822 6.98501 145
      vertex -0.913683 6.94011 145
    endloop
  endfacet
  facet normal 0.0980206 -0.995184 0
    outer loop
      vertex -0.457822 6.98501 145
      vertex -0.913683 6.94011 135.01
      vertex -0.457822 6.98501 135.01
    endloop
  endfacet
  facet normal 0.812842 0.582485 0
    outer loop
      vertex -5.55347 -4.26133 145
      vertex -5.82029 -3.88899 135.01
      vertex -5.82029 -3.88899 145
    endloop
  endfacet
  facet normal 0.812842 0.582485 0
    outer loop
      vertex -5.82029 -3.88899 135.01
      vertex -5.55347 -4.26133 145
      vertex -5.55347 -4.26133 135.01
    endloop
  endfacet
  facet normal 0.227085 -0.973875 0
    outer loop
      vertex -1.81173 6.76148 135.01
      vertex -1.36563 6.8655 145
      vertex -1.81173 6.76148 145
    endloop
  endfacet
  facet normal 0.227085 -0.973875 0
    outer loop
      vertex -1.36563 6.8655 145
      vertex -1.81173 6.76148 135.01
      vertex -1.36563 6.8655 135.01
    endloop
  endfacet
  facet normal -0.352248 -0.935907 0
    outer loop
      vertex 2.25008 6.62851 135.01
      vertex 2.67878 6.46716 145
      vertex 2.25008 6.62851 145
    endloop
  endfacet
  facet normal -0.352248 -0.935907 -0
    outer loop
      vertex 2.67878 6.46716 145
      vertex 2.25008 6.62851 135.01
      vertex 2.67878 6.46716 135.01
    endloop
  endfacet
  facet normal 0.995184 -0.0980206 0
    outer loop
      vertex -6.98501 0.457822 145
      vertex -6.94011 0.913683 135.01
      vertex -6.94011 0.913683 145
    endloop
  endfacet
  facet normal 0.995184 -0.0980206 0
    outer loop
      vertex -6.94011 0.913683 135.01
      vertex -6.98501 0.457822 145
      vertex -6.98501 0.457822 135.01
    endloop
  endfacet
  facet normal 0.935907 -0.352248 0
    outer loop
      vertex -6.62851 2.25008 145
      vertex -6.46716 2.67878 135.01
      vertex -6.46716 2.67878 145
    endloop
  endfacet
  facet normal 0.935907 -0.352248 0
    outer loop
      vertex -6.46716 2.67878 135.01
      vertex -6.62851 2.25008 145
      vertex -6.62851 2.25008 135.01
    endloop
  endfacet
  facet normal 0.773147 -0.634227 0
    outer loop
      vertex -5.54475 4.27196 145
      vertex -5.55347 4.26133 145
      vertex -5.54475 4.27196 138
    endloop
  endfacet
  facet normal 0.773011 -0.634393 0
    outer loop
      vertex -5.54475 4.27196 138
      vertex -5.26288 4.61542 135.01
      vertex -5.26288 4.61542 138
    endloop
  endfacet
  facet normal 0.773015 -0.634388 9.54213e-07
    outer loop
      vertex -5.54475 4.27196 138
      vertex -5.55347 4.26133 135.01
      vertex -5.26288 4.61542 135.01
    endloop
  endfacet
  facet normal 0.773147 -0.634227 0
    outer loop
      vertex -5.55347 4.26133 135.01
      vertex -5.54475 4.27196 138
      vertex -5.55347 4.26133 145
    endloop
  endfacet
  facet normal 0.812842 -0.582485 0
    outer loop
      vertex -5.82029 3.88899 145
      vertex -5.55347 4.26133 135.01
      vertex -5.55347 4.26133 145
    endloop
  endfacet
  facet normal 0.812842 -0.582485 0
    outer loop
      vertex -5.55347 4.26133 135.01
      vertex -5.82029 3.88899 145
      vertex -5.82029 3.88899 135.01
    endloop
  endfacet
  facet normal 0.973875 0.227085 0
    outer loop
      vertex -6.76148 -1.81173 145
      vertex -6.8655 -1.36563 135.01
      vertex -6.8655 -1.36563 145
    endloop
  endfacet
  facet normal 0.973875 0.227085 0
    outer loop
      vertex -6.8655 -1.36563 135.01
      vertex -6.76148 -1.81173 145
      vertex -6.76148 -1.81173 135.01
    endloop
  endfacet
  facet normal 0.412709 -0.910863 0
    outer loop
      vertex -3.09602 6.27811 135.01
      vertex -2.67878 6.46716 145
      vertex -3.09602 6.27811 145
    endloop
  endfacet
  facet normal 0.412709 -0.910863 0
    outer loop
      vertex -2.67878 6.46716 145
      vertex -3.09602 6.27811 135.01
      vertex -2.67878 6.46716 135.01
    endloop
  endfacet
  facet normal 0.773147 0.634227 -0
    outer loop
      vertex -5.54475 -4.27196 138
      vertex -5.55347 -4.26133 145
      vertex -5.54475 -4.27196 145
    endloop
  endfacet
  facet normal 0.773147 0.634227 0
    outer loop
      vertex -5.55347 -4.26133 145
      vertex -5.54475 -4.27196 138
      vertex -5.55347 -4.26133 135.01
    endloop
  endfacet
  facet normal 0.773011 0.634393 9.83741e-07
    outer loop
      vertex -5.26288 -4.61542 138
      vertex -5.55347 -4.26133 135.01
      vertex -5.54475 -4.27196 138
    endloop
  endfacet
  facet normal 0.773015 0.634388 0
    outer loop
      vertex -5.55347 -4.26133 135.01
      vertex -5.26288 -4.61542 138
      vertex -5.26288 -4.61542 135.01
    endloop
  endfacet
  facet normal -0.995184 0.0980206 0
    outer loop
      vertex 6.94011 -0.913683 135.01
      vertex 6.98501 -0.457822 145
      vertex 6.98501 -0.457822 135.01
    endloop
  endfacet
  facet normal -0.995184 0.0980206 0
    outer loop
      vertex 6.98501 -0.457822 145
      vertex 6.94011 -0.913683 135.01
      vertex 6.94011 -0.913683 145
    endloop
  endfacet
  facet normal 0.956942 0.290281 0
    outer loop
      vertex -6.62851 -2.25008 145
      vertex -6.76148 -1.81173 135.01
      vertex -6.76148 -1.81173 145
    endloop
  endfacet
  facet normal 0.956942 0.290281 0
    outer loop
      vertex -6.76148 -1.81173 135.01
      vertex -6.62851 -2.25008 145
      vertex -6.62851 -2.25008 135.01
    endloop
  endfacet
  facet normal 0.910863 -0.412709 0
    outer loop
      vertex -6.46716 2.67878 145
      vertex -6.27811 3.09602 135.01
      vertex -6.27811 3.09602 145
    endloop
  endfacet
  facet normal 0.910863 -0.412709 0
    outer loop
      vertex -6.27811 3.09602 135.01
      vertex -6.46716 2.67878 145
      vertex -6.46716 2.67878 135.01
    endloop
  endfacet
  facet normal 0.290281 -0.956942 0
    outer loop
      vertex -2.25008 6.62851 135.01
      vertex -1.81173 6.76148 145
      vertex -2.25008 6.62851 145
    endloop
  endfacet
  facet normal 0.290281 -0.956942 0
    outer loop
      vertex -1.81173 6.76148 145
      vertex -2.25008 6.62851 135.01
      vertex -1.81173 6.76148 135.01
    endloop
  endfacet
  facet normal -0.773147 0.634227 0
    outer loop
      vertex 5.55347 -4.26133 135.01
      vertex 5.54475 -4.27196 138
      vertex 5.55347 -4.26133 145
    endloop
  endfacet
  facet normal -0.773015 0.634388 9.54213e-07
    outer loop
      vertex 5.26288 -4.61542 135.01
      vertex 5.54475 -4.27196 138
      vertex 5.55347 -4.26133 135.01
    endloop
  endfacet
  facet normal -0.773011 0.634393 0
    outer loop
      vertex 5.54475 -4.27196 138
      vertex 5.26288 -4.61542 135.01
      vertex 5.26288 -4.61542 138
    endloop
  endfacet
  facet normal -0.773147 0.634227 0
    outer loop
      vertex 5.55347 -4.26133 145
      vertex 5.54475 -4.27196 138
      vertex 5.54475 -4.27196 145
    endloop
  endfacet
  facet normal -0.935907 0.352248 0
    outer loop
      vertex 6.46716 -2.67878 135.01
      vertex 6.62851 -2.25008 145
      vertex 6.62851 -2.25008 135.01
    endloop
  endfacet
  facet normal -0.935907 0.352248 0
    outer loop
      vertex 6.62851 -2.25008 145
      vertex 6.46716 -2.67878 135.01
      vertex 6.46716 -2.67878 145
    endloop
  endfacet
  facet normal 0.582485 -0.812842 0
    outer loop
      vertex -4.26133 5.55347 135.01
      vertex -3.88899 5.82029 145
      vertex -4.26133 5.55347 145
    endloop
  endfacet
  facet normal 0.582485 -0.812842 0
    outer loop
      vertex -3.88899 5.82029 145
      vertex -4.26133 5.55347 135.01
      vertex -3.88899 5.82029 135.01
    endloop
  endfacet
  facet normal -0.290281 0.956942 0
    outer loop
      vertex 2.25008 -6.62851 135.01
      vertex 1.81173 -6.76148 145
      vertex 2.25008 -6.62851 145
    endloop
  endfacet
  facet normal -0.290281 0.956942 0
    outer loop
      vertex 1.81173 -6.76148 145
      vertex 2.25008 -6.62851 135.01
      vertex 1.81173 -6.76148 135.01
    endloop
  endfacet
  facet normal 0.412709 0.910863 -0
    outer loop
      vertex -2.67878 -6.46716 135.01
      vertex -3.09602 -6.27811 145
      vertex -2.67878 -6.46716 145
    endloop
  endfacet
  facet normal 0.412709 0.910863 0
    outer loop
      vertex -3.09602 -6.27811 145
      vertex -2.67878 -6.46716 135.01
      vertex -3.09602 -6.27811 135.01
    endloop
  endfacet
  facet normal 0.634393 -0.773011 0
    outer loop
      vertex -4.61542 5.26288 138
      vertex -4.61542 5.26288 135.01
      vertex -4.27196 5.54475 138
    endloop
  endfacet
  facet normal 0.634227 -0.773147 0
    outer loop
      vertex -4.27196 5.54475 138
      vertex -4.26133 5.55347 145
      vertex -4.27196 5.54475 145
    endloop
  endfacet
  facet normal 0.634227 -0.773147 0
    outer loop
      vertex -4.27196 5.54475 138
      vertex -4.26133 5.55347 135.01
      vertex -4.26133 5.55347 145
    endloop
  endfacet
  facet normal 0.634388 -0.773015 9.54213e-07
    outer loop
      vertex -4.26133 5.55347 135.01
      vertex -4.27196 5.54475 138
      vertex -4.61542 5.26288 135.01
    endloop
  endfacet
  facet normal -0.935907 -0.352248 0
    outer loop
      vertex 6.62851 2.25008 135.01
      vertex 6.46716 2.67878 145
      vertex 6.46716 2.67878 135.01
    endloop
  endfacet
  facet normal -0.935907 -0.352248 0
    outer loop
      vertex 6.46716 2.67878 145
      vertex 6.62851 2.25008 135.01
      vertex 6.62851 2.25008 145
    endloop
  endfacet
  facet normal -0.986646 -0.162881 0
    outer loop
      vertex 6.94011 0.913683 135.01
      vertex 6.8655 1.36563 145
      vertex 6.8655 1.36563 135.01
    endloop
  endfacet
  facet normal -0.986646 -0.162881 0
    outer loop
      vertex 6.8655 1.36563 145
      vertex 6.94011 0.913683 135.01
      vertex 6.94011 0.913683 145
    endloop
  endfacet
  facet normal 0.956942 -0.290281 0
    outer loop
      vertex -6.76148 1.81173 145
      vertex -6.62851 2.25008 135.01
      vertex -6.62851 2.25008 145
    endloop
  endfacet
  facet normal 0.956942 -0.290281 0
    outer loop
      vertex -6.62851 2.25008 135.01
      vertex -6.76148 1.81173 145
      vertex -6.76148 1.81173 135.01
    endloop
  endfacet
  facet normal 0.986646 -0.162881 0
    outer loop
      vertex -6.94011 0.913683 145
      vertex -6.8655 1.36563 135.01
      vertex -6.8655 1.36563 145
    endloop
  endfacet
  facet normal 0.986646 -0.162881 0
    outer loop
      vertex -6.8655 1.36563 135.01
      vertex -6.94011 0.913683 145
      vertex -6.94011 0.913683 135.01
    endloop
  endfacet
  facet normal 0.995184 0.0980206 0
    outer loop
      vertex -6.94011 -0.913683 145
      vertex -6.98501 -0.457822 135.01
      vertex -6.98501 -0.457822 145
    endloop
  endfacet
  facet normal 0.995184 0.0980206 0
    outer loop
      vertex -6.98501 -0.457822 135.01
      vertex -6.94011 -0.913683 145
      vertex -6.94011 -0.913683 135.01
    endloop
  endfacet
  facet normal 0.290281 0.956942 -0
    outer loop
      vertex -1.81173 -6.76148 135.01
      vertex -2.25008 -6.62851 145
      vertex -1.81173 -6.76148 145
    endloop
  endfacet
  facet normal 0.290281 0.956942 0
    outer loop
      vertex -2.25008 -6.62851 145
      vertex -1.81173 -6.76148 135.01
      vertex -2.25008 -6.62851 135.01
    endloop
  endfacet
  facet normal 0.683587 0.729869 -0
    outer loop
      vertex -4.61542 -5.26288 135.01
      vertex -4.94975 -4.94975 138
      vertex -4.61542 -5.26288 138
    endloop
  endfacet
  facet normal 0.683587 0.729869 0
    outer loop
      vertex -4.94975 -4.94975 138
      vertex -4.61542 -5.26288 135.01
      vertex -4.94975 -4.94975 135.01
    endloop
  endfacet
  facet normal 0.999464 0.0327244 0
    outer loop
      vertex -6.98501 -0.457822 145
      vertex -7 0 135.01
      vertex -7 0 145
    endloop
  endfacet
  facet normal 0.999464 0.0327244 0
    outer loop
      vertex -7 0 135.01
      vertex -6.98501 -0.457822 145
      vertex -6.98501 -0.457822 135.01
    endloop
  endfacet
  facet normal 0.162881 0.986646 -0
    outer loop
      vertex -0.913683 -6.94011 135.01
      vertex -1.36563 -6.8655 145
      vertex -0.913683 -6.94011 145
    endloop
  endfacet
  facet normal 0.162881 0.986646 0
    outer loop
      vertex -1.36563 -6.8655 145
      vertex -0.913683 -6.94011 135.01
      vertex -1.36563 -6.8655 135.01
    endloop
  endfacet
  facet normal 0.0980206 0.995184 -0
    outer loop
      vertex -0.457822 -6.98501 135.01
      vertex -0.913683 -6.94011 145
      vertex -0.457822 -6.98501 145
    endloop
  endfacet
  facet normal 0.0980206 0.995184 0
    outer loop
      vertex -0.913683 -6.94011 145
      vertex -0.457822 -6.98501 135.01
      vertex -0.913683 -6.94011 135.01
    endloop
  endfacet
  facet normal -0.986646 0.162881 0
    outer loop
      vertex 6.8655 -1.36563 135.01
      vertex 6.94011 -0.913683 145
      vertex 6.94011 -0.913683 135.01
    endloop
  endfacet
  facet normal -0.986646 0.162881 0
    outer loop
      vertex 6.94011 -0.913683 145
      vertex 6.8655 -1.36563 135.01
      vertex 6.8655 -1.36563 145
    endloop
  endfacet
  facet normal 0.471394 -0.881923 0
    outer loop
      vertex -3.5 6.06218 135.01
      vertex -3.09602 6.27811 145
      vertex -3.5 6.06218 145
    endloop
  endfacet
  facet normal 0.471394 -0.881923 0
    outer loop
      vertex -3.09602 6.27811 145
      vertex -3.5 6.06218 135.01
      vertex -3.09602 6.27811 135.01
    endloop
  endfacet
  facet normal 0.881923 -0.471394 0
    outer loop
      vertex -6.27811 3.09602 145
      vertex -6.06218 3.5 135.01
      vertex -6.06218 3.5 145
    endloop
  endfacet
  facet normal 0.881923 -0.471394 0
    outer loop
      vertex -6.06218 3.5 135.01
      vertex -6.27811 3.09602 145
      vertex -6.27811 3.09602 135.01
    endloop
  endfacet
  facet normal -0.910863 0.412709 0
    outer loop
      vertex 6.27811 -3.09602 135.01
      vertex 6.46716 -2.67878 145
      vertex 6.46716 -2.67878 135.01
    endloop
  endfacet
  facet normal -0.910863 0.412709 0
    outer loop
      vertex 6.46716 -2.67878 145
      vertex 6.27811 -3.09602 135.01
      vertex 6.27811 -3.09602 145
    endloop
  endfacet
  facet normal -0.290281 -0.956942 0
    outer loop
      vertex 1.81173 6.76148 135.01
      vertex 2.25008 6.62851 145
      vertex 1.81173 6.76148 145
    endloop
  endfacet
  facet normal -0.290281 -0.956942 -0
    outer loop
      vertex 2.25008 6.62851 145
      vertex 1.81173 6.76148 135.01
      vertex 2.25008 6.62851 135.01
    endloop
  endfacet
  facet normal 0.0327244 0.999464 -0
    outer loop
      vertex 0 -7 135.01
      vertex -0.457822 -6.98501 145
      vertex 0 -7 145
    endloop
  endfacet
  facet normal 0.0327244 0.999464 0
    outer loop
      vertex -0.457822 -6.98501 145
      vertex 0 -7 135.01
      vertex -0.457822 -6.98501 135.01
    endloop
  endfacet
  facet normal 0.634227 0.773147 0
    outer loop
      vertex -4.26133 -5.55347 145
      vertex -4.27196 -5.54475 138
      vertex -4.27196 -5.54475 145
    endloop
  endfacet
  facet normal 0.634227 0.773147 -0
    outer loop
      vertex -4.26133 -5.55347 135.01
      vertex -4.27196 -5.54475 138
      vertex -4.26133 -5.55347 145
    endloop
  endfacet
  facet normal 0.634393 0.773011 9.83741e-07
    outer loop
      vertex -4.26133 -5.55347 135.01
      vertex -4.61542 -5.26288 138
      vertex -4.27196 -5.54475 138
    endloop
  endfacet
  facet normal 0.634388 0.773015 0
    outer loop
      vertex -4.61542 -5.26288 138
      vertex -4.26133 -5.55347 135.01
      vertex -4.61542 -5.26288 135.01
    endloop
  endfacet
  facet normal 0.849202 -0.528069 0
    outer loop
      vertex -6.06218 3.5 145
      vertex -5.82029 3.88899 135.01
      vertex -5.82029 3.88899 145
    endloop
  endfacet
  facet normal 0.849202 -0.528069 0
    outer loop
      vertex -5.82029 3.88899 135.01
      vertex -6.06218 3.5 145
      vertex -6.06218 3.5 135.01
    endloop
  endfacet
  facet normal 0.999464 -0.0327244 0
    outer loop
      vertex -7 0 145
      vertex -6.98501 0.457822 135.01
      vertex -6.98501 0.457822 145
    endloop
  endfacet
  facet normal 0.999464 -0.0327244 0
    outer loop
      vertex -6.98501 0.457822 135.01
      vertex -7 0 145
      vertex -7 0 135.01
    endloop
  endfacet
  facet normal -0.729869 0.683587 0
    outer loop
      vertex 4.94975 -4.94975 135.01
      vertex 5.26288 -4.61542 138
      vertex 5.26288 -4.61542 135.01
    endloop
  endfacet
  facet normal -0.729869 0.683587 0
    outer loop
      vertex 5.26288 -4.61542 138
      vertex 4.94975 -4.94975 135.01
      vertex 4.94975 -4.94975 138
    endloop
  endfacet
  facet normal 0.582485 0.812842 -0
    outer loop
      vertex -3.88899 -5.82029 135.01
      vertex -4.26133 -5.55347 145
      vertex -3.88899 -5.82029 145
    endloop
  endfacet
  facet normal 0.582485 0.812842 0
    outer loop
      vertex -4.26133 -5.55347 145
      vertex -3.88899 -5.82029 135.01
      vertex -4.26133 -5.55347 135.01
    endloop
  endfacet
  facet normal -0.363967 -0.507906 0.780743
    outer loop
      vertex 17.3497 22.6106 3
      vertex 15.8338 23.6969 3
      vertex 15.556 23.2811 2.6
    endloop
  endfacet
  facet normal -0.101797 -0.616568 0.780693
    outer loop
      vertex 5.56007 27.9524 3
      vertex 3.72 28.2562 3
      vertex 3.65473 27.7605 2.6
    endloop
  endfacet
  facet normal -0.56914 0.257884 0.780754
    outer loop
      vertex 26.3306 -10.9065 3
      vertex 25.8686 -10.7151 2.6
      vertex 25.5609 -12.6052 3
    endloop
  endfacet
  facet normal -0.62451 0.0204613 0.780749
    outer loop
      vertex 28.439 -1.86399 3
      vertex 28 0 2.6
      vertex 27.94 -1.83129 2.6
    endloop
  endfacet
  facet normal -0.624565 -0.0204392 0.780706
    outer loop
      vertex 28.5 0 3
      vertex 28.439 1.86399 3
      vertex 28 0 2.6
    endloop
  endfacet
  facet normal -0.62451 -0.0204613 0.780749
    outer loop
      vertex 28 0 2.6
      vertex 28.439 1.86399 3
      vertex 27.94 1.83129 2.6
    endloop
  endfacet
  facet normal 0.608545 -0.141905 0.780728
    outer loop
      vertex -27.462 5.46253 2.6
      vertex -27.0459 7.24693 2.6
      vertex -27.5289 7.37634 3
    endloop
  endfacet
  facet normal -0.220085 0.584798 0.780752
    outer loop
      vertex 10.9065 -26.3306 3
      vertex 10.7151 -25.8686 2.6
      vertex 9.16102 -26.9875 3
    endloop
  endfacet
  facet normal 0.257884 -0.569172 0.78073
    outer loop
      vertex -12.3841 25.1124 2.6
      vertex -10.7151 25.8686 2.6
      vertex -12.6052 25.5609 3
    endloop
  endfacet
  facet normal -0.396429 0.483054 0.780707
    outer loop
      vertex 18.7914 -21.4274 3
      vertex 18.4617 -21.0515 2.6
      vertex 17.0453 -22.2139 2.6
    endloop
  endfacet
  facet normal 0.597964 -0.181398 0.780726
    outer loop
      vertex -26.514 9.0003 2.6
      vertex -26.9875 9.16102 3
      vertex -27.5289 7.37634 3
    endloop
  endfacet
  facet normal 0.363967 0.507906 0.780743
    outer loop
      vertex -15.8338 -23.6969 3
      vertex -15.556 -23.2811 2.6
      vertex -17.3497 -22.6106 3
    endloop
  endfacet
  facet normal -0.0612141 0.621839 0.780749
    outer loop
      vertex 1.86399 -28.439 3
      vertex 3.65473 -27.7605 2.6
      vertex 1.83129 -27.94 2.6
    endloop
  endfacet
  facet normal 0.584798 -0.220085 0.780752
    outer loop
      vertex -25.8686 10.7151 2.6
      vertex -26.3306 10.9065 3
      vertex -26.9875 9.16102 3
    endloop
  endfacet
  facet normal 0.621839 -0.0612141 0.780749
    outer loop
      vertex -27.94 1.83129 2.6
      vertex -27.7605 3.65473 2.6
      vertex -28.439 1.86399 3
    endloop
  endfacet
  facet normal 0.257884 -0.56914 0.780754
    outer loop
      vertex -10.7151 25.8686 2.6
      vertex -10.9065 26.3306 3
      vertex -12.6052 25.5609 3
    endloop
  endfacet
  facet normal -0.0204392 0.624565 0.780706
    outer loop
      vertex 1.86399 -28.439 3
      vertex 0 -28 2.6
      vertex 0 -28.5 3
    endloop
  endfacet
  facet normal 0.294589 -0.551114 0.780699
    outer loop
      vertex -14 24.2487 2.6
      vertex -12.6052 25.5609 3
      vertex -14.25 24.6817 3
    endloop
  endfacet
  facet normal 0.597963 -0.181397 0.780727
    outer loop
      vertex -27.0459 7.24693 2.6
      vertex -26.514 9.0003 2.6
      vertex -27.5289 7.37634 3
    endloop
  endfacet
  facet normal -0.60857 0.1419 0.780709
    outer loop
      vertex 27.5289 -7.37634 3
      vertex 27.9524 -5.56007 3
      vertex 27.462 -5.46253 2.6
    endloop
  endfacet
  facet normal 0.294589 0.551114 0.780699
    outer loop
      vertex -12.6052 -25.5609 3
      vertex -14 -24.2487 2.6
      vertex -14.25 -24.6817 3
    endloop
  endfacet
  facet normal 0.456074 0.427191 0.780708
    outer loop
      vertex -20.1525 -20.1525 3
      vertex -21.0515 -18.4617 2.6
      vertex -21.4274 -18.7914 3
    endloop
  endfacet
  facet normal -0.427212 -0.456136 0.780659
    outer loop
      vertex 19.799 19.799 2.6
      vertex 20.1525 20.1525 3
      vertex 18.4617 21.0515 2.6
    endloop
  endfacet
  facet normal 0.56914 -0.257884 0.780754
    outer loop
      vertex -25.8686 10.7151 2.6
      vertex -25.5609 12.6052 3
      vertex -26.3306 10.9065 3
    endloop
  endfacet
  facet normal -0.181398 0.597964 0.780726
    outer loop
      vertex 9.16102 -26.9875 3
      vertex 9.0003 -26.514 2.6
      vertex 7.37634 -27.5289 3
    endloop
  endfacet
  facet normal -0.0204392 -0.624565 0.780706
    outer loop
      vertex 1.86399 28.439 3
      vertex 0 28.5 3
      vertex 0 28 2.6
    endloop
  endfacet
  facet normal 0.551114 -0.294589 0.780699
    outer loop
      vertex -24.2487 14 2.6
      vertex -24.6817 14.25 3
      vertex -25.5609 12.6052 3
    endloop
  endfacet
  facet normal 0.597964 0.181398 0.780726
    outer loop
      vertex -26.9875 -9.16102 3
      vertex -26.514 -9.0003 2.6
      vertex -27.5289 -7.37634 3
    endloop
  endfacet
  facet normal 0.56914 0.257884 0.780754
    outer loop
      vertex -25.5609 -12.6052 3
      vertex -25.8686 -10.7151 2.6
      vertex -26.3306 -10.9065 3
    endloop
  endfacet
  facet normal -0.1419 0.60857 0.780709
    outer loop
      vertex 5.56007 -27.9524 3
      vertex 7.37634 -27.5289 3
      vertex 5.46253 -27.462 2.6
    endloop
  endfacet
  facet normal -0.624565 0.0204392 0.780706
    outer loop
      vertex 28.439 -1.86399 3
      vertex 28.5 0 3
      vertex 28 0 2.6
    endloop
  endfacet
  facet normal -0.22011 0.584824 0.780726
    outer loop
      vertex 9.16102 -26.9875 3
      vertex 10.7151 -25.8686 2.6
      vertex 9.0003 -26.514 2.6
    endloop
  endfacet
  facet normal -0.363973 -0.507931 0.780724
    outer loop
      vertex 17.0453 22.2139 2.6
      vertex 17.3497 22.6106 3
      vertex 15.556 23.2811 2.6
    endloop
  endfacet
  facet normal 0.396429 0.483054 0.780707
    outer loop
      vertex -17.0453 -22.2139 2.6
      vertex -18.4617 -21.0515 2.6
      vertex -18.7914 -21.4274 3
    endloop
  endfacet
  facet normal -0.427191 -0.456074 0.780708
    outer loop
      vertex 20.1525 20.1525 3
      vertex 18.7914 21.4274 3
      vertex 18.4617 21.0515 2.6
    endloop
  endfacet
  facet normal 0.616546 0.101803 0.78071
    outer loop
      vertex -27.462 -5.46253 2.6
      vertex -27.7605 -3.65473 2.6
      vertex -27.9524 -5.56007 3
    endloop
  endfacet
  facet normal 0.624565 -0.0204392 0.780706
    outer loop
      vertex -28 0 2.6
      vertex -28.439 1.86399 3
      vertex -28.5 0 3
    endloop
  endfacet
  facet normal 0.616568 -0.101797 0.780693
    outer loop
      vertex -27.7605 3.65473 2.6
      vertex -27.9524 5.56007 3
      vertex -28.2562 3.72 3
    endloop
  endfacet
  facet normal 0.507931 0.363973 0.780724
    outer loop
      vertex -22.6106 -17.3497 3
      vertex -22.2139 -17.0453 2.6
      vertex -23.2811 -15.556 2.6
    endloop
  endfacet
  facet normal -0.584798 0.220085 0.780752
    outer loop
      vertex 26.3306 -10.9065 3
      vertex 26.9875 -9.16102 3
      vertex 25.8686 -10.7151 2.6
    endloop
  endfacet
  facet normal 0.220085 -0.584798 0.780752
    outer loop
      vertex -10.7151 25.8686 2.6
      vertex -9.16102 26.9875 3
      vertex -10.9065 26.3306 3
    endloop
  endfacet
  facet normal -0.597964 0.181398 0.780726
    outer loop
      vertex 26.9875 -9.16102 3
      vertex 27.5289 -7.37634 3
      vertex 26.514 -9.0003 2.6
    endloop
  endfacet
  facet normal 0.483054 0.396429 0.780707
    outer loop
      vertex -21.4274 -18.7914 3
      vertex -21.0515 -18.4617 2.6
      vertex -22.2139 -17.0453 2.6
    endloop
  endfacet
  facet normal -0.616546 0.101803 0.78071
    outer loop
      vertex 27.9524 -5.56007 3
      vertex 27.7605 -3.65473 2.6
      vertex 27.462 -5.46253 2.6
    endloop
  endfacet
  facet normal 0.456136 0.427212 0.780659
    outer loop
      vertex -20.1525 -20.1525 3
      vertex -19.799 -19.799 2.6
      vertex -21.0515 -18.4617 2.6
    endloop
  endfacet
  facet normal 0.427212 -0.456136 0.780659
    outer loop
      vertex -19.799 19.799 2.6
      vertex -18.4617 21.0515 2.6
      vertex -20.1525 20.1525 3
    endloop
  endfacet
  facet normal -0.608545 0.141905 0.780728
    outer loop
      vertex 27.5289 -7.37634 3
      vertex 27.462 -5.46253 2.6
      vertex 27.0459 -7.24693 2.6
    endloop
  endfacet
  facet normal -0.456074 0.427191 0.780708
    outer loop
      vertex 21.4274 -18.7914 3
      vertex 21.0515 -18.4617 2.6
      vertex 20.1525 -20.1525 3
    endloop
  endfacet
  facet normal 0.60857 0.1419 0.780709
    outer loop
      vertex -27.5289 -7.37634 3
      vertex -27.462 -5.46253 2.6
      vertex -27.9524 -5.56007 3
    endloop
  endfacet
  facet normal -0.329998 -0.53067 0.780699
    outer loop
      vertex 15.556 23.2811 2.6
      vertex 14.25 24.6817 3
      vertex 14 24.2487 2.6
    endloop
  endfacet
  facet normal 0.55109 -0.294558 0.780727
    outer loop
      vertex -25.1124 12.3841 2.6
      vertex -24.2487 14 2.6
      vertex -25.5609 12.6052 3
    endloop
  endfacet
  facet normal 0.0612141 0.621839 0.780749
    outer loop
      vertex -1.86399 -28.439 3
      vertex -1.83129 -27.94 2.6
      vertex -3.65473 -27.7605 2.6
    endloop
  endfacet
  facet normal -0.456136 0.427212 0.780659
    outer loop
      vertex 20.1525 -20.1525 3
      vertex 21.0515 -18.4617 2.6
      vertex 19.799 -19.799 2.6
    endloop
  endfacet
  facet normal -0.621839 0.0612141 0.780749
    outer loop
      vertex 28.439 -1.86399 3
      vertex 27.94 -1.83129 2.6
      vertex 27.7605 -3.65473 2.6
    endloop
  endfacet
  facet normal 0.597963 0.181397 0.780727
    outer loop
      vertex -26.514 -9.0003 2.6
      vertex -27.0459 -7.24693 2.6
      vertex -27.5289 -7.37634 3
    endloop
  endfacet
  facet normal 0.0612521 0.621906 0.780692
    outer loop
      vertex -1.86399 -28.439 3
      vertex -3.65473 -27.7605 2.6
      vertex -3.72 -28.2562 3
    endloop
  endfacet
  facet normal -0.257884 0.56914 0.780754
    outer loop
      vertex 10.9065 -26.3306 3
      vertex 12.6052 -25.5609 3
      vertex 10.7151 -25.8686 2.6
    endloop
  endfacet
  facet normal 0.569172 0.257884 0.78073
    outer loop
      vertex -25.5609 -12.6052 3
      vertex -25.1124 -12.3841 2.6
      vertex -25.8686 -10.7151 2.6
    endloop
  endfacet
  facet normal 0.0204392 0.624565 0.780706
    outer loop
      vertex 0 -28.5 3
      vertex 0 -28 2.6
      vertex -1.86399 -28.439 3
    endloop
  endfacet
  facet normal 0.456074 -0.427191 0.780708
    outer loop
      vertex -21.0515 18.4617 2.6
      vertex -20.1525 20.1525 3
      vertex -21.4274 18.7914 3
    endloop
  endfacet
  facet normal 0.621906 0.0612521 0.780692
    outer loop
      vertex -28.2562 -3.72 3
      vertex -27.7605 -3.65473 2.6
      vertex -28.439 -1.86399 3
    endloop
  endfacet
  facet normal -0.396423 0.483031 0.780724
    outer loop
      vertex 17.3497 -22.6106 3
      vertex 18.7914 -21.4274 3
      vertex 17.0453 -22.2139 2.6
    endloop
  endfacet
  facet normal 0.507931 -0.363973 0.780724
    outer loop
      vertex -22.2139 17.0453 2.6
      vertex -22.6106 17.3497 3
      vertex -23.2811 15.556 2.6
    endloop
  endfacet
  facet normal -0.363973 0.507931 0.780724
    outer loop
      vertex 17.3497 -22.6106 3
      vertex 17.0453 -22.2139 2.6
      vertex 15.556 -23.2811 2.6
    endloop
  endfacet
  facet normal 0.396423 0.483031 0.780724
    outer loop
      vertex -17.3497 -22.6106 3
      vertex -17.0453 -22.2139 2.6
      vertex -18.7914 -21.4274 3
    endloop
  endfacet
  facet normal -0.569172 0.257884 0.78073
    outer loop
      vertex 25.5609 -12.6052 3
      vertex 25.8686 -10.7151 2.6
      vertex 25.1124 -12.3841 2.6
    endloop
  endfacet
  facet normal -0.0612141 -0.621839 0.780749
    outer loop
      vertex 3.65473 27.7605 2.6
      vertex 1.86399 28.439 3
      vertex 1.83129 27.94 2.6
    endloop
  endfacet
  facet normal 0.141905 0.608545 0.780728
    outer loop
      vertex -5.46253 -27.462 2.6
      vertex -7.24693 -27.0459 2.6
      vertex -7.37634 -27.5289 3
    endloop
  endfacet
  facet normal 0.624565 0.0204392 0.780706
    outer loop
      vertex -28.439 -1.86399 3
      vertex -28 0 2.6
      vertex -28.5 0 3
    endloop
  endfacet
  facet normal -0.616568 0.101797 0.780693
    outer loop
      vertex 27.9524 -5.56007 3
      vertex 28.2562 -3.72 3
      vertex 27.7605 -3.65473 2.6
    endloop
  endfacet
  facet normal 0.530636 -0.329947 0.780744
    outer loop
      vertex -23.2811 15.556 2.6
      vertex -23.6969 15.8338 3
      vertex -24.6817 14.25 3
    endloop
  endfacet
  facet normal 0.329947 -0.530636 0.780744
    outer loop
      vertex -15.556 23.2811 2.6
      vertex -14.25 24.6817 3
      vertex -15.8338 23.6969 3
    endloop
  endfacet
  facet normal 0.569172 -0.257884 0.78073
    outer loop
      vertex -25.1124 12.3841 2.6
      vertex -25.5609 12.6052 3
      vertex -25.8686 10.7151 2.6
    endloop
  endfacet
  facet normal -0.507906 0.363967 0.780743
    outer loop
      vertex 23.6969 -15.8338 3
      vertex 23.2811 -15.556 2.6
      vertex 22.6106 -17.3497 3
    endloop
  endfacet
  facet normal -0.530636 0.329947 0.780744
    outer loop
      vertex 23.6969 -15.8338 3
      vertex 24.6817 -14.25 3
      vertex 23.2811 -15.556 2.6
    endloop
  endfacet
  facet normal -0.396429 -0.483054 0.780707
    outer loop
      vertex 18.4617 21.0515 2.6
      vertex 18.7914 21.4274 3
      vertex 17.0453 22.2139 2.6
    endloop
  endfacet
  facet normal -0.55109 0.294558 0.780727
    outer loop
      vertex 25.5609 -12.6052 3
      vertex 25.1124 -12.3841 2.6
      vertex 24.2487 -14 2.6
    endloop
  endfacet
  facet normal 0.62451 0.0204613 0.780749
    outer loop
      vertex -27.94 -1.83129 2.6
      vertex -28 0 2.6
      vertex -28.439 -1.86399 3
    endloop
  endfacet
  facet normal 0.220085 0.584798 0.780752
    outer loop
      vertex -9.16102 -26.9875 3
      vertex -10.7151 -25.8686 2.6
      vertex -10.9065 -26.3306 3
    endloop
  endfacet
  facet normal -0.294589 0.551114 0.780699
    outer loop
      vertex 14.25 -24.6817 3
      vertex 14 -24.2487 2.6
      vertex 12.6052 -25.5609 3
    endloop
  endfacet
  facet normal -0.584824 0.22011 0.780726
    outer loop
      vertex 26.9875 -9.16102 3
      vertex 26.514 -9.0003 2.6
      vertex 25.8686 -10.7151 2.6
    endloop
  endfacet
  facet normal -0.257884 0.569172 0.78073
    outer loop
      vertex 12.6052 -25.5609 3
      vertex 12.3841 -25.1124 2.6
      vertex 10.7151 -25.8686 2.6
    endloop
  endfacet
  facet normal -0.597963 0.181397 0.780727
    outer loop
      vertex 27.5289 -7.37634 3
      vertex 27.0459 -7.24693 2.6
      vertex 26.514 -9.0003 2.6
    endloop
  endfacet
  facet normal -0.294558 0.55109 0.780727
    outer loop
      vertex 12.6052 -25.5609 3
      vertex 14 -24.2487 2.6
      vertex 12.3841 -25.1124 2.6
    endloop
  endfacet
  facet normal 0.427191 -0.456074 0.780708
    outer loop
      vertex -18.4617 21.0515 2.6
      vertex -18.7914 21.4274 3
      vertex -20.1525 20.1525 3
    endloop
  endfacet
  facet normal 0.1419 -0.60857 0.780709
    outer loop
      vertex -5.46253 27.462 2.6
      vertex -5.56007 27.9524 3
      vertex -7.37634 27.5289 3
    endloop
  endfacet
  facet normal -0.141905 0.608545 0.780728
    outer loop
      vertex 7.37634 -27.5289 3
      vertex 7.24693 -27.0459 2.6
      vertex 5.46253 -27.462 2.6
    endloop
  endfacet
  facet normal -0.621906 0.0612521 0.780692
    outer loop
      vertex 28.2562 -3.72 3
      vertex 28.439 -1.86399 3
      vertex 27.7605 -3.65473 2.6
    endloop
  endfacet
  facet normal -0.507906 -0.363967 0.780743
    outer loop
      vertex 23.2811 15.556 2.6
      vertex 23.6969 15.8338 3
      vertex 22.6106 17.3497 3
    endloop
  endfacet
  facet normal -0.101803 0.616546 0.78071
    outer loop
      vertex 5.56007 -27.9524 3
      vertex 5.46253 -27.462 2.6
      vertex 3.65473 -27.7605 2.6
    endloop
  endfacet
  facet normal 0.427212 0.456136 0.780659
    outer loop
      vertex -18.4617 -21.0515 2.6
      vertex -19.799 -19.799 2.6
      vertex -20.1525 -20.1525 3
    endloop
  endfacet
  facet normal -0.101797 0.616568 0.780693
    outer loop
      vertex 3.72 -28.2562 3
      vertex 5.56007 -27.9524 3
      vertex 3.65473 -27.7605 2.6
    endloop
  endfacet
  facet normal -0.0612521 0.621906 0.780692
    outer loop
      vertex 3.72 -28.2562 3
      vertex 3.65473 -27.7605 2.6
      vertex 1.86399 -28.439 3
    endloop
  endfacet
  facet normal 0.616568 0.101797 0.780693
    outer loop
      vertex -27.9524 -5.56007 3
      vertex -27.7605 -3.65473 2.6
      vertex -28.2562 -3.72 3
    endloop
  endfacet
  facet normal 0.608545 0.141905 0.780728
    outer loop
      vertex -27.0459 -7.24693 2.6
      vertex -27.462 -5.46253 2.6
      vertex -27.5289 -7.37634 3
    endloop
  endfacet
  facet normal -0.0204613 0.62451 0.780749
    outer loop
      vertex 1.86399 -28.439 3
      vertex 1.83129 -27.94 2.6
      vertex 0 -28 2.6
    endloop
  endfacet
  facet normal 0.55109 0.294558 0.780727
    outer loop
      vertex -24.2487 -14 2.6
      vertex -25.1124 -12.3841 2.6
      vertex -25.5609 -12.6052 3
    endloop
  endfacet
  facet normal -0.60857 -0.1419 0.780709
    outer loop
      vertex 27.9524 5.56007 3
      vertex 27.5289 7.37634 3
      vertex 27.462 5.46253 2.6
    endloop
  endfacet
  facet normal 0.0204392 -0.624565 0.780706
    outer loop
      vertex 0 28 2.6
      vertex 0 28.5 3
      vertex -1.86399 28.439 3
    endloop
  endfacet
  facet normal 0.621906 -0.0612521 0.780692
    outer loop
      vertex -27.7605 3.65473 2.6
      vertex -28.2562 3.72 3
      vertex -28.439 1.86399 3
    endloop
  endfacet
  facet normal 0.101797 0.616568 0.780693
    outer loop
      vertex -3.72 -28.2562 3
      vertex -3.65473 -27.7605 2.6
      vertex -5.56007 -27.9524 3
    endloop
  endfacet
  facet normal 0.101803 -0.616546 0.78071
    outer loop
      vertex -5.46253 27.462 2.6
      vertex -3.65473 27.7605 2.6
      vertex -5.56007 27.9524 3
    endloop
  endfacet
  facet normal 0.584824 0.22011 0.780726
    outer loop
      vertex -25.8686 -10.7151 2.6
      vertex -26.514 -9.0003 2.6
      vertex -26.9875 -9.16102 3
    endloop
  endfacet
  facet normal 0.329998 0.53067 0.780699
    outer loop
      vertex -14.25 -24.6817 3
      vertex -14 -24.2487 2.6
      vertex -15.556 -23.2811 2.6
    endloop
  endfacet
  facet normal 0.621839 0.0612141 0.780749
    outer loop
      vertex -27.7605 -3.65473 2.6
      vertex -27.94 -1.83129 2.6
      vertex -28.439 -1.86399 3
    endloop
  endfacet
  facet normal 0.396423 -0.483031 0.780724
    outer loop
      vertex -17.0453 22.2139 2.6
      vertex -17.3497 22.6106 3
      vertex -18.7914 21.4274 3
    endloop
  endfacet
  facet normal -0.53067 0.329998 0.780699
    outer loop
      vertex 24.6817 -14.25 3
      vertex 24.2487 -14 2.6
      vertex 23.2811 -15.556 2.6
    endloop
  endfacet
  facet normal -0.0204613 -0.62451 0.780749
    outer loop
      vertex 1.83129 27.94 2.6
      vertex 1.86399 28.439 3
      vertex 0 28 2.6
    endloop
  endfacet
  facet normal -0.294589 -0.551114 0.780699
    outer loop
      vertex 14 24.2487 2.6
      vertex 14.25 24.6817 3
      vertex 12.6052 25.5609 3
    endloop
  endfacet
  facet normal 0.257884 0.56914 0.780754
    outer loop
      vertex -10.9065 -26.3306 3
      vertex -10.7151 -25.8686 2.6
      vertex -12.6052 -25.5609 3
    endloop
  endfacet
  facet normal 0.483054 -0.396429 0.780707
    outer loop
      vertex -21.0515 18.4617 2.6
      vertex -21.4274 18.7914 3
      vertex -22.2139 17.0453 2.6
    endloop
  endfacet
  facet normal -0.427191 0.456074 0.780708
    outer loop
      vertex 18.7914 -21.4274 3
      vertex 20.1525 -20.1525 3
      vertex 18.4617 -21.0515 2.6
    endloop
  endfacet
  facet normal -0.483031 0.396423 0.780724
    outer loop
      vertex 22.6106 -17.3497 3
      vertex 22.2139 -17.0453 2.6
      vertex 21.4274 -18.7914 3
    endloop
  endfacet
  facet normal -0.181398 -0.597964 0.780726
    outer loop
      vertex 9.0003 26.514 2.6
      vertex 9.16102 26.9875 3
      vertex 7.37634 27.5289 3
    endloop
  endfacet
  facet normal 0.0204613 -0.62451 0.780749
    outer loop
      vertex -1.83129 27.94 2.6
      vertex 0 28 2.6
      vertex -1.86399 28.439 3
    endloop
  endfacet
  facet normal 0.101797 -0.616568 0.780693
    outer loop
      vertex -3.65473 27.7605 2.6
      vertex -3.72 28.2562 3
      vertex -5.56007 27.9524 3
    endloop
  endfacet
  facet normal 0.584798 0.220085 0.780752
    outer loop
      vertex -26.3306 -10.9065 3
      vertex -25.8686 -10.7151 2.6
      vertex -26.9875 -9.16102 3
    endloop
  endfacet
  facet normal 0.0612141 -0.621839 0.780749
    outer loop
      vertex -1.83129 27.94 2.6
      vertex -1.86399 28.439 3
      vertex -3.65473 27.7605 2.6
    endloop
  endfacet
  facet normal 0.483031 -0.396423 0.780724
    outer loop
      vertex -22.2139 17.0453 2.6
      vertex -21.4274 18.7914 3
      vertex -22.6106 17.3497 3
    endloop
  endfacet
  facet normal -0.363967 0.507906 0.780743
    outer loop
      vertex 15.8338 -23.6969 3
      vertex 17.3497 -22.6106 3
      vertex 15.556 -23.2811 2.6
    endloop
  endfacet
  facet normal 0.329998 -0.53067 0.780699
    outer loop
      vertex -14 24.2487 2.6
      vertex -14.25 24.6817 3
      vertex -15.556 23.2811 2.6
    endloop
  endfacet
  facet normal 0.181398 -0.597964 0.780726
    outer loop
      vertex -9.0003 26.514 2.6
      vertex -7.37634 27.5289 3
      vertex -9.16102 26.9875 3
    endloop
  endfacet
  facet normal -0.551114 0.294589 0.780699
    outer loop
      vertex 24.6817 -14.25 3
      vertex 25.5609 -12.6052 3
      vertex 24.2487 -14 2.6
    endloop
  endfacet
  facet normal -0.0612521 -0.621906 0.780692
    outer loop
      vertex 3.65473 27.7605 2.6
      vertex 3.72 28.2562 3
      vertex 1.86399 28.439 3
    endloop
  endfacet
  facet normal 0.483031 0.396423 0.780724
    outer loop
      vertex -21.4274 -18.7914 3
      vertex -22.2139 -17.0453 2.6
      vertex -22.6106 -17.3497 3
    endloop
  endfacet
  facet normal -0.427212 0.456136 0.780659
    outer loop
      vertex 20.1525 -20.1525 3
      vertex 19.799 -19.799 2.6
      vertex 18.4617 -21.0515 2.6
    endloop
  endfacet
  facet normal 0.0204613 0.62451 0.780749
    outer loop
      vertex 0 -28 2.6
      vertex -1.83129 -27.94 2.6
      vertex -1.86399 -28.439 3
    endloop
  endfacet
  facet normal -0.56914 -0.257884 0.780754
    outer loop
      vertex 25.8686 10.7151 2.6
      vertex 26.3306 10.9065 3
      vertex 25.5609 12.6052 3
    endloop
  endfacet
  facet normal -0.329947 0.530636 0.780744
    outer loop
      vertex 15.8338 -23.6969 3
      vertex 15.556 -23.2811 2.6
      vertex 14.25 -24.6817 3
    endloop
  endfacet
  facet normal 0.329947 0.530636 0.780744
    outer loop
      vertex -14.25 -24.6817 3
      vertex -15.556 -23.2811 2.6
      vertex -15.8338 -23.6969 3
    endloop
  endfacet
  facet normal -0.181397 -0.597963 0.780727
    outer loop
      vertex 9.0003 26.514 2.6
      vertex 7.37634 27.5289 3
      vertex 7.24693 27.0459 2.6
    endloop
  endfacet
  facet normal -0.181397 0.597963 0.780727
    outer loop
      vertex 7.37634 -27.5289 3
      vertex 9.0003 -26.514 2.6
      vertex 7.24693 -27.0459 2.6
    endloop
  endfacet
  facet normal -0.329998 0.53067 0.780699
    outer loop
      vertex 14.25 -24.6817 3
      vertex 15.556 -23.2811 2.6
      vertex 14 -24.2487 2.6
    endloop
  endfacet
  facet normal 0.22011 -0.584824 0.780726
    outer loop
      vertex -9.0003 26.514 2.6
      vertex -9.16102 26.9875 3
      vertex -10.7151 25.8686 2.6
    endloop
  endfacet
  facet normal -0.220085 -0.584798 0.780752
    outer loop
      vertex 10.7151 25.8686 2.6
      vertex 10.9065 26.3306 3
      vertex 9.16102 26.9875 3
    endloop
  endfacet
  facet normal 0.507906 -0.363967 0.780743
    outer loop
      vertex -23.2811 15.556 2.6
      vertex -22.6106 17.3497 3
      vertex -23.6969 15.8338 3
    endloop
  endfacet
  facet normal 0.1419 0.60857 0.780709
    outer loop
      vertex -5.56007 -27.9524 3
      vertex -5.46253 -27.462 2.6
      vertex -7.37634 -27.5289 3
    endloop
  endfacet
  facet normal 0.101803 0.616546 0.78071
    outer loop
      vertex -3.65473 -27.7605 2.6
      vertex -5.46253 -27.462 2.6
      vertex -5.56007 -27.9524 3
    endloop
  endfacet
  facet normal -0.597964 -0.181398 0.780726
    outer loop
      vertex 27.5289 7.37634 3
      vertex 26.9875 9.16102 3
      vertex 26.514 9.0003 2.6
    endloop
  endfacet
  facet normal 0.294558 -0.55109 0.780727
    outer loop
      vertex -12.3841 25.1124 2.6
      vertex -12.6052 25.5609 3
      vertex -14 24.2487 2.6
    endloop
  endfacet
  facet normal 0.62451 -0.0204613 0.780749
    outer loop
      vertex -28 0 2.6
      vertex -27.94 1.83129 2.6
      vertex -28.439 1.86399 3
    endloop
  endfacet
  facet normal -0.22011 -0.584824 0.780726
    outer loop
      vertex 10.7151 25.8686 2.6
      vertex 9.16102 26.9875 3
      vertex 9.0003 26.514 2.6
    endloop
  endfacet
  facet normal 0.363973 0.507931 0.780724
    outer loop
      vertex -15.556 -23.2811 2.6
      vertex -17.0453 -22.2139 2.6
      vertex -17.3497 -22.6106 3
    endloop
  endfacet
  facet normal 0.60857 -0.1419 0.780709
    outer loop
      vertex -27.462 5.46253 2.6
      vertex -27.5289 7.37634 3
      vertex -27.9524 5.56007 3
    endloop
  endfacet
  facet normal 0.507906 0.363967 0.780743
    outer loop
      vertex -22.6106 -17.3497 3
      vertex -23.2811 -15.556 2.6
      vertex -23.6969 -15.8338 3
    endloop
  endfacet
  facet normal -0.483054 0.396429 0.780707
    outer loop
      vertex 21.4274 -18.7914 3
      vertex 22.2139 -17.0453 2.6
      vertex 21.0515 -18.4617 2.6
    endloop
  endfacet
  facet normal 0.0612521 -0.621906 0.780692
    outer loop
      vertex -3.65473 27.7605 2.6
      vertex -1.86399 28.439 3
      vertex -3.72 28.2562 3
    endloop
  endfacet
  facet normal -0.101803 -0.616546 0.78071
    outer loop
      vertex 5.46253 27.462 2.6
      vertex 5.56007 27.9524 3
      vertex 3.65473 27.7605 2.6
    endloop
  endfacet
  facet normal 0.294558 0.55109 0.780727
    outer loop
      vertex -12.6052 -25.5609 3
      vertex -12.3841 -25.1124 2.6
      vertex -14 -24.2487 2.6
    endloop
  endfacet
  facet normal -0.507931 0.363973 0.780724
    outer loop
      vertex 22.6106 -17.3497 3
      vertex 23.2811 -15.556 2.6
      vertex 22.2139 -17.0453 2.6
    endloop
  endfacet
  facet normal 0.181397 -0.597963 0.780727
    outer loop
      vertex -7.24693 27.0459 2.6
      vertex -7.37634 27.5289 3
      vertex -9.0003 26.514 2.6
    endloop
  endfacet
  facet normal 0.551114 0.294589 0.780699
    outer loop
      vertex -24.6817 -14.25 3
      vertex -24.2487 -14 2.6
      vertex -25.5609 -12.6052 3
    endloop
  endfacet
  facet normal 0.530636 0.329947 0.780744
    outer loop
      vertex -23.6969 -15.8338 3
      vertex -23.2811 -15.556 2.6
      vertex -24.6817 -14.25 3
    endloop
  endfacet
  facet normal 0.427191 0.456074 0.780708
    outer loop
      vertex -18.7914 -21.4274 3
      vertex -18.4617 -21.0515 2.6
      vertex -20.1525 -20.1525 3
    endloop
  endfacet
  facet normal -0.1419 -0.60857 0.780709
    outer loop
      vertex 7.37634 27.5289 3
      vertex 5.56007 27.9524 3
      vertex 5.46253 27.462 2.6
    endloop
  endfacet
  facet normal -0.507931 -0.363973 0.780724
    outer loop
      vertex 23.2811 15.556 2.6
      vertex 22.6106 17.3497 3
      vertex 22.2139 17.0453 2.6
    endloop
  endfacet
  facet normal 0.181397 0.597963 0.780727
    outer loop
      vertex -7.37634 -27.5289 3
      vertex -7.24693 -27.0459 2.6
      vertex -9.0003 -26.514 2.6
    endloop
  endfacet
  facet normal 0.363973 -0.507931 0.780724
    outer loop
      vertex -17.0453 22.2139 2.6
      vertex -15.556 23.2811 2.6
      vertex -17.3497 22.6106 3
    endloop
  endfacet
  facet normal 0.584824 -0.22011 0.780726
    outer loop
      vertex -26.514 9.0003 2.6
      vertex -25.8686 10.7151 2.6
      vertex -26.9875 9.16102 3
    endloop
  endfacet
  facet normal 0.616546 -0.101803 0.78071
    outer loop
      vertex -27.7605 3.65473 2.6
      vertex -27.462 5.46253 2.6
      vertex -27.9524 5.56007 3
    endloop
  endfacet
  facet normal 0.456136 -0.427212 0.780659
    outer loop
      vertex -19.799 19.799 2.6
      vertex -20.1525 20.1525 3
      vertex -21.0515 18.4617 2.6
    endloop
  endfacet
  facet normal -0.141905 -0.608545 0.780728
    outer loop
      vertex 7.24693 27.0459 2.6
      vertex 7.37634 27.5289 3
      vertex 5.46253 27.462 2.6
    endloop
  endfacet
  facet normal -0.483054 -0.396429 0.780707
    outer loop
      vertex 22.2139 17.0453 2.6
      vertex 21.4274 18.7914 3
      vertex 21.0515 18.4617 2.6
    endloop
  endfacet
  facet normal 0.257884 0.569172 0.78073
    outer loop
      vertex -10.7151 -25.8686 2.6
      vertex -12.3841 -25.1124 2.6
      vertex -12.6052 -25.5609 3
    endloop
  endfacet
  facet normal 0.141905 -0.608545 0.780728
    outer loop
      vertex -7.24693 27.0459 2.6
      vertex -5.46253 27.462 2.6
      vertex -7.37634 27.5289 3
    endloop
  endfacet
  facet normal 0.22011 0.584824 0.780726
    outer loop
      vertex -9.16102 -26.9875 3
      vertex -9.0003 -26.514 2.6
      vertex -10.7151 -25.8686 2.6
    endloop
  endfacet
  facet normal 0.363967 -0.507906 0.780743
    outer loop
      vertex -15.556 23.2811 2.6
      vertex -15.8338 23.6969 3
      vertex -17.3497 22.6106 3
    endloop
  endfacet
  facet normal -0.584798 -0.220085 0.780752
    outer loop
      vertex 26.9875 9.16102 3
      vertex 26.3306 10.9065 3
      vertex 25.8686 10.7151 2.6
    endloop
  endfacet
  facet normal -0.456136 -0.427212 0.780659
    outer loop
      vertex 21.0515 18.4617 2.6
      vertex 20.1525 20.1525 3
      vertex 19.799 19.799 2.6
    endloop
  endfacet
  facet normal -0.329947 -0.530636 0.780744
    outer loop
      vertex 15.556 23.2811 2.6
      vertex 15.8338 23.6969 3
      vertex 14.25 24.6817 3
    endloop
  endfacet
  facet normal 0.53067 0.329998 0.780699
    outer loop
      vertex -23.2811 -15.556 2.6
      vertex -24.2487 -14 2.6
      vertex -24.6817 -14.25 3
    endloop
  endfacet
  facet normal 0.53067 -0.329998 0.780699
    outer loop
      vertex -24.2487 14 2.6
      vertex -23.2811 15.556 2.6
      vertex -24.6817 14.25 3
    endloop
  endfacet
  facet normal -0.396423 -0.483031 0.780724
    outer loop
      vertex 18.7914 21.4274 3
      vertex 17.3497 22.6106 3
      vertex 17.0453 22.2139 2.6
    endloop
  endfacet
  facet normal -0.569172 -0.257884 0.78073
    outer loop
      vertex 25.8686 10.7151 2.6
      vertex 25.5609 12.6052 3
      vertex 25.1124 12.3841 2.6
    endloop
  endfacet
  facet normal -0.530636 -0.329947 0.780744
    outer loop
      vertex 24.6817 14.25 3
      vertex 23.6969 15.8338 3
      vertex 23.2811 15.556 2.6
    endloop
  endfacet
  facet normal -0.584824 -0.22011 0.780726
    outer loop
      vertex 26.514 9.0003 2.6
      vertex 26.9875 9.16102 3
      vertex 25.8686 10.7151 2.6
    endloop
  endfacet
  facet normal -0.53067 -0.329998 0.780699
    outer loop
      vertex 24.2487 14 2.6
      vertex 24.6817 14.25 3
      vertex 23.2811 15.556 2.6
    endloop
  endfacet
  facet normal 0.181398 0.597964 0.780726
    outer loop
      vertex -7.37634 -27.5289 3
      vertex -9.0003 -26.514 2.6
      vertex -9.16102 -26.9875 3
    endloop
  endfacet
  facet normal -0.616568 -0.101797 0.780693
    outer loop
      vertex 28.2562 3.72 3
      vertex 27.9524 5.56007 3
      vertex 27.7605 3.65473 2.6
    endloop
  endfacet
  facet normal -0.597963 -0.181397 0.780727
    outer loop
      vertex 27.0459 7.24693 2.6
      vertex 27.5289 7.37634 3
      vertex 26.514 9.0003 2.6
    endloop
  endfacet
  facet normal -0.257884 -0.56914 0.780754
    outer loop
      vertex 12.6052 25.5609 3
      vertex 10.9065 26.3306 3
      vertex 10.7151 25.8686 2.6
    endloop
  endfacet
  facet normal -0.483031 -0.396423 0.780724
    outer loop
      vertex 22.2139 17.0453 2.6
      vertex 22.6106 17.3497 3
      vertex 21.4274 18.7914 3
    endloop
  endfacet
  facet normal -0.257884 -0.569172 0.78073
    outer loop
      vertex 12.3841 25.1124 2.6
      vertex 12.6052 25.5609 3
      vertex 10.7151 25.8686 2.6
    endloop
  endfacet
  facet normal -0.294558 -0.55109 0.780727
    outer loop
      vertex 14 24.2487 2.6
      vertex 12.6052 25.5609 3
      vertex 12.3841 25.1124 2.6
    endloop
  endfacet
  facet normal 0.396429 -0.483054 0.780707
    outer loop
      vertex -18.4617 21.0515 2.6
      vertex -17.0453 22.2139 2.6
      vertex -18.7914 21.4274 3
    endloop
  endfacet
  facet normal -0.55109 -0.294558 0.780727
    outer loop
      vertex 25.1124 12.3841 2.6
      vertex 25.5609 12.6052 3
      vertex 24.2487 14 2.6
    endloop
  endfacet
  facet normal -0.551114 -0.294589 0.780699
    outer loop
      vertex 25.5609 12.6052 3
      vertex 24.6817 14.25 3
      vertex 24.2487 14 2.6
    endloop
  endfacet
  facet normal -0.608545 -0.141905 0.780728
    outer loop
      vertex 27.462 5.46253 2.6
      vertex 27.5289 7.37634 3
      vertex 27.0459 7.24693 2.6
    endloop
  endfacet
  facet normal -0.616546 -0.101803 0.78071
    outer loop
      vertex 27.7605 3.65473 2.6
      vertex 27.9524 5.56007 3
      vertex 27.462 5.46253 2.6
    endloop
  endfacet
  facet normal -0.456074 -0.427191 0.780708
    outer loop
      vertex 21.0515 18.4617 2.6
      vertex 21.4274 18.7914 3
      vertex 20.1525 20.1525 3
    endloop
  endfacet
  facet normal -0.621906 -0.0612521 0.780692
    outer loop
      vertex 28.439 1.86399 3
      vertex 28.2562 3.72 3
      vertex 27.7605 3.65473 2.6
    endloop
  endfacet
  facet normal -0.621839 -0.0612141 0.780749
    outer loop
      vertex 27.94 1.83129 2.6
      vertex 28.439 1.86399 3
      vertex 27.7605 3.65473 2.6
    endloop
  endfacet
  facet normal -0.624565 -0.0204392 -0.780706
    outer loop
      vertex 28.439 1.86399 3
      vertex 28.5 0 3
      vertex 28 0 3.4
    endloop
  endfacet
  facet normal -0.181398 0.597964 -0.780726
    outer loop
      vertex 9.0003 -26.514 3.4
      vertex 9.16102 -26.9875 3
      vertex 7.37634 -27.5289 3
    endloop
  endfacet
  facet normal -0.220085 0.584798 -0.780752
    outer loop
      vertex 10.7151 -25.8686 3.4
      vertex 10.9065 -26.3306 3
      vertex 9.16102 -26.9875 3
    endloop
  endfacet
  facet normal -0.53067 0.329998 -0.780699
    outer loop
      vertex 24.2487 -14 3.4
      vertex 24.6817 -14.25 3
      vertex 23.2811 -15.556 3.4
    endloop
  endfacet
  facet normal -0.257884 0.569172 -0.78073
    outer loop
      vertex 12.3841 -25.1124 3.4
      vertex 12.6052 -25.5609 3
      vertex 10.7151 -25.8686 3.4
    endloop
  endfacet
  facet normal -0.551114 -0.294589 -0.780699
    outer loop
      vertex 24.6817 14.25 3
      vertex 25.5609 12.6052 3
      vertex 24.2487 14 3.4
    endloop
  endfacet
  facet normal 0.22011 -0.584824 -0.780726
    outer loop
      vertex -9.16102 26.9875 3
      vertex -9.0003 26.514 3.4
      vertex -10.7151 25.8686 3.4
    endloop
  endfacet
  facet normal -0.427191 -0.456074 -0.780708
    outer loop
      vertex 18.7914 21.4274 3
      vertex 20.1525 20.1525 3
      vertex 18.4617 21.0515 3.4
    endloop
  endfacet
  facet normal -0.597963 0.181397 -0.780727
    outer loop
      vertex 27.0459 -7.24693 3.4
      vertex 27.5289 -7.37634 3
      vertex 26.514 -9.0003 3.4
    endloop
  endfacet
  facet normal -0.220085 -0.584798 -0.780752
    outer loop
      vertex 10.9065 26.3306 3
      vertex 10.7151 25.8686 3.4
      vertex 9.16102 26.9875 3
    endloop
  endfacet
  facet normal -0.0612141 0.621839 -0.780749
    outer loop
      vertex 3.65473 -27.7605 3.4
      vertex 1.86399 -28.439 3
      vertex 1.83129 -27.94 3.4
    endloop
  endfacet
  facet normal 0.624565 0.0204392 -0.780706
    outer loop
      vertex -28 0 3.4
      vertex -28.439 -1.86399 3
      vertex -28.5 0 3
    endloop
  endfacet
  facet normal -0.56914 -0.257884 -0.780754
    outer loop
      vertex 26.3306 10.9065 3
      vertex 25.8686 10.7151 3.4
      vertex 25.5609 12.6052 3
    endloop
  endfacet
  facet normal -0.507906 0.363967 -0.780743
    outer loop
      vertex 23.2811 -15.556 3.4
      vertex 23.6969 -15.8338 3
      vertex 22.6106 -17.3497 3
    endloop
  endfacet
  facet normal -0.257884 -0.56914 -0.780754
    outer loop
      vertex 10.9065 26.3306 3
      vertex 12.6052 25.5609 3
      vertex 10.7151 25.8686 3.4
    endloop
  endfacet
  facet normal -0.483031 0.396423 -0.780724
    outer loop
      vertex 22.2139 -17.0453 3.4
      vertex 22.6106 -17.3497 3
      vertex 21.4274 -18.7914 3
    endloop
  endfacet
  facet normal -0.60857 -0.1419 -0.780709
    outer loop
      vertex 27.5289 7.37634 3
      vertex 27.9524 5.56007 3
      vertex 27.462 5.46253 3.4
    endloop
  endfacet
  facet normal 0.0204392 -0.624565 -0.780706
    outer loop
      vertex 0 28.5 3
      vertex 0 28 3.4
      vertex -1.86399 28.439 3
    endloop
  endfacet
  facet normal -0.483031 -0.396423 -0.780724
    outer loop
      vertex 22.6106 17.3497 3
      vertex 22.2139 17.0453 3.4
      vertex 21.4274 18.7914 3
    endloop
  endfacet
  facet normal 0.396423 0.483031 -0.780724
    outer loop
      vertex -17.0453 -22.2139 3.4
      vertex -17.3497 -22.6106 3
      vertex -18.7914 -21.4274 3
    endloop
  endfacet
  facet normal -0.294558 0.55109 -0.780727
    outer loop
      vertex 14 -24.2487 3.4
      vertex 12.6052 -25.5609 3
      vertex 12.3841 -25.1124 3.4
    endloop
  endfacet
  facet normal 0.101797 -0.616568 -0.780693
    outer loop
      vertex -3.72 28.2562 3
      vertex -3.65473 27.7605 3.4
      vertex -5.56007 27.9524 3
    endloop
  endfacet
  facet normal 0.624565 -0.0204392 -0.780706
    outer loop
      vertex -28.439 1.86399 3
      vertex -28 0 3.4
      vertex -28.5 0 3
    endloop
  endfacet
  facet normal 0.363967 -0.507906 -0.780743
    outer loop
      vertex -15.8338 23.6969 3
      vertex -15.556 23.2811 3.4
      vertex -17.3497 22.6106 3
    endloop
  endfacet
  facet normal 0.329998 0.53067 -0.780699
    outer loop
      vertex -14 -24.2487 3.4
      vertex -14.25 -24.6817 3
      vertex -15.556 -23.2811 3.4
    endloop
  endfacet
  facet normal -0.624565 0.0204392 -0.780706
    outer loop
      vertex 28.5 0 3
      vertex 28.439 -1.86399 3
      vertex 28 0 3.4
    endloop
  endfacet
  facet normal -0.53067 -0.329998 -0.780699
    outer loop
      vertex 24.6817 14.25 3
      vertex 24.2487 14 3.4
      vertex 23.2811 15.556 3.4
    endloop
  endfacet
  facet normal 0.507906 -0.363967 -0.780743
    outer loop
      vertex -22.6106 17.3497 3
      vertex -23.2811 15.556 3.4
      vertex -23.6969 15.8338 3
    endloop
  endfacet
  facet normal 0.101803 0.616546 -0.78071
    outer loop
      vertex -5.46253 -27.462 3.4
      vertex -3.65473 -27.7605 3.4
      vertex -5.56007 -27.9524 3
    endloop
  endfacet
  facet normal 0.181398 0.597964 -0.780726
    outer loop
      vertex -9.0003 -26.514 3.4
      vertex -7.37634 -27.5289 3
      vertex -9.16102 -26.9875 3
    endloop
  endfacet
  facet normal -0.141905 0.608545 -0.780728
    outer loop
      vertex 7.24693 -27.0459 3.4
      vertex 7.37634 -27.5289 3
      vertex 5.46253 -27.462 3.4
    endloop
  endfacet
  facet normal -0.483054 -0.396429 -0.780707
    outer loop
      vertex 21.4274 18.7914 3
      vertex 22.2139 17.0453 3.4
      vertex 21.0515 18.4617 3.4
    endloop
  endfacet
  facet normal -0.569172 -0.257884 -0.78073
    outer loop
      vertex 25.5609 12.6052 3
      vertex 25.8686 10.7151 3.4
      vertex 25.1124 12.3841 3.4
    endloop
  endfacet
  facet normal -0.101803 0.616546 -0.78071
    outer loop
      vertex 5.46253 -27.462 3.4
      vertex 5.56007 -27.9524 3
      vertex 3.65473 -27.7605 3.4
    endloop
  endfacet
  facet normal -0.507931 0.363973 -0.780724
    outer loop
      vertex 23.2811 -15.556 3.4
      vertex 22.6106 -17.3497 3
      vertex 22.2139 -17.0453 3.4
    endloop
  endfacet
  facet normal 0.456136 0.427212 -0.780659
    outer loop
      vertex -19.799 -19.799 3.4
      vertex -20.1525 -20.1525 3
      vertex -21.0515 -18.4617 3.4
    endloop
  endfacet
  facet normal -0.427212 0.456136 -0.780659
    outer loop
      vertex 19.799 -19.799 3.4
      vertex 20.1525 -20.1525 3
      vertex 18.4617 -21.0515 3.4
    endloop
  endfacet
  facet normal 0.584798 0.220085 -0.780752
    outer loop
      vertex -25.8686 -10.7151 3.4
      vertex -26.3306 -10.9065 3
      vertex -26.9875 -9.16102 3
    endloop
  endfacet
  facet normal 0.141905 -0.608545 -0.780728
    outer loop
      vertex -5.46253 27.462 3.4
      vertex -7.24693 27.0459 3.4
      vertex -7.37634 27.5289 3
    endloop
  endfacet
  facet normal -0.608545 -0.141905 -0.780728
    outer loop
      vertex 27.5289 7.37634 3
      vertex 27.462 5.46253 3.4
      vertex 27.0459 7.24693 3.4
    endloop
  endfacet
  facet normal 0.616546 -0.101803 -0.78071
    outer loop
      vertex -27.462 5.46253 3.4
      vertex -27.7605 3.65473 3.4
      vertex -27.9524 5.56007 3
    endloop
  endfacet
  facet normal 0.584798 -0.220085 -0.780752
    outer loop
      vertex -26.3306 10.9065 3
      vertex -25.8686 10.7151 3.4
      vertex -26.9875 9.16102 3
    endloop
  endfacet
  facet normal 0.597963 0.181397 -0.780727
    outer loop
      vertex -27.0459 -7.24693 3.4
      vertex -26.514 -9.0003 3.4
      vertex -27.5289 -7.37634 3
    endloop
  endfacet
  facet normal -0.621839 -0.0612141 -0.780749
    outer loop
      vertex 28.439 1.86399 3
      vertex 27.94 1.83129 3.4
      vertex 27.7605 3.65473 3.4
    endloop
  endfacet
  facet normal -0.530636 -0.329947 -0.780744
    outer loop
      vertex 23.6969 15.8338 3
      vertex 24.6817 14.25 3
      vertex 23.2811 15.556 3.4
    endloop
  endfacet
  facet normal 0.551114 0.294589 -0.780699
    outer loop
      vertex -24.2487 -14 3.4
      vertex -24.6817 -14.25 3
      vertex -25.5609 -12.6052 3
    endloop
  endfacet
  facet normal -0.584824 -0.22011 -0.780726
    outer loop
      vertex 26.9875 9.16102 3
      vertex 26.514 9.0003 3.4
      vertex 25.8686 10.7151 3.4
    endloop
  endfacet
  facet normal -0.597964 -0.181398 -0.780726
    outer loop
      vertex 26.9875 9.16102 3
      vertex 27.5289 7.37634 3
      vertex 26.514 9.0003 3.4
    endloop
  endfacet
  facet normal -0.101797 -0.616568 -0.780693
    outer loop
      vertex 3.72 28.2562 3
      vertex 5.56007 27.9524 3
      vertex 3.65473 27.7605 3.4
    endloop
  endfacet
  facet normal 0.294589 -0.551114 -0.780699
    outer loop
      vertex -12.6052 25.5609 3
      vertex -14 24.2487 3.4
      vertex -14.25 24.6817 3
    endloop
  endfacet
  facet normal -0.507931 -0.363973 -0.780724
    outer loop
      vertex 22.6106 17.3497 3
      vertex 23.2811 15.556 3.4
      vertex 22.2139 17.0453 3.4
    endloop
  endfacet
  facet normal 0.608545 0.141905 -0.780728
    outer loop
      vertex -27.462 -5.46253 3.4
      vertex -27.0459 -7.24693 3.4
      vertex -27.5289 -7.37634 3
    endloop
  endfacet
  facet normal 0.530636 -0.329947 -0.780744
    outer loop
      vertex -23.6969 15.8338 3
      vertex -23.2811 15.556 3.4
      vertex -24.6817 14.25 3
    endloop
  endfacet
  facet normal 0.220085 0.584798 -0.780752
    outer loop
      vertex -10.7151 -25.8686 3.4
      vertex -9.16102 -26.9875 3
      vertex -10.9065 -26.3306 3
    endloop
  endfacet
  facet normal 0.616546 0.101803 -0.78071
    outer loop
      vertex -27.7605 -3.65473 3.4
      vertex -27.462 -5.46253 3.4
      vertex -27.9524 -5.56007 3
    endloop
  endfacet
  facet normal 0.0612141 0.621839 -0.780749
    outer loop
      vertex -1.83129 -27.94 3.4
      vertex -1.86399 -28.439 3
      vertex -3.65473 -27.7605 3.4
    endloop
  endfacet
  facet normal -0.569172 0.257884 -0.78073
    outer loop
      vertex 25.8686 -10.7151 3.4
      vertex 25.5609 -12.6052 3
      vertex 25.1124 -12.3841 3.4
    endloop
  endfacet
  facet normal -0.0204392 -0.624565 -0.780706
    outer loop
      vertex 0 28.5 3
      vertex 1.86399 28.439 3
      vertex 0 28 3.4
    endloop
  endfacet
  facet normal -0.584798 -0.220085 -0.780752
    outer loop
      vertex 26.3306 10.9065 3
      vertex 26.9875 9.16102 3
      vertex 25.8686 10.7151 3.4
    endloop
  endfacet
  facet normal -0.257884 -0.569172 -0.78073
    outer loop
      vertex 12.6052 25.5609 3
      vertex 12.3841 25.1124 3.4
      vertex 10.7151 25.8686 3.4
    endloop
  endfacet
  facet normal -0.141905 -0.608545 -0.780728
    outer loop
      vertex 7.37634 27.5289 3
      vertex 7.24693 27.0459 3.4
      vertex 5.46253 27.462 3.4
    endloop
  endfacet
  facet normal 0.483054 -0.396429 -0.780707
    outer loop
      vertex -21.4274 18.7914 3
      vertex -21.0515 18.4617 3.4
      vertex -22.2139 17.0453 3.4
    endloop
  endfacet
  facet normal -0.396429 -0.483054 -0.780707
    outer loop
      vertex 18.7914 21.4274 3
      vertex 18.4617 21.0515 3.4
      vertex 17.0453 22.2139 3.4
    endloop
  endfacet
  facet normal 0.597964 -0.181398 -0.780726
    outer loop
      vertex -26.9875 9.16102 3
      vertex -26.514 9.0003 3.4
      vertex -27.5289 7.37634 3
    endloop
  endfacet
  facet normal -0.56914 0.257884 -0.780754
    outer loop
      vertex 25.8686 -10.7151 3.4
      vertex 26.3306 -10.9065 3
      vertex 25.5609 -12.6052 3
    endloop
  endfacet
  facet normal 0.616568 0.101797 -0.780693
    outer loop
      vertex -27.7605 -3.65473 3.4
      vertex -27.9524 -5.56007 3
      vertex -28.2562 -3.72 3
    endloop
  endfacet
  facet normal -0.55109 -0.294558 -0.780727
    outer loop
      vertex 25.5609 12.6052 3
      vertex 25.1124 12.3841 3.4
      vertex 24.2487 14 3.4
    endloop
  endfacet
  facet normal -0.616546 -0.101803 -0.78071
    outer loop
      vertex 27.9524 5.56007 3
      vertex 27.7605 3.65473 3.4
      vertex 27.462 5.46253 3.4
    endloop
  endfacet
  facet normal -0.396423 0.483031 -0.780724
    outer loop
      vertex 18.7914 -21.4274 3
      vertex 17.3497 -22.6106 3
      vertex 17.0453 -22.2139 3.4
    endloop
  endfacet
  facet normal -0.551114 0.294589 -0.780699
    outer loop
      vertex 25.5609 -12.6052 3
      vertex 24.6817 -14.25 3
      vertex 24.2487 -14 3.4
    endloop
  endfacet
  facet normal -0.62451 -0.0204613 -0.780749
    outer loop
      vertex 28.439 1.86399 3
      vertex 28 0 3.4
      vertex 27.94 1.83129 3.4
    endloop
  endfacet
  facet normal -0.55109 0.294558 -0.780727
    outer loop
      vertex 25.1124 -12.3841 3.4
      vertex 25.5609 -12.6052 3
      vertex 24.2487 -14 3.4
    endloop
  endfacet
  facet normal 0.584824 -0.22011 -0.780726
    outer loop
      vertex -25.8686 10.7151 3.4
      vertex -26.514 9.0003 3.4
      vertex -26.9875 9.16102 3
    endloop
  endfacet
  facet normal 0.427191 0.456074 -0.780708
    outer loop
      vertex -18.4617 -21.0515 3.4
      vertex -18.7914 -21.4274 3
      vertex -20.1525 -20.1525 3
    endloop
  endfacet
  facet normal 0.0204613 0.62451 -0.780749
    outer loop
      vertex -1.83129 -27.94 3.4
      vertex 0 -28 3.4
      vertex -1.86399 -28.439 3
    endloop
  endfacet
  facet normal -0.483054 0.396429 -0.780707
    outer loop
      vertex 22.2139 -17.0453 3.4
      vertex 21.4274 -18.7914 3
      vertex 21.0515 -18.4617 3.4
    endloop
  endfacet
  facet normal 0.329947 -0.530636 -0.780744
    outer loop
      vertex -14.25 24.6817 3
      vertex -15.556 23.2811 3.4
      vertex -15.8338 23.6969 3
    endloop
  endfacet
  facet normal -0.101797 0.616568 -0.780693
    outer loop
      vertex 5.56007 -27.9524 3
      vertex 3.72 -28.2562 3
      vertex 3.65473 -27.7605 3.4
    endloop
  endfacet
  facet normal 0.456136 -0.427212 -0.780659
    outer loop
      vertex -20.1525 20.1525 3
      vertex -19.799 19.799 3.4
      vertex -21.0515 18.4617 3.4
    endloop
  endfacet
  facet normal -0.257884 0.56914 -0.780754
    outer loop
      vertex 12.6052 -25.5609 3
      vertex 10.9065 -26.3306 3
      vertex 10.7151 -25.8686 3.4
    endloop
  endfacet
  facet normal -0.294589 0.551114 -0.780699
    outer loop
      vertex 14 -24.2487 3.4
      vertex 14.25 -24.6817 3
      vertex 12.6052 -25.5609 3
    endloop
  endfacet
  facet normal 0.0204392 0.624565 -0.780706
    outer loop
      vertex 0 -28 3.4
      vertex 0 -28.5 3
      vertex -1.86399 -28.439 3
    endloop
  endfacet
  facet normal -0.530636 0.329947 -0.780744
    outer loop
      vertex 24.6817 -14.25 3
      vertex 23.6969 -15.8338 3
      vertex 23.2811 -15.556 3.4
    endloop
  endfacet
  facet normal -0.101803 -0.616546 -0.78071
    outer loop
      vertex 5.56007 27.9524 3
      vertex 5.46253 27.462 3.4
      vertex 3.65473 27.7605 3.4
    endloop
  endfacet
  facet normal -0.363967 0.507906 -0.780743
    outer loop
      vertex 17.3497 -22.6106 3
      vertex 15.8338 -23.6969 3
      vertex 15.556 -23.2811 3.4
    endloop
  endfacet
  facet normal 0.507906 0.363967 -0.780743
    outer loop
      vertex -23.2811 -15.556 3.4
      vertex -22.6106 -17.3497 3
      vertex -23.6969 -15.8338 3
    endloop
  endfacet
  facet normal 0.1419 0.60857 -0.780709
    outer loop
      vertex -5.46253 -27.462 3.4
      vertex -5.56007 -27.9524 3
      vertex -7.37634 -27.5289 3
    endloop
  endfacet
  facet normal 0.584824 0.22011 -0.780726
    outer loop
      vertex -26.514 -9.0003 3.4
      vertex -25.8686 -10.7151 3.4
      vertex -26.9875 -9.16102 3
    endloop
  endfacet
  facet normal 0.507931 -0.363973 -0.780724
    outer loop
      vertex -22.6106 17.3497 3
      vertex -22.2139 17.0453 3.4
      vertex -23.2811 15.556 3.4
    endloop
  endfacet
  facet normal 0.62451 -0.0204613 -0.780749
    outer loop
      vertex -27.94 1.83129 3.4
      vertex -28 0 3.4
      vertex -28.439 1.86399 3
    endloop
  endfacet
  facet normal -0.22011 -0.584824 -0.780726
    outer loop
      vertex 9.16102 26.9875 3
      vertex 10.7151 25.8686 3.4
      vertex 9.0003 26.514 3.4
    endloop
  endfacet
  facet normal -0.1419 -0.60857 -0.780709
    outer loop
      vertex 5.56007 27.9524 3
      vertex 7.37634 27.5289 3
      vertex 5.46253 27.462 3.4
    endloop
  endfacet
  facet normal 0.181397 0.597963 -0.780727
    outer loop
      vertex -7.24693 -27.0459 3.4
      vertex -7.37634 -27.5289 3
      vertex -9.0003 -26.514 3.4
    endloop
  endfacet
  facet normal 0.0204613 -0.62451 -0.780749
    outer loop
      vertex 0 28 3.4
      vertex -1.83129 27.94 3.4
      vertex -1.86399 28.439 3
    endloop
  endfacet
  facet normal -0.0204392 0.624565 -0.780706
    outer loop
      vertex 0 -28 3.4
      vertex 1.86399 -28.439 3
      vertex 0 -28.5 3
    endloop
  endfacet
  facet normal -0.0204613 0.62451 -0.780749
    outer loop
      vertex 1.83129 -27.94 3.4
      vertex 1.86399 -28.439 3
      vertex 0 -28 3.4
    endloop
  endfacet
  facet normal -0.456074 -0.427191 -0.780708
    outer loop
      vertex 21.4274 18.7914 3
      vertex 21.0515 18.4617 3.4
      vertex 20.1525 20.1525 3
    endloop
  endfacet
  facet normal -0.456136 -0.427212 -0.780659
    outer loop
      vertex 20.1525 20.1525 3
      vertex 21.0515 18.4617 3.4
      vertex 19.799 19.799 3.4
    endloop
  endfacet
  facet normal 0.621906 -0.0612521 -0.780692
    outer loop
      vertex -28.2562 3.72 3
      vertex -27.7605 3.65473 3.4
      vertex -28.439 1.86399 3
    endloop
  endfacet
  facet normal 0.483054 0.396429 -0.780707
    outer loop
      vertex -21.0515 -18.4617 3.4
      vertex -21.4274 -18.7914 3
      vertex -22.2139 -17.0453 3.4
    endloop
  endfacet
  facet normal -0.1419 0.60857 -0.780709
    outer loop
      vertex 7.37634 -27.5289 3
      vertex 5.56007 -27.9524 3
      vertex 5.46253 -27.462 3.4
    endloop
  endfacet
  facet normal -0.597963 -0.181397 -0.780727
    outer loop
      vertex 27.5289 7.37634 3
      vertex 27.0459 7.24693 3.4
      vertex 26.514 9.0003 3.4
    endloop
  endfacet
  facet normal 0.608545 -0.141905 -0.780728
    outer loop
      vertex -27.0459 7.24693 3.4
      vertex -27.462 5.46253 3.4
      vertex -27.5289 7.37634 3
    endloop
  endfacet
  facet normal 0.60857 0.1419 -0.780709
    outer loop
      vertex -27.462 -5.46253 3.4
      vertex -27.5289 -7.37634 3
      vertex -27.9524 -5.56007 3
    endloop
  endfacet
  facet normal -0.608545 0.141905 -0.780728
    outer loop
      vertex 27.462 -5.46253 3.4
      vertex 27.5289 -7.37634 3
      vertex 27.0459 -7.24693 3.4
    endloop
  endfacet
  facet normal -0.60857 0.1419 -0.780709
    outer loop
      vertex 27.9524 -5.56007 3
      vertex 27.5289 -7.37634 3
      vertex 27.462 -5.46253 3.4
    endloop
  endfacet
  facet normal 0.257884 -0.56914 -0.780754
    outer loop
      vertex -10.9065 26.3306 3
      vertex -10.7151 25.8686 3.4
      vertex -12.6052 25.5609 3
    endloop
  endfacet
  facet normal -0.427191 0.456074 -0.780708
    outer loop
      vertex 20.1525 -20.1525 3
      vertex 18.7914 -21.4274 3
      vertex 18.4617 -21.0515 3.4
    endloop
  endfacet
  facet normal 0.616568 -0.101797 -0.780693
    outer loop
      vertex -27.9524 5.56007 3
      vertex -27.7605 3.65473 3.4
      vertex -28.2562 3.72 3
    endloop
  endfacet
  facet normal -0.621906 0.0612521 -0.780692
    outer loop
      vertex 28.439 -1.86399 3
      vertex 28.2562 -3.72 3
      vertex 27.7605 -3.65473 3.4
    endloop
  endfacet
  facet normal -0.616568 0.101797 -0.780693
    outer loop
      vertex 28.2562 -3.72 3
      vertex 27.9524 -5.56007 3
      vertex 27.7605 -3.65473 3.4
    endloop
  endfacet
  facet normal -0.616568 -0.101797 -0.780693
    outer loop
      vertex 27.9524 5.56007 3
      vertex 28.2562 3.72 3
      vertex 27.7605 3.65473 3.4
    endloop
  endfacet
  facet normal -0.621906 -0.0612521 -0.780692
    outer loop
      vertex 28.2562 3.72 3
      vertex 28.439 1.86399 3
      vertex 27.7605 3.65473 3.4
    endloop
  endfacet
  facet normal -0.616546 0.101803 -0.78071
    outer loop
      vertex 27.7605 -3.65473 3.4
      vertex 27.9524 -5.56007 3
      vertex 27.462 -5.46253 3.4
    endloop
  endfacet
  facet normal 0.55109 0.294558 -0.780727
    outer loop
      vertex -25.1124 -12.3841 3.4
      vertex -24.2487 -14 3.4
      vertex -25.5609 -12.6052 3
    endloop
  endfacet
  facet normal -0.621839 0.0612141 -0.780749
    outer loop
      vertex 27.94 -1.83129 3.4
      vertex 28.439 -1.86399 3
      vertex 27.7605 -3.65473 3.4
    endloop
  endfacet
  facet normal -0.62451 0.0204613 -0.780749
    outer loop
      vertex 28 0 3.4
      vertex 28.439 -1.86399 3
      vertex 27.94 -1.83129 3.4
    endloop
  endfacet
  facet normal -0.597964 0.181398 -0.780726
    outer loop
      vertex 27.5289 -7.37634 3
      vertex 26.9875 -9.16102 3
      vertex 26.514 -9.0003 3.4
    endloop
  endfacet
  facet normal 0.257884 0.56914 -0.780754
    outer loop
      vertex -10.7151 -25.8686 3.4
      vertex -10.9065 -26.3306 3
      vertex -12.6052 -25.5609 3
    endloop
  endfacet
  facet normal 0.597963 -0.181397 -0.780727
    outer loop
      vertex -26.514 9.0003 3.4
      vertex -27.0459 7.24693 3.4
      vertex -27.5289 7.37634 3
    endloop
  endfacet
  facet normal 0.56914 -0.257884 -0.780754
    outer loop
      vertex -25.5609 12.6052 3
      vertex -25.8686 10.7151 3.4
      vertex -26.3306 10.9065 3
    endloop
  endfacet
  facet normal -0.0612141 -0.621839 -0.780749
    outer loop
      vertex 1.86399 28.439 3
      vertex 3.65473 27.7605 3.4
      vertex 1.83129 27.94 3.4
    endloop
  endfacet
  facet normal -0.181397 -0.597963 -0.780727
    outer loop
      vertex 7.37634 27.5289 3
      vertex 9.0003 26.514 3.4
      vertex 7.24693 27.0459 3.4
    endloop
  endfacet
  facet normal 0.363973 -0.507931 -0.780724
    outer loop
      vertex -15.556 23.2811 3.4
      vertex -17.0453 22.2139 3.4
      vertex -17.3497 22.6106 3
    endloop
  endfacet
  facet normal 0.456074 -0.427191 -0.780708
    outer loop
      vertex -20.1525 20.1525 3
      vertex -21.0515 18.4617 3.4
      vertex -21.4274 18.7914 3
    endloop
  endfacet
  facet normal 0.621839 0.0612141 -0.780749
    outer loop
      vertex -27.94 -1.83129 3.4
      vertex -27.7605 -3.65473 3.4
      vertex -28.439 -1.86399 3
    endloop
  endfacet
  facet normal -0.363973 -0.507931 -0.780724
    outer loop
      vertex 17.3497 22.6106 3
      vertex 17.0453 22.2139 3.4
      vertex 15.556 23.2811 3.4
    endloop
  endfacet
  facet normal -0.0204613 -0.62451 -0.780749
    outer loop
      vertex 1.86399 28.439 3
      vertex 1.83129 27.94 3.4
      vertex 0 28 3.4
    endloop
  endfacet
  facet normal -0.396423 -0.483031 -0.780724
    outer loop
      vertex 17.3497 22.6106 3
      vertex 18.7914 21.4274 3
      vertex 17.0453 22.2139 3.4
    endloop
  endfacet
  facet normal 0.329947 0.530636 -0.780744
    outer loop
      vertex -15.556 -23.2811 3.4
      vertex -14.25 -24.6817 3
      vertex -15.8338 -23.6969 3
    endloop
  endfacet
  facet normal 0.257884 -0.569172 -0.78073
    outer loop
      vertex -10.7151 25.8686 3.4
      vertex -12.3841 25.1124 3.4
      vertex -12.6052 25.5609 3
    endloop
  endfacet
  facet normal -0.329998 -0.53067 -0.780699
    outer loop
      vertex 14.25 24.6817 3
      vertex 15.556 23.2811 3.4
      vertex 14 24.2487 3.4
    endloop
  endfacet
  facet normal 0.1419 -0.60857 -0.780709
    outer loop
      vertex -5.56007 27.9524 3
      vertex -5.46253 27.462 3.4
      vertex -7.37634 27.5289 3
    endloop
  endfacet
  facet normal 0.621839 -0.0612141 -0.780749
    outer loop
      vertex -27.7605 3.65473 3.4
      vertex -27.94 1.83129 3.4
      vertex -28.439 1.86399 3
    endloop
  endfacet
  facet normal 0.294558 -0.55109 -0.780727
    outer loop
      vertex -12.6052 25.5609 3
      vertex -12.3841 25.1124 3.4
      vertex -14 24.2487 3.4
    endloop
  endfacet
  facet normal 0.60857 -0.1419 -0.780709
    outer loop
      vertex -27.5289 7.37634 3
      vertex -27.462 5.46253 3.4
      vertex -27.9524 5.56007 3
    endloop
  endfacet
  facet normal 0.0612521 -0.621906 -0.780692
    outer loop
      vertex -1.86399 28.439 3
      vertex -3.65473 27.7605 3.4
      vertex -3.72 28.2562 3
    endloop
  endfacet
  facet normal 0.22011 0.584824 -0.780726
    outer loop
      vertex -9.0003 -26.514 3.4
      vertex -9.16102 -26.9875 3
      vertex -10.7151 -25.8686 3.4
    endloop
  endfacet
  facet normal -0.329947 0.530636 -0.780744
    outer loop
      vertex 15.556 -23.2811 3.4
      vertex 15.8338 -23.6969 3
      vertex 14.25 -24.6817 3
    endloop
  endfacet
  facet normal 0.456074 0.427191 -0.780708
    outer loop
      vertex -21.0515 -18.4617 3.4
      vertex -20.1525 -20.1525 3
      vertex -21.4274 -18.7914 3
    endloop
  endfacet
  facet normal 0.220085 -0.584798 -0.780752
    outer loop
      vertex -9.16102 26.9875 3
      vertex -10.7151 25.8686 3.4
      vertex -10.9065 26.3306 3
    endloop
  endfacet
  facet normal 0.0612521 0.621906 -0.780692
    outer loop
      vertex -3.65473 -27.7605 3.4
      vertex -1.86399 -28.439 3
      vertex -3.72 -28.2562 3
    endloop
  endfacet
  facet normal 0.141905 0.608545 -0.780728
    outer loop
      vertex -7.24693 -27.0459 3.4
      vertex -5.46253 -27.462 3.4
      vertex -7.37634 -27.5289 3
    endloop
  endfacet
  facet normal 0.0612141 -0.621839 -0.780749
    outer loop
      vertex -1.86399 28.439 3
      vertex -1.83129 27.94 3.4
      vertex -3.65473 27.7605 3.4
    endloop
  endfacet
  facet normal 0.101803 -0.616546 -0.78071
    outer loop
      vertex -3.65473 27.7605 3.4
      vertex -5.46253 27.462 3.4
      vertex -5.56007 27.9524 3
    endloop
  endfacet
  facet normal 0.55109 -0.294558 -0.780727
    outer loop
      vertex -24.2487 14 3.4
      vertex -25.1124 12.3841 3.4
      vertex -25.5609 12.6052 3
    endloop
  endfacet
  facet normal -0.181397 0.597963 -0.780727
    outer loop
      vertex 9.0003 -26.514 3.4
      vertex 7.37634 -27.5289 3
      vertex 7.24693 -27.0459 3.4
    endloop
  endfacet
  facet normal -0.0612521 -0.621906 -0.780692
    outer loop
      vertex 3.72 28.2562 3
      vertex 3.65473 27.7605 3.4
      vertex 1.86399 28.439 3
    endloop
  endfacet
  facet normal -0.456074 0.427191 -0.780708
    outer loop
      vertex 21.0515 -18.4617 3.4
      vertex 21.4274 -18.7914 3
      vertex 20.1525 -20.1525 3
    endloop
  endfacet
  facet normal 0.62451 0.0204613 -0.780749
    outer loop
      vertex -28 0 3.4
      vertex -27.94 -1.83129 3.4
      vertex -28.439 -1.86399 3
    endloop
  endfacet
  facet normal -0.507906 -0.363967 -0.780743
    outer loop
      vertex 23.6969 15.8338 3
      vertex 23.2811 15.556 3.4
      vertex 22.6106 17.3497 3
    endloop
  endfacet
  facet normal -0.294589 -0.551114 -0.780699
    outer loop
      vertex 14.25 24.6817 3
      vertex 14 24.2487 3.4
      vertex 12.6052 25.5609 3
    endloop
  endfacet
  facet normal -0.294558 -0.55109 -0.780727
    outer loop
      vertex 12.6052 25.5609 3
      vertex 14 24.2487 3.4
      vertex 12.3841 25.1124 3.4
    endloop
  endfacet
  facet normal -0.329998 0.53067 -0.780699
    outer loop
      vertex 15.556 -23.2811 3.4
      vertex 14.25 -24.6817 3
      vertex 14 -24.2487 3.4
    endloop
  endfacet
  facet normal -0.0612521 0.621906 -0.780692
    outer loop
      vertex 3.65473 -27.7605 3.4
      vertex 3.72 -28.2562 3
      vertex 1.86399 -28.439 3
    endloop
  endfacet
  facet normal 0.427212 -0.456136 -0.780659
    outer loop
      vertex -18.4617 21.0515 3.4
      vertex -19.799 19.799 3.4
      vertex -20.1525 20.1525 3
    endloop
  endfacet
  facet normal 0.396429 -0.483054 -0.780707
    outer loop
      vertex -17.0453 22.2139 3.4
      vertex -18.4617 21.0515 3.4
      vertex -18.7914 21.4274 3
    endloop
  endfacet
  facet normal -0.396429 0.483054 -0.780707
    outer loop
      vertex 18.4617 -21.0515 3.4
      vertex 18.7914 -21.4274 3
      vertex 17.0453 -22.2139 3.4
    endloop
  endfacet
  facet normal -0.584798 0.220085 -0.780752
    outer loop
      vertex 26.9875 -9.16102 3
      vertex 26.3306 -10.9065 3
      vertex 25.8686 -10.7151 3.4
    endloop
  endfacet
  facet normal -0.181398 -0.597964 -0.780726
    outer loop
      vertex 9.16102 26.9875 3
      vertex 9.0003 26.514 3.4
      vertex 7.37634 27.5289 3
    endloop
  endfacet
  facet normal 0.396423 -0.483031 -0.780724
    outer loop
      vertex -17.3497 22.6106 3
      vertex -17.0453 22.2139 3.4
      vertex -18.7914 21.4274 3
    endloop
  endfacet
  facet normal 0.181398 -0.597964 -0.780726
    outer loop
      vertex -7.37634 27.5289 3
      vertex -9.0003 26.514 3.4
      vertex -9.16102 26.9875 3
    endloop
  endfacet
  facet normal 0.294558 0.55109 -0.780727
    outer loop
      vertex -12.3841 -25.1124 3.4
      vertex -12.6052 -25.5609 3
      vertex -14 -24.2487 3.4
    endloop
  endfacet
  facet normal 0.363973 0.507931 -0.780724
    outer loop
      vertex -17.0453 -22.2139 3.4
      vertex -15.556 -23.2811 3.4
      vertex -17.3497 -22.6106 3
    endloop
  endfacet
  facet normal 0.597964 0.181398 -0.780726
    outer loop
      vertex -26.514 -9.0003 3.4
      vertex -26.9875 -9.16102 3
      vertex -27.5289 -7.37634 3
    endloop
  endfacet
  facet normal 0.53067 0.329998 -0.780699
    outer loop
      vertex -24.2487 -14 3.4
      vertex -23.2811 -15.556 3.4
      vertex -24.6817 -14.25 3
    endloop
  endfacet
  facet normal 0.530636 0.329947 -0.780744
    outer loop
      vertex -23.2811 -15.556 3.4
      vertex -23.6969 -15.8338 3
      vertex -24.6817 -14.25 3
    endloop
  endfacet
  facet normal 0.483031 -0.396423 -0.780724
    outer loop
      vertex -21.4274 18.7914 3
      vertex -22.2139 17.0453 3.4
      vertex -22.6106 17.3497 3
    endloop
  endfacet
  facet normal 0.294589 0.551114 -0.780699
    outer loop
      vertex -14 -24.2487 3.4
      vertex -12.6052 -25.5609 3
      vertex -14.25 -24.6817 3
    endloop
  endfacet
  facet normal 0.329998 -0.53067 -0.780699
    outer loop
      vertex -14.25 24.6817 3
      vertex -14 24.2487 3.4
      vertex -15.556 23.2811 3.4
    endloop
  endfacet
  facet normal -0.427212 -0.456136 -0.780659
    outer loop
      vertex 20.1525 20.1525 3
      vertex 19.799 19.799 3.4
      vertex 18.4617 21.0515 3.4
    endloop
  endfacet
  facet normal 0.181397 -0.597963 -0.780727
    outer loop
      vertex -7.37634 27.5289 3
      vertex -7.24693 27.0459 3.4
      vertex -9.0003 26.514 3.4
    endloop
  endfacet
  facet normal -0.584824 0.22011 -0.780726
    outer loop
      vertex 26.514 -9.0003 3.4
      vertex 26.9875 -9.16102 3
      vertex 25.8686 -10.7151 3.4
    endloop
  endfacet
  facet normal 0.257884 0.569172 -0.78073
    outer loop
      vertex -12.3841 -25.1124 3.4
      vertex -10.7151 -25.8686 3.4
      vertex -12.6052 -25.5609 3
    endloop
  endfacet
  facet normal 0.621906 0.0612521 -0.780692
    outer loop
      vertex -27.7605 -3.65473 3.4
      vertex -28.2562 -3.72 3
      vertex -28.439 -1.86399 3
    endloop
  endfacet
  facet normal 0.56914 0.257884 -0.780754
    outer loop
      vertex -25.8686 -10.7151 3.4
      vertex -25.5609 -12.6052 3
      vertex -26.3306 -10.9065 3
    endloop
  endfacet
  facet normal -0.363973 0.507931 -0.780724
    outer loop
      vertex 17.0453 -22.2139 3.4
      vertex 17.3497 -22.6106 3
      vertex 15.556 -23.2811 3.4
    endloop
  endfacet
  facet normal 0.551114 -0.294589 -0.780699
    outer loop
      vertex -24.6817 14.25 3
      vertex -24.2487 14 3.4
      vertex -25.5609 12.6052 3
    endloop
  endfacet
  facet normal 0.53067 -0.329998 -0.780699
    outer loop
      vertex -23.2811 15.556 3.4
      vertex -24.2487 14 3.4
      vertex -24.6817 14.25 3
    endloop
  endfacet
  facet normal -0.363967 -0.507906 -0.780743
    outer loop
      vertex 15.8338 23.6969 3
      vertex 17.3497 22.6106 3
      vertex 15.556 23.2811 3.4
    endloop
  endfacet
  facet normal -0.22011 0.584824 -0.780726
    outer loop
      vertex 10.7151 -25.8686 3.4
      vertex 9.16102 -26.9875 3
      vertex 9.0003 -26.514 3.4
    endloop
  endfacet
  facet normal 0.101797 0.616568 -0.780693
    outer loop
      vertex -3.65473 -27.7605 3.4
      vertex -3.72 -28.2562 3
      vertex -5.56007 -27.9524 3
    endloop
  endfacet
  facet normal -0.329947 -0.530636 -0.780744
    outer loop
      vertex 15.8338 23.6969 3
      vertex 15.556 23.2811 3.4
      vertex 14.25 24.6817 3
    endloop
  endfacet
  facet normal 0.427191 -0.456074 -0.780708
    outer loop
      vertex -18.7914 21.4274 3
      vertex -18.4617 21.0515 3.4
      vertex -20.1525 20.1525 3
    endloop
  endfacet
  facet normal -0.456136 0.427212 -0.780659
    outer loop
      vertex 21.0515 -18.4617 3.4
      vertex 20.1525 -20.1525 3
      vertex 19.799 -19.799 3.4
    endloop
  endfacet
  facet normal 0.569172 -0.257884 -0.78073
    outer loop
      vertex -25.5609 12.6052 3
      vertex -25.1124 12.3841 3.4
      vertex -25.8686 10.7151 3.4
    endloop
  endfacet
  facet normal 0.427212 0.456136 -0.780659
    outer loop
      vertex -19.799 -19.799 3.4
      vertex -18.4617 -21.0515 3.4
      vertex -20.1525 -20.1525 3
    endloop
  endfacet
  facet normal 0.569172 0.257884 -0.78073
    outer loop
      vertex -25.1124 -12.3841 3.4
      vertex -25.5609 -12.6052 3
      vertex -25.8686 -10.7151 3.4
    endloop
  endfacet
  facet normal 0.396429 0.483054 -0.780707
    outer loop
      vertex -18.4617 -21.0515 3.4
      vertex -17.0453 -22.2139 3.4
      vertex -18.7914 -21.4274 3
    endloop
  endfacet
  facet normal 0.363967 0.507906 -0.780743
    outer loop
      vertex -15.556 -23.2811 3.4
      vertex -15.8338 -23.6969 3
      vertex -17.3497 -22.6106 3
    endloop
  endfacet
  facet normal 0.507931 0.363973 -0.780724
    outer loop
      vertex -22.2139 -17.0453 3.4
      vertex -22.6106 -17.3497 3
      vertex -23.2811 -15.556 3.4
    endloop
  endfacet
  facet normal 0.483031 0.396423 -0.780724
    outer loop
      vertex -22.2139 -17.0453 3.4
      vertex -21.4274 -18.7914 3
      vertex -22.6106 -17.3497 3
    endloop
  endfacet
  facet normal -0.831753 -0.0272069 -0.554479
    outer loop
      vertex 28.7322 1.86791 0
      vertex 28.7933 0 0
      vertex 28 0 1.19
    endloop
  endfacet
  facet normal -0.733913 0.392277 -0.554518
    outer loop
      vertex 24.943 -14.3832 0
      vertex 24.2487 -14 1.19
      vertex 25.1124 -12.3841 1.19
    endloop
  endfacet
  facet normal -0.734272 0.391612 -0.554513
    outer loop
      vertex 24.2487 -14 1.19
      vertex 24.943 -14.3832 0
      vertex 24.9358 -14.3967 0
    endloop
  endfacet
  facet normal -0.79682 -0.239973 -0.554518
    outer loop
      vertex 27.0459 7.24693 1.19
      vertex 27.8078 7.46687 0
      vertex 27.8122 7.45226 0
    endloop
  endfacet
  facet normal -0.796342 -0.241577 -0.554509
    outer loop
      vertex 27.8078 7.46687 0
      vertex 27.0459 7.24693 1.19
      vertex 26.514 9.0003 1.19
    endloop
  endfacet
  facet normal 0.796335 0.241558 -0.554526
    outer loop
      vertex -26.514 -9.0003 1.19
      vertex -27.2653 -9.25531 0
      vertex -27.8078 -7.46687 0
    endloop
  endfacet
  facet normal 0.757944 -0.343528 -0.554535
    outer loop
      vertex -25.1124 12.3841 1.19
      vertex -25.8303 12.7211 0
      vertex -25.824 12.735 0
    endloop
  endfacet
  facet normal 0.757987 -0.343433 -0.554535
    outer loop
      vertex -25.8303 12.7211 0
      vertex -25.1124 12.3841 1.19
      vertex -25.8686 10.7151 1.19
    endloop
  endfacet
  facet normal -0.676443 0.484713 -0.554507
    outer loop
      vertex 23.2811 -15.556 1.19
      vertex 23.9408 -15.9967 0
      vertex 22.8522 -17.5159 0
    endloop
  endfacet
  facet normal 0.733898 0.392285 -0.554533
    outer loop
      vertex -25.1124 -12.3841 1.19
      vertex -24.943 -14.3832 0
      vertex -25.824 -12.735 0
    endloop
  endfacet
  facet normal -0.778835 -0.293126 -0.55452
    outer loop
      vertex 26.6016 11.0187 0
      vertex 27.2599 9.2696 0
      vertex 25.8686 10.7151 1.19
    endloop
  endfacet
  facet normal -0.778451 -0.294166 -0.554509
    outer loop
      vertex 26.514 9.0003 1.19
      vertex 27.2599 9.2696 0
      vertex 27.2653 9.25531 0
    endloop
  endfacet
  facet normal -0.778836 -0.293131 -0.554516
    outer loop
      vertex 27.2599 9.2696 0
      vertex 26.514 9.0003 1.19
      vertex 25.8686 10.7151 1.19
    endloop
  endfacet
  facet normal -0.135543 0.821072 -0.554499
    outer loop
      vertex 5.46253 -27.462 1.19
      vertex 5.6173 -28.2401 0
      vertex 3.77335 -28.5445 0
    endloop
  endfacet
  facet normal 0.527916 0.643286 -0.554515
    outer loop
      vertex -18.4617 -21.0515 1.19
      vertex -17.5401 -22.8336 0
      vertex -18.9848 -21.648 0
    endloop
  endfacet
  facet normal 0.778835 0.293126 -0.55452
    outer loop
      vertex -25.8686 -10.7151 1.19
      vertex -26.6016 -11.0187 0
      vertex -27.2599 -9.2696 0
    endloop
  endfacet
  facet normal 0.56888 -0.607396 -0.554478
    outer loop
      vertex -18.9959 21.6375 0
      vertex -18.4617 21.0515 1.19
      vertex -19.799 19.799 1.19
    endloop
  endfacet
  facet normal 0.5719 -0.60458 -0.554448
    outer loop
      vertex -18.4617 21.0515 1.19
      vertex -18.9959 21.6375 0
      vertex -18.9848 21.648 0
    endloop
  endfacet
  facet normal -0.343425 0.758002 -0.55452
    outer loop
      vertex 12.7211 -25.8303 0
      vertex 11.0187 -26.6016 0
      vertex 10.7151 -25.8686 1.19
    endloop
  endfacet
  facet normal 0.607401 -0.56884 -0.554514
    outer loop
      vertex -20.36 20.36 0
      vertex -19.799 19.799 1.19
      vertex -21.6375 18.9959 0
    endloop
  endfacet
  facet normal -0.828146 0.0817249 -0.554523
    outer loop
      vertex 28.7302 -1.89837 0
      vertex 27.94 -1.83129 1.19
      vertex 28.7317 -1.88317 0
    endloop
  endfacet
  facet normal -0.828164 0.0815248 -0.554525
    outer loop
      vertex 27.94 -1.83129 1.19
      vertex 28.7302 -1.89837 0
      vertex 27.7605 -3.65473 1.19
    endloop
  endfacet
  facet normal 0.343425 -0.758002 -0.55452
    outer loop
      vertex -11.0187 26.6016 0
      vertex -10.7151 25.8686 1.19
      vertex -12.7211 25.8303 0
    endloop
  endfacet
  facet normal -0.136196 -0.820988 -0.554463
    outer loop
      vertex 3.77335 28.5445 0
      vertex 3.65473 27.7605 1.19
      vertex 3.75828 28.547 0
    endloop
  endfacet
  facet normal -0.135576 -0.821088 -0.554467
    outer loop
      vertex 3.65473 27.7605 1.19
      vertex 3.77335 28.5445 0
      vertex 5.46253 27.462 1.19
    endloop
  endfacet
  facet normal -0.778835 0.293126 -0.55452
    outer loop
      vertex 27.2599 -9.2696 0
      vertex 26.6016 -11.0187 0
      vertex 25.8686 -10.7151 1.19
    endloop
  endfacet
  facet normal -0.828146 -0.0817249 -0.554523
    outer loop
      vertex 27.94 1.83129 1.19
      vertex 28.7302 1.89837 0
      vertex 28.7317 1.88317 0
    endloop
  endfacet
  facet normal -0.828164 -0.0815248 -0.554525
    outer loop
      vertex 28.7302 1.89837 0
      vertex 27.94 1.83129 1.19
      vertex 27.7605 3.65473 1.19
    endloop
  endfacet
  facet normal -0.757987 0.343433 -0.554535
    outer loop
      vertex 25.8303 -12.7211 0
      vertex 25.1124 -12.3841 1.19
      vertex 25.8686 -10.7151 1.19
    endloop
  endfacet
  facet normal -0.757944 0.343528 -0.554535
    outer loop
      vertex 25.1124 -12.3841 1.19
      vertex 25.8303 -12.7211 0
      vertex 25.824 -12.735 0
    endloop
  endfacet
  facet normal -0.758002 -0.343425 -0.55452
    outer loop
      vertex 26.6016 11.0187 0
      vertex 25.8686 10.7151 1.19
      vertex 25.8303 12.7211 0
    endloop
  endfacet
  facet normal 0.778836 -0.293131 -0.554516
    outer loop
      vertex -26.514 9.0003 1.19
      vertex -27.2599 9.2696 0
      vertex -25.8686 10.7151 1.19
    endloop
  endfacet
  facet normal 0.778451 -0.294166 -0.554509
    outer loop
      vertex -27.2599 9.2696 0
      vertex -26.514 9.0003 1.19
      vertex -27.2653 9.25531 0
    endloop
  endfacet
  facet normal 0.392285 -0.733898 -0.554533
    outer loop
      vertex -12.735 25.824 0
      vertex -12.3841 25.1124 1.19
      vertex -14.3832 24.943 0
    endloop
  endfacet
  facet normal -0.810435 0.188983 -0.55451
    outer loop
      vertex 27.8157 -7.43739 0
      vertex 27.0459 -7.24693 1.19
      vertex 27.462 -5.46253 1.19
    endloop
  endfacet
  facet normal -0.810035 0.190661 -0.554519
    outer loop
      vertex 27.0459 -7.24693 1.19
      vertex 27.8157 -7.43739 0
      vertex 27.8122 -7.45226 0
    endloop
  endfacet
  facet normal 0.706693 -0.439458 -0.554493
    outer loop
      vertex -24.2487 14 1.19
      vertex -24.9277 14.4096 0
      vertex -23.2811 15.556 1.19
    endloop
  endfacet
  facet normal 0.704787 -0.442541 -0.554466
    outer loop
      vertex -24.9277 14.4096 0
      vertex -24.2487 14 1.19
      vertex -24.9358 14.3967 0
    endloop
  endfacet
  facet normal -0.188975 -0.810444 -0.554499
    outer loop
      vertex 5.6173 28.2401 0
      vertex 7.43739 27.8157 0
      vertex 5.46253 27.462 1.19
    endloop
  endfacet
  facet normal -0.439439 -0.706692 -0.554509
    outer loop
      vertex 15.9967 23.9408 0
      vertex 15.556 23.2811 1.19
      vertex 14.4096 24.9277 0
    endloop
  endfacet
  facet normal 0.828194 0.0815766 -0.554472
    outer loop
      vertex -27.7605 -3.65473 1.19
      vertex -28.547 -3.75828 0
      vertex -28.7302 -1.89837 0
    endloop
  endfacet
  facet normal 0.607401 0.56884 -0.554514
    outer loop
      vertex -19.799 -19.799 1.19
      vertex -20.36 -20.36 0
      vertex -21.6375 -18.9959 0
    endloop
  endfacet
  facet normal -0.83172 -0.0272516 -0.554526
    outer loop
      vertex 28.7322 1.86791 0
      vertex 27.94 1.83129 1.19
      vertex 28.7317 1.88317 0
    endloop
  endfacet
  facet normal -0.83172 -0.0272503 -0.554526
    outer loop
      vertex 27.94 1.83129 1.19
      vertex 28.7322 1.86791 0
      vertex 28 0 1.19
    endloop
  endfacet
  facet normal -0.188983 -0.810435 -0.55451
    outer loop
      vertex 7.43739 27.8157 0
      vertex 7.24693 27.0459 1.19
      vertex 5.46253 27.462 1.19
    endloop
  endfacet
  facet normal -0.190661 -0.810035 -0.554519
    outer loop
      vertex 7.24693 27.0459 1.19
      vertex 7.43739 27.8157 0
      vertex 7.45226 27.8122 0
    endloop
  endfacet
  facet normal 0.778835 -0.293126 -0.55452
    outer loop
      vertex -26.6016 11.0187 0
      vertex -25.8686 10.7151 1.19
      vertex -27.2599 9.2696 0
    endloop
  endfacet
  facet normal -0.0272503 -0.83172 -0.554526
    outer loop
      vertex 1.86791 28.7322 0
      vertex 1.83129 27.94 1.19
      vertex 0 28 1.19
    endloop
  endfacet
  facet normal -0.0272516 -0.83172 -0.554526
    outer loop
      vertex 1.83129 27.94 1.19
      vertex 1.86791 28.7322 0
      vertex 1.88317 28.7317 0
    endloop
  endfacet
  facet normal -0.528451 -0.642858 -0.554502
    outer loop
      vertex 17.5401 22.8336 0
      vertex 17.0453 22.2139 1.19
      vertex 17.5283 22.8433 0
    endloop
  endfacet
  facet normal -0.527927 -0.643286 -0.554506
    outer loop
      vertex 17.0453 22.2139 1.19
      vertex 17.5401 22.8336 0
      vertex 18.4617 21.0515 1.19
    endloop
  endfacet
  facet normal -0.757944 -0.343528 -0.554535
    outer loop
      vertex 25.8303 12.7211 0
      vertex 25.1124 12.3841 1.19
      vertex 25.824 12.735 0
    endloop
  endfacet
  facet normal -0.757987 -0.343433 -0.554535
    outer loop
      vertex 25.1124 12.3841 1.19
      vertex 25.8303 12.7211 0
      vertex 25.8686 10.7151 1.19
    endloop
  endfacet
  facet normal 0.294166 0.778451 -0.554509
    outer loop
      vertex -9.2696 -27.2599 0
      vertex -9.0003 -26.514 1.19
      vertex -9.25531 -27.2653 0
    endloop
  endfacet
  facet normal 0.293131 0.778836 -0.554516
    outer loop
      vertex -9.0003 -26.514 1.19
      vertex -9.2696 -27.2599 0
      vertex -10.7151 -25.8686 1.19
    endloop
  endfacet
  facet normal -0.642858 -0.528451 -0.554502
    outer loop
      vertex 22.2139 17.0453 1.19
      vertex 22.8336 17.5401 0
      vertex 22.8433 17.5283 0
    endloop
  endfacet
  facet normal -0.643286 -0.527927 -0.554506
    outer loop
      vertex 22.8336 17.5401 0
      vertex 22.2139 17.0453 1.19
      vertex 21.0515 18.4617 1.19
    endloop
  endfacet
  facet normal -0.135543 -0.821072 -0.554499
    outer loop
      vertex 5.6173 28.2401 0
      vertex 5.46253 27.462 1.19
      vertex 3.77335 28.5445 0
    endloop
  endfacet
  facet normal -0.0272069 -0.831753 -0.554479
    outer loop
      vertex 0 28.7933 0
      vertex 1.86791 28.7322 0
      vertex 0 28 1.19
    endloop
  endfacet
  facet normal -0.527916 0.643286 -0.554515
    outer loop
      vertex 18.4617 -21.0515 1.19
      vertex 18.9848 -21.648 0
      vertex 17.5401 -22.8336 0
    endloop
  endfacet
  facet normal -0.706692 0.439439 -0.554509
    outer loop
      vertex 24.9277 -14.4096 0
      vertex 23.9408 -15.9967 0
      vertex 23.2811 -15.556 1.19
    endloop
  endfacet
  facet normal 0.439439 -0.706692 -0.554509
    outer loop
      vertex -14.4096 24.9277 0
      vertex -15.556 23.2811 1.19
      vertex -15.9967 23.9408 0
    endloop
  endfacet
  facet normal 0.135576 -0.821088 -0.554467
    outer loop
      vertex -3.77335 28.5445 0
      vertex -3.65473 27.7605 1.19
      vertex -5.46253 27.462 1.19
    endloop
  endfacet
  facet normal 0.136196 -0.820988 -0.554463
    outer loop
      vertex -3.65473 27.7605 1.19
      vertex -3.77335 28.5445 0
      vertex -3.75828 28.547 0
    endloop
  endfacet
  facet normal -0.810035 -0.190661 -0.554519
    outer loop
      vertex 27.8157 7.43739 0
      vertex 27.0459 7.24693 1.19
      vertex 27.8122 7.45226 0
    endloop
  endfacet
  facet normal -0.810435 -0.188983 -0.55451
    outer loop
      vertex 27.0459 7.24693 1.19
      vertex 27.8157 7.43739 0
      vertex 27.462 5.46253 1.19
    endloop
  endfacet
  facet normal -0.0817249 -0.828146 -0.554523
    outer loop
      vertex 1.89837 28.7302 0
      vertex 1.83129 27.94 1.19
      vertex 1.88317 28.7317 0
    endloop
  endfacet
  facet normal -0.0815248 -0.828164 -0.554525
    outer loop
      vertex 1.83129 27.94 1.19
      vertex 1.89837 28.7302 0
      vertex 3.65473 27.7605 1.19
    endloop
  endfacet
  facet normal -0.392277 -0.733913 -0.554518
    outer loop
      vertex 14.3832 24.943 0
      vertex 14 24.2487 1.19
      vertex 12.3841 25.1124 1.19
    endloop
  endfacet
  facet normal -0.391612 -0.734272 -0.554513
    outer loop
      vertex 14 24.2487 1.19
      vertex 14.3832 24.943 0
      vertex 14.3967 24.9358 0
    endloop
  endfacet
  facet normal -0.796335 0.241558 -0.554526
    outer loop
      vertex 27.8078 -7.46687 0
      vertex 27.2653 -9.25531 0
      vertex 26.514 -9.0003 1.19
    endloop
  endfacet
  facet normal 0.676058 -0.485235 -0.55452
    outer loop
      vertex -22.2139 17.0453 1.19
      vertex -22.8522 17.5159 0
      vertex -22.8433 17.5283 0
    endloop
  endfacet
  facet normal 0.676433 -0.484717 -0.554517
    outer loop
      vertex -22.8522 17.5159 0
      vertex -22.2139 17.0453 1.19
      vertex -23.2811 15.556 1.19
    endloop
  endfacet
  facet normal -0.241558 -0.796335 -0.554526
    outer loop
      vertex 9.25531 27.2653 0
      vertex 9.0003 26.514 1.19
      vertex 7.46687 27.8078 0
    endloop
  endfacet
  facet normal 0.484713 -0.676443 -0.554507
    outer loop
      vertex -15.9967 23.9408 0
      vertex -15.556 23.2811 1.19
      vertex -17.5159 22.8522 0
    endloop
  endfacet
  facet normal -0.676058 -0.485235 -0.55452
    outer loop
      vertex 22.8522 17.5159 0
      vertex 22.2139 17.0453 1.19
      vertex 22.8433 17.5283 0
    endloop
  endfacet
  facet normal -0.676433 -0.484717 -0.554517
    outer loop
      vertex 22.2139 17.0453 1.19
      vertex 22.8522 17.5159 0
      vertex 23.2811 15.556 1.19
    endloop
  endfacet
  facet normal -0.820988 -0.136196 -0.554463
    outer loop
      vertex 27.7605 3.65473 1.19
      vertex 28.5445 3.77335 0
      vertex 28.547 3.75828 0
    endloop
  endfacet
  facet normal -0.821088 -0.135576 -0.554467
    outer loop
      vertex 28.5445 3.77335 0
      vertex 27.7605 3.65473 1.19
      vertex 27.462 5.46253 1.19
    endloop
  endfacet
  facet normal -0.828194 -0.0815766 -0.554472
    outer loop
      vertex 28.547 3.75828 0
      vertex 28.7302 1.89837 0
      vertex 27.7605 3.65473 1.19
    endloop
  endfacet
  facet normal 0.706692 0.439439 -0.554509
    outer loop
      vertex -23.2811 -15.556 1.19
      vertex -23.9408 -15.9967 0
      vertex -24.9277 -14.4096 0
    endloop
  endfacet
  facet normal 0.831753 0.0272069 -0.554479
    outer loop
      vertex -28 0 1.19
      vertex -28.7322 -1.86791 0
      vertex -28.7933 0 0
    endloop
  endfacet
  facet normal 0.0272069 -0.831753 -0.554479
    outer loop
      vertex 0 28.7933 0
      vertex 0 28 1.19
      vertex -1.86791 28.7322 0
    endloop
  endfacet
  facet normal -0.56884 -0.607401 -0.554514
    outer loop
      vertex 20.36 20.36 0
      vertex 19.799 19.799 1.19
      vertex 18.9959 21.6375 0
    endloop
  endfacet
  facet normal 0.188975 -0.810444 -0.554499
    outer loop
      vertex -5.6173 28.2401 0
      vertex -5.46253 27.462 1.19
      vertex -7.43739 27.8157 0
    endloop
  endfacet
  facet normal -0.239973 -0.79682 -0.554518
    outer loop
      vertex 7.46687 27.8078 0
      vertex 7.24693 27.0459 1.19
      vertex 7.45226 27.8122 0
    endloop
  endfacet
  facet normal -0.241577 -0.796342 -0.554509
    outer loop
      vertex 7.24693 27.0459 1.19
      vertex 7.46687 27.8078 0
      vertex 9.0003 26.514 1.19
    endloop
  endfacet
  facet normal -0.810444 0.188975 -0.554499
    outer loop
      vertex 28.2401 -5.6173 0
      vertex 27.8157 -7.43739 0
      vertex 27.462 -5.46253 1.19
    endloop
  endfacet
  facet normal -0.642858 0.528451 -0.554502
    outer loop
      vertex 22.8336 -17.5401 0
      vertex 22.2139 -17.0453 1.19
      vertex 22.8433 -17.5283 0
    endloop
  endfacet
  facet normal -0.643286 0.527927 -0.554506
    outer loop
      vertex 22.2139 -17.0453 1.19
      vertex 22.8336 -17.5401 0
      vertex 21.0515 -18.4617 1.19
    endloop
  endfacet
  facet normal -0.820988 0.136196 -0.554463
    outer loop
      vertex 28.5445 -3.77335 0
      vertex 27.7605 -3.65473 1.19
      vertex 28.547 -3.75828 0
    endloop
  endfacet
  facet normal -0.821088 0.135576 -0.554467
    outer loop
      vertex 27.7605 -3.65473 1.19
      vertex 28.5445 -3.77335 0
      vertex 27.462 -5.46253 1.19
    endloop
  endfacet
  facet normal -0.734272 -0.391612 -0.554513
    outer loop
      vertex 24.943 14.3832 0
      vertex 24.2487 14 1.19
      vertex 24.9358 14.3967 0
    endloop
  endfacet
  facet normal -0.733913 -0.392277 -0.554518
    outer loop
      vertex 24.2487 14 1.19
      vertex 24.943 14.3832 0
      vertex 25.1124 12.3841 1.19
    endloop
  endfacet
  facet normal -0.831753 0.0272069 -0.554479
    outer loop
      vertex 28.7933 0 0
      vertex 28.7322 -1.86791 0
      vertex 28 0 1.19
    endloop
  endfacet
  facet normal 0.828194 -0.0815766 -0.554472
    outer loop
      vertex -28.547 3.75828 0
      vertex -27.7605 3.65473 1.19
      vertex -28.7302 1.89837 0
    endloop
  endfacet
  facet normal -0.821072 0.135543 -0.554499
    outer loop
      vertex 28.5445 -3.77335 0
      vertex 28.2401 -5.6173 0
      vertex 27.462 -5.46253 1.19
    endloop
  endfacet
  facet normal 0.293126 -0.778835 -0.55452
    outer loop
      vertex -9.2696 27.2599 0
      vertex -10.7151 25.8686 1.19
      vertex -11.0187 26.6016 0
    endloop
  endfacet
  facet normal 0.79682 0.239973 -0.554518
    outer loop
      vertex -27.0459 -7.24693 1.19
      vertex -27.8078 -7.46687 0
      vertex -27.8122 -7.45226 0
    endloop
  endfacet
  facet normal 0.796342 0.241577 -0.554509
    outer loop
      vertex -27.8078 -7.46687 0
      vertex -27.0459 -7.24693 1.19
      vertex -26.514 -9.0003 1.19
    endloop
  endfacet
  facet normal 0.0815766 -0.828194 -0.554472
    outer loop
      vertex -1.89837 28.7302 0
      vertex -3.65473 27.7605 1.19
      vertex -3.75828 28.547 0
    endloop
  endfacet
  facet normal 0.828164 -0.0815248 -0.554525
    outer loop
      vertex -27.94 1.83129 1.19
      vertex -28.7302 1.89837 0
      vertex -27.7605 3.65473 1.19
    endloop
  endfacet
  facet normal 0.828146 -0.0817249 -0.554523
    outer loop
      vertex -28.7302 1.89837 0
      vertex -27.94 1.83129 1.19
      vertex -28.7317 1.88317 0
    endloop
  endfacet
  facet normal 0.442541 0.704787 -0.554466
    outer loop
      vertex -14.4096 -24.9277 0
      vertex -14 -24.2487 1.19
      vertex -14.3967 -24.9358 0
    endloop
  endfacet
  facet normal 0.439458 0.706693 -0.554493
    outer loop
      vertex -14 -24.2487 1.19
      vertex -14.4096 -24.9277 0
      vertex -15.556 -23.2811 1.19
    endloop
  endfacet
  facet normal -0.607401 0.56884 -0.554514
    outer loop
      vertex 21.6375 -18.9959 0
      vertex 20.36 -20.36 0
      vertex 19.799 -19.799 1.19
    endloop
  endfacet
  facet normal -0.343528 0.757944 -0.554535
    outer loop
      vertex 12.7211 -25.8303 0
      vertex 12.3841 -25.1124 1.19
      vertex 12.735 -25.824 0
    endloop
  endfacet
  facet normal -0.343433 0.757987 -0.554535
    outer loop
      vertex 12.3841 -25.1124 1.19
      vertex 12.7211 -25.8303 0
      vertex 10.7151 -25.8686 1.19
    endloop
  endfacet
  facet normal -0.758002 0.343425 -0.55452
    outer loop
      vertex 25.8686 -10.7151 1.19
      vertex 26.6016 -11.0187 0
      vertex 25.8303 -12.7211 0
    endloop
  endfacet
  facet normal -0.527927 0.643286 -0.554506
    outer loop
      vertex 17.5401 -22.8336 0
      vertex 17.0453 -22.2139 1.19
      vertex 18.4617 -21.0515 1.19
    endloop
  endfacet
  facet normal -0.528451 0.642858 -0.554502
    outer loop
      vertex 17.0453 -22.2139 1.19
      vertex 17.5401 -22.8336 0
      vertex 17.5283 -22.8433 0
    endloop
  endfacet
  facet normal 0.0272069 0.831753 -0.554479
    outer loop
      vertex 0 -28 1.19
      vertex 0 -28.7933 0
      vertex -1.86791 -28.7322 0
    endloop
  endfacet
  facet normal 0.643286 -0.527927 -0.554506
    outer loop
      vertex -22.2139 17.0453 1.19
      vertex -22.8336 17.5401 0
      vertex -21.0515 18.4617 1.19
    endloop
  endfacet
  facet normal 0.642858 -0.528451 -0.554502
    outer loop
      vertex -22.8336 17.5401 0
      vertex -22.2139 17.0453 1.19
      vertex -22.8433 17.5283 0
    endloop
  endfacet
  facet normal -0.241577 0.796342 -0.554509
    outer loop
      vertex 7.46687 -27.8078 0
      vertex 7.24693 -27.0459 1.19
      vertex 9.0003 -26.514 1.19
    endloop
  endfacet
  facet normal -0.239973 0.79682 -0.554518
    outer loop
      vertex 7.24693 -27.0459 1.19
      vertex 7.46687 -27.8078 0
      vertex 7.45226 -27.8122 0
    endloop
  endfacet
  facet normal -0.796335 -0.241558 -0.554526
    outer loop
      vertex 27.2653 9.25531 0
      vertex 27.8078 7.46687 0
      vertex 26.514 9.0003 1.19
    endloop
  endfacet
  facet normal 0.810444 -0.188975 -0.554499
    outer loop
      vertex -27.8157 7.43739 0
      vertex -27.462 5.46253 1.19
      vertex -28.2401 5.6173 0
    endloop
  endfacet
  facet normal 0.392277 0.733913 -0.554518
    outer loop
      vertex -14.3832 -24.943 0
      vertex -14 -24.2487 1.19
      vertex -12.3841 -25.1124 1.19
    endloop
  endfacet
  facet normal 0.391612 0.734272 -0.554513
    outer loop
      vertex -14 -24.2487 1.19
      vertex -14.3832 -24.943 0
      vertex -14.3967 -24.9358 0
    endloop
  endfacet
  facet normal 0.190661 -0.810035 -0.554519
    outer loop
      vertex -7.43739 27.8157 0
      vertex -7.24693 27.0459 1.19
      vertex -7.45226 27.8122 0
    endloop
  endfacet
  facet normal 0.188983 -0.810435 -0.55451
    outer loop
      vertex -7.24693 27.0459 1.19
      vertex -7.43739 27.8157 0
      vertex -5.46253 27.462 1.19
    endloop
  endfacet
  facet normal -0.83172 0.0272503 -0.554526
    outer loop
      vertex 28.7322 -1.86791 0
      vertex 27.94 -1.83129 1.19
      vertex 28 0 1.19
    endloop
  endfacet
  facet normal -0.83172 0.0272516 -0.554526
    outer loop
      vertex 27.94 -1.83129 1.19
      vertex 28.7322 -1.86791 0
      vertex 28.7317 -1.88317 0
    endloop
  endfacet
  facet normal 0.706692 -0.439439 -0.554509
    outer loop
      vertex -23.9408 15.9967 0
      vertex -23.2811 15.556 1.19
      vertex -24.9277 14.4096 0
    endloop
  endfacet
  facet normal 0.439439 0.706692 -0.554509
    outer loop
      vertex -15.556 -23.2811 1.19
      vertex -14.4096 -24.9277 0
      vertex -15.9967 -23.9408 0
    endloop
  endfacet
  facet normal 0.0272516 -0.83172 -0.554526
    outer loop
      vertex -1.86791 28.7322 0
      vertex -1.83129 27.94 1.19
      vertex -1.88317 28.7317 0
    endloop
  endfacet
  facet normal 0.0272503 -0.83172 -0.554526
    outer loop
      vertex -1.83129 27.94 1.19
      vertex -1.86791 28.7322 0
      vertex 0 28 1.19
    endloop
  endfacet
  facet normal -0.643286 -0.527916 -0.554515
    outer loop
      vertex 21.648 18.9848 0
      vertex 22.8336 17.5401 0
      vertex 21.0515 18.4617 1.19
    endloop
  endfacet
  facet normal -0.821072 -0.135543 -0.554499
    outer loop
      vertex 28.2401 5.6173 0
      vertex 28.5445 3.77335 0
      vertex 27.462 5.46253 1.19
    endloop
  endfacet
  facet normal -0.810444 -0.188975 -0.554499
    outer loop
      vertex 27.8157 7.43739 0
      vertex 28.2401 5.6173 0
      vertex 27.462 5.46253 1.19
    endloop
  endfacet
  facet normal -0.0815766 -0.828194 -0.554472
    outer loop
      vertex 3.75828 28.547 0
      vertex 3.65473 27.7605 1.19
      vertex 1.89837 28.7302 0
    endloop
  endfacet
  facet normal 0.293131 -0.778836 -0.554516
    outer loop
      vertex -9.2696 27.2599 0
      vertex -9.0003 26.514 1.19
      vertex -10.7151 25.8686 1.19
    endloop
  endfacet
  facet normal 0.294166 -0.778451 -0.554509
    outer loop
      vertex -9.0003 26.514 1.19
      vertex -9.2696 27.2599 0
      vertex -9.25531 27.2653 0
    endloop
  endfacet
  facet normal -0.643286 0.527916 -0.554515
    outer loop
      vertex 22.8336 -17.5401 0
      vertex 21.648 -18.9848 0
      vertex 21.0515 -18.4617 1.19
    endloop
  endfacet
  facet normal -0.676443 -0.484713 -0.554507
    outer loop
      vertex 23.9408 15.9967 0
      vertex 23.2811 15.556 1.19
      vertex 22.8522 17.5159 0
    endloop
  endfacet
  facet normal 0.642858 0.528451 -0.554502
    outer loop
      vertex -22.2139 -17.0453 1.19
      vertex -22.8336 -17.5401 0
      vertex -22.8433 -17.5283 0
    endloop
  endfacet
  facet normal 0.643286 0.527927 -0.554506
    outer loop
      vertex -22.8336 -17.5401 0
      vertex -22.2139 -17.0453 1.19
      vertex -21.0515 -18.4617 1.19
    endloop
  endfacet
  facet normal 0.704787 0.442541 -0.554466
    outer loop
      vertex -24.2487 -14 1.19
      vertex -24.9277 -14.4096 0
      vertex -24.9358 -14.3967 0
    endloop
  endfacet
  facet normal 0.706693 0.439458 -0.554493
    outer loop
      vertex -24.9277 -14.4096 0
      vertex -24.2487 -14 1.19
      vertex -23.2811 -15.556 1.19
    endloop
  endfacet
  facet normal -0.607401 -0.56884 -0.554514
    outer loop
      vertex 20.36 20.36 0
      vertex 21.6375 18.9959 0
      vertex 19.799 19.799 1.19
    endloop
  endfacet
  facet normal 0.676443 0.484713 -0.554507
    outer loop
      vertex -23.2811 -15.556 1.19
      vertex -22.8522 -17.5159 0
      vertex -23.9408 -15.9967 0
    endloop
  endfacet
  facet normal -0.778451 0.294166 -0.554509
    outer loop
      vertex 27.2599 -9.2696 0
      vertex 26.514 -9.0003 1.19
      vertex 27.2653 -9.25531 0
    endloop
  endfacet
  facet normal -0.778836 0.293131 -0.554516
    outer loop
      vertex 26.514 -9.0003 1.19
      vertex 27.2599 -9.2696 0
      vertex 25.8686 -10.7151 1.19
    endloop
  endfacet
  facet normal 0.527927 -0.643286 -0.554506
    outer loop
      vertex -17.5401 22.8336 0
      vertex -17.0453 22.2139 1.19
      vertex -18.4617 21.0515 1.19
    endloop
  endfacet
  facet normal 0.528451 -0.642858 -0.554502
    outer loop
      vertex -17.0453 22.2139 1.19
      vertex -17.5401 22.8336 0
      vertex -17.5283 22.8433 0
    endloop
  endfacet
  facet normal 0.643286 -0.527916 -0.554515
    outer loop
      vertex -21.648 18.9848 0
      vertex -21.0515 18.4617 1.19
      vertex -22.8336 17.5401 0
    endloop
  endfacet
  facet normal -0.0815766 0.828194 -0.554472
    outer loop
      vertex 3.65473 -27.7605 1.19
      vertex 3.75828 -28.547 0
      vertex 1.89837 -28.7302 0
    endloop
  endfacet
  facet normal -0.391612 0.734272 -0.554513
    outer loop
      vertex 14.3832 -24.943 0
      vertex 14 -24.2487 1.19
      vertex 14.3967 -24.9358 0
    endloop
  endfacet
  facet normal -0.392277 0.733913 -0.554518
    outer loop
      vertex 14 -24.2487 1.19
      vertex 14.3832 -24.943 0
      vertex 12.3841 -25.1124 1.19
    endloop
  endfacet
  facet normal -0.343433 -0.757987 -0.554535
    outer loop
      vertex 12.7211 25.8303 0
      vertex 12.3841 25.1124 1.19
      vertex 10.7151 25.8686 1.19
    endloop
  endfacet
  facet normal -0.343528 -0.757944 -0.554535
    outer loop
      vertex 12.3841 25.1124 1.19
      vertex 12.7211 25.8303 0
      vertex 12.735 25.824 0
    endloop
  endfacet
  facet normal -0.485235 0.676058 -0.55452
    outer loop
      vertex 17.5159 -22.8522 0
      vertex 17.0453 -22.2139 1.19
      vertex 17.5283 -22.8433 0
    endloop
  endfacet
  facet normal -0.484717 0.676433 -0.554517
    outer loop
      vertex 17.0453 -22.2139 1.19
      vertex 17.5159 -22.8522 0
      vertex 15.556 -23.2811 1.19
    endloop
  endfacet
  facet normal -0.0272069 0.831753 -0.554479
    outer loop
      vertex 0 -28 1.19
      vertex 1.86791 -28.7322 0
      vertex 0 -28.7933 0
    endloop
  endfacet
  facet normal 0.135543 0.821072 -0.554499
    outer loop
      vertex -5.46253 -27.462 1.19
      vertex -3.77335 -28.5445 0
      vertex -5.6173 -28.2401 0
    endloop
  endfacet
  facet normal -0.676433 0.484717 -0.554517
    outer loop
      vertex 22.8522 -17.5159 0
      vertex 22.2139 -17.0453 1.19
      vertex 23.2811 -15.556 1.19
    endloop
  endfacet
  facet normal -0.676058 0.485235 -0.55452
    outer loop
      vertex 22.2139 -17.0453 1.19
      vertex 22.8522 -17.5159 0
      vertex 22.8433 -17.5283 0
    endloop
  endfacet
  facet normal 0.241558 -0.796335 -0.554526
    outer loop
      vertex -7.46687 27.8078 0
      vertex -9.0003 26.514 1.19
      vertex -9.25531 27.2653 0
    endloop
  endfacet
  facet normal -0.392285 -0.733898 -0.554533
    outer loop
      vertex 12.735 25.824 0
      vertex 14.3832 24.943 0
      vertex 12.3841 25.1124 1.19
    endloop
  endfacet
  facet normal -0.484713 0.676443 -0.554507
    outer loop
      vertex 17.5159 -22.8522 0
      vertex 15.9967 -23.9408 0
      vertex 15.556 -23.2811 1.19
    endloop
  endfacet
  facet normal 0.821088 -0.135576 -0.554467
    outer loop
      vertex -27.7605 3.65473 1.19
      vertex -28.5445 3.77335 0
      vertex -27.462 5.46253 1.19
    endloop
  endfacet
  facet normal 0.820988 -0.136196 -0.554463
    outer loop
      vertex -28.5445 3.77335 0
      vertex -27.7605 3.65473 1.19
      vertex -28.547 3.75828 0
    endloop
  endfacet
  facet normal -0.392285 0.733898 -0.554533
    outer loop
      vertex 14.3832 -24.943 0
      vertex 12.735 -25.824 0
      vertex 12.3841 -25.1124 1.19
    endloop
  endfacet
  facet normal -0.484717 -0.676433 -0.554517
    outer loop
      vertex 17.5159 22.8522 0
      vertex 17.0453 22.2139 1.19
      vertex 15.556 23.2811 1.19
    endloop
  endfacet
  facet normal -0.485235 -0.676058 -0.55452
    outer loop
      vertex 17.0453 22.2139 1.19
      vertex 17.5159 22.8522 0
      vertex 17.5283 22.8433 0
    endloop
  endfacet
  facet normal -0.527916 -0.643286 -0.554515
    outer loop
      vertex 18.9848 21.648 0
      vertex 18.4617 21.0515 1.19
      vertex 17.5401 22.8336 0
    endloop
  endfacet
  facet normal 0.676433 0.484717 -0.554517
    outer loop
      vertex -22.2139 -17.0453 1.19
      vertex -22.8522 -17.5159 0
      vertex -23.2811 -15.556 1.19
    endloop
  endfacet
  facet normal 0.676058 0.485235 -0.55452
    outer loop
      vertex -22.8522 -17.5159 0
      vertex -22.2139 -17.0453 1.19
      vertex -22.8433 -17.5283 0
    endloop
  endfacet
  facet normal -0.704787 0.442541 -0.554466
    outer loop
      vertex 24.9277 -14.4096 0
      vertex 24.2487 -14 1.19
      vertex 24.9358 -14.3967 0
    endloop
  endfacet
  facet normal -0.706693 0.439458 -0.554493
    outer loop
      vertex 24.2487 -14 1.19
      vertex 24.9277 -14.4096 0
      vertex 23.2811 -15.556 1.19
    endloop
  endfacet
  facet normal 0.239973 0.79682 -0.554518
    outer loop
      vertex -7.46687 -27.8078 0
      vertex -7.24693 -27.0459 1.19
      vertex -7.45226 -27.8122 0
    endloop
  endfacet
  facet normal 0.241577 0.796342 -0.554509
    outer loop
      vertex -7.24693 -27.0459 1.19
      vertex -7.46687 -27.8078 0
      vertex -9.0003 -26.514 1.19
    endloop
  endfacet
  facet normal -0.439458 0.706693 -0.554493
    outer loop
      vertex 14.4096 -24.9277 0
      vertex 14 -24.2487 1.19
      vertex 15.556 -23.2811 1.19
    endloop
  endfacet
  facet normal -0.442541 0.704787 -0.554466
    outer loop
      vertex 14 -24.2487 1.19
      vertex 14.4096 -24.9277 0
      vertex 14.3967 -24.9358 0
    endloop
  endfacet
  facet normal -0.5719 -0.60458 -0.554448
    outer loop
      vertex 18.9959 21.6375 0
      vertex 18.4617 21.0515 1.19
      vertex 18.9848 21.648 0
    endloop
  endfacet
  facet normal -0.56888 -0.607396 -0.554478
    outer loop
      vertex 18.4617 21.0515 1.19
      vertex 18.9959 21.6375 0
      vertex 19.799 19.799 1.19
    endloop
  endfacet
  facet normal -0.293126 -0.778835 -0.55452
    outer loop
      vertex 11.0187 26.6016 0
      vertex 10.7151 25.8686 1.19
      vertex 9.2696 27.2599 0
    endloop
  endfacet
  facet normal 0.135543 -0.821072 -0.554499
    outer loop
      vertex -3.77335 28.5445 0
      vertex -5.46253 27.462 1.19
      vertex -5.6173 28.2401 0
    endloop
  endfacet
  facet normal -0.190661 0.810035 -0.554519
    outer loop
      vertex 7.43739 -27.8157 0
      vertex 7.24693 -27.0459 1.19
      vertex 7.45226 -27.8122 0
    endloop
  endfacet
  facet normal -0.188983 0.810435 -0.55451
    outer loop
      vertex 7.24693 -27.0459 1.19
      vertex 7.43739 -27.8157 0
      vertex 5.46253 -27.462 1.19
    endloop
  endfacet
  facet normal 0.821072 0.135543 -0.554499
    outer loop
      vertex -27.462 -5.46253 1.19
      vertex -28.2401 -5.6173 0
      vertex -28.5445 -3.77335 0
    endloop
  endfacet
  facet normal -0.733898 0.392285 -0.554533
    outer loop
      vertex 25.1124 -12.3841 1.19
      vertex 25.824 -12.735 0
      vertex 24.943 -14.3832 0
    endloop
  endfacet
  facet normal 0.83172 -0.0272516 -0.554526
    outer loop
      vertex -27.94 1.83129 1.19
      vertex -28.7322 1.86791 0
      vertex -28.7317 1.88317 0
    endloop
  endfacet
  facet normal 0.83172 -0.0272503 -0.554526
    outer loop
      vertex -28.7322 1.86791 0
      vertex -27.94 1.83129 1.19
      vertex -28 0 1.19
    endloop
  endfacet
  facet normal 0.391612 -0.734272 -0.554513
    outer loop
      vertex -14.3832 24.943 0
      vertex -14 24.2487 1.19
      vertex -14.3967 24.9358 0
    endloop
  endfacet
  facet normal 0.392277 -0.733913 -0.554518
    outer loop
      vertex -14 24.2487 1.19
      vertex -14.3832 24.943 0
      vertex -12.3841 25.1124 1.19
    endloop
  endfacet
  facet normal -0.56884 0.607401 -0.554514
    outer loop
      vertex 19.799 -19.799 1.19
      vertex 20.36 -20.36 0
      vertex 18.9959 -21.6375 0
    endloop
  endfacet
  facet normal 0.758002 -0.343425 -0.55452
    outer loop
      vertex -25.8303 12.7211 0
      vertex -25.8686 10.7151 1.19
      vertex -26.6016 11.0187 0
    endloop
  endfacet
  facet normal 0.0817249 0.828146 -0.554523
    outer loop
      vertex -1.89837 -28.7302 0
      vertex -1.83129 -27.94 1.19
      vertex -1.88317 -28.7317 0
    endloop
  endfacet
  facet normal 0.0815248 0.828164 -0.554525
    outer loop
      vertex -1.83129 -27.94 1.19
      vertex -1.89837 -28.7302 0
      vertex -3.65473 -27.7605 1.19
    endloop
  endfacet
  facet normal 0.136196 0.820988 -0.554463
    outer loop
      vertex -3.77335 -28.5445 0
      vertex -3.65473 -27.7605 1.19
      vertex -3.75828 -28.547 0
    endloop
  endfacet
  facet normal 0.135576 0.821088 -0.554467
    outer loop
      vertex -3.65473 -27.7605 1.19
      vertex -3.77335 -28.5445 0
      vertex -5.46253 -27.462 1.19
    endloop
  endfacet
  facet normal -0.704787 -0.442541 -0.554466
    outer loop
      vertex 24.2487 14 1.19
      vertex 24.9277 14.4096 0
      vertex 24.9358 14.3967 0
    endloop
  endfacet
  facet normal -0.706693 -0.439458 -0.554493
    outer loop
      vertex 24.9277 14.4096 0
      vertex 24.2487 14 1.19
      vertex 23.2811 15.556 1.19
    endloop
  endfacet
  facet normal 0.810444 0.188975 -0.554499
    outer loop
      vertex -27.462 -5.46253 1.19
      vertex -27.8157 -7.43739 0
      vertex -28.2401 -5.6173 0
    endloop
  endfacet
  facet normal 0.343528 -0.757944 -0.554535
    outer loop
      vertex -12.7211 25.8303 0
      vertex -12.3841 25.1124 1.19
      vertex -12.735 25.824 0
    endloop
  endfacet
  facet normal 0.343433 -0.757987 -0.554535
    outer loop
      vertex -12.3841 25.1124 1.19
      vertex -12.7211 25.8303 0
      vertex -10.7151 25.8686 1.19
    endloop
  endfacet
  facet normal 0.676443 -0.484713 -0.554507
    outer loop
      vertex -22.8522 17.5159 0
      vertex -23.2811 15.556 1.19
      vertex -23.9408 15.9967 0
    endloop
  endfacet
  facet normal 0.831753 -0.0272069 -0.554479
    outer loop
      vertex -28.7322 1.86791 0
      vertex -28 0 1.19
      vertex -28.7933 0 0
    endloop
  endfacet
  facet normal -0.294166 -0.778451 -0.554509
    outer loop
      vertex 9.2696 27.2599 0
      vertex 9.0003 26.514 1.19
      vertex 9.25531 27.2653 0
    endloop
  endfacet
  facet normal -0.293131 -0.778836 -0.554516
    outer loop
      vertex 9.0003 26.514 1.19
      vertex 9.2696 27.2599 0
      vertex 10.7151 25.8686 1.19
    endloop
  endfacet
  facet normal -0.484713 -0.676443 -0.554507
    outer loop
      vertex 15.9967 23.9408 0
      vertex 17.5159 22.8522 0
      vertex 15.556 23.2811 1.19
    endloop
  endfacet
  facet normal 0.484713 0.676443 -0.554507
    outer loop
      vertex -15.556 -23.2811 1.19
      vertex -15.9967 -23.9408 0
      vertex -17.5159 -22.8522 0
    endloop
  endfacet
  facet normal -0.60458 -0.5719 -0.554448
    outer loop
      vertex 21.0515 18.4617 1.19
      vertex 21.6375 18.9959 0
      vertex 21.648 18.9848 0
    endloop
  endfacet
  facet normal -0.607396 -0.56888 -0.554478
    outer loop
      vertex 21.6375 18.9959 0
      vertex 21.0515 18.4617 1.19
      vertex 19.799 19.799 1.19
    endloop
  endfacet
  facet normal 0.734272 -0.391612 -0.554513
    outer loop
      vertex -24.2487 14 1.19
      vertex -24.943 14.3832 0
      vertex -24.9358 14.3967 0
    endloop
  endfacet
  facet normal 0.733913 -0.392277 -0.554518
    outer loop
      vertex -24.943 14.3832 0
      vertex -24.2487 14 1.19
      vertex -25.1124 12.3841 1.19
    endloop
  endfacet
  facet normal 0.757987 0.343433 -0.554535
    outer loop
      vertex -25.1124 -12.3841 1.19
      vertex -25.8303 -12.7211 0
      vertex -25.8686 -10.7151 1.19
    endloop
  endfacet
  facet normal 0.757944 0.343528 -0.554535
    outer loop
      vertex -25.8303 -12.7211 0
      vertex -25.1124 -12.3841 1.19
      vertex -25.824 -12.735 0
    endloop
  endfacet
  facet normal 0.188975 0.810444 -0.554499
    outer loop
      vertex -5.46253 -27.462 1.19
      vertex -5.6173 -28.2401 0
      vertex -7.43739 -27.8157 0
    endloop
  endfacet
  facet normal -0.828194 0.0815766 -0.554472
    outer loop
      vertex 28.7302 -1.89837 0
      vertex 28.547 -3.75828 0
      vertex 27.7605 -3.65473 1.19
    endloop
  endfacet
  facet normal 0.188983 0.810435 -0.55451
    outer loop
      vertex -7.43739 -27.8157 0
      vertex -7.24693 -27.0459 1.19
      vertex -5.46253 -27.462 1.19
    endloop
  endfacet
  facet normal 0.190661 0.810035 -0.554519
    outer loop
      vertex -7.24693 -27.0459 1.19
      vertex -7.43739 -27.8157 0
      vertex -7.45226 -27.8122 0
    endloop
  endfacet
  facet normal 0.83172 0.0272503 -0.554526
    outer loop
      vertex -27.94 -1.83129 1.19
      vertex -28.7322 -1.86791 0
      vertex -28 0 1.19
    endloop
  endfacet
  facet normal 0.83172 0.0272516 -0.554526
    outer loop
      vertex -28.7322 -1.86791 0
      vertex -27.94 -1.83129 1.19
      vertex -28.7317 -1.88317 0
    endloop
  endfacet
  facet normal 0.733898 -0.392285 -0.554533
    outer loop
      vertex -24.943 14.3832 0
      vertex -25.1124 12.3841 1.19
      vertex -25.824 12.735 0
    endloop
  endfacet
  facet normal -0.706692 -0.439439 -0.554509
    outer loop
      vertex 23.9408 15.9967 0
      vertex 24.9277 14.4096 0
      vertex 23.2811 15.556 1.19
    endloop
  endfacet
  facet normal -0.79682 0.239973 -0.554518
    outer loop
      vertex 27.8078 -7.46687 0
      vertex 27.0459 -7.24693 1.19
      vertex 27.8122 -7.45226 0
    endloop
  endfacet
  facet normal -0.796342 0.241577 -0.554509
    outer loop
      vertex 27.0459 -7.24693 1.19
      vertex 27.8078 -7.46687 0
      vertex 26.514 -9.0003 1.19
    endloop
  endfacet
  facet normal 0.527916 -0.643286 -0.554515
    outer loop
      vertex -17.5401 22.8336 0
      vertex -18.4617 21.0515 1.19
      vertex -18.9848 21.648 0
    endloop
  endfacet
  facet normal -0.56888 0.607396 -0.554478
    outer loop
      vertex 18.9959 -21.6375 0
      vertex 18.4617 -21.0515 1.19
      vertex 19.799 -19.799 1.19
    endloop
  endfacet
  facet normal -0.5719 0.60458 -0.554448
    outer loop
      vertex 18.4617 -21.0515 1.19
      vertex 18.9959 -21.6375 0
      vertex 18.9848 -21.648 0
    endloop
  endfacet
  facet normal -0.733898 -0.392285 -0.554533
    outer loop
      vertex 25.824 12.735 0
      vertex 25.1124 12.3841 1.19
      vertex 24.943 14.3832 0
    endloop
  endfacet
  facet normal 0.821072 -0.135543 -0.554499
    outer loop
      vertex -28.2401 5.6173 0
      vertex -27.462 5.46253 1.19
      vertex -28.5445 3.77335 0
    endloop
  endfacet
  facet normal 0.607396 -0.56888 -0.554478
    outer loop
      vertex -21.0515 18.4617 1.19
      vertex -21.6375 18.9959 0
      vertex -19.799 19.799 1.19
    endloop
  endfacet
  facet normal 0.60458 -0.5719 -0.554448
    outer loop
      vertex -21.6375 18.9959 0
      vertex -21.0515 18.4617 1.19
      vertex -21.648 18.9848 0
    endloop
  endfacet
  facet normal -0.442541 -0.704787 -0.554466
    outer loop
      vertex 14.4096 24.9277 0
      vertex 14 24.2487 1.19
      vertex 14.3967 24.9358 0
    endloop
  endfacet
  facet normal -0.439458 -0.706693 -0.554493
    outer loop
      vertex 14 24.2487 1.19
      vertex 14.4096 24.9277 0
      vertex 15.556 23.2811 1.19
    endloop
  endfacet
  facet normal 0.0815766 0.828194 -0.554472
    outer loop
      vertex -3.65473 -27.7605 1.19
      vertex -1.89837 -28.7302 0
      vertex -3.75828 -28.547 0
    endloop
  endfacet
  facet normal 0.796335 -0.241558 -0.554526
    outer loop
      vertex -27.2653 9.25531 0
      vertex -26.514 9.0003 1.19
      vertex -27.8078 7.46687 0
    endloop
  endfacet
  facet normal 0.56884 -0.607401 -0.554514
    outer loop
      vertex -18.9959 21.6375 0
      vertex -19.799 19.799 1.19
      vertex -20.36 20.36 0
    endloop
  endfacet
  facet normal 0.810035 -0.190661 -0.554519
    outer loop
      vertex -27.0459 7.24693 1.19
      vertex -27.8157 7.43739 0
      vertex -27.8122 7.45226 0
    endloop
  endfacet
  facet normal 0.810435 -0.188983 -0.55451
    outer loop
      vertex -27.8157 7.43739 0
      vertex -27.0459 7.24693 1.19
      vertex -27.462 5.46253 1.19
    endloop
  endfacet
  facet normal -0.135576 0.821088 -0.554467
    outer loop
      vertex 3.77335 -28.5445 0
      vertex 3.65473 -27.7605 1.19
      vertex 5.46253 -27.462 1.19
    endloop
  endfacet
  facet normal -0.136196 0.820988 -0.554463
    outer loop
      vertex 3.65473 -27.7605 1.19
      vertex 3.77335 -28.5445 0
      vertex 3.75828 -28.547 0
    endloop
  endfacet
  facet normal -0.60458 0.5719 -0.554448
    outer loop
      vertex 21.6375 -18.9959 0
      vertex 21.0515 -18.4617 1.19
      vertex 21.648 -18.9848 0
    endloop
  endfacet
  facet normal -0.607396 0.56888 -0.554478
    outer loop
      vertex 21.0515 -18.4617 1.19
      vertex 21.6375 -18.9959 0
      vertex 19.799 -19.799 1.19
    endloop
  endfacet
  facet normal -0.343425 -0.758002 -0.55452
    outer loop
      vertex 11.0187 26.6016 0
      vertex 12.7211 25.8303 0
      vertex 10.7151 25.8686 1.19
    endloop
  endfacet
  facet normal 0.796342 -0.241577 -0.554509
    outer loop
      vertex -27.0459 7.24693 1.19
      vertex -27.8078 7.46687 0
      vertex -26.514 9.0003 1.19
    endloop
  endfacet
  facet normal 0.79682 -0.239973 -0.554518
    outer loop
      vertex -27.8078 7.46687 0
      vertex -27.0459 7.24693 1.19
      vertex -27.8122 7.45226 0
    endloop
  endfacet
  facet normal 0.485235 -0.676058 -0.55452
    outer loop
      vertex -17.5159 22.8522 0
      vertex -17.0453 22.2139 1.19
      vertex -17.5283 22.8433 0
    endloop
  endfacet
  facet normal 0.484717 -0.676433 -0.554517
    outer loop
      vertex -17.0453 22.2139 1.19
      vertex -17.5159 22.8522 0
      vertex -15.556 23.2811 1.19
    endloop
  endfacet
  facet normal -0.0272516 0.83172 -0.554526
    outer loop
      vertex 1.86791 -28.7322 0
      vertex 1.83129 -27.94 1.19
      vertex 1.88317 -28.7317 0
    endloop
  endfacet
  facet normal -0.0272503 0.83172 -0.554526
    outer loop
      vertex 1.83129 -27.94 1.19
      vertex 1.86791 -28.7322 0
      vertex 0 -28 1.19
    endloop
  endfacet
  facet normal -0.0815248 0.828164 -0.554525
    outer loop
      vertex 1.89837 -28.7302 0
      vertex 1.83129 -27.94 1.19
      vertex 3.65473 -27.7605 1.19
    endloop
  endfacet
  facet normal -0.0817249 0.828146 -0.554523
    outer loop
      vertex 1.83129 -27.94 1.19
      vertex 1.89837 -28.7302 0
      vertex 1.88317 -28.7317 0
    endloop
  endfacet
  facet normal 0.643286 0.527916 -0.554515
    outer loop
      vertex -21.0515 -18.4617 1.19
      vertex -21.648 -18.9848 0
      vertex -22.8336 -17.5401 0
    endloop
  endfacet
  facet normal 0.0815248 -0.828164 -0.554525
    outer loop
      vertex -1.89837 28.7302 0
      vertex -1.83129 27.94 1.19
      vertex -3.65473 27.7605 1.19
    endloop
  endfacet
  facet normal 0.0817249 -0.828146 -0.554523
    outer loop
      vertex -1.83129 27.94 1.19
      vertex -1.89837 28.7302 0
      vertex -1.88317 28.7317 0
    endloop
  endfacet
  facet normal 0.5719 0.60458 -0.554448
    outer loop
      vertex -18.9959 -21.6375 0
      vertex -18.4617 -21.0515 1.19
      vertex -18.9848 -21.648 0
    endloop
  endfacet
  facet normal 0.56888 0.607396 -0.554478
    outer loop
      vertex -18.4617 -21.0515 1.19
      vertex -18.9959 -21.6375 0
      vertex -19.799 -19.799 1.19
    endloop
  endfacet
  facet normal 0.56884 0.607401 -0.554514
    outer loop
      vertex -19.799 -19.799 1.19
      vertex -18.9959 -21.6375 0
      vertex -20.36 -20.36 0
    endloop
  endfacet
  facet normal -0.188975 0.810444 -0.554499
    outer loop
      vertex 7.43739 -27.8157 0
      vertex 5.6173 -28.2401 0
      vertex 5.46253 -27.462 1.19
    endloop
  endfacet
  facet normal 0.241577 -0.796342 -0.554509
    outer loop
      vertex -7.46687 27.8078 0
      vertex -7.24693 27.0459 1.19
      vertex -9.0003 26.514 1.19
    endloop
  endfacet
  facet normal 0.239973 -0.79682 -0.554518
    outer loop
      vertex -7.24693 27.0459 1.19
      vertex -7.46687 27.8078 0
      vertex -7.45226 27.8122 0
    endloop
  endfacet
  facet normal -0.439439 0.706692 -0.554509
    outer loop
      vertex 15.556 -23.2811 1.19
      vertex 15.9967 -23.9408 0
      vertex 14.4096 -24.9277 0
    endloop
  endfacet
  facet normal 0.758002 0.343425 -0.55452
    outer loop
      vertex -25.8686 -10.7151 1.19
      vertex -25.8303 -12.7211 0
      vertex -26.6016 -11.0187 0
    endloop
  endfacet
  facet normal 0.241558 0.796335 -0.554526
    outer loop
      vertex -9.0003 -26.514 1.19
      vertex -7.46687 -27.8078 0
      vertex -9.25531 -27.2653 0
    endloop
  endfacet
  facet normal 0.439458 -0.706693 -0.554493
    outer loop
      vertex -14.4096 24.9277 0
      vertex -14 24.2487 1.19
      vertex -15.556 23.2811 1.19
    endloop
  endfacet
  facet normal 0.442541 -0.704787 -0.554466
    outer loop
      vertex -14 24.2487 1.19
      vertex -14.4096 24.9277 0
      vertex -14.3967 24.9358 0
    endloop
  endfacet
  facet normal 0.0272503 0.83172 -0.554526
    outer loop
      vertex -1.86791 -28.7322 0
      vertex -1.83129 -27.94 1.19
      vertex 0 -28 1.19
    endloop
  endfacet
  facet normal 0.0272516 0.83172 -0.554526
    outer loop
      vertex -1.83129 -27.94 1.19
      vertex -1.86791 -28.7322 0
      vertex -1.88317 -28.7317 0
    endloop
  endfacet
  facet normal 0.293126 0.778835 -0.55452
    outer loop
      vertex -10.7151 -25.8686 1.19
      vertex -9.2696 -27.2599 0
      vertex -11.0187 -26.6016 0
    endloop
  endfacet
  facet normal 0.828146 0.0817249 -0.554523
    outer loop
      vertex -27.94 -1.83129 1.19
      vertex -28.7302 -1.89837 0
      vertex -28.7317 -1.88317 0
    endloop
  endfacet
  facet normal 0.828164 0.0815248 -0.554525
    outer loop
      vertex -28.7302 -1.89837 0
      vertex -27.94 -1.83129 1.19
      vertex -27.7605 -3.65473 1.19
    endloop
  endfacet
  facet normal 0.820988 0.136196 -0.554463
    outer loop
      vertex -27.7605 -3.65473 1.19
      vertex -28.5445 -3.77335 0
      vertex -28.547 -3.75828 0
    endloop
  endfacet
  facet normal 0.821088 0.135576 -0.554467
    outer loop
      vertex -28.5445 -3.77335 0
      vertex -27.7605 -3.65473 1.19
      vertex -27.462 -5.46253 1.19
    endloop
  endfacet
  facet normal 0.343425 0.758002 -0.55452
    outer loop
      vertex -10.7151 -25.8686 1.19
      vertex -11.0187 -26.6016 0
      vertex -12.7211 -25.8303 0
    endloop
  endfacet
  facet normal 0.778451 0.294166 -0.554509
    outer loop
      vertex -26.514 -9.0003 1.19
      vertex -27.2599 -9.2696 0
      vertex -27.2653 -9.25531 0
    endloop
  endfacet
  facet normal 0.778836 0.293131 -0.554516
    outer loop
      vertex -27.2599 -9.2696 0
      vertex -26.514 -9.0003 1.19
      vertex -25.8686 -10.7151 1.19
    endloop
  endfacet
  facet normal 0.528451 0.642858 -0.554502
    outer loop
      vertex -17.5401 -22.8336 0
      vertex -17.0453 -22.2139 1.19
      vertex -17.5283 -22.8433 0
    endloop
  endfacet
  facet normal 0.527927 0.643286 -0.554506
    outer loop
      vertex -17.0453 -22.2139 1.19
      vertex -17.5401 -22.8336 0
      vertex -18.4617 -21.0515 1.19
    endloop
  endfacet
  facet normal 0.484717 0.676433 -0.554517
    outer loop
      vertex -17.5159 -22.8522 0
      vertex -17.0453 -22.2139 1.19
      vertex -15.556 -23.2811 1.19
    endloop
  endfacet
  facet normal 0.485235 0.676058 -0.55452
    outer loop
      vertex -17.0453 -22.2139 1.19
      vertex -17.5159 -22.8522 0
      vertex -17.5283 -22.8433 0
    endloop
  endfacet
  facet normal 0.343433 0.757987 -0.554535
    outer loop
      vertex -12.7211 -25.8303 0
      vertex -12.3841 -25.1124 1.19
      vertex -10.7151 -25.8686 1.19
    endloop
  endfacet
  facet normal 0.343528 0.757944 -0.554535
    outer loop
      vertex -12.3841 -25.1124 1.19
      vertex -12.7211 -25.8303 0
      vertex -12.735 -25.824 0
    endloop
  endfacet
  facet normal 0.392285 0.733898 -0.554533
    outer loop
      vertex -12.3841 -25.1124 1.19
      vertex -12.735 -25.824 0
      vertex -14.3832 -24.943 0
    endloop
  endfacet
  facet normal 0.810435 0.188983 -0.55451
    outer loop
      vertex -27.0459 -7.24693 1.19
      vertex -27.8157 -7.43739 0
      vertex -27.462 -5.46253 1.19
    endloop
  endfacet
  facet normal 0.810035 0.190661 -0.554519
    outer loop
      vertex -27.8157 -7.43739 0
      vertex -27.0459 -7.24693 1.19
      vertex -27.8122 -7.45226 0
    endloop
  endfacet
  facet normal -0.293126 0.778835 -0.55452
    outer loop
      vertex 10.7151 -25.8686 1.19
      vertex 11.0187 -26.6016 0
      vertex 9.2696 -27.2599 0
    endloop
  endfacet
  facet normal 0.60458 0.5719 -0.554448
    outer loop
      vertex -21.0515 -18.4617 1.19
      vertex -21.6375 -18.9959 0
      vertex -21.648 -18.9848 0
    endloop
  endfacet
  facet normal 0.607396 0.56888 -0.554478
    outer loop
      vertex -21.6375 -18.9959 0
      vertex -21.0515 -18.4617 1.19
      vertex -19.799 -19.799 1.19
    endloop
  endfacet
  facet normal -0.241558 0.796335 -0.554526
    outer loop
      vertex 9.0003 -26.514 1.19
      vertex 9.25531 -27.2653 0
      vertex 7.46687 -27.8078 0
    endloop
  endfacet
  facet normal -0.293131 0.778836 -0.554516
    outer loop
      vertex 9.2696 -27.2599 0
      vertex 9.0003 -26.514 1.19
      vertex 10.7151 -25.8686 1.19
    endloop
  endfacet
  facet normal -0.294166 0.778451 -0.554509
    outer loop
      vertex 9.0003 -26.514 1.19
      vertex 9.2696 -27.2599 0
      vertex 9.25531 -27.2653 0
    endloop
  endfacet
  facet normal 0.733913 0.392277 -0.554518
    outer loop
      vertex -24.2487 -14 1.19
      vertex -24.943 -14.3832 0
      vertex -25.1124 -12.3841 1.19
    endloop
  endfacet
  facet normal 0.734272 0.391612 -0.554513
    outer loop
      vertex -24.943 -14.3832 0
      vertex -24.2487 -14 1.19
      vertex -24.9358 -14.3967 0
    endloop
  endfacet
endsolid OpenSCAD_Model
