solid OpenSCAD_Model
  facet normal -0.0980567 0.995181 0
    outer loop
      vertex -1.96209 29.9358 1
      vertex -3.91578 29.7433 1.8
      vertex -1.96209 29.9358 1.8
    endloop
  endfacet
  facet normal -0.0980567 0.995181 0
    outer loop
      vertex -3.91578 29.7433 1.8
      vertex -1.96209 29.9358 1
      vertex -3.91578 29.7433 1
    endloop
  endfacet
  facet normal 0.995181 0.0980567 0
    outer loop
      vertex 29.9358 1.96209 3
      vertex 29.7433 3.91578 1
      vertex 29.7433 3.91578 3
    endloop
  endfacet
  facet normal 0.995181 0.0980567 0
    outer loop
      vertex 29.7433 3.91578 1
      vertex 29.9358 1.96209 3
      vertex 29.9358 1.96209 1
    endloop
  endfacet
  facet normal 0.999465 0.0327027 0
    outer loop
      vertex 30 0 3
      vertex 29.9358 1.96209 1
      vertex 29.9358 1.96209 3
    endloop
  endfacet
  facet normal 0.999465 0.0327027 0
    outer loop
      vertex 29.9358 1.96209 1
      vertex 30 0 3
      vertex 30 0 1
    endloop
  endfacet
  facet normal 0.986651 0.162852 0
    outer loop
      vertex 29.7433 3.91578 3
      vertex 29.4236 5.85271 1
      vertex 29.4236 5.85271 3
    endloop
  endfacet
  facet normal 0.986651 0.162852 0
    outer loop
      vertex 29.4236 5.85271 1
      vertex 29.7433 3.91578 3
      vertex 29.7433 3.91578 1
    endloop
  endfacet
  facet normal 0.528079 -0.849195 0
    outer loop
      vertex 15 -25.9808 1
      vertex 16.6671 -24.9441 3
      vertex 15 -25.9808 3
    endloop
  endfacet
  facet normal 0.528079 -0.849195 0
    outer loop
      vertex 16.6671 -24.9441 3
      vertex 15 -25.9808 1
      vertex 16.6671 -24.9441 1
    endloop
  endfacet
  facet normal 0.162872 0.986647 0
    outer loop
      vertex 5.85271 29.4236 3
      vertex 4.5 29.6469 1.8
      vertex 4.5 29.6469 3
    endloop
  endfacet
  facet normal 0.162872 0.986647 -0
    outer loop
      vertex 5.85271 29.4236 1
      vertex 4.5 29.6469 1.8
      vertex 5.85271 29.4236 3
    endloop
  endfacet
  facet normal 0.162852 0.986651 -3.50727e-05
    outer loop
      vertex 3.91578 29.7433 1
      vertex 4.5 29.6469 1.8
      vertex 5.85271 29.4236 1
    endloop
  endfacet
  facet normal 0.162805 0.986658 0
    outer loop
      vertex 4.5 29.6469 1.8
      vertex 3.91578 29.7433 1
      vertex 3.91578 29.7433 1.8
    endloop
  endfacet
  facet normal -0.352242 -0.935909 0
    outer loop
      vertex -11.4805 -27.7164 1
      vertex -9.64318 -28.4079 3
      vertex -11.4805 -27.7164 3
    endloop
  endfacet
  facet normal -0.352242 -0.935909 -0
    outer loop
      vertex -9.64318 -28.4079 3
      vertex -11.4805 -27.7164 1
      vertex -9.64318 -28.4079 1
    endloop
  endfacet
  facet normal 0.227084 -0.973875 0
    outer loop
      vertex 5.85271 -29.4236 1
      vertex 7.76457 -28.9778 3
      vertex 5.85271 -29.4236 3
    endloop
  endfacet
  facet normal 0.227084 -0.973875 0
    outer loop
      vertex 7.76457 -28.9778 3
      vertex 5.85271 -29.4236 1
      vertex 7.76457 -28.9778 1
    endloop
  endfacet
  facet normal 0.0980567 0.995181 -0
    outer loop
      vertex 3.91578 29.7433 1
      vertex 1.96209 29.9358 1.8
      vertex 3.91578 29.7433 1.8
    endloop
  endfacet
  facet normal 0.0980567 0.995181 0
    outer loop
      vertex 1.96209 29.9358 1.8
      vertex 3.91578 29.7433 1
      vertex 1.96209 29.9358 1
    endloop
  endfacet
  facet normal 0.973875 0.227084 0
    outer loop
      vertex 29.4236 5.85271 3
      vertex 28.9778 7.76457 1
      vertex 28.9778 7.76457 3
    endloop
  endfacet
  facet normal 0.973875 0.227084 0
    outer loop
      vertex 28.9778 7.76457 1
      vertex 29.4236 5.85271 3
      vertex 29.4236 5.85271 1
    endloop
  endfacet
  facet normal -0.849195 -0.528079 0
    outer loop
      vertex -24.9441 -16.6671 1
      vertex -25.9808 -15 3
      vertex -25.9808 -15 1
    endloop
  endfacet
  facet normal -0.849195 -0.528079 0
    outer loop
      vertex -25.9808 -15 3
      vertex -24.9441 -16.6671 1
      vertex -24.9441 -16.6671 3
    endloop
  endfacet
  facet normal 0.528079 0.849195 -0
    outer loop
      vertex 16.6671 24.9441 1
      vertex 15 25.9808 3
      vertex 16.6671 24.9441 3
    endloop
  endfacet
  facet normal 0.528079 0.849195 0
    outer loop
      vertex 15 25.9808 3
      vertex 16.6671 24.9441 1
      vertex 15 25.9808 1
    endloop
  endfacet
  facet normal 0.0327027 -0.999465 0
    outer loop
      vertex 0 -30 1
      vertex 1.96209 -29.9358 1.8
      vertex 0 -30 1.8
    endloop
  endfacet
  facet normal 0.0327027 -0.999465 0
    outer loop
      vertex 1.96209 -29.9358 1.8
      vertex 0 -30 1
      vertex 1.96209 -29.9358 1
    endloop
  endfacet
  facet normal 0.973875 -0.227084 0
    outer loop
      vertex 28.9778 -7.76457 3
      vertex 29.4236 -5.85271 1
      vertex 29.4236 -5.85271 3
    endloop
  endfacet
  facet normal 0.973875 -0.227084 0
    outer loop
      vertex 29.4236 -5.85271 1
      vertex 28.9778 -7.76457 3
      vertex 28.9778 -7.76457 1
    endloop
  endfacet
  facet normal 0.683602 -0.729855 0
    outer loop
      vertex 19.7804 -22.5552 1
      vertex 21.2132 -21.2132 3
      vertex 19.7804 -22.5552 3
    endloop
  endfacet
  facet normal 0.683602 -0.729855 0
    outer loop
      vertex 21.2132 -21.2132 3
      vertex 19.7804 -22.5552 1
      vertex 21.2132 -21.2132 1
    endloop
  endfacet
  facet normal 0.352242 -0.935909 0
    outer loop
      vertex 9.64318 -28.4079 1
      vertex 11.4805 -27.7164 3
      vertex 9.64318 -28.4079 3
    endloop
  endfacet
  facet normal 0.352242 -0.935909 0
    outer loop
      vertex 11.4805 -27.7164 3
      vertex 9.64318 -28.4079 1
      vertex 11.4805 -27.7164 1
    endloop
  endfacet
  facet normal -0.227084 0.973875 0
    outer loop
      vertex -5.85271 29.4236 1
      vertex -7.76457 28.9778 3
      vertex -5.85271 29.4236 3
    endloop
  endfacet
  facet normal -0.227084 0.973875 0
    outer loop
      vertex -7.76457 28.9778 3
      vertex -5.85271 29.4236 1
      vertex -7.76457 28.9778 1
    endloop
  endfacet
  facet normal 0.812838 0.58249 0
    outer loop
      vertex 24.9441 16.6671 3
      vertex 23.8006 18.2628 1
      vertex 23.8006 18.2628 3
    endloop
  endfacet
  facet normal 0.812838 0.58249 0
    outer loop
      vertex 23.8006 18.2628 1
      vertex 24.9441 16.6671 3
      vertex 24.9441 16.6671 1
    endloop
  endfacet
  facet normal -0.812838 -0.58249 0
    outer loop
      vertex -23.8006 -18.2628 1
      vertex -24.9441 -16.6671 3
      vertex -24.9441 -16.6671 1
    endloop
  endfacet
  facet normal -0.812838 -0.58249 0
    outer loop
      vertex -24.9441 -16.6671 3
      vertex -23.8006 -18.2628 1
      vertex -23.8006 -18.2628 3
    endloop
  endfacet
  facet normal -0.910868 -0.412697 0
    outer loop
      vertex -26.9062 -13.2687 1
      vertex -27.7164 -11.4805 3
      vertex -27.7164 -11.4805 1
    endloop
  endfacet
  facet normal -0.910868 -0.412697 0
    outer loop
      vertex -27.7164 -11.4805 3
      vertex -26.9062 -13.2687 1
      vertex -26.9062 -13.2687 3
    endloop
  endfacet
  facet normal -0.58249 -0.812838 0
    outer loop
      vertex -18.2628 -23.8006 1
      vertex -16.6671 -24.9441 3
      vertex -18.2628 -23.8006 3
    endloop
  endfacet
  facet normal -0.58249 -0.812838 -0
    outer loop
      vertex -16.6671 -24.9441 3
      vertex -18.2628 -23.8006 1
      vertex -16.6671 -24.9441 1
    endloop
  endfacet
  facet normal -0.528079 0.849195 0
    outer loop
      vertex -15 25.9808 1
      vertex -16.6671 24.9441 3
      vertex -15 25.9808 3
    endloop
  endfacet
  facet normal -0.528079 0.849195 0
    outer loop
      vertex -16.6671 24.9441 3
      vertex -15 25.9808 1
      vertex -16.6671 24.9441 1
    endloop
  endfacet
  facet normal -0.999465 -0.0327027 0
    outer loop
      vertex -29.9358 -1.96209 1
      vertex -30 0 3
      vertex -30 0 1
    endloop
  endfacet
  facet normal -0.999465 -0.0327027 0
    outer loop
      vertex -30 0 3
      vertex -29.9358 -1.96209 1
      vertex -29.9358 -1.96209 3
    endloop
  endfacet
  facet normal -0.973875 -0.227084 0
    outer loop
      vertex -28.9778 -7.76457 1
      vertex -29.4236 -5.85271 3
      vertex -29.4236 -5.85271 1
    endloop
  endfacet
  facet normal -0.973875 -0.227084 0
    outer loop
      vertex -29.4236 -5.85271 3
      vertex -28.9778 -7.76457 1
      vertex -28.9778 -7.76457 3
    endloop
  endfacet
  facet normal -0.471397 0.881921 0
    outer loop
      vertex -13.2687 26.9062 1
      vertex -15 25.9808 3
      vertex -13.2687 26.9062 3
    endloop
  endfacet
  facet normal -0.471397 0.881921 0
    outer loop
      vertex -15 25.9808 3
      vertex -13.2687 26.9062 1
      vertex -15 25.9808 1
    endloop
  endfacet
  facet normal 0.849195 0.528079 0
    outer loop
      vertex 25.9808 15 3
      vertex 24.9441 16.6671 1
      vertex 24.9441 16.6671 3
    endloop
  endfacet
  facet normal 0.849195 0.528079 0
    outer loop
      vertex 24.9441 16.6671 1
      vertex 25.9808 15 3
      vertex 25.9808 15 1
    endloop
  endfacet
  facet normal 0.0327027 0.999465 -0
    outer loop
      vertex 1.96209 29.9358 1
      vertex 0 30 1.8
      vertex 1.96209 29.9358 1.8
    endloop
  endfacet
  facet normal 0.0327027 0.999465 0
    outer loop
      vertex 0 30 1.8
      vertex 1.96209 29.9358 1
      vertex 0 30 1
    endloop
  endfacet
  facet normal 0.162805 -0.986658 0
    outer loop
      vertex 3.91578 -29.7433 1.8
      vertex 3.91578 -29.7433 1
      vertex 4.5 -29.6469 1.8
    endloop
  endfacet
  facet normal 0.162872 -0.986647 0
    outer loop
      vertex 4.5 -29.6469 1.8
      vertex 5.85271 -29.4236 3
      vertex 4.5 -29.6469 3
    endloop
  endfacet
  facet normal 0.162852 -0.986651 -3.50727e-05
    outer loop
      vertex 5.85271 -29.4236 1
      vertex 4.5 -29.6469 1.8
      vertex 3.91578 -29.7433 1
    endloop
  endfacet
  facet normal 0.162872 -0.986647 0
    outer loop
      vertex 4.5 -29.6469 1.8
      vertex 5.85271 -29.4236 1
      vertex 5.85271 -29.4236 3
    endloop
  endfacet
  facet normal 0.290299 -0.956936 0
    outer loop
      vertex 7.76457 -28.9778 1
      vertex 9.64318 -28.4079 3
      vertex 7.76457 -28.9778 3
    endloop
  endfacet
  facet normal 0.290299 -0.956936 0
    outer loop
      vertex 9.64318 -28.4079 3
      vertex 7.76457 -28.9778 1
      vertex 9.64318 -28.4079 1
    endloop
  endfacet
  facet normal -0.729855 -0.683602 0
    outer loop
      vertex -21.2132 -21.2132 1
      vertex -22.5552 -19.7804 3
      vertex -22.5552 -19.7804 1
    endloop
  endfacet
  facet normal -0.729855 -0.683602 0
    outer loop
      vertex -22.5552 -19.7804 3
      vertex -21.2132 -21.2132 1
      vertex -21.2132 -21.2132 3
    endloop
  endfacet
  facet normal 0.995181 -0.0980567 0
    outer loop
      vertex 29.7433 -3.91578 3
      vertex 29.9358 -1.96209 1
      vertex 29.9358 -1.96209 3
    endloop
  endfacet
  facet normal 0.995181 -0.0980567 0
    outer loop
      vertex 29.9358 -1.96209 1
      vertex 29.7433 -3.91578 3
      vertex 29.7433 -3.91578 1
    endloop
  endfacet
  facet normal -0.0980567 -0.995181 0
    outer loop
      vertex -3.91578 -29.7433 1
      vertex -1.96209 -29.9358 1.8
      vertex -3.91578 -29.7433 1.8
    endloop
  endfacet
  facet normal -0.0980567 -0.995181 -0
    outer loop
      vertex -1.96209 -29.9358 1.8
      vertex -3.91578 -29.7433 1
      vertex -1.96209 -29.9358 1
    endloop
  endfacet
  facet normal -0.58249 0.812838 0
    outer loop
      vertex -16.6671 24.9441 1
      vertex -18.2628 23.8006 3
      vertex -16.6671 24.9441 3
    endloop
  endfacet
  facet normal -0.58249 0.812838 0
    outer loop
      vertex -18.2628 23.8006 3
      vertex -16.6671 24.9441 1
      vertex -18.2628 23.8006 1
    endloop
  endfacet
  facet normal -0.528079 -0.849195 0
    outer loop
      vertex -16.6671 -24.9441 1
      vertex -15 -25.9808 3
      vertex -16.6671 -24.9441 3
    endloop
  endfacet
  facet normal -0.528079 -0.849195 -0
    outer loop
      vertex -15 -25.9808 3
      vertex -16.6671 -24.9441 1
      vertex -15 -25.9808 1
    endloop
  endfacet
  facet normal -0.935909 -0.352242 0
    outer loop
      vertex -27.7164 -11.4805 1
      vertex -28.4079 -9.64318 3
      vertex -28.4079 -9.64318 1
    endloop
  endfacet
  facet normal -0.935909 -0.352242 0
    outer loop
      vertex -28.4079 -9.64318 3
      vertex -27.7164 -11.4805 1
      vertex -27.7164 -11.4805 3
    endloop
  endfacet
  facet normal 0.58249 0.812838 -0
    outer loop
      vertex 18.2628 23.8006 1
      vertex 16.6671 24.9441 3
      vertex 18.2628 23.8006 3
    endloop
  endfacet
  facet normal 0.58249 0.812838 0
    outer loop
      vertex 16.6671 24.9441 3
      vertex 18.2628 23.8006 1
      vertex 16.6671 24.9441 1
    endloop
  endfacet
  facet normal 0.773026 0.634374 0
    outer loop
      vertex 23.8006 18.2628 3
      vertex 22.5552 19.7804 1
      vertex 22.5552 19.7804 3
    endloop
  endfacet
  facet normal 0.773026 0.634374 0
    outer loop
      vertex 22.5552 19.7804 1
      vertex 23.8006 18.2628 3
      vertex 23.8006 18.2628 1
    endloop
  endfacet
  facet normal 0.935909 0.352242 0
    outer loop
      vertex 28.4079 9.64318 3
      vertex 27.7164 11.4805 1
      vertex 27.7164 11.4805 3
    endloop
  endfacet
  facet normal 0.935909 0.352242 0
    outer loop
      vertex 27.7164 11.4805 1
      vertex 28.4079 9.64318 3
      vertex 28.4079 9.64318 1
    endloop
  endfacet
  facet normal -0.634374 -0.773026 0
    outer loop
      vertex -19.7804 -22.5552 1
      vertex -18.2628 -23.8006 3
      vertex -19.7804 -22.5552 3
    endloop
  endfacet
  facet normal -0.634374 -0.773026 -0
    outer loop
      vertex -18.2628 -23.8006 3
      vertex -19.7804 -22.5552 1
      vertex -18.2628 -23.8006 1
    endloop
  endfacet
  facet normal 0.935909 -0.352242 0
    outer loop
      vertex 27.7164 -11.4805 3
      vertex 28.4079 -9.64318 1
      vertex 28.4079 -9.64318 3
    endloop
  endfacet
  facet normal 0.935909 -0.352242 0
    outer loop
      vertex 28.4079 -9.64318 1
      vertex 27.7164 -11.4805 3
      vertex 27.7164 -11.4805 1
    endloop
  endfacet
  facet normal -0.634374 0.773026 0
    outer loop
      vertex -18.2628 23.8006 1
      vertex -19.7804 22.5552 3
      vertex -18.2628 23.8006 3
    endloop
  endfacet
  facet normal -0.634374 0.773026 0
    outer loop
      vertex -19.7804 22.5552 3
      vertex -18.2628 23.8006 1
      vertex -19.7804 22.5552 1
    endloop
  endfacet
  facet normal 0.412697 -0.910868 0
    outer loop
      vertex 11.4805 -27.7164 1
      vertex 13.2687 -26.9062 3
      vertex 11.4805 -27.7164 3
    endloop
  endfacet
  facet normal 0.412697 -0.910868 0
    outer loop
      vertex 13.2687 -26.9062 3
      vertex 11.4805 -27.7164 1
      vertex 13.2687 -26.9062 1
    endloop
  endfacet
  facet normal 0.881921 0.471397 0
    outer loop
      vertex 26.9062 13.2687 3
      vertex 25.9808 15 1
      vertex 25.9808 15 3
    endloop
  endfacet
  facet normal 0.881921 0.471397 0
    outer loop
      vertex 25.9808 15 1
      vertex 26.9062 13.2687 3
      vertex 26.9062 13.2687 1
    endloop
  endfacet
  facet normal -0.995181 -0.0980567 0
    outer loop
      vertex -29.7433 -3.91578 1
      vertex -29.9358 -1.96209 3
      vertex -29.9358 -1.96209 1
    endloop
  endfacet
  facet normal -0.995181 -0.0980567 0
    outer loop
      vertex -29.9358 -1.96209 3
      vertex -29.7433 -3.91578 1
      vertex -29.7433 -3.91578 3
    endloop
  endfacet
  facet normal -0.812838 0.58249 0
    outer loop
      vertex -24.9441 16.6671 1
      vertex -23.8006 18.2628 3
      vertex -23.8006 18.2628 1
    endloop
  endfacet
  facet normal -0.812838 0.58249 0
    outer loop
      vertex -23.8006 18.2628 3
      vertex -24.9441 16.6671 1
      vertex -24.9441 16.6671 3
    endloop
  endfacet
  facet normal 0.471397 0.881921 -0
    outer loop
      vertex 15 25.9808 1
      vertex 13.2687 26.9062 3
      vertex 15 25.9808 3
    endloop
  endfacet
  facet normal 0.471397 0.881921 0
    outer loop
      vertex 13.2687 26.9062 3
      vertex 15 25.9808 1
      vertex 13.2687 26.9062 1
    endloop
  endfacet
  facet normal -0.910868 0.412697 0
    outer loop
      vertex -27.7164 11.4805 1
      vertex -26.9062 13.2687 3
      vertex -26.9062 13.2687 1
    endloop
  endfacet
  facet normal -0.910868 0.412697 0
    outer loop
      vertex -26.9062 13.2687 3
      vertex -27.7164 11.4805 1
      vertex -27.7164 11.4805 3
    endloop
  endfacet
  facet normal 0.634374 -0.773026 0
    outer loop
      vertex 18.2628 -23.8006 1
      vertex 19.7804 -22.5552 3
      vertex 18.2628 -23.8006 3
    endloop
  endfacet
  facet normal 0.634374 -0.773026 0
    outer loop
      vertex 19.7804 -22.5552 3
      vertex 18.2628 -23.8006 1
      vertex 19.7804 -22.5552 1
    endloop
  endfacet
  facet normal 0.956936 0.290299 0
    outer loop
      vertex 28.9778 7.76457 3
      vertex 28.4079 9.64318 1
      vertex 28.4079 9.64318 3
    endloop
  endfacet
  facet normal 0.956936 0.290299 0
    outer loop
      vertex 28.4079 9.64318 1
      vertex 28.9778 7.76457 3
      vertex 28.9778 7.76457 1
    endloop
  endfacet
  facet normal -0.290299 0.956936 0
    outer loop
      vertex -7.76457 28.9778 1
      vertex -9.64318 28.4079 3
      vertex -7.76457 28.9778 3
    endloop
  endfacet
  facet normal -0.290299 0.956936 0
    outer loop
      vertex -9.64318 28.4079 3
      vertex -7.76457 28.9778 1
      vertex -9.64318 28.4079 1
    endloop
  endfacet
  facet normal 0.58249 -0.812838 0
    outer loop
      vertex 16.6671 -24.9441 1
      vertex 18.2628 -23.8006 3
      vertex 16.6671 -24.9441 3
    endloop
  endfacet
  facet normal 0.58249 -0.812838 0
    outer loop
      vertex 18.2628 -23.8006 3
      vertex 16.6671 -24.9441 1
      vertex 18.2628 -23.8006 1
    endloop
  endfacet
  facet normal -0.162872 -0.986647 0
    outer loop
      vertex -5.85271 -29.4236 3
      vertex -4.5 -29.6469 1.8
      vertex -4.5 -29.6469 3
    endloop
  endfacet
  facet normal -0.162872 -0.986647 0
    outer loop
      vertex -5.85271 -29.4236 1
      vertex -4.5 -29.6469 1.8
      vertex -5.85271 -29.4236 3
    endloop
  endfacet
  facet normal -0.162852 -0.986651 -3.50727e-05
    outer loop
      vertex -3.91578 -29.7433 1
      vertex -4.5 -29.6469 1.8
      vertex -5.85271 -29.4236 1
    endloop
  endfacet
  facet normal -0.162805 -0.986658 0
    outer loop
      vertex -4.5 -29.6469 1.8
      vertex -3.91578 -29.7433 1
      vertex -3.91578 -29.7433 1.8
    endloop
  endfacet
  facet normal 0.910868 0.412697 0
    outer loop
      vertex 27.7164 11.4805 3
      vertex 26.9062 13.2687 1
      vertex 26.9062 13.2687 3
    endloop
  endfacet
  facet normal 0.910868 0.412697 0
    outer loop
      vertex 26.9062 13.2687 1
      vertex 27.7164 11.4805 3
      vertex 27.7164 11.4805 1
    endloop
  endfacet
  facet normal -0.352242 0.935909 0
    outer loop
      vertex -9.64318 28.4079 1
      vertex -11.4805 27.7164 3
      vertex -9.64318 28.4079 3
    endloop
  endfacet
  facet normal -0.352242 0.935909 0
    outer loop
      vertex -11.4805 27.7164 3
      vertex -9.64318 28.4079 1
      vertex -11.4805 27.7164 1
    endloop
  endfacet
  facet normal 0.773026 -0.634374 0
    outer loop
      vertex 22.5552 -19.7804 3
      vertex 23.8006 -18.2628 1
      vertex 23.8006 -18.2628 3
    endloop
  endfacet
  facet normal 0.773026 -0.634374 0
    outer loop
      vertex 23.8006 -18.2628 1
      vertex 22.5552 -19.7804 3
      vertex 22.5552 -19.7804 1
    endloop
  endfacet
  facet normal 0.0980567 -0.995181 0
    outer loop
      vertex 1.96209 -29.9358 1
      vertex 3.91578 -29.7433 1.8
      vertex 1.96209 -29.9358 1.8
    endloop
  endfacet
  facet normal 0.0980567 -0.995181 0
    outer loop
      vertex 3.91578 -29.7433 1.8
      vertex 1.96209 -29.9358 1
      vertex 3.91578 -29.7433 1
    endloop
  endfacet
  facet normal -0.0327027 0.999465 0
    outer loop
      vertex 0 30 1
      vertex -1.96209 29.9358 1.8
      vertex 0 30 1.8
    endloop
  endfacet
  facet normal -0.0327027 0.999465 0
    outer loop
      vertex -1.96209 29.9358 1.8
      vertex 0 30 1
      vertex -1.96209 29.9358 1
    endloop
  endfacet
  facet normal 0.986651 -0.162852 0
    outer loop
      vertex 29.4236 -5.85271 3
      vertex 29.7433 -3.91578 1
      vertex 29.7433 -3.91578 3
    endloop
  endfacet
  facet normal 0.986651 -0.162852 0
    outer loop
      vertex 29.7433 -3.91578 1
      vertex 29.4236 -5.85271 3
      vertex 29.4236 -5.85271 1
    endloop
  endfacet
  facet normal 0.729855 -0.683602 0
    outer loop
      vertex 21.2132 -21.2132 3
      vertex 22.5552 -19.7804 1
      vertex 22.5552 -19.7804 3
    endloop
  endfacet
  facet normal 0.729855 -0.683602 0
    outer loop
      vertex 22.5552 -19.7804 1
      vertex 21.2132 -21.2132 3
      vertex 21.2132 -21.2132 1
    endloop
  endfacet
  facet normal 0.999465 -0.0327027 0
    outer loop
      vertex 29.9358 -1.96209 3
      vertex 30 0 1
      vertex 30 0 3
    endloop
  endfacet
  facet normal 0.999465 -0.0327027 0
    outer loop
      vertex 30 0 1
      vertex 29.9358 -1.96209 3
      vertex 29.9358 -1.96209 1
    endloop
  endfacet
  facet normal -0.986651 -0.162852 0
    outer loop
      vertex -29.4236 -5.85271 1
      vertex -29.7433 -3.91578 3
      vertex -29.7433 -3.91578 1
    endloop
  endfacet
  facet normal -0.986651 -0.162852 0
    outer loop
      vertex -29.7433 -3.91578 3
      vertex -29.4236 -5.85271 1
      vertex -29.4236 -5.85271 3
    endloop
  endfacet
  facet normal 0.471397 -0.881921 0
    outer loop
      vertex 13.2687 -26.9062 1
      vertex 15 -25.9808 3
      vertex 13.2687 -26.9062 3
    endloop
  endfacet
  facet normal 0.471397 -0.881921 0
    outer loop
      vertex 15 -25.9808 3
      vertex 13.2687 -26.9062 1
      vertex 15 -25.9808 1
    endloop
  endfacet
  facet normal -0.162805 0.986658 0
    outer loop
      vertex -3.91578 29.7433 1.8
      vertex -3.91578 29.7433 1
      vertex -4.5 29.6469 1.8
    endloop
  endfacet
  facet normal -0.162872 0.986647 0
    outer loop
      vertex -4.5 29.6469 1.8
      vertex -5.85271 29.4236 3
      vertex -4.5 29.6469 3
    endloop
  endfacet
  facet normal -0.162852 0.986651 -3.50727e-05
    outer loop
      vertex -5.85271 29.4236 1
      vertex -4.5 29.6469 1.8
      vertex -3.91578 29.7433 1
    endloop
  endfacet
  facet normal -0.162872 0.986647 0
    outer loop
      vertex -4.5 29.6469 1.8
      vertex -5.85271 29.4236 1
      vertex -5.85271 29.4236 3
    endloop
  endfacet
  facet normal 0.412697 0.910868 -0
    outer loop
      vertex 13.2687 26.9062 1
      vertex 11.4805 27.7164 3
      vertex 13.2687 26.9062 3
    endloop
  endfacet
  facet normal 0.412697 0.910868 0
    outer loop
      vertex 11.4805 27.7164 3
      vertex 13.2687 26.9062 1
      vertex 11.4805 27.7164 1
    endloop
  endfacet
  facet normal 0.227084 0.973875 -0
    outer loop
      vertex 7.76457 28.9778 1
      vertex 5.85271 29.4236 3
      vertex 7.76457 28.9778 3
    endloop
  endfacet
  facet normal 0.227084 0.973875 0
    outer loop
      vertex 5.85271 29.4236 3
      vertex 7.76457 28.9778 1
      vertex 5.85271 29.4236 1
    endloop
  endfacet
  facet normal 0.881921 -0.471397 0
    outer loop
      vertex 25.9808 -15 3
      vertex 26.9062 -13.2687 1
      vertex 26.9062 -13.2687 3
    endloop
  endfacet
  facet normal 0.881921 -0.471397 0
    outer loop
      vertex 26.9062 -13.2687 1
      vertex 25.9808 -15 3
      vertex 25.9808 -15 1
    endloop
  endfacet
  facet normal 0.352242 0.935909 -0
    outer loop
      vertex 11.4805 27.7164 1
      vertex 9.64318 28.4079 3
      vertex 11.4805 27.7164 3
    endloop
  endfacet
  facet normal 0.352242 0.935909 0
    outer loop
      vertex 9.64318 28.4079 3
      vertex 11.4805 27.7164 1
      vertex 9.64318 28.4079 1
    endloop
  endfacet
  facet normal 0.910868 -0.412697 0
    outer loop
      vertex 26.9062 -13.2687 3
      vertex 27.7164 -11.4805 1
      vertex 27.7164 -11.4805 3
    endloop
  endfacet
  facet normal 0.910868 -0.412697 0
    outer loop
      vertex 27.7164 -11.4805 1
      vertex 26.9062 -13.2687 3
      vertex 26.9062 -13.2687 1
    endloop
  endfacet
  facet normal 0.683602 0.729855 -0
    outer loop
      vertex 21.2132 21.2132 1
      vertex 19.7804 22.5552 3
      vertex 21.2132 21.2132 3
    endloop
  endfacet
  facet normal 0.683602 0.729855 0
    outer loop
      vertex 19.7804 22.5552 3
      vertex 21.2132 21.2132 1
      vertex 19.7804 22.5552 1
    endloop
  endfacet
  facet normal 0.956936 -0.290299 0
    outer loop
      vertex 28.4079 -9.64318 3
      vertex 28.9778 -7.76457 1
      vertex 28.9778 -7.76457 3
    endloop
  endfacet
  facet normal 0.956936 -0.290299 0
    outer loop
      vertex 28.9778 -7.76457 1
      vertex 28.4079 -9.64318 3
      vertex 28.4079 -9.64318 1
    endloop
  endfacet
  facet normal -0.973875 0.227084 0
    outer loop
      vertex -29.4236 5.85271 1
      vertex -28.9778 7.76457 3
      vertex -28.9778 7.76457 1
    endloop
  endfacet
  facet normal -0.973875 0.227084 0
    outer loop
      vertex -28.9778 7.76457 3
      vertex -29.4236 5.85271 1
      vertex -29.4236 5.85271 3
    endloop
  endfacet
  facet normal 0.634374 0.773026 -0
    outer loop
      vertex 19.7804 22.5552 1
      vertex 18.2628 23.8006 3
      vertex 19.7804 22.5552 3
    endloop
  endfacet
  facet normal 0.634374 0.773026 0
    outer loop
      vertex 18.2628 23.8006 3
      vertex 19.7804 22.5552 1
      vertex 18.2628 23.8006 1
    endloop
  endfacet
  facet normal -0.412697 -0.910868 0
    outer loop
      vertex -13.2687 -26.9062 1
      vertex -11.4805 -27.7164 3
      vertex -13.2687 -26.9062 3
    endloop
  endfacet
  facet normal -0.412697 -0.910868 -0
    outer loop
      vertex -11.4805 -27.7164 3
      vertex -13.2687 -26.9062 1
      vertex -11.4805 -27.7164 1
    endloop
  endfacet
  facet normal -0.227084 -0.973875 0
    outer loop
      vertex -7.76457 -28.9778 1
      vertex -5.85271 -29.4236 3
      vertex -7.76457 -28.9778 3
    endloop
  endfacet
  facet normal -0.227084 -0.973875 -0
    outer loop
      vertex -5.85271 -29.4236 3
      vertex -7.76457 -28.9778 1
      vertex -5.85271 -29.4236 1
    endloop
  endfacet
  facet normal -0.986651 0.162852 0
    outer loop
      vertex -29.7433 3.91578 1
      vertex -29.4236 5.85271 3
      vertex -29.4236 5.85271 1
    endloop
  endfacet
  facet normal -0.986651 0.162852 0
    outer loop
      vertex -29.4236 5.85271 3
      vertex -29.7433 3.91578 1
      vertex -29.7433 3.91578 3
    endloop
  endfacet
  facet normal -0.0327027 -0.999465 0
    outer loop
      vertex -1.96209 -29.9358 1
      vertex 0 -30 1.8
      vertex -1.96209 -29.9358 1.8
    endloop
  endfacet
  facet normal -0.0327027 -0.999465 -0
    outer loop
      vertex 0 -30 1.8
      vertex -1.96209 -29.9358 1
      vertex 0 -30 1
    endloop
  endfacet
  facet normal -0.412697 0.910868 0
    outer loop
      vertex -11.4805 27.7164 1
      vertex -13.2687 26.9062 3
      vertex -11.4805 27.7164 3
    endloop
  endfacet
  facet normal -0.412697 0.910868 0
    outer loop
      vertex -13.2687 26.9062 3
      vertex -11.4805 27.7164 1
      vertex -13.2687 26.9062 1
    endloop
  endfacet
  facet normal -0.683602 0.729855 0
    outer loop
      vertex -19.7804 22.5552 1
      vertex -21.2132 21.2132 3
      vertex -19.7804 22.5552 3
    endloop
  endfacet
  facet normal -0.683602 0.729855 0
    outer loop
      vertex -21.2132 21.2132 3
      vertex -19.7804 22.5552 1
      vertex -21.2132 21.2132 1
    endloop
  endfacet
  facet normal -0.956936 -0.290299 0
    outer loop
      vertex -28.4079 -9.64318 1
      vertex -28.9778 -7.76457 3
      vertex -28.9778 -7.76457 1
    endloop
  endfacet
  facet normal -0.956936 -0.290299 0
    outer loop
      vertex -28.9778 -7.76457 3
      vertex -28.4079 -9.64318 1
      vertex -28.4079 -9.64318 3
    endloop
  endfacet
  facet normal -0.935909 0.352242 0
    outer loop
      vertex -28.4079 9.64318 1
      vertex -27.7164 11.4805 3
      vertex -27.7164 11.4805 1
    endloop
  endfacet
  facet normal -0.935909 0.352242 0
    outer loop
      vertex -27.7164 11.4805 3
      vertex -28.4079 9.64318 1
      vertex -28.4079 9.64318 3
    endloop
  endfacet
  facet normal 0.849195 -0.528079 0
    outer loop
      vertex 24.9441 -16.6671 3
      vertex 25.9808 -15 1
      vertex 25.9808 -15 3
    endloop
  endfacet
  facet normal 0.849195 -0.528079 0
    outer loop
      vertex 25.9808 -15 1
      vertex 24.9441 -16.6671 3
      vertex 24.9441 -16.6671 1
    endloop
  endfacet
  facet normal 0.729855 0.683602 0
    outer loop
      vertex 22.5552 19.7804 3
      vertex 21.2132 21.2132 1
      vertex 21.2132 21.2132 3
    endloop
  endfacet
  facet normal 0.729855 0.683602 0
    outer loop
      vertex 21.2132 21.2132 1
      vertex 22.5552 19.7804 3
      vertex 22.5552 19.7804 1
    endloop
  endfacet
  facet normal -0.995181 0.0980567 0
    outer loop
      vertex -29.9358 1.96209 1
      vertex -29.7433 3.91578 3
      vertex -29.7433 3.91578 1
    endloop
  endfacet
  facet normal -0.995181 0.0980567 0
    outer loop
      vertex -29.7433 3.91578 3
      vertex -29.9358 1.96209 1
      vertex -29.9358 1.96209 3
    endloop
  endfacet
  facet normal -0.999465 0.0327027 0
    outer loop
      vertex -30 0 1
      vertex -29.9358 1.96209 3
      vertex -29.9358 1.96209 1
    endloop
  endfacet
  facet normal -0.999465 0.0327027 0
    outer loop
      vertex -29.9358 1.96209 3
      vertex -30 0 1
      vertex -30 0 3
    endloop
  endfacet
  facet normal 0.812838 -0.58249 0
    outer loop
      vertex 23.8006 -18.2628 3
      vertex 24.9441 -16.6671 1
      vertex 24.9441 -16.6671 3
    endloop
  endfacet
  facet normal 0.812838 -0.58249 0
    outer loop
      vertex 24.9441 -16.6671 1
      vertex 23.8006 -18.2628 3
      vertex 23.8006 -18.2628 1
    endloop
  endfacet
  facet normal -0.773026 -0.634374 0
    outer loop
      vertex -22.5552 -19.7804 1
      vertex -23.8006 -18.2628 3
      vertex -23.8006 -18.2628 1
    endloop
  endfacet
  facet normal -0.773026 -0.634374 0
    outer loop
      vertex -23.8006 -18.2628 3
      vertex -22.5552 -19.7804 1
      vertex -22.5552 -19.7804 3
    endloop
  endfacet
  facet normal -0.773026 0.634374 0
    outer loop
      vertex -23.8006 18.2628 1
      vertex -22.5552 19.7804 3
      vertex -22.5552 19.7804 1
    endloop
  endfacet
  facet normal -0.773026 0.634374 0
    outer loop
      vertex -22.5552 19.7804 3
      vertex -23.8006 18.2628 1
      vertex -23.8006 18.2628 3
    endloop
  endfacet
  facet normal -0.956936 0.290299 0
    outer loop
      vertex -28.9778 7.76457 1
      vertex -28.4079 9.64318 3
      vertex -28.4079 9.64318 1
    endloop
  endfacet
  facet normal -0.956936 0.290299 0
    outer loop
      vertex -28.4079 9.64318 3
      vertex -28.9778 7.76457 1
      vertex -28.9778 7.76457 3
    endloop
  endfacet
  facet normal -0.881921 0.471397 0
    outer loop
      vertex -26.9062 13.2687 1
      vertex -25.9808 15 3
      vertex -25.9808 15 1
    endloop
  endfacet
  facet normal -0.881921 0.471397 0
    outer loop
      vertex -25.9808 15 3
      vertex -26.9062 13.2687 1
      vertex -26.9062 13.2687 3
    endloop
  endfacet
  facet normal -0.729855 0.683602 0
    outer loop
      vertex -22.5552 19.7804 1
      vertex -21.2132 21.2132 3
      vertex -21.2132 21.2132 1
    endloop
  endfacet
  facet normal -0.729855 0.683602 0
    outer loop
      vertex -21.2132 21.2132 3
      vertex -22.5552 19.7804 1
      vertex -22.5552 19.7804 3
    endloop
  endfacet
  facet normal -0.683602 -0.729855 0
    outer loop
      vertex -21.2132 -21.2132 1
      vertex -19.7804 -22.5552 3
      vertex -21.2132 -21.2132 3
    endloop
  endfacet
  facet normal -0.683602 -0.729855 -0
    outer loop
      vertex -19.7804 -22.5552 3
      vertex -21.2132 -21.2132 1
      vertex -19.7804 -22.5552 1
    endloop
  endfacet
  facet normal -0.290299 -0.956936 0
    outer loop
      vertex -9.64318 -28.4079 1
      vertex -7.76457 -28.9778 3
      vertex -9.64318 -28.4079 3
    endloop
  endfacet
  facet normal -0.290299 -0.956936 -0
    outer loop
      vertex -7.76457 -28.9778 3
      vertex -9.64318 -28.4079 1
      vertex -7.76457 -28.9778 1
    endloop
  endfacet
  facet normal 0.290299 0.956936 -0
    outer loop
      vertex 9.64318 28.4079 1
      vertex 7.76457 28.9778 3
      vertex 9.64318 28.4079 3
    endloop
  endfacet
  facet normal 0.290299 0.956936 0
    outer loop
      vertex 7.76457 28.9778 3
      vertex 9.64318 28.4079 1
      vertex 7.76457 28.9778 1
    endloop
  endfacet
  facet normal -0 0 1
    outer loop
      vertex -5.85271 29.4236 3
      vertex -4.5 28.2 3
      vertex -4.5 29.6469 3
    endloop
  endfacet
  facet normal 0 0 1
    outer loop
      vertex -4.5 28.2 3
      vertex -5.85271 29.4236 3
      vertex -5.43326 27.3149 3
    endloop
  endfacet
  facet normal 0 0 1
    outer loop
      vertex -5.85271 29.4236 3
      vertex -7.20811 26.901 3
      vertex -5.43326 27.3149 3
    endloop
  endfacet
  facet normal -0 0 1
    outer loop
      vertex -7.76457 28.9778 3
      vertex -7.20811 26.901 3
      vertex -5.85271 29.4236 3
    endloop
  endfacet
  facet normal 0 0 1
    outer loop
      vertex -7.76457 28.9778 3
      vertex -8.95209 26.372 3
      vertex -7.20811 26.901 3
    endloop
  endfacet
  facet normal -0 0 1
    outer loop
      vertex -9.64318 28.4079 3
      vertex -8.95209 26.372 3
      vertex -7.76457 28.9778 3
    endloop
  endfacet
  facet normal 0 0 1
    outer loop
      vertex -9.64318 28.4079 3
      vertex -10.6577 25.73 3
      vertex -8.95209 26.372 3
    endloop
  endfacet
  facet normal -0 0 1
    outer loop
      vertex -11.4805 27.7164 3
      vertex -10.6577 25.73 3
      vertex -9.64318 28.4079 3
    endloop
  endfacet
  facet normal 0 0 1
    outer loop
      vertex -11.4805 27.7164 3
      vertex -12.3177 24.9779 3
      vertex -10.6577 25.73 3
    endloop
  endfacet
  facet normal -0 0 1
    outer loop
      vertex -13.2687 26.9062 3
      vertex -12.3177 24.9779 3
      vertex -11.4805 27.7164 3
    endloop
  endfacet
  facet normal 0 0 1
    outer loop
      vertex -13.2687 26.9062 3
      vertex -13.925 24.1188 3
      vertex -12.3177 24.9779 3
    endloop
  endfacet
  facet normal -0 0 1
    outer loop
      vertex -15 25.9808 3
      vertex -13.925 24.1188 3
      vertex -13.2687 26.9062 3
    endloop
  endfacet
  facet normal 0 0 1
    outer loop
      vertex -15 25.9808 3
      vertex -15.4726 23.1564 3
      vertex -13.925 24.1188 3
    endloop
  endfacet
  facet normal -0 0 1
    outer loop
      vertex -16.6671 24.9441 3
      vertex -15.4726 23.1564 3
      vertex -15 25.9808 3
    endloop
  endfacet
  facet normal 0 0 1
    outer loop
      vertex -16.6671 24.9441 3
      vertex -16.954 22.0949 3
      vertex -15.4726 23.1564 3
    endloop
  endfacet
  facet normal -0 0 1
    outer loop
      vertex -18.2628 23.8006 3
      vertex -16.954 22.0949 3
      vertex -16.6671 24.9441 3
    endloop
  endfacet
  facet normal 0 0 1
    outer loop
      vertex -18.2628 23.8006 3
      vertex -18.3628 20.9387 3
      vertex -16.954 22.0949 3
    endloop
  endfacet
  facet normal -0 0 1
    outer loop
      vertex -19.7804 22.5552 3
      vertex -18.3628 20.9387 3
      vertex -18.2628 23.8006 3
    endloop
  endfacet
  facet normal 0 0 1
    outer loop
      vertex -18.3628 20.9387 3
      vertex -19.7804 22.5552 3
      vertex -19.6929 19.6929 3
    endloop
  endfacet
  facet normal -0 0 1
    outer loop
      vertex -21.2132 21.2132 3
      vertex -19.6929 19.6929 3
      vertex -19.7804 22.5552 3
    endloop
  endfacet
  facet normal 0 0 1
    outer loop
      vertex -19.6929 19.6929 3
      vertex -21.2132 21.2132 3
      vertex -20.9387 18.3628 3
    endloop
  endfacet
  facet normal -0 0 1
    outer loop
      vertex -22.5552 19.7804 3
      vertex -20.9387 18.3628 3
      vertex -21.2132 21.2132 3
    endloop
  endfacet
  facet normal 0 0 1
    outer loop
      vertex -20.9387 18.3628 3
      vertex -22.5552 19.7804 3
      vertex -22.0949 16.954 3
    endloop
  endfacet
  facet normal -0 0 1
    outer loop
      vertex -23.8006 18.2628 3
      vertex -22.0949 16.954 3
      vertex -22.5552 19.7804 3
    endloop
  endfacet
  facet normal 0 0 1
    outer loop
      vertex -22.0949 16.954 3
      vertex -23.8006 18.2628 3
      vertex -23.1564 15.4726 3
    endloop
  endfacet
  facet normal -0 0 1
    outer loop
      vertex -24.9441 16.6671 3
      vertex -23.1564 15.4726 3
      vertex -23.8006 18.2628 3
    endloop
  endfacet
  facet normal 0 0 1
    outer loop
      vertex -23.1564 15.4726 3
      vertex -24.9441 16.6671 3
      vertex -24.1188 13.925 3
    endloop
  endfacet
  facet normal -0 0 1
    outer loop
      vertex -25.9808 15 3
      vertex -24.1188 13.925 3
      vertex -24.9441 16.6671 3
    endloop
  endfacet
  facet normal 0 0 1
    outer loop
      vertex -24.1188 13.925 3
      vertex -25.9808 15 3
      vertex -24.9779 12.3177 3
    endloop
  endfacet
  facet normal -0 0 1
    outer loop
      vertex -26.9062 13.2687 3
      vertex -24.9779 12.3177 3
      vertex -25.9808 15 3
    endloop
  endfacet
  facet normal 0 0 1
    outer loop
      vertex -24.9779 12.3177 3
      vertex -26.9062 13.2687 3
      vertex -25.73 10.6577 3
    endloop
  endfacet
  facet normal -0 0 1
    outer loop
      vertex -27.7164 11.4805 3
      vertex -25.73 10.6577 3
      vertex -26.9062 13.2687 3
    endloop
  endfacet
  facet normal 0 0 1
    outer loop
      vertex -25.73 10.6577 3
      vertex -27.7164 11.4805 3
      vertex -26.372 8.95209 3
    endloop
  endfacet
  facet normal -0 0 1
    outer loop
      vertex -28.4079 9.64318 3
      vertex -26.372 8.95209 3
      vertex -27.7164 11.4805 3
    endloop
  endfacet
  facet normal 0 0 1
    outer loop
      vertex -26.372 8.95209 3
      vertex -28.4079 9.64318 3
      vertex -26.901 7.20811 3
    endloop
  endfacet
  facet normal -0 0 1
    outer loop
      vertex -28.9778 7.76457 3
      vertex -26.901 7.20811 3
      vertex -28.4079 9.64318 3
    endloop
  endfacet
  facet normal 0 0 1
    outer loop
      vertex -26.901 7.20811 3
      vertex -28.9778 7.76457 3
      vertex -27.3149 5.43326 3
    endloop
  endfacet
  facet normal -0 0 1
    outer loop
      vertex -29.4236 5.85271 3
      vertex -27.3149 5.43326 3
      vertex -28.9778 7.76457 3
    endloop
  endfacet
  facet normal 0 0 1
    outer loop
      vertex -27.3149 5.43326 3
      vertex -29.4236 5.85271 3
      vertex -27.6117 3.63515 3
    endloop
  endfacet
  facet normal -0 0 1
    outer loop
      vertex 3.63515 -27.6117 3
      vertex 4.5 -28.2 3
      vertex 5.43326 -27.3149 3
    endloop
  endfacet
  facet normal -0 0 1
    outer loop
      vertex 1.82148 -27.7904 3
      vertex 4.5 -28.2 3
      vertex 3.63515 -27.6117 3
    endloop
  endfacet
  facet normal -0 0 1
    outer loop
      vertex 0 -27.85 3
      vertex 4.5 -28.2 3
      vertex 1.82148 -27.7904 3
    endloop
  endfacet
  facet normal 0 0 1
    outer loop
      vertex -4.5 -28.2 3
      vertex 0 -27.85 3
      vertex -1.82148 -27.7904 3
    endloop
  endfacet
  facet normal 0 0 1
    outer loop
      vertex 0 -27.85 3
      vertex -4.5 -28.2 3
      vertex 4.5 -28.2 3
    endloop
  endfacet
  facet normal 0 0 1
    outer loop
      vertex -3.63515 -27.6117 3
      vertex -4.5 -28.2 3
      vertex -1.82148 -27.7904 3
    endloop
  endfacet
  facet normal 0 0 1
    outer loop
      vertex -5.43326 -27.3149 3
      vertex -4.5 -28.2 3
      vertex -3.63515 -27.6117 3
    endloop
  endfacet
  facet normal 0 0 1
    outer loop
      vertex -5.85271 -29.4236 3
      vertex -4.5 -28.2 3
      vertex -5.43326 -27.3149 3
    endloop
  endfacet
  facet normal 0 0 1
    outer loop
      vertex -4.5 -28.2 3
      vertex -5.85271 -29.4236 3
      vertex -4.5 -29.6469 3
    endloop
  endfacet
  facet normal 0 0 1
    outer loop
      vertex -7.20811 -26.901 3
      vertex -5.85271 -29.4236 3
      vertex -5.43326 -27.3149 3
    endloop
  endfacet
  facet normal 0 0 1
    outer loop
      vertex -7.20811 -26.901 3
      vertex -7.76457 -28.9778 3
      vertex -5.85271 -29.4236 3
    endloop
  endfacet
  facet normal 0 0 1
    outer loop
      vertex -8.95209 -26.372 3
      vertex -7.76457 -28.9778 3
      vertex -7.20811 -26.901 3
    endloop
  endfacet
  facet normal 0 0 1
    outer loop
      vertex -8.95209 -26.372 3
      vertex -9.64318 -28.4079 3
      vertex -7.76457 -28.9778 3
    endloop
  endfacet
  facet normal 0 0 1
    outer loop
      vertex -10.6577 -25.73 3
      vertex -9.64318 -28.4079 3
      vertex -8.95209 -26.372 3
    endloop
  endfacet
  facet normal 0 0 1
    outer loop
      vertex -10.6577 -25.73 3
      vertex -11.4805 -27.7164 3
      vertex -9.64318 -28.4079 3
    endloop
  endfacet
  facet normal 0 0 1
    outer loop
      vertex -12.3177 -24.9779 3
      vertex -11.4805 -27.7164 3
      vertex -10.6577 -25.73 3
    endloop
  endfacet
  facet normal 0 0 1
    outer loop
      vertex -12.3177 -24.9779 3
      vertex -13.2687 -26.9062 3
      vertex -11.4805 -27.7164 3
    endloop
  endfacet
  facet normal 0 0 1
    outer loop
      vertex -13.925 -24.1188 3
      vertex -13.2687 -26.9062 3
      vertex -12.3177 -24.9779 3
    endloop
  endfacet
  facet normal 0 0 1
    outer loop
      vertex -13.925 -24.1188 3
      vertex -15 -25.9808 3
      vertex -13.2687 -26.9062 3
    endloop
  endfacet
  facet normal 0 0 1
    outer loop
      vertex -15.4726 -23.1564 3
      vertex -15 -25.9808 3
      vertex -13.925 -24.1188 3
    endloop
  endfacet
  facet normal 0 0 1
    outer loop
      vertex -15.4726 -23.1564 3
      vertex -16.6671 -24.9441 3
      vertex -15 -25.9808 3
    endloop
  endfacet
  facet normal 0 0 1
    outer loop
      vertex -16.954 -22.0949 3
      vertex -16.6671 -24.9441 3
      vertex -15.4726 -23.1564 3
    endloop
  endfacet
  facet normal 0 0 1
    outer loop
      vertex -16.954 -22.0949 3
      vertex -18.2628 -23.8006 3
      vertex -16.6671 -24.9441 3
    endloop
  endfacet
  facet normal 0 0 1
    outer loop
      vertex -18.3628 -20.9387 3
      vertex -18.2628 -23.8006 3
      vertex -16.954 -22.0949 3
    endloop
  endfacet
  facet normal 0 0 1
    outer loop
      vertex -19.7804 -22.5552 3
      vertex -18.3628 -20.9387 3
      vertex -19.6929 -19.6929 3
    endloop
  endfacet
  facet normal 0 0 1
    outer loop
      vertex -18.3628 -20.9387 3
      vertex -19.7804 -22.5552 3
      vertex -18.2628 -23.8006 3
    endloop
  endfacet
  facet normal 0 0 1
    outer loop
      vertex -21.2132 -21.2132 3
      vertex -19.6929 -19.6929 3
      vertex -20.9387 -18.3628 3
    endloop
  endfacet
  facet normal 0 0 1
    outer loop
      vertex -19.6929 -19.6929 3
      vertex -21.2132 -21.2132 3
      vertex -19.7804 -22.5552 3
    endloop
  endfacet
  facet normal 0 0 1
    outer loop
      vertex -22.5552 -19.7804 3
      vertex -20.9387 -18.3628 3
      vertex -22.0949 -16.954 3
    endloop
  endfacet
  facet normal 0 0 1
    outer loop
      vertex -20.9387 -18.3628 3
      vertex -22.5552 -19.7804 3
      vertex -21.2132 -21.2132 3
    endloop
  endfacet
  facet normal 0 0 1
    outer loop
      vertex -23.8006 -18.2628 3
      vertex -22.0949 -16.954 3
      vertex -23.1564 -15.4726 3
    endloop
  endfacet
  facet normal 0 0 1
    outer loop
      vertex -22.0949 -16.954 3
      vertex -23.8006 -18.2628 3
      vertex -22.5552 -19.7804 3
    endloop
  endfacet
  facet normal 0 0 1
    outer loop
      vertex -24.9441 -16.6671 3
      vertex -23.1564 -15.4726 3
      vertex -24.1188 -13.925 3
    endloop
  endfacet
  facet normal 0 0 1
    outer loop
      vertex -23.1564 -15.4726 3
      vertex -24.9441 -16.6671 3
      vertex -23.8006 -18.2628 3
    endloop
  endfacet
  facet normal 0 0 1
    outer loop
      vertex -25.9808 -15 3
      vertex -24.1188 -13.925 3
      vertex -24.9779 -12.3177 3
    endloop
  endfacet
  facet normal 0 0 1
    outer loop
      vertex -26.9062 -13.2687 3
      vertex -24.9779 -12.3177 3
      vertex -25.73 -10.6577 3
    endloop
  endfacet
  facet normal 0 0 1
    outer loop
      vertex -24.1188 -13.925 3
      vertex -25.9808 -15 3
      vertex -24.9441 -16.6671 3
    endloop
  endfacet
  facet normal 0 0 1
    outer loop
      vertex -27.7164 -11.4805 3
      vertex -25.73 -10.6577 3
      vertex -26.372 -8.95209 3
    endloop
  endfacet
  facet normal 0 0 1
    outer loop
      vertex -28.4079 -9.64318 3
      vertex -26.372 -8.95209 3
      vertex -26.901 -7.20811 3
    endloop
  endfacet
  facet normal 0 0 1
    outer loop
      vertex -24.9779 -12.3177 3
      vertex -26.9062 -13.2687 3
      vertex -25.9808 -15 3
    endloop
  endfacet
  facet normal 0 0 1
    outer loop
      vertex -28.9778 -7.76457 3
      vertex -26.901 -7.20811 3
      vertex -27.3149 -5.43326 3
    endloop
  endfacet
  facet normal 0 0 1
    outer loop
      vertex -29.4236 -5.85271 3
      vertex -27.3149 -5.43326 3
      vertex -27.6117 -3.63515 3
    endloop
  endfacet
  facet normal 0 0 1
    outer loop
      vertex -25.73 -10.6577 3
      vertex -27.7164 -11.4805 3
      vertex -26.9062 -13.2687 3
    endloop
  endfacet
  facet normal 0 0 1
    outer loop
      vertex -29.7433 -3.91578 3
      vertex -27.6117 -3.63515 3
      vertex -27.7904 -1.82148 3
    endloop
  endfacet
  facet normal 0 0 1
    outer loop
      vertex -29.9358 -1.96209 3
      vertex -27.7904 -1.82148 3
      vertex -27.85 0 3
    endloop
  endfacet
  facet normal -0 0 1
    outer loop
      vertex -29.7433 3.91578 3
      vertex -27.6117 3.63515 3
      vertex -29.4236 5.85271 3
    endloop
  endfacet
  facet normal 0 0 1
    outer loop
      vertex -26.372 -8.95209 3
      vertex -28.4079 -9.64318 3
      vertex -27.7164 -11.4805 3
    endloop
  endfacet
  facet normal 0 0 1
    outer loop
      vertex -27.6117 3.63515 3
      vertex -29.7433 3.91578 3
      vertex -27.7904 1.82148 3
    endloop
  endfacet
  facet normal 0 0 1
    outer loop
      vertex -26.901 -7.20811 3
      vertex -28.9778 -7.76457 3
      vertex -28.4079 -9.64318 3
    endloop
  endfacet
  facet normal -0 0 1
    outer loop
      vertex -29.9358 1.96209 3
      vertex -27.7904 1.82148 3
      vertex -29.7433 3.91578 3
    endloop
  endfacet
  facet normal 0 0 1
    outer loop
      vertex -27.3149 -5.43326 3
      vertex -29.4236 -5.85271 3
      vertex -28.9778 -7.76457 3
    endloop
  endfacet
  facet normal 0 0 1
    outer loop
      vertex -27.7904 1.82148 3
      vertex -29.9358 1.96209 3
      vertex -27.85 0 3
    endloop
  endfacet
  facet normal 0 0 1
    outer loop
      vertex -27.6117 -3.63515 3
      vertex -29.7433 -3.91578 3
      vertex -29.4236 -5.85271 3
    endloop
  endfacet
  facet normal 0 0 1
    outer loop
      vertex -30 0 3
      vertex -27.85 0 3
      vertex -29.9358 1.96209 3
    endloop
  endfacet
  facet normal 0 0 1
    outer loop
      vertex -27.7904 -1.82148 3
      vertex -29.9358 -1.96209 3
      vertex -29.7433 -3.91578 3
    endloop
  endfacet
  facet normal 0 0 1
    outer loop
      vertex -27.85 0 3
      vertex -30 0 3
      vertex -29.9358 -1.96209 3
    endloop
  endfacet
  facet normal 0 0 1
    outer loop
      vertex 27.85 0 3
      vertex 30 0 3
      vertex 29.9358 1.96209 3
    endloop
  endfacet
  facet normal 0 0 1
    outer loop
      vertex 27.7904 1.82148 3
      vertex 29.9358 1.96209 3
      vertex 29.7433 3.91578 3
    endloop
  endfacet
  facet normal 0 0 1
    outer loop
      vertex 30 0 3
      vertex 27.85 0 3
      vertex 29.9358 -1.96209 3
    endloop
  endfacet
  facet normal 0 0 1
    outer loop
      vertex 27.6117 3.63515 3
      vertex 29.7433 3.91578 3
      vertex 29.4236 5.85271 3
    endloop
  endfacet
  facet normal -0 0 1
    outer loop
      vertex 27.7904 -1.82148 3
      vertex 29.9358 -1.96209 3
      vertex 27.85 0 3
    endloop
  endfacet
  facet normal 0 0 1
    outer loop
      vertex 27.3149 5.43326 3
      vertex 29.4236 5.85271 3
      vertex 28.9778 7.76457 3
    endloop
  endfacet
  facet normal 0 0 1
    outer loop
      vertex 29.9358 -1.96209 3
      vertex 27.7904 -1.82148 3
      vertex 29.7433 -3.91578 3
    endloop
  endfacet
  facet normal 0 0 1
    outer loop
      vertex 26.901 7.20811 3
      vertex 28.9778 7.76457 3
      vertex 28.4079 9.64318 3
    endloop
  endfacet
  facet normal -0 0 1
    outer loop
      vertex 27.6117 -3.63515 3
      vertex 29.7433 -3.91578 3
      vertex 27.7904 -1.82148 3
    endloop
  endfacet
  facet normal 0 0 1
    outer loop
      vertex 29.7433 -3.91578 3
      vertex 27.6117 -3.63515 3
      vertex 29.4236 -5.85271 3
    endloop
  endfacet
  facet normal 0 0 1
    outer loop
      vertex 29.9358 1.96209 3
      vertex 27.7904 1.82148 3
      vertex 27.85 0 3
    endloop
  endfacet
  facet normal 0 0 1
    outer loop
      vertex 26.372 8.95209 3
      vertex 28.4079 9.64318 3
      vertex 27.7164 11.4805 3
    endloop
  endfacet
  facet normal 0 0 1
    outer loop
      vertex 29.7433 3.91578 3
      vertex 27.6117 3.63515 3
      vertex 27.7904 1.82148 3
    endloop
  endfacet
  facet normal 0 0 1
    outer loop
      vertex 29.4236 5.85271 3
      vertex 27.3149 5.43326 3
      vertex 27.6117 3.63515 3
    endloop
  endfacet
  facet normal 0 0 1
    outer loop
      vertex 25.73 10.6577 3
      vertex 27.7164 11.4805 3
      vertex 26.9062 13.2687 3
    endloop
  endfacet
  facet normal 0 0 1
    outer loop
      vertex 28.9778 7.76457 3
      vertex 26.901 7.20811 3
      vertex 27.3149 5.43326 3
    endloop
  endfacet
  facet normal 0 0 1
    outer loop
      vertex 28.4079 9.64318 3
      vertex 26.372 8.95209 3
      vertex 26.901 7.20811 3
    endloop
  endfacet
  facet normal 0 0 1
    outer loop
      vertex 24.9779 12.3177 3
      vertex 26.9062 13.2687 3
      vertex 25.9808 15 3
    endloop
  endfacet
  facet normal 0 0 1
    outer loop
      vertex 27.7164 11.4805 3
      vertex 25.73 10.6577 3
      vertex 26.372 8.95209 3
    endloop
  endfacet
  facet normal 0 0 1
    outer loop
      vertex 26.9062 13.2687 3
      vertex 24.9779 12.3177 3
      vertex 25.73 10.6577 3
    endloop
  endfacet
  facet normal 0 0 1
    outer loop
      vertex 24.1188 13.925 3
      vertex 25.9808 15 3
      vertex 24.9441 16.6671 3
    endloop
  endfacet
  facet normal 0 0 1
    outer loop
      vertex 25.9808 15 3
      vertex 24.1188 13.925 3
      vertex 24.9779 12.3177 3
    endloop
  endfacet
  facet normal 0 0 1
    outer loop
      vertex 23.1564 15.4726 3
      vertex 24.9441 16.6671 3
      vertex 23.8006 18.2628 3
    endloop
  endfacet
  facet normal 0 0 1
    outer loop
      vertex 24.9441 16.6671 3
      vertex 23.1564 15.4726 3
      vertex 24.1188 13.925 3
    endloop
  endfacet
  facet normal 0 0 1
    outer loop
      vertex 22.0949 16.954 3
      vertex 23.8006 18.2628 3
      vertex 22.5552 19.7804 3
    endloop
  endfacet
  facet normal 0 0 1
    outer loop
      vertex 23.8006 18.2628 3
      vertex 22.0949 16.954 3
      vertex 23.1564 15.4726 3
    endloop
  endfacet
  facet normal 0 0 1
    outer loop
      vertex 20.9387 18.3628 3
      vertex 22.5552 19.7804 3
      vertex 21.2132 21.2132 3
    endloop
  endfacet
  facet normal 0 0 1
    outer loop
      vertex 22.5552 19.7804 3
      vertex 20.9387 18.3628 3
      vertex 22.0949 16.954 3
    endloop
  endfacet
  facet normal 0 0 1
    outer loop
      vertex 19.6929 19.6929 3
      vertex 21.2132 21.2132 3
      vertex 19.7804 22.5552 3
    endloop
  endfacet
  facet normal 0 0 1
    outer loop
      vertex 21.2132 21.2132 3
      vertex 19.6929 19.6929 3
      vertex 20.9387 18.3628 3
    endloop
  endfacet
  facet normal 0 0 1
    outer loop
      vertex 19.7804 22.5552 3
      vertex 18.3628 20.9387 3
      vertex 19.6929 19.6929 3
    endloop
  endfacet
  facet normal 0 0 1
    outer loop
      vertex 18.2628 23.8006 3
      vertex 18.3628 20.9387 3
      vertex 19.7804 22.5552 3
    endloop
  endfacet
  facet normal 0 0 1
    outer loop
      vertex 18.2628 23.8006 3
      vertex 16.954 22.0949 3
      vertex 18.3628 20.9387 3
    endloop
  endfacet
  facet normal 0 0 1
    outer loop
      vertex 16.6671 24.9441 3
      vertex 16.954 22.0949 3
      vertex 18.2628 23.8006 3
    endloop
  endfacet
  facet normal 0 0 1
    outer loop
      vertex 16.6671 24.9441 3
      vertex 15.4726 23.1564 3
      vertex 16.954 22.0949 3
    endloop
  endfacet
  facet normal 0 0 1
    outer loop
      vertex 15 25.9808 3
      vertex 15.4726 23.1564 3
      vertex 16.6671 24.9441 3
    endloop
  endfacet
  facet normal 0 0 1
    outer loop
      vertex 15 25.9808 3
      vertex 13.925 24.1188 3
      vertex 15.4726 23.1564 3
    endloop
  endfacet
  facet normal 0 0 1
    outer loop
      vertex 13.2687 26.9062 3
      vertex 13.925 24.1188 3
      vertex 15 25.9808 3
    endloop
  endfacet
  facet normal 0 0 1
    outer loop
      vertex 13.2687 26.9062 3
      vertex 12.3177 24.9779 3
      vertex 13.925 24.1188 3
    endloop
  endfacet
  facet normal 0 0 1
    outer loop
      vertex 11.4805 27.7164 3
      vertex 12.3177 24.9779 3
      vertex 13.2687 26.9062 3
    endloop
  endfacet
  facet normal 0 0 1
    outer loop
      vertex 11.4805 27.7164 3
      vertex 10.6577 25.73 3
      vertex 12.3177 24.9779 3
    endloop
  endfacet
  facet normal 0 0 1
    outer loop
      vertex 9.64318 28.4079 3
      vertex 10.6577 25.73 3
      vertex 11.4805 27.7164 3
    endloop
  endfacet
  facet normal 0 0 1
    outer loop
      vertex 9.64318 28.4079 3
      vertex 8.95209 26.372 3
      vertex 10.6577 25.73 3
    endloop
  endfacet
  facet normal 0 0 1
    outer loop
      vertex 7.76457 28.9778 3
      vertex 8.95209 26.372 3
      vertex 9.64318 28.4079 3
    endloop
  endfacet
  facet normal 0 0 1
    outer loop
      vertex 7.76457 28.9778 3
      vertex 7.20811 26.901 3
      vertex 8.95209 26.372 3
    endloop
  endfacet
  facet normal 0 0 1
    outer loop
      vertex 5.85271 29.4236 3
      vertex 7.20811 26.901 3
      vertex 7.76457 28.9778 3
    endloop
  endfacet
  facet normal 0 0 1
    outer loop
      vertex 5.85271 29.4236 3
      vertex 5.43326 27.3149 3
      vertex 7.20811 26.901 3
    endloop
  endfacet
  facet normal 0 0 1
    outer loop
      vertex 4.5 28.2 3
      vertex 5.85271 29.4236 3
      vertex 4.5 29.6469 3
    endloop
  endfacet
  facet normal 0 0 1
    outer loop
      vertex 5.85271 29.4236 3
      vertex 4.5 28.2 3
      vertex 5.43326 27.3149 3
    endloop
  endfacet
  facet normal 0 0 1
    outer loop
      vertex 4.5 28.2 3
      vertex 3.63515 27.6117 3
      vertex 5.43326 27.3149 3
    endloop
  endfacet
  facet normal 0 0 1
    outer loop
      vertex 4.5 28.2 3
      vertex 1.82148 27.7904 3
      vertex 3.63515 27.6117 3
    endloop
  endfacet
  facet normal 0 0 1
    outer loop
      vertex 4.5 28.2 3
      vertex 0 27.85 3
      vertex 1.82148 27.7904 3
    endloop
  endfacet
  facet normal -0 0 1
    outer loop
      vertex -4.5 28.2 3
      vertex 0 27.85 3
      vertex 4.5 28.2 3
    endloop
  endfacet
  facet normal 0 0 1
    outer loop
      vertex 0 27.85 3
      vertex -4.5 28.2 3
      vertex -1.82148 27.7904 3
    endloop
  endfacet
  facet normal 0 0 1
    outer loop
      vertex -4.5 28.2 3
      vertex -3.63515 27.6117 3
      vertex -1.82148 27.7904 3
    endloop
  endfacet
  facet normal 0 0 1
    outer loop
      vertex -3.63515 27.6117 3
      vertex -4.5 28.2 3
      vertex -5.43326 27.3149 3
    endloop
  endfacet
  facet normal -0 0 1
    outer loop
      vertex 27.3149 -5.43326 3
      vertex 29.4236 -5.85271 3
      vertex 27.6117 -3.63515 3
    endloop
  endfacet
  facet normal 0 0 1
    outer loop
      vertex 29.4236 -5.85271 3
      vertex 27.3149 -5.43326 3
      vertex 28.9778 -7.76457 3
    endloop
  endfacet
  facet normal -0 0 1
    outer loop
      vertex 26.901 -7.20811 3
      vertex 28.9778 -7.76457 3
      vertex 27.3149 -5.43326 3
    endloop
  endfacet
  facet normal 0 0 1
    outer loop
      vertex 28.9778 -7.76457 3
      vertex 26.901 -7.20811 3
      vertex 28.4079 -9.64318 3
    endloop
  endfacet
  facet normal -0 0 1
    outer loop
      vertex 26.372 -8.95209 3
      vertex 28.4079 -9.64318 3
      vertex 26.901 -7.20811 3
    endloop
  endfacet
  facet normal 0 0 1
    outer loop
      vertex 28.4079 -9.64318 3
      vertex 26.372 -8.95209 3
      vertex 27.7164 -11.4805 3
    endloop
  endfacet
  facet normal -0 0 1
    outer loop
      vertex 25.73 -10.6577 3
      vertex 27.7164 -11.4805 3
      vertex 26.372 -8.95209 3
    endloop
  endfacet
  facet normal 0 0 1
    outer loop
      vertex 27.7164 -11.4805 3
      vertex 25.73 -10.6577 3
      vertex 26.9062 -13.2687 3
    endloop
  endfacet
  facet normal -0 0 1
    outer loop
      vertex 24.9779 -12.3177 3
      vertex 26.9062 -13.2687 3
      vertex 25.73 -10.6577 3
    endloop
  endfacet
  facet normal 0 0 1
    outer loop
      vertex 26.9062 -13.2687 3
      vertex 24.9779 -12.3177 3
      vertex 25.9808 -15 3
    endloop
  endfacet
  facet normal -0 0 1
    outer loop
      vertex 24.1188 -13.925 3
      vertex 25.9808 -15 3
      vertex 24.9779 -12.3177 3
    endloop
  endfacet
  facet normal 0 0 1
    outer loop
      vertex 25.9808 -15 3
      vertex 24.1188 -13.925 3
      vertex 24.9441 -16.6671 3
    endloop
  endfacet
  facet normal -0 0 1
    outer loop
      vertex 23.1564 -15.4726 3
      vertex 24.9441 -16.6671 3
      vertex 24.1188 -13.925 3
    endloop
  endfacet
  facet normal 0 0 1
    outer loop
      vertex 24.9441 -16.6671 3
      vertex 23.1564 -15.4726 3
      vertex 23.8006 -18.2628 3
    endloop
  endfacet
  facet normal -0 0 1
    outer loop
      vertex 22.0949 -16.954 3
      vertex 23.8006 -18.2628 3
      vertex 23.1564 -15.4726 3
    endloop
  endfacet
  facet normal 0 0 1
    outer loop
      vertex 23.8006 -18.2628 3
      vertex 22.0949 -16.954 3
      vertex 22.5552 -19.7804 3
    endloop
  endfacet
  facet normal -0 0 1
    outer loop
      vertex 20.9387 -18.3628 3
      vertex 22.5552 -19.7804 3
      vertex 22.0949 -16.954 3
    endloop
  endfacet
  facet normal 0 0 1
    outer loop
      vertex 22.5552 -19.7804 3
      vertex 20.9387 -18.3628 3
      vertex 21.2132 -21.2132 3
    endloop
  endfacet
  facet normal -0 0 1
    outer loop
      vertex 19.6929 -19.6929 3
      vertex 21.2132 -21.2132 3
      vertex 20.9387 -18.3628 3
    endloop
  endfacet
  facet normal 0 0 1
    outer loop
      vertex 21.2132 -21.2132 3
      vertex 19.6929 -19.6929 3
      vertex 19.7804 -22.5552 3
    endloop
  endfacet
  facet normal -0 0 1
    outer loop
      vertex 18.3628 -20.9387 3
      vertex 19.7804 -22.5552 3
      vertex 19.6929 -19.6929 3
    endloop
  endfacet
  facet normal 0 0 1
    outer loop
      vertex 18.3628 -20.9387 3
      vertex 18.2628 -23.8006 3
      vertex 19.7804 -22.5552 3
    endloop
  endfacet
  facet normal -0 0 1
    outer loop
      vertex 16.954 -22.0949 3
      vertex 18.2628 -23.8006 3
      vertex 18.3628 -20.9387 3
    endloop
  endfacet
  facet normal 0 0 1
    outer loop
      vertex 16.954 -22.0949 3
      vertex 16.6671 -24.9441 3
      vertex 18.2628 -23.8006 3
    endloop
  endfacet
  facet normal -0 0 1
    outer loop
      vertex 15.4726 -23.1564 3
      vertex 16.6671 -24.9441 3
      vertex 16.954 -22.0949 3
    endloop
  endfacet
  facet normal 0 0 1
    outer loop
      vertex 15.4726 -23.1564 3
      vertex 15 -25.9808 3
      vertex 16.6671 -24.9441 3
    endloop
  endfacet
  facet normal -0 0 1
    outer loop
      vertex 13.925 -24.1188 3
      vertex 15 -25.9808 3
      vertex 15.4726 -23.1564 3
    endloop
  endfacet
  facet normal 0 0 1
    outer loop
      vertex 13.925 -24.1188 3
      vertex 13.2687 -26.9062 3
      vertex 15 -25.9808 3
    endloop
  endfacet
  facet normal -0 0 1
    outer loop
      vertex 12.3177 -24.9779 3
      vertex 13.2687 -26.9062 3
      vertex 13.925 -24.1188 3
    endloop
  endfacet
  facet normal 0 0 1
    outer loop
      vertex 12.3177 -24.9779 3
      vertex 11.4805 -27.7164 3
      vertex 13.2687 -26.9062 3
    endloop
  endfacet
  facet normal -0 0 1
    outer loop
      vertex 10.6577 -25.73 3
      vertex 11.4805 -27.7164 3
      vertex 12.3177 -24.9779 3
    endloop
  endfacet
  facet normal 0 0 1
    outer loop
      vertex 10.6577 -25.73 3
      vertex 9.64318 -28.4079 3
      vertex 11.4805 -27.7164 3
    endloop
  endfacet
  facet normal -0 0 1
    outer loop
      vertex 8.95209 -26.372 3
      vertex 9.64318 -28.4079 3
      vertex 10.6577 -25.73 3
    endloop
  endfacet
  facet normal 0 0 1
    outer loop
      vertex 8.95209 -26.372 3
      vertex 7.76457 -28.9778 3
      vertex 9.64318 -28.4079 3
    endloop
  endfacet
  facet normal -0 0 1
    outer loop
      vertex 7.20811 -26.901 3
      vertex 7.76457 -28.9778 3
      vertex 8.95209 -26.372 3
    endloop
  endfacet
  facet normal 0 0 1
    outer loop
      vertex 7.20811 -26.901 3
      vertex 5.85271 -29.4236 3
      vertex 7.76457 -28.9778 3
    endloop
  endfacet
  facet normal -0 0 1
    outer loop
      vertex 5.43326 -27.3149 3
      vertex 5.85271 -29.4236 3
      vertex 7.20811 -26.901 3
    endloop
  endfacet
  facet normal -0 0 1
    outer loop
      vertex 4.5 -28.2 3
      vertex 5.85271 -29.4236 3
      vertex 5.43326 -27.3149 3
    endloop
  endfacet
  facet normal 0 0 1
    outer loop
      vertex 5.85271 -29.4236 3
      vertex 4.5 -28.2 3
      vertex 4.5 -29.6469 3
    endloop
  endfacet
  facet normal -0.881921 -0.471397 0
    outer loop
      vertex -25.9808 -15 1
      vertex -26.9062 -13.2687 3
      vertex -26.9062 -13.2687 1
    endloop
  endfacet
  facet normal -0.881921 -0.471397 0
    outer loop
      vertex -26.9062 -13.2687 3
      vertex -25.9808 -15 1
      vertex -25.9808 -15 3
    endloop
  endfacet
  facet normal 0 0 -1
    outer loop
      vertex 28.9484 -1.87792 0
      vertex 29.0093 0.0194161 0
      vertex 29.0099 0 0
    endloop
  endfacet
  facet normal 0 0 -1
    outer loop
      vertex 28.7636 -3.76722 0
      vertex 28.9484 -1.87792 0
      vertex 28.9478 -1.89734 0
    endloop
  endfacet
  facet normal 0 0 -1
    outer loop
      vertex 28.9484 -1.87792 0
      vertex 28.9459 1.91667 0
      vertex 29.0093 0.0194161 0
    endloop
  endfacet
  facet normal 0 0 -1
    outer loop
      vertex 29.0093 0.0194161 0
      vertex 28.9459 1.91667 0
      vertex 28.9478 1.89734 0
    endloop
  endfacet
  facet normal -0 0 -1
    outer loop
      vertex 28.9484 -1.87792 0
      vertex 28.7636 -3.76722 0
      vertex 28.9459 1.91667 0
    endloop
  endfacet
  facet normal 0 0 -1
    outer loop
      vertex 28.4556 -5.64038 0
      vertex 28.7636 -3.76722 0
      vertex 28.7617 -3.78655 0
    endloop
  endfacet
  facet normal 0 0 -1
    outer loop
      vertex 28.7636 -3.76722 0
      vertex 28.7585 3.80572 0
      vertex 28.9459 1.91667 0
    endloop
  endfacet
  facet normal 0 0 -1
    outer loop
      vertex 28.9459 1.91667 0
      vertex 28.7585 3.80572 0
      vertex 28.7617 3.78655 0
    endloop
  endfacet
  facet normal -0 0 -1
    outer loop
      vertex 28.7636 -3.76722 0
      vertex 28.4556 -5.64038 0
      vertex 28.7585 3.80572 0
    endloop
  endfacet
  facet normal 0 0 -1
    outer loop
      vertex 28.0258 -7.48939 0
      vertex 28.4556 -5.64038 0
      vertex 28.4525 -5.65955 0
    endloop
  endfacet
  facet normal 0 0 -1
    outer loop
      vertex 28.4556 -5.64038 0
      vertex 28.4481 5.67847 0
      vertex 28.7585 3.80572 0
    endloop
  endfacet
  facet normal 0 0 -1
    outer loop
      vertex 28.7585 3.80572 0
      vertex 28.4481 5.67847 0
      vertex 28.4525 5.65955 0
    endloop
  endfacet
  facet normal -0 0 -1
    outer loop
      vertex 28.4556 -5.64038 0
      vertex 28.0258 -7.48939 0
      vertex 28.4481 5.67847 0
    endloop
  endfacet
  facet normal 0 0 -1
    outer loop
      vertex 27.476 -9.30633 0
      vertex 28.0258 -7.48939 0
      vertex 28.0214 -7.50831 0
    endloop
  endfacet
  facet normal 0 0 -1
    outer loop
      vertex 28.0258 -7.48939 0
      vertex 28.0158 7.5269 0
      vertex 28.4481 5.67847 0
    endloop
  endfacet
  facet normal 0 0 -1
    outer loop
      vertex 28.4481 5.67847 0
      vertex 28.0158 7.5269 0
      vertex 28.0214 7.50831 0
    endloop
  endfacet
  facet normal -0 0 -1
    outer loop
      vertex 28.0258 -7.48939 0
      vertex 27.476 -9.30633 0
      vertex 28.0158 7.5269 0
    endloop
  endfacet
  facet normal 0 0 -1
    outer loop
      vertex 26.8085 -11.0834 0
      vertex 27.476 -9.30633 0
      vertex 27.4703 -9.32492 0
    endloop
  endfacet
  facet normal 0 0 -1
    outer loop
      vertex 27.476 -9.30633 0
      vertex 27.4635 9.34311 0
      vertex 28.0158 7.5269 0
    endloop
  endfacet
  facet normal 0 0 -1
    outer loop
      vertex 28.0158 7.5269 0
      vertex 27.4635 9.34311 0
      vertex 27.4703 9.32492 0
    endloop
  endfacet
  facet normal -0 0 -1
    outer loop
      vertex 27.476 -9.30633 0
      vertex 26.8085 -11.0834 0
      vertex 27.4635 9.34311 0
    endloop
  endfacet
  facet normal 0 0 -1
    outer loop
      vertex 26.0262 -12.8131 0
      vertex 26.8085 -11.0834 0
      vertex 26.8016 -11.1016 0
    endloop
  endfacet
  facet normal 0 0 -1
    outer loop
      vertex 26.8085 -11.0834 0
      vertex 26.7936 11.1193 0
      vertex 27.4635 9.34311 0
    endloop
  endfacet
  facet normal 0 0 -1
    outer loop
      vertex 27.4635 9.34311 0
      vertex 26.7936 11.1193 0
      vertex 26.8016 11.1016 0
    endloop
  endfacet
  facet normal -0 0 -1
    outer loop
      vertex 26.8085 -11.0834 0
      vertex 26.0262 -12.8131 0
      vertex 26.7936 11.1193 0
    endloop
  endfacet
  facet normal 0 0 -1
    outer loop
      vertex 25.1325 -14.4878 0
      vertex 26.0262 -12.8131 0
      vertex 26.0182 -12.8307 0
    endloop
  endfacet
  facet normal 0 0 -1
    outer loop
      vertex 26.0262 -12.8131 0
      vertex 26.009 12.8479 0
      vertex 26.7936 11.1193 0
    endloop
  endfacet
  facet normal 0 0 -1
    outer loop
      vertex 26.7936 11.1193 0
      vertex 26.009 12.8479 0
      vertex 26.0182 12.8307 0
    endloop
  endfacet
  facet normal -0 0 -1
    outer loop
      vertex 26.0262 -12.8131 0
      vertex 25.1325 -14.4878 0
      vertex 26.009 12.8479 0
    endloop
  endfacet
  facet normal 0 0 -1
    outer loop
      vertex 24.1311 -16.1005 0
      vertex 25.1325 -14.4878 0
      vertex 25.1233 -14.5049 0
    endloop
  endfacet
  facet normal 0 0 -1
    outer loop
      vertex 25.1325 -14.4878 0
      vertex 25.113 14.5214 0
      vertex 26.009 12.8479 0
    endloop
  endfacet
  facet normal 0 0 -1
    outer loop
      vertex 26.009 12.8479 0
      vertex 25.113 14.5214 0
      vertex 25.1233 14.5049 0
    endloop
  endfacet
  facet normal -0 0 -1
    outer loop
      vertex 25.1325 -14.4878 0
      vertex 24.1311 -16.1005 0
      vertex 25.113 14.5214 0
    endloop
  endfacet
  facet normal 0 0 -1
    outer loop
      vertex 23.0264 -17.6443 0
      vertex 24.1311 -16.1005 0
      vertex 24.1208 -16.117 0
    endloop
  endfacet
  facet normal 0 0 -1
    outer loop
      vertex 24.1311 -16.1005 0
      vertex 24.1095 16.1328 0
      vertex 25.113 14.5214 0
    endloop
  endfacet
  facet normal 0 0 -1
    outer loop
      vertex 25.113 14.5214 0
      vertex 24.1095 16.1328 0
      vertex 24.1208 16.117 0
    endloop
  endfacet
  facet normal -0 0 -1
    outer loop
      vertex 24.1311 -16.1005 0
      vertex 23.0264 -17.6443 0
      vertex 24.1095 16.1328 0
    endloop
  endfacet
  facet normal 0 0 -1
    outer loop
      vertex 21.8231 -19.1125 0
      vertex 23.0264 -17.6443 0
      vertex 23.0151 -17.6601 0
    endloop
  endfacet
  facet normal 0 0 -1
    outer loop
      vertex 23.0264 -17.6443 0
      vertex 23.0028 17.6751 0
      vertex 24.1095 16.1328 0
    endloop
  endfacet
  facet normal 0 0 -1
    outer loop
      vertex 24.1095 16.1328 0
      vertex 23.0028 17.6751 0
      vertex 23.0151 17.6601 0
    endloop
  endfacet
  facet normal -0 0 -1
    outer loop
      vertex 23.0264 -17.6443 0
      vertex 21.8231 -19.1125 0
      vertex 23.0028 17.6751 0
    endloop
  endfacet
  facet normal 0 0 -1
    outer loop
      vertex 20.5264 -20.4989 0
      vertex 21.8231 -19.1125 0
      vertex 21.8108 -19.1276 0
    endloop
  endfacet
  facet normal 0 0 -1
    outer loop
      vertex 21.8231 -19.1125 0
      vertex 21.7975 19.1417 0
      vertex 23.0028 17.6751 0
    endloop
  endfacet
  facet normal 0 0 -1
    outer loop
      vertex 23.0028 17.6751 0
      vertex 21.7975 19.1417 0
      vertex 21.8108 19.1276 0
    endloop
  endfacet
  facet normal -0 0 -1
    outer loop
      vertex 21.8231 -19.1125 0
      vertex 20.5264 -20.4989 0
      vertex 21.7975 19.1417 0
    endloop
  endfacet
  facet normal 0 0 -1
    outer loop
      vertex 19.1417 -21.7975 0
      vertex 20.5264 -20.4989 0
      vertex 20.5131 -20.5131 0
    endloop
  endfacet
  facet normal 0 0 -1
    outer loop
      vertex 20.5264 -20.4989 0
      vertex 20.4989 20.5264 0
      vertex 21.7975 19.1417 0
    endloop
  endfacet
  facet normal 0 0 -1
    outer loop
      vertex 21.7975 19.1417 0
      vertex 20.4989 20.5264 0
      vertex 20.5131 20.5131 0
    endloop
  endfacet
  facet normal -0 0 -1
    outer loop
      vertex 20.5264 -20.4989 0
      vertex 19.1417 -21.7975 0
      vertex 20.4989 20.5264 0
    endloop
  endfacet
  facet normal 0 0 -1
    outer loop
      vertex 17.6751 -23.0028 0
      vertex 19.1417 -21.7975 0
      vertex 19.1276 -21.8108 0
    endloop
  endfacet
  facet normal 0 0 -1
    outer loop
      vertex 19.1417 -21.7975 0
      vertex 19.1125 21.8231 0
      vertex 20.4989 20.5264 0
    endloop
  endfacet
  facet normal 0 0 -1
    outer loop
      vertex 20.4989 20.5264 0
      vertex 19.1125 21.8231 0
      vertex 19.1276 21.8108 0
    endloop
  endfacet
  facet normal -0 0 -1
    outer loop
      vertex 19.1417 -21.7975 0
      vertex 17.6751 -23.0028 0
      vertex 19.1125 21.8231 0
    endloop
  endfacet
  facet normal 0 0 -1
    outer loop
      vertex 16.1328 -24.1095 0
      vertex 17.6751 -23.0028 0
      vertex 17.6601 -23.0151 0
    endloop
  endfacet
  facet normal 0 0 -1
    outer loop
      vertex 17.6751 -23.0028 0
      vertex 17.6443 23.0264 0
      vertex 19.1125 21.8231 0
    endloop
  endfacet
  facet normal 0 0 -1
    outer loop
      vertex 19.1125 21.8231 0
      vertex 17.6443 23.0264 0
      vertex 17.6601 23.0151 0
    endloop
  endfacet
  facet normal -0 0 -1
    outer loop
      vertex 17.6751 -23.0028 0
      vertex 16.1328 -24.1095 0
      vertex 17.6443 23.0264 0
    endloop
  endfacet
  facet normal 0 0 -1
    outer loop
      vertex 14.5214 -25.113 0
      vertex 16.1328 -24.1095 0
      vertex 16.117 -24.1208 0
    endloop
  endfacet
  facet normal 0 0 -1
    outer loop
      vertex 16.1328 -24.1095 0
      vertex 16.1005 24.1311 0
      vertex 17.6443 23.0264 0
    endloop
  endfacet
  facet normal 0 0 -1
    outer loop
      vertex 17.6443 23.0264 0
      vertex 16.1005 24.1311 0
      vertex 16.117 24.1208 0
    endloop
  endfacet
  facet normal -0 0 -1
    outer loop
      vertex 16.1328 -24.1095 0
      vertex 14.5214 -25.113 0
      vertex 16.1005 24.1311 0
    endloop
  endfacet
  facet normal 0 0 -1
    outer loop
      vertex 12.8479 -26.009 0
      vertex 14.5214 -25.113 0
      vertex 14.5049 -25.1233 0
    endloop
  endfacet
  facet normal 0 0 -1
    outer loop
      vertex 14.5214 -25.113 0
      vertex 14.4878 25.1325 0
      vertex 16.1005 24.1311 0
    endloop
  endfacet
  facet normal 0 0 -1
    outer loop
      vertex 16.1005 24.1311 0
      vertex 14.4878 25.1325 0
      vertex 14.5049 25.1233 0
    endloop
  endfacet
  facet normal -0 0 -1
    outer loop
      vertex 14.5214 -25.113 0
      vertex 12.8479 -26.009 0
      vertex 14.4878 25.1325 0
    endloop
  endfacet
  facet normal 0 0 -1
    outer loop
      vertex 11.1193 -26.7936 0
      vertex 12.8479 -26.009 0
      vertex 12.8307 -26.0182 0
    endloop
  endfacet
  facet normal 0 0 -1
    outer loop
      vertex 12.8479 -26.009 0
      vertex 12.8131 26.0262 0
      vertex 14.4878 25.1325 0
    endloop
  endfacet
  facet normal 0 0 -1
    outer loop
      vertex 14.4878 25.1325 0
      vertex 12.8131 26.0262 0
      vertex 12.8307 26.0182 0
    endloop
  endfacet
  facet normal -0 0 -1
    outer loop
      vertex 12.8479 -26.009 0
      vertex 11.1193 -26.7936 0
      vertex 12.8131 26.0262 0
    endloop
  endfacet
  facet normal 0 0 -1
    outer loop
      vertex 9.34311 -27.4635 0
      vertex 11.1193 -26.7936 0
      vertex 11.1016 -26.8016 0
    endloop
  endfacet
  facet normal 0 0 -1
    outer loop
      vertex 11.1193 -26.7936 0
      vertex 11.0834 26.8085 0
      vertex 12.8131 26.0262 0
    endloop
  endfacet
  facet normal 0 0 -1
    outer loop
      vertex 12.8131 26.0262 0
      vertex 11.0834 26.8085 0
      vertex 11.1016 26.8016 0
    endloop
  endfacet
  facet normal -0 0 -1
    outer loop
      vertex 11.1193 -26.7936 0
      vertex 9.34311 -27.4635 0
      vertex 11.0834 26.8085 0
    endloop
  endfacet
  facet normal 0 0 -1
    outer loop
      vertex 7.5269 -28.0158 0
      vertex 9.34311 -27.4635 0
      vertex 9.32492 -27.4703 0
    endloop
  endfacet
  facet normal 0 0 -1
    outer loop
      vertex 9.34311 -27.4635 0
      vertex 9.30633 27.476 0
      vertex 11.0834 26.8085 0
    endloop
  endfacet
  facet normal 0 0 -1
    outer loop
      vertex 11.0834 26.8085 0
      vertex 9.30633 27.476 0
      vertex 9.32492 27.4703 0
    endloop
  endfacet
  facet normal -0 0 -1
    outer loop
      vertex 9.34311 -27.4635 0
      vertex 7.5269 -28.0158 0
      vertex 9.30633 27.476 0
    endloop
  endfacet
  facet normal 0 0 -1
    outer loop
      vertex 5.67847 -28.4481 0
      vertex 7.5269 -28.0158 0
      vertex 7.50831 -28.0214 0
    endloop
  endfacet
  facet normal 0 0 -1
    outer loop
      vertex 7.5269 -28.0158 0
      vertex 7.48939 28.0258 0
      vertex 9.30633 27.476 0
    endloop
  endfacet
  facet normal 0 0 -1
    outer loop
      vertex 9.30633 27.476 0
      vertex 7.48939 28.0258 0
      vertex 7.50831 28.0214 0
    endloop
  endfacet
  facet normal -0 0 -1
    outer loop
      vertex 7.5269 -28.0158 0
      vertex 5.67847 -28.4481 0
      vertex 7.48939 28.0258 0
    endloop
  endfacet
  facet normal 0 0 -1
    outer loop
      vertex 3.80572 -28.7585 0
      vertex 5.67847 -28.4481 0
      vertex 5.65955 -28.4525 0
    endloop
  endfacet
  facet normal 0 0 -1
    outer loop
      vertex 5.67847 -28.4481 0
      vertex 5.64038 28.4556 0
      vertex 7.48939 28.0258 0
    endloop
  endfacet
  facet normal 0 0 -1
    outer loop
      vertex 7.48939 28.0258 0
      vertex 5.64038 28.4556 0
      vertex 5.65955 28.4525 0
    endloop
  endfacet
  facet normal -0 0 -1
    outer loop
      vertex 5.67847 -28.4481 0
      vertex 3.80572 -28.7585 0
      vertex 5.64038 28.4556 0
    endloop
  endfacet
  facet normal 0 0 -1
    outer loop
      vertex 1.91667 -28.9459 0
      vertex 3.80572 -28.7585 0
      vertex 3.78655 -28.7617 0
    endloop
  endfacet
  facet normal 0 0 -1
    outer loop
      vertex 3.80572 -28.7585 0
      vertex 3.76722 28.7636 0
      vertex 5.64038 28.4556 0
    endloop
  endfacet
  facet normal 0 0 -1
    outer loop
      vertex 5.64038 28.4556 0
      vertex 3.76722 28.7636 0
      vertex 3.78655 28.7617 0
    endloop
  endfacet
  facet normal -0 0 -1
    outer loop
      vertex 3.80572 -28.7585 0
      vertex 1.91667 -28.9459 0
      vertex 3.76722 28.7636 0
    endloop
  endfacet
  facet normal 0 0 -1
    outer loop
      vertex 0.0194161 -29.0093 0
      vertex 1.91667 -28.9459 0
      vertex 1.89734 -28.9478 0
    endloop
  endfacet
  facet normal 0 0 -1
    outer loop
      vertex 1.91667 -28.9459 0
      vertex 1.87792 28.9484 0
      vertex 3.76722 28.7636 0
    endloop
  endfacet
  facet normal 0 0 -1
    outer loop
      vertex 3.76722 28.7636 0
      vertex 1.87792 28.9484 0
      vertex 1.89734 28.9478 0
    endloop
  endfacet
  facet normal -0 0 -1
    outer loop
      vertex 1.91667 -28.9459 0
      vertex 0.0194161 -29.0093 0
      vertex 1.87792 28.9484 0
    endloop
  endfacet
  facet normal 0 0 -1
    outer loop
      vertex -1.87792 -28.9484 0
      vertex 0.0194161 -29.0093 0
      vertex 0 -29.0099 0
    endloop
  endfacet
  facet normal 0 0 -1
    outer loop
      vertex 0.0194161 -29.0093 0
      vertex -0.0194161 29.0093 0
      vertex 1.87792 28.9484 0
    endloop
  endfacet
  facet normal 0 0 -1
    outer loop
      vertex 1.87792 28.9484 0
      vertex -0.0194161 29.0093 0
      vertex 0 29.0099 0
    endloop
  endfacet
  facet normal 0 0 -1
    outer loop
      vertex 0.0194161 -29.0093 0
      vertex -1.87792 -28.9484 0
      vertex -0.0194161 29.0093 0
    endloop
  endfacet
  facet normal 0 0 -1
    outer loop
      vertex -3.76722 -28.7636 0
      vertex -1.87792 -28.9484 0
      vertex -1.89734 -28.9478 0
    endloop
  endfacet
  facet normal 0 0 -1
    outer loop
      vertex -1.87792 -28.9484 0
      vertex -1.91667 28.9459 0
      vertex -0.0194161 29.0093 0
    endloop
  endfacet
  facet normal 0 0 -1
    outer loop
      vertex -0.0194161 29.0093 0
      vertex -1.91667 28.9459 0
      vertex -1.89734 28.9478 0
    endloop
  endfacet
  facet normal 0 0 -1
    outer loop
      vertex -1.87792 -28.9484 0
      vertex -3.76722 -28.7636 0
      vertex -1.91667 28.9459 0
    endloop
  endfacet
  facet normal 0 0 -1
    outer loop
      vertex -5.64038 -28.4556 0
      vertex -3.76722 -28.7636 0
      vertex -3.78655 -28.7617 0
    endloop
  endfacet
  facet normal 0 0 -1
    outer loop
      vertex -3.76722 -28.7636 0
      vertex -3.80572 28.7585 0
      vertex -1.91667 28.9459 0
    endloop
  endfacet
  facet normal 0 0 -1
    outer loop
      vertex -1.91667 28.9459 0
      vertex -3.80572 28.7585 0
      vertex -3.78655 28.7617 0
    endloop
  endfacet
  facet normal 0 0 -1
    outer loop
      vertex -3.76722 -28.7636 0
      vertex -5.64038 -28.4556 0
      vertex -3.80572 28.7585 0
    endloop
  endfacet
  facet normal 0 0 -1
    outer loop
      vertex -7.48939 -28.0258 0
      vertex -5.64038 -28.4556 0
      vertex -5.65955 -28.4525 0
    endloop
  endfacet
  facet normal 0 0 -1
    outer loop
      vertex -5.64038 -28.4556 0
      vertex -5.67847 28.4481 0
      vertex -3.80572 28.7585 0
    endloop
  endfacet
  facet normal 0 0 -1
    outer loop
      vertex -3.80572 28.7585 0
      vertex -5.67847 28.4481 0
      vertex -5.65955 28.4525 0
    endloop
  endfacet
  facet normal 0 0 -1
    outer loop
      vertex -5.64038 -28.4556 0
      vertex -7.48939 -28.0258 0
      vertex -5.67847 28.4481 0
    endloop
  endfacet
  facet normal 0 0 -1
    outer loop
      vertex -9.30633 -27.476 0
      vertex -7.48939 -28.0258 0
      vertex -7.50831 -28.0214 0
    endloop
  endfacet
  facet normal 0 0 -1
    outer loop
      vertex -7.48939 -28.0258 0
      vertex -7.5269 28.0158 0
      vertex -5.67847 28.4481 0
    endloop
  endfacet
  facet normal 0 0 -1
    outer loop
      vertex -5.67847 28.4481 0
      vertex -7.5269 28.0158 0
      vertex -7.50831 28.0214 0
    endloop
  endfacet
  facet normal 0 0 -1
    outer loop
      vertex -7.48939 -28.0258 0
      vertex -9.30633 -27.476 0
      vertex -7.5269 28.0158 0
    endloop
  endfacet
  facet normal 0 0 -1
    outer loop
      vertex -11.0834 -26.8085 0
      vertex -9.30633 -27.476 0
      vertex -9.32492 -27.4703 0
    endloop
  endfacet
  facet normal 0 0 -1
    outer loop
      vertex -9.30633 -27.476 0
      vertex -9.34311 27.4635 0
      vertex -7.5269 28.0158 0
    endloop
  endfacet
  facet normal 0 0 -1
    outer loop
      vertex -7.5269 28.0158 0
      vertex -9.34311 27.4635 0
      vertex -9.32492 27.4703 0
    endloop
  endfacet
  facet normal 0 0 -1
    outer loop
      vertex -9.30633 -27.476 0
      vertex -11.0834 -26.8085 0
      vertex -9.34311 27.4635 0
    endloop
  endfacet
  facet normal 0 0 -1
    outer loop
      vertex -12.8131 -26.0262 0
      vertex -11.0834 -26.8085 0
      vertex -11.1016 -26.8016 0
    endloop
  endfacet
  facet normal 0 0 -1
    outer loop
      vertex -11.0834 -26.8085 0
      vertex -11.1193 26.7936 0
      vertex -9.34311 27.4635 0
    endloop
  endfacet
  facet normal 0 0 -1
    outer loop
      vertex -9.34311 27.4635 0
      vertex -11.1193 26.7936 0
      vertex -11.1016 26.8016 0
    endloop
  endfacet
  facet normal 0 0 -1
    outer loop
      vertex -11.0834 -26.8085 0
      vertex -12.8131 -26.0262 0
      vertex -11.1193 26.7936 0
    endloop
  endfacet
  facet normal 0 0 -1
    outer loop
      vertex -14.4878 -25.1325 0
      vertex -12.8131 -26.0262 0
      vertex -12.8307 -26.0182 0
    endloop
  endfacet
  facet normal 0 0 -1
    outer loop
      vertex -12.8131 -26.0262 0
      vertex -12.8479 26.009 0
      vertex -11.1193 26.7936 0
    endloop
  endfacet
  facet normal 0 0 -1
    outer loop
      vertex -11.1193 26.7936 0
      vertex -12.8479 26.009 0
      vertex -12.8307 26.0182 0
    endloop
  endfacet
  facet normal 0 0 -1
    outer loop
      vertex -12.8131 -26.0262 0
      vertex -14.4878 -25.1325 0
      vertex -12.8479 26.009 0
    endloop
  endfacet
  facet normal 0 0 -1
    outer loop
      vertex -16.1005 -24.1311 0
      vertex -14.4878 -25.1325 0
      vertex -14.5049 -25.1233 0
    endloop
  endfacet
  facet normal 0 0 -1
    outer loop
      vertex -14.4878 -25.1325 0
      vertex -14.5214 25.113 0
      vertex -12.8479 26.009 0
    endloop
  endfacet
  facet normal 0 0 -1
    outer loop
      vertex -12.8479 26.009 0
      vertex -14.5214 25.113 0
      vertex -14.5049 25.1233 0
    endloop
  endfacet
  facet normal 0 0 -1
    outer loop
      vertex -14.4878 -25.1325 0
      vertex -16.1005 -24.1311 0
      vertex -14.5214 25.113 0
    endloop
  endfacet
  facet normal 0 0 -1
    outer loop
      vertex -17.6443 -23.0264 0
      vertex -16.1005 -24.1311 0
      vertex -16.117 -24.1208 0
    endloop
  endfacet
  facet normal 0 0 -1
    outer loop
      vertex -16.1005 -24.1311 0
      vertex -16.1328 24.1095 0
      vertex -14.5214 25.113 0
    endloop
  endfacet
  facet normal 0 0 -1
    outer loop
      vertex -14.5214 25.113 0
      vertex -16.1328 24.1095 0
      vertex -16.117 24.1208 0
    endloop
  endfacet
  facet normal 0 0 -1
    outer loop
      vertex -16.1005 -24.1311 0
      vertex -17.6443 -23.0264 0
      vertex -16.1328 24.1095 0
    endloop
  endfacet
  facet normal 0 0 -1
    outer loop
      vertex -19.1125 -21.8231 0
      vertex -17.6443 -23.0264 0
      vertex -17.6601 -23.0151 0
    endloop
  endfacet
  facet normal 0 0 -1
    outer loop
      vertex -17.6443 -23.0264 0
      vertex -17.6751 23.0028 0
      vertex -16.1328 24.1095 0
    endloop
  endfacet
  facet normal 0 0 -1
    outer loop
      vertex -16.1328 24.1095 0
      vertex -17.6751 23.0028 0
      vertex -17.6601 23.0151 0
    endloop
  endfacet
  facet normal 0 0 -1
    outer loop
      vertex -17.6443 -23.0264 0
      vertex -19.1125 -21.8231 0
      vertex -17.6751 23.0028 0
    endloop
  endfacet
  facet normal 0 0 -1
    outer loop
      vertex -20.4989 -20.5264 0
      vertex -19.1125 -21.8231 0
      vertex -19.1276 -21.8108 0
    endloop
  endfacet
  facet normal 0 0 -1
    outer loop
      vertex -19.1125 -21.8231 0
      vertex -19.1417 21.7975 0
      vertex -17.6751 23.0028 0
    endloop
  endfacet
  facet normal 0 0 -1
    outer loop
      vertex -17.6751 23.0028 0
      vertex -19.1417 21.7975 0
      vertex -19.1276 21.8108 0
    endloop
  endfacet
  facet normal 0 0 -1
    outer loop
      vertex -19.1125 -21.8231 0
      vertex -20.4989 -20.5264 0
      vertex -19.1417 21.7975 0
    endloop
  endfacet
  facet normal 0 0 -1
    outer loop
      vertex -21.7975 -19.1417 0
      vertex -20.4989 -20.5264 0
      vertex -20.5131 -20.5131 0
    endloop
  endfacet
  facet normal 0 0 -1
    outer loop
      vertex -20.4989 -20.5264 0
      vertex -20.5264 20.4989 0
      vertex -19.1417 21.7975 0
    endloop
  endfacet
  facet normal 0 0 -1
    outer loop
      vertex -19.1417 21.7975 0
      vertex -20.5264 20.4989 0
      vertex -20.5131 20.5131 0
    endloop
  endfacet
  facet normal 0 0 -1
    outer loop
      vertex -20.4989 -20.5264 0
      vertex -21.7975 -19.1417 0
      vertex -20.5264 20.4989 0
    endloop
  endfacet
  facet normal 0 0 -1
    outer loop
      vertex -23.0028 -17.6751 0
      vertex -21.7975 -19.1417 0
      vertex -21.8108 -19.1276 0
    endloop
  endfacet
  facet normal 0 0 -1
    outer loop
      vertex -21.7975 -19.1417 0
      vertex -21.8231 19.1125 0
      vertex -20.5264 20.4989 0
    endloop
  endfacet
  facet normal 0 0 -1
    outer loop
      vertex -20.5264 20.4989 0
      vertex -21.8231 19.1125 0
      vertex -21.8108 19.1276 0
    endloop
  endfacet
  facet normal 0 0 -1
    outer loop
      vertex -21.7975 -19.1417 0
      vertex -23.0028 -17.6751 0
      vertex -21.8231 19.1125 0
    endloop
  endfacet
  facet normal 0 0 -1
    outer loop
      vertex -24.1095 -16.1328 0
      vertex -23.0028 -17.6751 0
      vertex -23.0151 -17.6601 0
    endloop
  endfacet
  facet normal 0 0 -1
    outer loop
      vertex -23.0028 -17.6751 0
      vertex -23.0264 17.6443 0
      vertex -21.8231 19.1125 0
    endloop
  endfacet
  facet normal 0 0 -1
    outer loop
      vertex -21.8231 19.1125 0
      vertex -23.0264 17.6443 0
      vertex -23.0151 17.6601 0
    endloop
  endfacet
  facet normal 0 0 -1
    outer loop
      vertex -23.0028 -17.6751 0
      vertex -24.1095 -16.1328 0
      vertex -23.0264 17.6443 0
    endloop
  endfacet
  facet normal 0 0 -1
    outer loop
      vertex -25.113 -14.5214 0
      vertex -24.1095 -16.1328 0
      vertex -24.1208 -16.117 0
    endloop
  endfacet
  facet normal 0 0 -1
    outer loop
      vertex -24.1095 -16.1328 0
      vertex -24.1311 16.1005 0
      vertex -23.0264 17.6443 0
    endloop
  endfacet
  facet normal 0 0 -1
    outer loop
      vertex -23.0264 17.6443 0
      vertex -24.1311 16.1005 0
      vertex -24.1208 16.117 0
    endloop
  endfacet
  facet normal 0 0 -1
    outer loop
      vertex -24.1095 -16.1328 0
      vertex -25.113 -14.5214 0
      vertex -24.1311 16.1005 0
    endloop
  endfacet
  facet normal 0 0 -1
    outer loop
      vertex -26.009 -12.8479 0
      vertex -25.113 -14.5214 0
      vertex -25.1233 -14.5049 0
    endloop
  endfacet
  facet normal 0 0 -1
    outer loop
      vertex -25.113 -14.5214 0
      vertex -25.1325 14.4878 0
      vertex -24.1311 16.1005 0
    endloop
  endfacet
  facet normal 0 0 -1
    outer loop
      vertex -24.1311 16.1005 0
      vertex -25.1325 14.4878 0
      vertex -25.1233 14.5049 0
    endloop
  endfacet
  facet normal 0 0 -1
    outer loop
      vertex -25.113 -14.5214 0
      vertex -26.009 -12.8479 0
      vertex -25.1325 14.4878 0
    endloop
  endfacet
  facet normal 0 0 -1
    outer loop
      vertex -26.7936 -11.1193 0
      vertex -26.009 -12.8479 0
      vertex -26.0182 -12.8307 0
    endloop
  endfacet
  facet normal 0 0 -1
    outer loop
      vertex -26.009 -12.8479 0
      vertex -26.0262 12.8131 0
      vertex -25.1325 14.4878 0
    endloop
  endfacet
  facet normal 0 0 -1
    outer loop
      vertex -25.1325 14.4878 0
      vertex -26.0262 12.8131 0
      vertex -26.0182 12.8307 0
    endloop
  endfacet
  facet normal 0 0 -1
    outer loop
      vertex -26.009 -12.8479 0
      vertex -26.7936 -11.1193 0
      vertex -26.0262 12.8131 0
    endloop
  endfacet
  facet normal 0 0 -1
    outer loop
      vertex -27.4635 -9.34311 0
      vertex -26.7936 -11.1193 0
      vertex -26.8016 -11.1016 0
    endloop
  endfacet
  facet normal 0 0 -1
    outer loop
      vertex -26.7936 -11.1193 0
      vertex -26.8085 11.0834 0
      vertex -26.0262 12.8131 0
    endloop
  endfacet
  facet normal 0 0 -1
    outer loop
      vertex -26.0262 12.8131 0
      vertex -26.8085 11.0834 0
      vertex -26.8016 11.1016 0
    endloop
  endfacet
  facet normal 0 0 -1
    outer loop
      vertex -26.7936 -11.1193 0
      vertex -27.4635 -9.34311 0
      vertex -26.8085 11.0834 0
    endloop
  endfacet
  facet normal 0 0 -1
    outer loop
      vertex -28.0158 -7.5269 0
      vertex -27.4635 -9.34311 0
      vertex -27.4703 -9.32492 0
    endloop
  endfacet
  facet normal 0 0 -1
    outer loop
      vertex -27.4635 -9.34311 0
      vertex -27.476 9.30633 0
      vertex -26.8085 11.0834 0
    endloop
  endfacet
  facet normal 0 0 -1
    outer loop
      vertex -26.8085 11.0834 0
      vertex -27.476 9.30633 0
      vertex -27.4703 9.32492 0
    endloop
  endfacet
  facet normal 0 0 -1
    outer loop
      vertex -27.4635 -9.34311 0
      vertex -28.0158 -7.5269 0
      vertex -27.476 9.30633 0
    endloop
  endfacet
  facet normal 0 0 -1
    outer loop
      vertex -28.4481 -5.67847 0
      vertex -28.0158 -7.5269 0
      vertex -28.0214 -7.50831 0
    endloop
  endfacet
  facet normal 0 0 -1
    outer loop
      vertex -28.0158 -7.5269 0
      vertex -28.0258 7.48939 0
      vertex -27.476 9.30633 0
    endloop
  endfacet
  facet normal 0 0 -1
    outer loop
      vertex -27.476 9.30633 0
      vertex -28.0258 7.48939 0
      vertex -28.0214 7.50831 0
    endloop
  endfacet
  facet normal 0 0 -1
    outer loop
      vertex -28.0158 -7.5269 0
      vertex -28.4481 -5.67847 0
      vertex -28.0258 7.48939 0
    endloop
  endfacet
  facet normal 0 0 -1
    outer loop
      vertex -28.7585 -3.80572 0
      vertex -28.4481 -5.67847 0
      vertex -28.4525 -5.65955 0
    endloop
  endfacet
  facet normal 0 0 -1
    outer loop
      vertex -28.4481 -5.67847 0
      vertex -28.4556 5.64038 0
      vertex -28.0258 7.48939 0
    endloop
  endfacet
  facet normal 0 0 -1
    outer loop
      vertex -28.0258 7.48939 0
      vertex -28.4556 5.64038 0
      vertex -28.4525 5.65955 0
    endloop
  endfacet
  facet normal 0 0 -1
    outer loop
      vertex -28.4481 -5.67847 0
      vertex -28.7585 -3.80572 0
      vertex -28.4556 5.64038 0
    endloop
  endfacet
  facet normal 0 0 -1
    outer loop
      vertex -28.9459 -1.91667 0
      vertex -28.7585 -3.80572 0
      vertex -28.7617 -3.78655 0
    endloop
  endfacet
  facet normal 0 0 -1
    outer loop
      vertex -28.7585 -3.80572 0
      vertex -28.7636 3.76722 0
      vertex -28.4556 5.64038 0
    endloop
  endfacet
  facet normal 0 0 -1
    outer loop
      vertex -28.4556 5.64038 0
      vertex -28.7636 3.76722 0
      vertex -28.7617 3.78655 0
    endloop
  endfacet
  facet normal 0 0 -1
    outer loop
      vertex -28.7585 -3.80572 0
      vertex -28.9459 -1.91667 0
      vertex -28.7636 3.76722 0
    endloop
  endfacet
  facet normal 0 0 -1
    outer loop
      vertex -29.0093 -0.0194161 0
      vertex -28.9459 -1.91667 0
      vertex -28.9478 -1.89734 0
    endloop
  endfacet
  facet normal 0 0 -1
    outer loop
      vertex -28.9459 -1.91667 0
      vertex -28.9484 1.87792 0
      vertex -28.7636 3.76722 0
    endloop
  endfacet
  facet normal 0 0 -1
    outer loop
      vertex -28.7636 3.76722 0
      vertex -28.9484 1.87792 0
      vertex -28.9478 1.89734 0
    endloop
  endfacet
  facet normal 0 0 -1
    outer loop
      vertex -28.9459 -1.91667 0
      vertex -29.0093 -0.0194161 0
      vertex -28.9484 1.87792 0
    endloop
  endfacet
  facet normal 0 0 -1
    outer loop
      vertex -28.9484 1.87792 0
      vertex -29.0093 -0.0194161 0
      vertex -29.0099 0 0
    endloop
  endfacet
  facet normal -0.471397 -0.881921 0
    outer loop
      vertex -15 -25.9808 1
      vertex -13.2687 -26.9062 3
      vertex -15 -25.9808 3
    endloop
  endfacet
  facet normal -0.471397 -0.881921 -0
    outer loop
      vertex -13.2687 -26.9062 3
      vertex -15 -25.9808 1
      vertex -13.2687 -26.9062 1
    endloop
  endfacet
  facet normal -0.849195 0.528079 0
    outer loop
      vertex -25.9808 15 1
      vertex -24.9441 16.6671 3
      vertex -24.9441 16.6671 1
    endloop
  endfacet
  facet normal -0.849195 0.528079 0
    outer loop
      vertex -24.9441 16.6671 3
      vertex -25.9808 15 1
      vertex -25.9808 15 3
    endloop
  endfacet
  facet normal 0.995181 0.0980547 0
    outer loop
      vertex 27.7904 1.82148 5.6
      vertex 27.6117 3.63515 3
      vertex 27.6117 3.63515 5.6
    endloop
  endfacet
  facet normal 0.995181 0.0980547 0
    outer loop
      vertex 27.6117 3.63515 3
      vertex 27.7904 1.82148 5.6
      vertex 27.7904 1.82148 3
    endloop
  endfacet
  facet normal 0.995181 0.0980547 0
    outer loop
      vertex 27.7904 1.82148 10
      vertex 27.6117 3.63515 6.4
      vertex 27.6117 3.63515 10
    endloop
  endfacet
  facet normal 0.995181 0.0980547 0
    outer loop
      vertex 27.6117 3.63515 6.4
      vertex 27.7904 1.82148 10
      vertex 27.7904 1.82148 6.4
    endloop
  endfacet
  facet normal 0.999465 0.0327031 0
    outer loop
      vertex 27.85 0 5.6
      vertex 27.7904 1.82148 3
      vertex 27.7904 1.82148 5.6
    endloop
  endfacet
  facet normal 0.999465 0.0327031 0
    outer loop
      vertex 27.7904 1.82148 3
      vertex 27.85 0 5.6
      vertex 27.85 0 3
    endloop
  endfacet
  facet normal 0.999465 0.0327031 0
    outer loop
      vertex 27.85 0 10
      vertex 27.7904 1.82148 6.4
      vertex 27.7904 1.82148 10
    endloop
  endfacet
  facet normal 0.999465 0.0327031 0
    outer loop
      vertex 27.7904 1.82148 6.4
      vertex 27.85 0 10
      vertex 27.85 0 6.4
    endloop
  endfacet
  facet normal 0.986649 0.162859 0
    outer loop
      vertex 27.6117 3.63515 5.6
      vertex 27.3149 5.43326 3
      vertex 27.3149 5.43326 5.6
    endloop
  endfacet
  facet normal 0.986649 0.162859 0
    outer loop
      vertex 27.3149 5.43326 3
      vertex 27.6117 3.63515 5.6
      vertex 27.6117 3.63515 3
    endloop
  endfacet
  facet normal 0.986649 0.162859 0
    outer loop
      vertex 27.6117 3.63515 10
      vertex 27.3149 5.43326 6.4
      vertex 27.3149 5.43326 10
    endloop
  endfacet
  facet normal 0.986649 0.162859 0
    outer loop
      vertex 27.3149 5.43326 6.4
      vertex 27.6117 3.63515 10
      vertex 27.6117 3.63515 6.4
    endloop
  endfacet
  facet normal 0.973869 0.227109 0
    outer loop
      vertex 27.3149 5.43326 5.6
      vertex 26.901 7.20811 3
      vertex 26.901 7.20811 5.6
    endloop
  endfacet
  facet normal 0.973869 0.227109 0
    outer loop
      vertex 26.901 7.20811 3
      vertex 27.3149 5.43326 5.6
      vertex 27.3149 5.43326 3
    endloop
  endfacet
  facet normal 0.973869 0.227109 0
    outer loop
      vertex 27.3149 5.43326 10
      vertex 26.901 7.20811 6.4
      vertex 26.901 7.20811 10
    endloop
  endfacet
  facet normal 0.973869 0.227109 0
    outer loop
      vertex 26.901 7.20811 6.4
      vertex 27.3149 5.43326 10
      vertex 27.3149 5.43326 6.4
    endloop
  endfacet
  facet normal 0.910871 0.412691 0
    outer loop
      vertex 25.73 10.6577 5.6
      vertex 24.9779 12.3177 3
      vertex 24.9779 12.3177 5.6
    endloop
  endfacet
  facet normal 0.910871 0.412691 0
    outer loop
      vertex 24.9779 12.3177 3
      vertex 25.73 10.6577 5.6
      vertex 25.73 10.6577 3
    endloop
  endfacet
  facet normal 0.910871 0.412691 0
    outer loop
      vertex 25.73 10.6577 10
      vertex 24.9779 12.3177 6.4
      vertex 24.9779 12.3177 10
    endloop
  endfacet
  facet normal 0.910871 0.412691 0
    outer loop
      vertex 24.9779 12.3177 6.4
      vertex 25.73 10.6577 10
      vertex 25.73 10.6577 6.4
    endloop
  endfacet
  facet normal -0.773003 0.634402 0
    outer loop
      vertex -22.0949 16.954 3
      vertex -20.9387 18.3628 5.6
      vertex -20.9387 18.3628 3
    endloop
  endfacet
  facet normal -0.773003 0.634402 0
    outer loop
      vertex -20.9387 18.3628 5.6
      vertex -22.0949 16.954 3
      vertex -22.0949 16.954 5.6
    endloop
  endfacet
  facet normal -0.773003 0.634402 0
    outer loop
      vertex -22.0949 16.954 6.4
      vertex -20.9387 18.3628 10
      vertex -20.9387 18.3628 6.4
    endloop
  endfacet
  facet normal -0.773003 0.634402 0
    outer loop
      vertex -20.9387 18.3628 10
      vertex -22.0949 16.954 6.4
      vertex -22.0949 16.954 10
    endloop
  endfacet
  facet normal -0.528084 0.849192 0
    outer loop
      vertex -13.925 24.1188 3
      vertex -15.4726 23.1564 5.6
      vertex -13.925 24.1188 5.6
    endloop
  endfacet
  facet normal -0.528084 0.849192 0
    outer loop
      vertex -15.4726 23.1564 5.6
      vertex -13.925 24.1188 3
      vertex -15.4726 23.1564 3
    endloop
  endfacet
  facet normal -0.528084 0.849192 0
    outer loop
      vertex -13.925 24.1188 6.4
      vertex -15.4726 23.1564 10
      vertex -13.925 24.1188 10
    endloop
  endfacet
  facet normal -0.528084 0.849192 0
    outer loop
      vertex -15.4726 23.1564 10
      vertex -13.925 24.1188 6.4
      vertex -15.4726 23.1564 6.4
    endloop
  endfacet
  facet normal -0.910871 0.412691 0
    outer loop
      vertex -25.73 10.6577 3
      vertex -24.9779 12.3177 5.6
      vertex -24.9779 12.3177 3
    endloop
  endfacet
  facet normal -0.910871 0.412691 0
    outer loop
      vertex -24.9779 12.3177 5.6
      vertex -25.73 10.6577 3
      vertex -25.73 10.6577 5.6
    endloop
  endfacet
  facet normal -0.910871 0.412691 0
    outer loop
      vertex -25.73 10.6577 6.4
      vertex -24.9779 12.3177 10
      vertex -24.9779 12.3177 6.4
    endloop
  endfacet
  facet normal -0.910871 0.412691 0
    outer loop
      vertex -24.9779 12.3177 10
      vertex -25.73 10.6577 6.4
      vertex -25.73 10.6577 10
    endloop
  endfacet
  facet normal -0.162859 -0.986649 0
    outer loop
      vertex -5.43326 -27.3149 6.4
      vertex -3.63515 -27.6117 10
      vertex -5.43326 -27.3149 10
    endloop
  endfacet
  facet normal -0.162859 -0.986649 -0
    outer loop
      vertex -3.63515 -27.6117 10
      vertex -5.43326 -27.3149 6.4
      vertex -3.63515 -27.6117 6.4
    endloop
  endfacet
  facet normal -0.162859 -0.986649 0
    outer loop
      vertex -5.43326 -27.3149 3
      vertex -3.63515 -27.6117 5.6
      vertex -5.43326 -27.3149 5.6
    endloop
  endfacet
  facet normal -0.162859 -0.986649 -0
    outer loop
      vertex -3.63515 -27.6117 5.6
      vertex -5.43326 -27.3149 3
      vertex -3.63515 -27.6117 3
    endloop
  endfacet
  facet normal 0.352276 -0.935896 0
    outer loop
      vertex 8.95209 -26.372 6.4
      vertex 10.6577 -25.73 10
      vertex 8.95209 -26.372 10
    endloop
  endfacet
  facet normal 0.352276 -0.935896 0
    outer loop
      vertex 10.6577 -25.73 10
      vertex 8.95209 -26.372 6.4
      vertex 10.6577 -25.73 6.4
    endloop
  endfacet
  facet normal 0.352276 -0.935896 0
    outer loop
      vertex 8.95209 -26.372 3
      vertex 10.6577 -25.73 5.6
      vertex 8.95209 -26.372 5.6
    endloop
  endfacet
  facet normal 0.352276 -0.935896 0
    outer loop
      vertex 10.6577 -25.73 5.6
      vertex 8.95209 -26.372 3
      vertex 10.6577 -25.73 3
    endloop
  endfacet
  facet normal 0.935896 -0.352276 0
    outer loop
      vertex 25.73 -10.6577 10
      vertex 26.372 -8.95209 6.4
      vertex 26.372 -8.95209 10
    endloop
  endfacet
  facet normal 0.935896 -0.352276 0
    outer loop
      vertex 26.372 -8.95209 6.4
      vertex 25.73 -10.6577 10
      vertex 25.73 -10.6577 6.4
    endloop
  endfacet
  facet normal 0.935896 -0.352276 0
    outer loop
      vertex 25.73 -10.6577 5.6
      vertex 26.372 -8.95209 3
      vertex 26.372 -8.95209 5.6
    endloop
  endfacet
  facet normal 0.935896 -0.352276 0
    outer loop
      vertex 26.372 -8.95209 3
      vertex 25.73 -10.6577 5.6
      vertex 25.73 -10.6577 3
    endloop
  endfacet
  facet normal -0.6836 -0.729857 0
    outer loop
      vertex -19.6929 -19.6929 3
      vertex -18.3628 -20.9387 5.6
      vertex -19.6929 -19.6929 5.6
    endloop
  endfacet
  facet normal -0.6836 -0.729857 -0
    outer loop
      vertex -18.3628 -20.9387 5.6
      vertex -19.6929 -19.6929 3
      vertex -18.3628 -20.9387 3
    endloop
  endfacet
  facet normal -0.6836 -0.729857 0
    outer loop
      vertex -19.6929 -19.6929 6.4
      vertex -18.3628 -20.9387 10
      vertex -19.6929 -19.6929 10
    endloop
  endfacet
  facet normal -0.6836 -0.729857 -0
    outer loop
      vertex -18.3628 -20.9387 10
      vertex -19.6929 -19.6929 6.4
      vertex -18.3628 -20.9387 6.4
    endloop
  endfacet
  facet normal -0.910871 -0.412691 0
    outer loop
      vertex -24.9779 -12.3177 6.4
      vertex -25.73 -10.6577 10
      vertex -25.73 -10.6577 6.4
    endloop
  endfacet
  facet normal -0.910871 -0.412691 0
    outer loop
      vertex -25.73 -10.6577 10
      vertex -24.9779 -12.3177 6.4
      vertex -24.9779 -12.3177 10
    endloop
  endfacet
  facet normal -0.910871 -0.412691 0
    outer loop
      vertex -24.9779 -12.3177 3
      vertex -25.73 -10.6577 5.6
      vertex -25.73 -10.6577 3
    endloop
  endfacet
  facet normal -0.910871 -0.412691 0
    outer loop
      vertex -25.73 -10.6577 5.6
      vertex -24.9779 -12.3177 3
      vertex -24.9779 -12.3177 5.6
    endloop
  endfacet
  facet normal 0.812861 -0.582457 0
    outer loop
      vertex 22.0949 -16.954 10
      vertex 23.1564 -15.4726 6.4
      vertex 23.1564 -15.4726 10
    endloop
  endfacet
  facet normal 0.812861 -0.582457 0
    outer loop
      vertex 23.1564 -15.4726 6.4
      vertex 22.0949 -16.954 10
      vertex 22.0949 -16.954 6.4
    endloop
  endfacet
  facet normal 0.812861 -0.582457 0
    outer loop
      vertex 22.0949 -16.954 5.6
      vertex 23.1564 -15.4726 3
      vertex 23.1564 -15.4726 5.6
    endloop
  endfacet
  facet normal 0.812861 -0.582457 0
    outer loop
      vertex 23.1564 -15.4726 3
      vertex 22.0949 -16.954 5.6
      vertex 22.0949 -16.954 3
    endloop
  endfacet
  facet normal 0.88196 -0.471323 0
    outer loop
      vertex 24.7084 -12.822 4.5
      vertex 24.9779 -12.3177 5.6
      vertex 24.7084 -12.822 5.6
    endloop
  endfacet
  facet normal 0.88196 -0.471323 0
    outer loop
      vertex 24.9779 -12.3177 5.6
      vertex 24.7084 -12.822 4.5
      vertex 24.9779 -12.3177 3
    endloop
  endfacet
  facet normal 0.88191 -0.471418 0
    outer loop
      vertex 24.1188 -13.925 3
      vertex 24.7084 -12.822 4.5
      vertex 24.1188 -13.925 4.5
    endloop
  endfacet
  facet normal 0.881926 -0.471388 -2.80861e-05
    outer loop
      vertex 24.7084 -12.822 4.5
      vertex 24.1188 -13.925 3
      vertex 24.9779 -12.3177 3
    endloop
  endfacet
  facet normal 0.88196 -0.471323 0
    outer loop
      vertex 24.7084 -12.822 10
      vertex 24.9779 -12.3177 6.4
      vertex 24.9779 -12.3177 10
    endloop
  endfacet
  facet normal 0.88196 -0.471323 0
    outer loop
      vertex 24.9779 -12.3177 6.4
      vertex 24.7084 -12.822 10
      vertex 24.7084 -12.822 6.4
    endloop
  endfacet
  facet normal 0.352276 0.935896 -0
    outer loop
      vertex 10.6577 25.73 6.4
      vertex 8.95209 26.372 10
      vertex 10.6577 25.73 10
    endloop
  endfacet
  facet normal 0.352276 0.935896 0
    outer loop
      vertex 8.95209 26.372 10
      vertex 10.6577 25.73 6.4
      vertex 8.95209 26.372 6.4
    endloop
  endfacet
  facet normal 0.352276 0.935896 -0
    outer loop
      vertex 10.6577 25.73 3
      vertex 8.95209 26.372 5.6
      vertex 10.6577 25.73 5.6
    endloop
  endfacet
  facet normal 0.352276 0.935896 0
    outer loop
      vertex 8.95209 26.372 5.6
      vertex 10.6577 25.73 3
      vertex 8.95209 26.372 3
    endloop
  endfacet
  facet normal 0.973869 -0.227109 0
    outer loop
      vertex 26.901 -7.20811 5.6
      vertex 27.3149 -5.43326 3
      vertex 27.3149 -5.43326 5.6
    endloop
  endfacet
  facet normal 0.973869 -0.227109 0
    outer loop
      vertex 27.3149 -5.43326 3
      vertex 26.901 -7.20811 5.6
      vertex 26.901 -7.20811 3
    endloop
  endfacet
  facet normal 0.973869 -0.227109 0
    outer loop
      vertex 26.901 -7.20811 10
      vertex 27.3149 -5.43326 6.4
      vertex 27.3149 -5.43326 10
    endloop
  endfacet
  facet normal 0.973869 -0.227109 0
    outer loop
      vertex 27.3149 -5.43326 6.4
      vertex 26.901 -7.20811 10
      vertex 26.901 -7.20811 6.4
    endloop
  endfacet
  facet normal -0.162859 0.986649 0
    outer loop
      vertex -3.63515 27.6117 6.4
      vertex -5.43326 27.3149 10
      vertex -3.63515 27.6117 10
    endloop
  endfacet
  facet normal -0.162859 0.986649 0
    outer loop
      vertex -5.43326 27.3149 10
      vertex -3.63515 27.6117 6.4
      vertex -5.43326 27.3149 6.4
    endloop
  endfacet
  facet normal -0.162859 0.986649 0
    outer loop
      vertex -3.63515 27.6117 3
      vertex -5.43326 27.3149 5.6
      vertex -3.63515 27.6117 5.6
    endloop
  endfacet
  facet normal -0.162859 0.986649 0
    outer loop
      vertex -5.43326 27.3149 5.6
      vertex -3.63515 27.6117 3
      vertex -5.43326 27.3149 3
    endloop
  endfacet
  facet normal -0.352276 -0.935896 0
    outer loop
      vertex -10.6577 -25.73 6.4
      vertex -8.95209 -26.372 10
      vertex -10.6577 -25.73 10
    endloop
  endfacet
  facet normal -0.352276 -0.935896 -0
    outer loop
      vertex -8.95209 -26.372 10
      vertex -10.6577 -25.73 6.4
      vertex -8.95209 -26.372 6.4
    endloop
  endfacet
  facet normal -0.352276 -0.935896 0
    outer loop
      vertex -10.6577 -25.73 3
      vertex -8.95209 -26.372 5.6
      vertex -10.6577 -25.73 5.6
    endloop
  endfacet
  facet normal -0.352276 -0.935896 -0
    outer loop
      vertex -8.95209 -26.372 5.6
      vertex -10.6577 -25.73 3
      vertex -8.95209 -26.372 3
    endloop
  endfacet
  facet normal 0.812861 0.582457 0
    outer loop
      vertex 23.1564 15.4726 10
      vertex 22.0949 16.954 6.4
      vertex 22.0949 16.954 10
    endloop
  endfacet
  facet normal 0.812861 0.582457 0
    outer loop
      vertex 22.0949 16.954 6.4
      vertex 23.1564 15.4726 10
      vertex 23.1564 15.4726 6.4
    endloop
  endfacet
  facet normal 0.812861 0.582457 0
    outer loop
      vertex 23.1564 15.4726 5.6
      vertex 22.0949 16.954 3
      vertex 22.0949 16.954 5.6
    endloop
  endfacet
  facet normal 0.812861 0.582457 0
    outer loop
      vertex 22.0949 16.954 3
      vertex 23.1564 15.4726 5.6
      vertex 23.1564 15.4726 3
    endloop
  endfacet
  facet normal -0.471388 -0.881926 0
    outer loop
      vertex -13.925 -24.1188 6.4
      vertex -12.3177 -24.9779 10
      vertex -13.925 -24.1188 10
    endloop
  endfacet
  facet normal -0.471388 -0.881926 -0
    outer loop
      vertex -12.3177 -24.9779 10
      vertex -13.925 -24.1188 6.4
      vertex -12.3177 -24.9779 6.4
    endloop
  endfacet
  facet normal -0.471388 -0.881926 0
    outer loop
      vertex -13.925 -24.1188 3
      vertex -12.3177 -24.9779 5.6
      vertex -13.925 -24.1188 5.6
    endloop
  endfacet
  facet normal -0.471388 -0.881926 -0
    outer loop
      vertex -12.3177 -24.9779 5.6
      vertex -13.925 -24.1188 3
      vertex -12.3177 -24.9779 3
    endloop
  endfacet
  facet normal 0.849126 -0.52819 0
    outer loop
      vertex 23.4584 -14.9871 5.6
      vertex 23.1564 -15.4726 5.6
      vertex 23.4584 -14.9871 4.5
    endloop
  endfacet
  facet normal 0.849222 -0.528035 0
    outer loop
      vertex 23.4584 -14.9871 4.5
      vertex 24.1188 -13.925 3
      vertex 24.1188 -13.925 4.5
    endloop
  endfacet
  facet normal 0.849192 -0.528084 -4.75553e-05
    outer loop
      vertex 23.4584 -14.9871 4.5
      vertex 23.1564 -15.4726 3
      vertex 24.1188 -13.925 3
    endloop
  endfacet
  facet normal 0.849126 -0.52819 0
    outer loop
      vertex 23.1564 -15.4726 3
      vertex 23.4584 -14.9871 4.5
      vertex 23.1564 -15.4726 5.6
    endloop
  endfacet
  facet normal 0.849126 -0.52819 0
    outer loop
      vertex 23.1564 -15.4726 10
      vertex 23.4584 -14.9871 6.4
      vertex 23.4584 -14.9871 10
    endloop
  endfacet
  facet normal 0.849126 -0.52819 0
    outer loop
      vertex 23.4584 -14.9871 6.4
      vertex 23.1564 -15.4726 10
      vertex 23.1564 -15.4726 6.4
    endloop
  endfacet
  facet normal -0.935896 0.352276 0
    outer loop
      vertex -26.372 8.95209 3
      vertex -25.73 10.6577 5.6
      vertex -25.73 10.6577 3
    endloop
  endfacet
  facet normal -0.935896 0.352276 0
    outer loop
      vertex -25.73 10.6577 5.6
      vertex -26.372 8.95209 3
      vertex -26.372 8.95209 5.6
    endloop
  endfacet
  facet normal -0.935896 0.352276 0
    outer loop
      vertex -26.372 8.95209 6.4
      vertex -25.73 10.6577 10
      vertex -25.73 10.6577 6.4
    endloop
  endfacet
  facet normal -0.935896 0.352276 0
    outer loop
      vertex -25.73 10.6577 10
      vertex -26.372 8.95209 6.4
      vertex -26.372 8.95209 10
    endloop
  endfacet
  facet normal 0.471388 0.881926 -0
    outer loop
      vertex 13.925 24.1188 6.4
      vertex 12.3177 24.9779 10
      vertex 13.925 24.1188 10
    endloop
  endfacet
  facet normal 0.471388 0.881926 0
    outer loop
      vertex 12.3177 24.9779 10
      vertex 13.925 24.1188 6.4
      vertex 12.3177 24.9779 6.4
    endloop
  endfacet
  facet normal 0.471388 0.881926 -0
    outer loop
      vertex 13.925 24.1188 3
      vertex 12.3177 24.9779 5.6
      vertex 13.925 24.1188 5.6
    endloop
  endfacet
  facet normal 0.471388 0.881926 0
    outer loop
      vertex 12.3177 24.9779 5.6
      vertex 13.925 24.1188 3
      vertex 12.3177 24.9779 3
    endloop
  endfacet
  facet normal 0.528084 -0.849192 0
    outer loop
      vertex 13.925 -24.1188 3
      vertex 15.4726 -23.1564 5.6
      vertex 13.925 -24.1188 5.6
    endloop
  endfacet
  facet normal 0.528084 -0.849192 0
    outer loop
      vertex 15.4726 -23.1564 5.6
      vertex 13.925 -24.1188 3
      vertex 15.4726 -23.1564 3
    endloop
  endfacet
  facet normal 0.528084 -0.849192 0
    outer loop
      vertex 13.925 -24.1188 6.4
      vertex 15.4726 -23.1564 10
      vertex 13.925 -24.1188 10
    endloop
  endfacet
  facet normal 0.528084 -0.849192 0
    outer loop
      vertex 15.4726 -23.1564 10
      vertex 13.925 -24.1188 6.4
      vertex 15.4726 -23.1564 6.4
    endloop
  endfacet
  facet normal -0.412691 0.910871 0
    outer loop
      vertex -10.6577 25.73 6.4
      vertex -12.3177 24.9779 10
      vertex -10.6577 25.73 10
    endloop
  endfacet
  facet normal -0.412691 0.910871 0
    outer loop
      vertex -12.3177 24.9779 10
      vertex -10.6577 25.73 6.4
      vertex -12.3177 24.9779 6.4
    endloop
  endfacet
  facet normal -0.412691 0.910871 0
    outer loop
      vertex -10.6577 25.73 3
      vertex -12.3177 24.9779 5.6
      vertex -10.6577 25.73 5.6
    endloop
  endfacet
  facet normal -0.412691 0.910871 0
    outer loop
      vertex -12.3177 24.9779 5.6
      vertex -10.6577 25.73 3
      vertex -12.3177 24.9779 3
    endloop
  endfacet
  facet normal -0.290269 -0.956945 0
    outer loop
      vertex -8.95209 -26.372 3
      vertex -7.20811 -26.901 5.6
      vertex -8.95209 -26.372 5.6
    endloop
  endfacet
  facet normal -0.290269 -0.956945 -0
    outer loop
      vertex -7.20811 -26.901 5.6
      vertex -8.95209 -26.372 3
      vertex -7.20811 -26.901 3
    endloop
  endfacet
  facet normal -0.290269 -0.956945 0
    outer loop
      vertex -8.95209 -26.372 6.4
      vertex -7.20811 -26.901 10
      vertex -8.95209 -26.372 10
    endloop
  endfacet
  facet normal -0.290269 -0.956945 -0
    outer loop
      vertex -7.20811 -26.901 10
      vertex -8.95209 -26.372 6.4
      vertex -7.20811 -26.901 6.4
    endloop
  endfacet
  facet normal -0.986649 -0.162859 0
    outer loop
      vertex -27.3149 -5.43326 6.4
      vertex -27.6117 -3.63515 10
      vertex -27.6117 -3.63515 6.4
    endloop
  endfacet
  facet normal -0.986649 -0.162859 0
    outer loop
      vertex -27.6117 -3.63515 10
      vertex -27.3149 -5.43326 6.4
      vertex -27.3149 -5.43326 10
    endloop
  endfacet
  facet normal -0.986649 -0.162859 0
    outer loop
      vertex -27.3149 -5.43326 3
      vertex -27.6117 -3.63515 5.6
      vertex -27.6117 -3.63515 3
    endloop
  endfacet
  facet normal -0.986649 -0.162859 0
    outer loop
      vertex -27.6117 -3.63515 5.6
      vertex -27.3149 -5.43326 3
      vertex -27.3149 -5.43326 5.6
    endloop
  endfacet
  facet normal 0.471388 -0.881926 0
    outer loop
      vertex 12.3177 -24.9779 3
      vertex 13.925 -24.1188 5.6
      vertex 12.3177 -24.9779 5.6
    endloop
  endfacet
  facet normal 0.471388 -0.881926 0
    outer loop
      vertex 13.925 -24.1188 5.6
      vertex 12.3177 -24.9779 3
      vertex 13.925 -24.1188 3
    endloop
  endfacet
  facet normal 0.471388 -0.881926 0
    outer loop
      vertex 12.3177 -24.9779 6.4
      vertex 13.925 -24.1188 10
      vertex 12.3177 -24.9779 10
    endloop
  endfacet
  facet normal 0.471388 -0.881926 0
    outer loop
      vertex 13.925 -24.1188 10
      vertex 12.3177 -24.9779 6.4
      vertex 13.925 -24.1188 6.4
    endloop
  endfacet
  facet normal 0.582457 0.812861 -0
    outer loop
      vertex 16.954 22.0949 3
      vertex 15.4726 23.1564 5.6
      vertex 16.954 22.0949 5.6
    endloop
  endfacet
  facet normal 0.582457 0.812861 0
    outer loop
      vertex 15.4726 23.1564 5.6
      vertex 16.954 22.0949 3
      vertex 15.4726 23.1564 3
    endloop
  endfacet
  facet normal 0.582457 0.812861 -0
    outer loop
      vertex 16.954 22.0949 6.4
      vertex 15.4726 23.1564 10
      vertex 16.954 22.0949 10
    endloop
  endfacet
  facet normal 0.582457 0.812861 0
    outer loop
      vertex 15.4726 23.1564 10
      vertex 16.954 22.0949 6.4
      vertex 15.4726 23.1564 6.4
    endloop
  endfacet
  facet normal 0.995181 -0.0980547 0
    outer loop
      vertex 27.6117 -3.63515 10
      vertex 27.7904 -1.82148 6.4
      vertex 27.7904 -1.82148 10
    endloop
  endfacet
  facet normal 0.995181 -0.0980547 0
    outer loop
      vertex 27.7904 -1.82148 6.4
      vertex 27.6117 -3.63515 10
      vertex 27.6117 -3.63515 6.4
    endloop
  endfacet
  facet normal 0.995181 -0.0980547 0
    outer loop
      vertex 27.6117 -3.63515 5.6
      vertex 27.7904 -1.82148 3
      vertex 27.7904 -1.82148 5.6
    endloop
  endfacet
  facet normal 0.995181 -0.0980547 0
    outer loop
      vertex 27.7904 -1.82148 3
      vertex 27.6117 -3.63515 5.6
      vertex 27.6117 -3.63515 3
    endloop
  endfacet
  facet normal -0.352276 0.935896 0
    outer loop
      vertex -8.95209 26.372 3
      vertex -10.6577 25.73 5.6
      vertex -8.95209 26.372 5.6
    endloop
  endfacet
  facet normal -0.352276 0.935896 0
    outer loop
      vertex -10.6577 25.73 5.6
      vertex -8.95209 26.372 3
      vertex -10.6577 25.73 3
    endloop
  endfacet
  facet normal -0.352276 0.935896 0
    outer loop
      vertex -8.95209 26.372 6.4
      vertex -10.6577 25.73 10
      vertex -8.95209 26.372 10
    endloop
  endfacet
  facet normal -0.352276 0.935896 0
    outer loop
      vertex -10.6577 25.73 10
      vertex -8.95209 26.372 6.4
      vertex -10.6577 25.73 6.4
    endloop
  endfacet
  facet normal 0.956945 0.290269 0
    outer loop
      vertex 26.901 7.20811 5.6
      vertex 26.372 8.95209 3
      vertex 26.372 8.95209 5.6
    endloop
  endfacet
  facet normal 0.956945 0.290269 0
    outer loop
      vertex 26.372 8.95209 3
      vertex 26.901 7.20811 5.6
      vertex 26.901 7.20811 3
    endloop
  endfacet
  facet normal 0.956945 0.290269 0
    outer loop
      vertex 26.901 7.20811 10
      vertex 26.372 8.95209 6.4
      vertex 26.372 8.95209 10
    endloop
  endfacet
  facet normal 0.956945 0.290269 0
    outer loop
      vertex 26.372 8.95209 6.4
      vertex 26.901 7.20811 10
      vertex 26.901 7.20811 6.4
    endloop
  endfacet
  facet normal -0.0327046 -0.999465 0
    outer loop
      vertex -1.82148 -27.7904 6.4
      vertex -1.25 -27.8091 10
      vertex -1.82148 -27.7904 10
    endloop
  endfacet
  facet normal -0.0327046 -0.999465 -0
    outer loop
      vertex -1.25 -27.8091 10
      vertex -1.82148 -27.7904 6.4
      vertex -1.25 -27.8091 6.4
    endloop
  endfacet
  facet normal -0.0327046 -0.999465 0
    outer loop
      vertex -1.82148 -27.7904 5.6
      vertex -1.25 -27.8091 4.5
      vertex -1.25 -27.8091 5.6
    endloop
  endfacet
  facet normal -0.0327046 -0.999465 0
    outer loop
      vertex -1.82148 -27.7904 3
      vertex -1.25 -27.8091 4.5
      vertex -1.82148 -27.7904 5.6
    endloop
  endfacet
  facet normal -0.0327031 -0.999465 -5.37005e-07
    outer loop
      vertex 0 -27.85 3
      vertex -1.25 -27.8091 4.5
      vertex -1.82148 -27.7904 3
    endloop
  endfacet
  facet normal -0.0327025 -0.999465 0
    outer loop
      vertex -1.25 -27.8091 4.5
      vertex 0 -27.85 3
      vertex 0 -27.85 4.5
    endloop
  endfacet
  facet normal -0.999465 0.0327031 0
    outer loop
      vertex -27.85 0 6.4
      vertex -27.7904 1.82148 10
      vertex -27.7904 1.82148 6.4
    endloop
  endfacet
  facet normal -0.999465 0.0327031 0
    outer loop
      vertex -27.7904 1.82148 10
      vertex -27.85 0 6.4
      vertex -27.85 0 10
    endloop
  endfacet
  facet normal -0.999465 0.0327031 0
    outer loop
      vertex -27.85 0 3
      vertex -27.7904 1.82148 5.6
      vertex -27.7904 1.82148 3
    endloop
  endfacet
  facet normal -0.999465 0.0327031 0
    outer loop
      vertex -27.7904 1.82148 5.6
      vertex -27.85 0 3
      vertex -27.85 0 5.6
    endloop
  endfacet
  facet normal -0.995181 0.0980547 0
    outer loop
      vertex -27.7904 1.82148 6.4
      vertex -27.6117 3.63515 10
      vertex -27.6117 3.63515 6.4
    endloop
  endfacet
  facet normal -0.995181 0.0980547 0
    outer loop
      vertex -27.6117 3.63515 10
      vertex -27.7904 1.82148 6.4
      vertex -27.7904 1.82148 10
    endloop
  endfacet
  facet normal -0.995181 0.0980547 0
    outer loop
      vertex -27.7904 1.82148 3
      vertex -27.6117 3.63515 5.6
      vertex -27.6117 3.63515 3
    endloop
  endfacet
  facet normal -0.995181 0.0980547 0
    outer loop
      vertex -27.6117 3.63515 5.6
      vertex -27.7904 1.82148 3
      vertex -27.7904 1.82148 5.6
    endloop
  endfacet
  facet normal -0.582457 -0.812861 0
    outer loop
      vertex -16.954 -22.0949 3
      vertex -15.4726 -23.1564 5.6
      vertex -16.954 -22.0949 5.6
    endloop
  endfacet
  facet normal -0.582457 -0.812861 -0
    outer loop
      vertex -15.4726 -23.1564 5.6
      vertex -16.954 -22.0949 3
      vertex -15.4726 -23.1564 3
    endloop
  endfacet
  facet normal -0.582457 -0.812861 0
    outer loop
      vertex -16.954 -22.0949 6.4
      vertex -15.4726 -23.1564 10
      vertex -16.954 -22.0949 10
    endloop
  endfacet
  facet normal -0.582457 -0.812861 -0
    outer loop
      vertex -15.4726 -23.1564 10
      vertex -16.954 -22.0949 6.4
      vertex -15.4726 -23.1564 6.4
    endloop
  endfacet
  facet normal 0.6836 0.729857 -0
    outer loop
      vertex 19.6929 19.6929 6.4
      vertex 18.3628 20.9387 10
      vertex 19.6929 19.6929 10
    endloop
  endfacet
  facet normal 0.6836 0.729857 0
    outer loop
      vertex 18.3628 20.9387 10
      vertex 19.6929 19.6929 6.4
      vertex 18.3628 20.9387 6.4
    endloop
  endfacet
  facet normal 0.6836 0.729857 -0
    outer loop
      vertex 19.6929 19.6929 3
      vertex 18.3628 20.9387 5.6
      vertex 19.6929 19.6929 5.6
    endloop
  endfacet
  facet normal 0.6836 0.729857 0
    outer loop
      vertex 18.3628 20.9387 5.6
      vertex 19.6929 19.6929 3
      vertex 18.3628 20.9387 3
    endloop
  endfacet
  facet normal 0.88196 0.471323 0
    outer loop
      vertex 24.7084 12.822 5.6
      vertex 24.9779 12.3177 5.6
      vertex 24.7084 12.822 4.5
    endloop
  endfacet
  facet normal 0.88191 0.471418 0
    outer loop
      vertex 24.7084 12.822 4.5
      vertex 24.1188 13.925 3
      vertex 24.1188 13.925 4.5
    endloop
  endfacet
  facet normal 0.881926 0.471388 -2.80861e-05
    outer loop
      vertex 24.7084 12.822 4.5
      vertex 24.9779 12.3177 3
      vertex 24.1188 13.925 3
    endloop
  endfacet
  facet normal 0.88196 0.471323 -0
    outer loop
      vertex 24.9779 12.3177 3
      vertex 24.7084 12.822 4.5
      vertex 24.9779 12.3177 5.6
    endloop
  endfacet
  facet normal 0.88196 0.471323 0
    outer loop
      vertex 24.9779 12.3177 10
      vertex 24.7084 12.822 6.4
      vertex 24.7084 12.822 10
    endloop
  endfacet
  facet normal 0.88196 0.471323 0
    outer loop
      vertex 24.7084 12.822 6.4
      vertex 24.9779 12.3177 10
      vertex 24.9779 12.3177 6.4
    endloop
  endfacet
  facet normal -0.6836 0.729857 0
    outer loop
      vertex -18.3628 20.9387 6.4
      vertex -19.6929 19.6929 10
      vertex -18.3628 20.9387 10
    endloop
  endfacet
  facet normal -0.6836 0.729857 0
    outer loop
      vertex -19.6929 19.6929 10
      vertex -18.3628 20.9387 6.4
      vertex -19.6929 19.6929 6.4
    endloop
  endfacet
  facet normal -0.6836 0.729857 0
    outer loop
      vertex -18.3628 20.9387 3
      vertex -19.6929 19.6929 5.6
      vertex -18.3628 20.9387 5.6
    endloop
  endfacet
  facet normal -0.6836 0.729857 0
    outer loop
      vertex -19.6929 19.6929 5.6
      vertex -18.3628 20.9387 3
      vertex -19.6929 19.6929 3
    endloop
  endfacet
  facet normal 0.956945 -0.290269 0
    outer loop
      vertex 26.372 -8.95209 10
      vertex 26.901 -7.20811 6.4
      vertex 26.901 -7.20811 10
    endloop
  endfacet
  facet normal 0.956945 -0.290269 0
    outer loop
      vertex 26.901 -7.20811 6.4
      vertex 26.372 -8.95209 10
      vertex 26.372 -8.95209 6.4
    endloop
  endfacet
  facet normal 0.956945 -0.290269 0
    outer loop
      vertex 26.372 -8.95209 5.6
      vertex 26.901 -7.20811 3
      vertex 26.901 -7.20811 5.6
    endloop
  endfacet
  facet normal 0.956945 -0.290269 0
    outer loop
      vertex 26.901 -7.20811 3
      vertex 26.372 -8.95209 5.6
      vertex 26.372 -8.95209 3
    endloop
  endfacet
  facet normal 0.6836 -0.729857 0
    outer loop
      vertex 18.3628 -20.9387 6.4
      vertex 19.6929 -19.6929 10
      vertex 18.3628 -20.9387 10
    endloop
  endfacet
  facet normal 0.6836 -0.729857 0
    outer loop
      vertex 19.6929 -19.6929 10
      vertex 18.3628 -20.9387 6.4
      vertex 19.6929 -19.6929 6.4
    endloop
  endfacet
  facet normal 0.6836 -0.729857 0
    outer loop
      vertex 18.3628 -20.9387 3
      vertex 19.6929 -19.6929 5.6
      vertex 18.3628 -20.9387 5.6
    endloop
  endfacet
  facet normal 0.6836 -0.729857 0
    outer loop
      vertex 19.6929 -19.6929 5.6
      vertex 18.3628 -20.9387 3
      vertex 19.6929 -19.6929 3
    endloop
  endfacet
  facet normal 0.986649 -0.162859 0
    outer loop
      vertex 27.3149 -5.43326 5.6
      vertex 27.6117 -3.63515 3
      vertex 27.6117 -3.63515 5.6
    endloop
  endfacet
  facet normal 0.986649 -0.162859 0
    outer loop
      vertex 27.6117 -3.63515 3
      vertex 27.3149 -5.43326 5.6
      vertex 27.3149 -5.43326 3
    endloop
  endfacet
  facet normal 0.986649 -0.162859 0
    outer loop
      vertex 27.3149 -5.43326 10
      vertex 27.6117 -3.63515 6.4
      vertex 27.6117 -3.63515 10
    endloop
  endfacet
  facet normal 0.986649 -0.162859 0
    outer loop
      vertex 27.6117 -3.63515 6.4
      vertex 27.3149 -5.43326 10
      vertex 27.3149 -5.43326 6.4
    endloop
  endfacet
  facet normal -0.0980547 0.995181 0
    outer loop
      vertex -1.82148 27.7904 6.4
      vertex -3.63515 27.6117 10
      vertex -1.82148 27.7904 10
    endloop
  endfacet
  facet normal -0.0980547 0.995181 0
    outer loop
      vertex -3.63515 27.6117 10
      vertex -1.82148 27.7904 6.4
      vertex -3.63515 27.6117 6.4
    endloop
  endfacet
  facet normal -0.0980547 0.995181 0
    outer loop
      vertex -1.82148 27.7904 3
      vertex -3.63515 27.6117 5.6
      vertex -1.82148 27.7904 5.6
    endloop
  endfacet
  facet normal -0.0980547 0.995181 0
    outer loop
      vertex -3.63515 27.6117 5.6
      vertex -1.82148 27.7904 3
      vertex -3.63515 27.6117 3
    endloop
  endfacet
  facet normal -0.849126 -0.52819 0
    outer loop
      vertex -23.1564 -15.4726 6.4
      vertex -23.4584 -14.9871 10
      vertex -23.4584 -14.9871 6.4
    endloop
  endfacet
  facet normal -0.849126 -0.52819 0
    outer loop
      vertex -23.4584 -14.9871 10
      vertex -23.1564 -15.4726 6.4
      vertex -23.1564 -15.4726 10
    endloop
  endfacet
  facet normal -0.849222 -0.528035 0
    outer loop
      vertex -24.1188 -13.925 3
      vertex -23.4584 -14.9871 4.5
      vertex -24.1188 -13.925 4.5
    endloop
  endfacet
  facet normal -0.849192 -0.528084 -4.75553e-05
    outer loop
      vertex -23.1564 -15.4726 3
      vertex -23.4584 -14.9871 4.5
      vertex -24.1188 -13.925 3
    endloop
  endfacet
  facet normal -0.849126 -0.52819 -0
    outer loop
      vertex -23.1564 -15.4726 5.6
      vertex -23.4584 -14.9871 4.5
      vertex -23.1564 -15.4726 3
    endloop
  endfacet
  facet normal -0.849126 -0.52819 0
    outer loop
      vertex -23.4584 -14.9871 4.5
      vertex -23.1564 -15.4726 5.6
      vertex -23.4584 -14.9871 5.6
    endloop
  endfacet
  facet normal -0.412691 -0.910871 0
    outer loop
      vertex -12.3177 -24.9779 3
      vertex -10.6577 -25.73 5.6
      vertex -12.3177 -24.9779 5.6
    endloop
  endfacet
  facet normal -0.412691 -0.910871 -0
    outer loop
      vertex -10.6577 -25.73 5.6
      vertex -12.3177 -24.9779 3
      vertex -10.6577 -25.73 3
    endloop
  endfacet
  facet normal -0.412691 -0.910871 0
    outer loop
      vertex -12.3177 -24.9779 6.4
      vertex -10.6577 -25.73 10
      vertex -12.3177 -24.9779 10
    endloop
  endfacet
  facet normal -0.412691 -0.910871 -0
    outer loop
      vertex -10.6577 -25.73 10
      vertex -12.3177 -24.9779 6.4
      vertex -10.6577 -25.73 6.4
    endloop
  endfacet
  facet normal 0.0327046 0.999465 0
    outer loop
      vertex 1.82148 27.7904 5.6
      vertex 1.25 27.8091 4.5
      vertex 1.25 27.8091 5.6
    endloop
  endfacet
  facet normal 0.0327046 0.999465 -0
    outer loop
      vertex 1.82148 27.7904 3
      vertex 1.25 27.8091 4.5
      vertex 1.82148 27.7904 5.6
    endloop
  endfacet
  facet normal 0.0327031 0.999465 -5.37005e-07
    outer loop
      vertex 0 27.85 3
      vertex 1.25 27.8091 4.5
      vertex 1.82148 27.7904 3
    endloop
  endfacet
  facet normal 0.0327025 0.999465 0
    outer loop
      vertex 1.25 27.8091 4.5
      vertex 0 27.85 3
      vertex 0 27.85 4.5
    endloop
  endfacet
  facet normal 0.0327046 0.999465 -0
    outer loop
      vertex 1.82148 27.7904 6.4
      vertex 1.25 27.8091 10
      vertex 1.82148 27.7904 10
    endloop
  endfacet
  facet normal 0.0327046 0.999465 0
    outer loop
      vertex 1.25 27.8091 10
      vertex 1.82148 27.7904 6.4
      vertex 1.25 27.8091 6.4
    endloop
  endfacet
  facet normal -0.471388 0.881926 0
    outer loop
      vertex -12.3177 24.9779 6.4
      vertex -13.925 24.1188 10
      vertex -12.3177 24.9779 10
    endloop
  endfacet
  facet normal -0.471388 0.881926 0
    outer loop
      vertex -13.925 24.1188 10
      vertex -12.3177 24.9779 6.4
      vertex -13.925 24.1188 6.4
    endloop
  endfacet
  facet normal -0.471388 0.881926 0
    outer loop
      vertex -12.3177 24.9779 3
      vertex -13.925 24.1188 5.6
      vertex -12.3177 24.9779 5.6
    endloop
  endfacet
  facet normal -0.471388 0.881926 0
    outer loop
      vertex -13.925 24.1188 5.6
      vertex -12.3177 24.9779 3
      vertex -13.925 24.1188 3
    endloop
  endfacet
  facet normal -0.634402 -0.773003 0
    outer loop
      vertex -18.3628 -20.9387 3
      vertex -16.954 -22.0949 5.6
      vertex -18.3628 -20.9387 5.6
    endloop
  endfacet
  facet normal -0.634402 -0.773003 -0
    outer loop
      vertex -16.954 -22.0949 5.6
      vertex -18.3628 -20.9387 3
      vertex -16.954 -22.0949 3
    endloop
  endfacet
  facet normal -0.634402 -0.773003 0
    outer loop
      vertex -18.3628 -20.9387 6.4
      vertex -16.954 -22.0949 10
      vertex -18.3628 -20.9387 10
    endloop
  endfacet
  facet normal -0.634402 -0.773003 -0
    outer loop
      vertex -16.954 -22.0949 10
      vertex -18.3628 -20.9387 6.4
      vertex -16.954 -22.0949 6.4
    endloop
  endfacet
  facet normal 0.0980547 0.995181 -0
    outer loop
      vertex 3.63515 27.6117 6.4
      vertex 1.82148 27.7904 10
      vertex 3.63515 27.6117 10
    endloop
  endfacet
  facet normal 0.0980547 0.995181 0
    outer loop
      vertex 1.82148 27.7904 10
      vertex 3.63515 27.6117 6.4
      vertex 1.82148 27.7904 6.4
    endloop
  endfacet
  facet normal 0.0980547 0.995181 -0
    outer loop
      vertex 3.63515 27.6117 3
      vertex 1.82148 27.7904 5.6
      vertex 3.63515 27.6117 5.6
    endloop
  endfacet
  facet normal 0.0980547 0.995181 0
    outer loop
      vertex 1.82148 27.7904 5.6
      vertex 3.63515 27.6117 3
      vertex 1.82148 27.7904 3
    endloop
  endfacet
  facet normal 0.0327046 -0.999465 0
    outer loop
      vertex 1.25 -27.8091 6.4
      vertex 1.82148 -27.7904 10
      vertex 1.25 -27.8091 10
    endloop
  endfacet
  facet normal 0.0327046 -0.999465 0
    outer loop
      vertex 1.82148 -27.7904 10
      vertex 1.25 -27.8091 6.4
      vertex 1.82148 -27.7904 6.4
    endloop
  endfacet
  facet normal 0.0327025 -0.999465 0
    outer loop
      vertex 0 -27.85 4.5
      vertex 0 -27.85 3
      vertex 1.25 -27.8091 4.5
    endloop
  endfacet
  facet normal 0.0327046 -0.999465 0
    outer loop
      vertex 1.25 -27.8091 4.5
      vertex 1.82148 -27.7904 5.6
      vertex 1.25 -27.8091 5.6
    endloop
  endfacet
  facet normal 0.0327046 -0.999465 0
    outer loop
      vertex 1.25 -27.8091 4.5
      vertex 1.82148 -27.7904 3
      vertex 1.82148 -27.7904 5.6
    endloop
  endfacet
  facet normal 0.0327031 -0.999465 -5.37005e-07
    outer loop
      vertex 1.82148 -27.7904 3
      vertex 1.25 -27.8091 4.5
      vertex 0 -27.85 3
    endloop
  endfacet
  facet normal 0.729857 -0.6836 0
    outer loop
      vertex 19.6929 -19.6929 10
      vertex 20.9387 -18.3628 6.4
      vertex 20.9387 -18.3628 10
    endloop
  endfacet
  facet normal 0.729857 -0.6836 0
    outer loop
      vertex 20.9387 -18.3628 6.4
      vertex 19.6929 -19.6929 10
      vertex 19.6929 -19.6929 6.4
    endloop
  endfacet
  facet normal 0.729857 -0.6836 0
    outer loop
      vertex 19.6929 -19.6929 5.6
      vertex 20.9387 -18.3628 3
      vertex 20.9387 -18.3628 5.6
    endloop
  endfacet
  facet normal 0.729857 -0.6836 0
    outer loop
      vertex 20.9387 -18.3628 3
      vertex 19.6929 -19.6929 5.6
      vertex 19.6929 -19.6929 3
    endloop
  endfacet
  facet normal 0.773003 -0.634402 0
    outer loop
      vertex 20.9387 -18.3628 10
      vertex 22.0949 -16.954 6.4
      vertex 22.0949 -16.954 10
    endloop
  endfacet
  facet normal 0.773003 -0.634402 0
    outer loop
      vertex 22.0949 -16.954 6.4
      vertex 20.9387 -18.3628 10
      vertex 20.9387 -18.3628 6.4
    endloop
  endfacet
  facet normal 0.773003 -0.634402 0
    outer loop
      vertex 20.9387 -18.3628 5.6
      vertex 22.0949 -16.954 3
      vertex 22.0949 -16.954 5.6
    endloop
  endfacet
  facet normal 0.773003 -0.634402 0
    outer loop
      vertex 22.0949 -16.954 3
      vertex 20.9387 -18.3628 5.6
      vertex 20.9387 -18.3628 3
    endloop
  endfacet
  facet normal 0.528084 0.849192 -0
    outer loop
      vertex 15.4726 23.1564 6.4
      vertex 13.925 24.1188 10
      vertex 15.4726 23.1564 10
    endloop
  endfacet
  facet normal 0.528084 0.849192 0
    outer loop
      vertex 13.925 24.1188 10
      vertex 15.4726 23.1564 6.4
      vertex 13.925 24.1188 6.4
    endloop
  endfacet
  facet normal 0.528084 0.849192 -0
    outer loop
      vertex 15.4726 23.1564 3
      vertex 13.925 24.1188 5.6
      vertex 15.4726 23.1564 5.6
    endloop
  endfacet
  facet normal 0.528084 0.849192 0
    outer loop
      vertex 13.925 24.1188 5.6
      vertex 15.4726 23.1564 3
      vertex 13.925 24.1188 3
    endloop
  endfacet
  facet normal -0.227109 0.973869 0
    outer loop
      vertex -5.43326 27.3149 6.4
      vertex -7.20811 26.901 10
      vertex -5.43326 27.3149 10
    endloop
  endfacet
  facet normal -0.227109 0.973869 0
    outer loop
      vertex -7.20811 26.901 10
      vertex -5.43326 27.3149 6.4
      vertex -7.20811 26.901 6.4
    endloop
  endfacet
  facet normal -0.227109 0.973869 0
    outer loop
      vertex -5.43326 27.3149 3
      vertex -7.20811 26.901 5.6
      vertex -5.43326 27.3149 5.6
    endloop
  endfacet
  facet normal -0.227109 0.973869 0
    outer loop
      vertex -7.20811 26.901 5.6
      vertex -5.43326 27.3149 3
      vertex -7.20811 26.901 3
    endloop
  endfacet
  facet normal -0.773003 -0.634402 0
    outer loop
      vertex -20.9387 -18.3628 3
      vertex -22.0949 -16.954 5.6
      vertex -22.0949 -16.954 3
    endloop
  endfacet
  facet normal -0.773003 -0.634402 0
    outer loop
      vertex -22.0949 -16.954 5.6
      vertex -20.9387 -18.3628 3
      vertex -20.9387 -18.3628 5.6
    endloop
  endfacet
  facet normal -0.773003 -0.634402 0
    outer loop
      vertex -20.9387 -18.3628 6.4
      vertex -22.0949 -16.954 10
      vertex -22.0949 -16.954 6.4
    endloop
  endfacet
  facet normal -0.773003 -0.634402 0
    outer loop
      vertex -22.0949 -16.954 10
      vertex -20.9387 -18.3628 6.4
      vertex -20.9387 -18.3628 10
    endloop
  endfacet
  facet normal -0.88196 -0.471323 0
    outer loop
      vertex -24.9779 -12.3177 3
      vertex -24.7084 -12.822 4.5
      vertex -24.9779 -12.3177 5.6
    endloop
  endfacet
  facet normal -0.881926 -0.471388 -2.80861e-05
    outer loop
      vertex -24.1188 -13.925 3
      vertex -24.7084 -12.822 4.5
      vertex -24.9779 -12.3177 3
    endloop
  endfacet
  facet normal -0.88191 -0.471418 0
    outer loop
      vertex -24.7084 -12.822 4.5
      vertex -24.1188 -13.925 3
      vertex -24.1188 -13.925 4.5
    endloop
  endfacet
  facet normal -0.88196 -0.471323 0
    outer loop
      vertex -24.9779 -12.3177 5.6
      vertex -24.7084 -12.822 4.5
      vertex -24.7084 -12.822 5.6
    endloop
  endfacet
  facet normal -0.88196 -0.471323 0
    outer loop
      vertex -24.7084 -12.822 6.4
      vertex -24.9779 -12.3177 10
      vertex -24.9779 -12.3177 6.4
    endloop
  endfacet
  facet normal -0.88196 -0.471323 0
    outer loop
      vertex -24.9779 -12.3177 10
      vertex -24.7084 -12.822 6.4
      vertex -24.7084 -12.822 10
    endloop
  endfacet
  facet normal -0.973869 -0.227109 0
    outer loop
      vertex -26.901 -7.20811 6.4
      vertex -27.3149 -5.43326 10
      vertex -27.3149 -5.43326 6.4
    endloop
  endfacet
  facet normal -0.973869 -0.227109 0
    outer loop
      vertex -27.3149 -5.43326 10
      vertex -26.901 -7.20811 6.4
      vertex -26.901 -7.20811 10
    endloop
  endfacet
  facet normal -0.973869 -0.227109 0
    outer loop
      vertex -26.901 -7.20811 3
      vertex -27.3149 -5.43326 5.6
      vertex -27.3149 -5.43326 3
    endloop
  endfacet
  facet normal -0.973869 -0.227109 0
    outer loop
      vertex -27.3149 -5.43326 5.6
      vertex -26.901 -7.20811 3
      vertex -26.901 -7.20811 5.6
    endloop
  endfacet
  facet normal 0.999465 -0.0327031 0
    outer loop
      vertex 27.7904 -1.82148 5.6
      vertex 27.85 0 3
      vertex 27.85 0 5.6
    endloop
  endfacet
  facet normal 0.999465 -0.0327031 0
    outer loop
      vertex 27.85 0 3
      vertex 27.7904 -1.82148 5.6
      vertex 27.7904 -1.82148 3
    endloop
  endfacet
  facet normal 0.999465 -0.0327031 0
    outer loop
      vertex 27.7904 -1.82148 10
      vertex 27.85 0 6.4
      vertex 27.85 0 10
    endloop
  endfacet
  facet normal 0.999465 -0.0327031 0
    outer loop
      vertex 27.85 0 6.4
      vertex 27.7904 -1.82148 10
      vertex 27.7904 -1.82148 6.4
    endloop
  endfacet
  facet normal 0.634402 0.773003 -0
    outer loop
      vertex 18.3628 20.9387 3
      vertex 16.954 22.0949 5.6
      vertex 18.3628 20.9387 5.6
    endloop
  endfacet
  facet normal 0.634402 0.773003 0
    outer loop
      vertex 16.954 22.0949 5.6
      vertex 18.3628 20.9387 3
      vertex 16.954 22.0949 3
    endloop
  endfacet
  facet normal 0.634402 0.773003 -0
    outer loop
      vertex 18.3628 20.9387 6.4
      vertex 16.954 22.0949 10
      vertex 18.3628 20.9387 10
    endloop
  endfacet
  facet normal 0.634402 0.773003 0
    outer loop
      vertex 16.954 22.0949 10
      vertex 18.3628 20.9387 6.4
      vertex 16.954 22.0949 6.4
    endloop
  endfacet
  facet normal -0.812861 -0.582457 0
    outer loop
      vertex -22.0949 -16.954 6.4
      vertex -23.1564 -15.4726 10
      vertex -23.1564 -15.4726 6.4
    endloop
  endfacet
  facet normal -0.812861 -0.582457 0
    outer loop
      vertex -23.1564 -15.4726 10
      vertex -22.0949 -16.954 6.4
      vertex -22.0949 -16.954 10
    endloop
  endfacet
  facet normal -0.812861 -0.582457 0
    outer loop
      vertex -22.0949 -16.954 3
      vertex -23.1564 -15.4726 5.6
      vertex -23.1564 -15.4726 3
    endloop
  endfacet
  facet normal -0.812861 -0.582457 0
    outer loop
      vertex -23.1564 -15.4726 5.6
      vertex -22.0949 -16.954 3
      vertex -22.0949 -16.954 5.6
    endloop
  endfacet
  facet normal -0.290269 0.956945 0
    outer loop
      vertex -7.20811 26.901 6.4
      vertex -8.95209 26.372 10
      vertex -7.20811 26.901 10
    endloop
  endfacet
  facet normal -0.290269 0.956945 0
    outer loop
      vertex -8.95209 26.372 10
      vertex -7.20811 26.901 6.4
      vertex -8.95209 26.372 6.4
    endloop
  endfacet
  facet normal -0.290269 0.956945 0
    outer loop
      vertex -7.20811 26.901 3
      vertex -8.95209 26.372 5.6
      vertex -7.20811 26.901 5.6
    endloop
  endfacet
  facet normal -0.290269 0.956945 0
    outer loop
      vertex -8.95209 26.372 5.6
      vertex -7.20811 26.901 3
      vertex -8.95209 26.372 3
    endloop
  endfacet
  facet normal -0.999465 -0.0327031 0
    outer loop
      vertex -27.7904 -1.82148 6.4
      vertex -27.85 0 10
      vertex -27.85 0 6.4
    endloop
  endfacet
  facet normal -0.999465 -0.0327031 0
    outer loop
      vertex -27.85 0 10
      vertex -27.7904 -1.82148 6.4
      vertex -27.7904 -1.82148 10
    endloop
  endfacet
  facet normal -0.999465 -0.0327031 0
    outer loop
      vertex -27.7904 -1.82148 3
      vertex -27.85 0 5.6
      vertex -27.85 0 3
    endloop
  endfacet
  facet normal -0.999465 -0.0327031 0
    outer loop
      vertex -27.85 0 5.6
      vertex -27.7904 -1.82148 3
      vertex -27.7904 -1.82148 5.6
    endloop
  endfacet
  facet normal 0.0980547 -0.995181 0
    outer loop
      vertex 1.82148 -27.7904 6.4
      vertex 3.63515 -27.6117 10
      vertex 1.82148 -27.7904 10
    endloop
  endfacet
  facet normal 0.0980547 -0.995181 0
    outer loop
      vertex 3.63515 -27.6117 10
      vertex 1.82148 -27.7904 6.4
      vertex 3.63515 -27.6117 6.4
    endloop
  endfacet
  facet normal 0.0980547 -0.995181 0
    outer loop
      vertex 1.82148 -27.7904 3
      vertex 3.63515 -27.6117 5.6
      vertex 1.82148 -27.7904 5.6
    endloop
  endfacet
  facet normal 0.0980547 -0.995181 0
    outer loop
      vertex 3.63515 -27.6117 5.6
      vertex 1.82148 -27.7904 3
      vertex 3.63515 -27.6117 3
    endloop
  endfacet
  facet normal 0.290269 -0.956945 0
    outer loop
      vertex 7.20811 -26.901 6.4
      vertex 8.95209 -26.372 10
      vertex 7.20811 -26.901 10
    endloop
  endfacet
  facet normal 0.290269 -0.956945 0
    outer loop
      vertex 8.95209 -26.372 10
      vertex 7.20811 -26.901 6.4
      vertex 8.95209 -26.372 6.4
    endloop
  endfacet
  facet normal 0.290269 -0.956945 0
    outer loop
      vertex 7.20811 -26.901 3
      vertex 8.95209 -26.372 5.6
      vertex 7.20811 -26.901 5.6
    endloop
  endfacet
  facet normal 0.290269 -0.956945 0
    outer loop
      vertex 8.95209 -26.372 5.6
      vertex 7.20811 -26.901 3
      vertex 8.95209 -26.372 3
    endloop
  endfacet
  facet normal -0.995181 -0.0980547 0
    outer loop
      vertex -27.6117 -3.63515 6.4
      vertex -27.7904 -1.82148 10
      vertex -27.7904 -1.82148 6.4
    endloop
  endfacet
  facet normal -0.995181 -0.0980547 0
    outer loop
      vertex -27.7904 -1.82148 10
      vertex -27.6117 -3.63515 6.4
      vertex -27.6117 -3.63515 10
    endloop
  endfacet
  facet normal -0.995181 -0.0980547 0
    outer loop
      vertex -27.6117 -3.63515 3
      vertex -27.7904 -1.82148 5.6
      vertex -27.7904 -1.82148 3
    endloop
  endfacet
  facet normal -0.995181 -0.0980547 0
    outer loop
      vertex -27.7904 -1.82148 5.6
      vertex -27.6117 -3.63515 3
      vertex -27.6117 -3.63515 5.6
    endloop
  endfacet
  facet normal 0.935896 0.352276 0
    outer loop
      vertex 26.372 8.95209 5.6
      vertex 25.73 10.6577 3
      vertex 25.73 10.6577 5.6
    endloop
  endfacet
  facet normal 0.935896 0.352276 0
    outer loop
      vertex 25.73 10.6577 3
      vertex 26.372 8.95209 5.6
      vertex 26.372 8.95209 3
    endloop
  endfacet
  facet normal 0.935896 0.352276 0
    outer loop
      vertex 26.372 8.95209 10
      vertex 25.73 10.6577 6.4
      vertex 25.73 10.6577 10
    endloop
  endfacet
  facet normal 0.935896 0.352276 0
    outer loop
      vertex 25.73 10.6577 6.4
      vertex 26.372 8.95209 10
      vertex 26.372 8.95209 6.4
    endloop
  endfacet
  facet normal 0.582457 -0.812861 0
    outer loop
      vertex 15.4726 -23.1564 3
      vertex 16.954 -22.0949 5.6
      vertex 15.4726 -23.1564 5.6
    endloop
  endfacet
  facet normal 0.582457 -0.812861 0
    outer loop
      vertex 16.954 -22.0949 5.6
      vertex 15.4726 -23.1564 3
      vertex 16.954 -22.0949 3
    endloop
  endfacet
  facet normal 0.582457 -0.812861 0
    outer loop
      vertex 15.4726 -23.1564 6.4
      vertex 16.954 -22.0949 10
      vertex 15.4726 -23.1564 10
    endloop
  endfacet
  facet normal 0.582457 -0.812861 0
    outer loop
      vertex 16.954 -22.0949 10
      vertex 15.4726 -23.1564 6.4
      vertex 16.954 -22.0949 6.4
    endloop
  endfacet
  facet normal 0.634402 -0.773003 0
    outer loop
      vertex 16.954 -22.0949 6.4
      vertex 18.3628 -20.9387 10
      vertex 16.954 -22.0949 10
    endloop
  endfacet
  facet normal 0.634402 -0.773003 0
    outer loop
      vertex 18.3628 -20.9387 10
      vertex 16.954 -22.0949 6.4
      vertex 18.3628 -20.9387 6.4
    endloop
  endfacet
  facet normal 0.634402 -0.773003 0
    outer loop
      vertex 16.954 -22.0949 3
      vertex 18.3628 -20.9387 5.6
      vertex 16.954 -22.0949 5.6
    endloop
  endfacet
  facet normal 0.634402 -0.773003 0
    outer loop
      vertex 18.3628 -20.9387 5.6
      vertex 16.954 -22.0949 3
      vertex 18.3628 -20.9387 3
    endloop
  endfacet
  facet normal -0.935896 -0.352276 0
    outer loop
      vertex -25.73 -10.6577 3
      vertex -26.372 -8.95209 5.6
      vertex -26.372 -8.95209 3
    endloop
  endfacet
  facet normal -0.935896 -0.352276 0
    outer loop
      vertex -26.372 -8.95209 5.6
      vertex -25.73 -10.6577 3
      vertex -25.73 -10.6577 5.6
    endloop
  endfacet
  facet normal -0.935896 -0.352276 0
    outer loop
      vertex -25.73 -10.6577 6.4
      vertex -26.372 -8.95209 10
      vertex -26.372 -8.95209 6.4
    endloop
  endfacet
  facet normal -0.935896 -0.352276 0
    outer loop
      vertex -26.372 -8.95209 10
      vertex -25.73 -10.6577 6.4
      vertex -25.73 -10.6577 10
    endloop
  endfacet
  facet normal -0.729857 -0.6836 0
    outer loop
      vertex -19.6929 -19.6929 6.4
      vertex -20.9387 -18.3628 10
      vertex -20.9387 -18.3628 6.4
    endloop
  endfacet
  facet normal -0.729857 -0.6836 0
    outer loop
      vertex -20.9387 -18.3628 10
      vertex -19.6929 -19.6929 6.4
      vertex -19.6929 -19.6929 10
    endloop
  endfacet
  facet normal -0.729857 -0.6836 0
    outer loop
      vertex -19.6929 -19.6929 3
      vertex -20.9387 -18.3628 5.6
      vertex -20.9387 -18.3628 3
    endloop
  endfacet
  facet normal -0.729857 -0.6836 0
    outer loop
      vertex -20.9387 -18.3628 5.6
      vertex -19.6929 -19.6929 3
      vertex -19.6929 -19.6929 5.6
    endloop
  endfacet
  facet normal 0.412691 -0.910871 0
    outer loop
      vertex 10.6577 -25.73 6.4
      vertex 12.3177 -24.9779 10
      vertex 10.6577 -25.73 10
    endloop
  endfacet
  facet normal 0.412691 -0.910871 0
    outer loop
      vertex 12.3177 -24.9779 10
      vertex 10.6577 -25.73 6.4
      vertex 12.3177 -24.9779 6.4
    endloop
  endfacet
  facet normal 0.412691 -0.910871 0
    outer loop
      vertex 10.6577 -25.73 3
      vertex 12.3177 -24.9779 5.6
      vertex 10.6577 -25.73 5.6
    endloop
  endfacet
  facet normal 0.412691 -0.910871 0
    outer loop
      vertex 12.3177 -24.9779 5.6
      vertex 10.6577 -25.73 3
      vertex 12.3177 -24.9779 3
    endloop
  endfacet
  facet normal 0.849126 0.52819 0
    outer loop
      vertex 23.4584 14.9871 10
      vertex 23.1564 15.4726 6.4
      vertex 23.1564 15.4726 10
    endloop
  endfacet
  facet normal 0.849126 0.52819 0
    outer loop
      vertex 23.1564 15.4726 6.4
      vertex 23.4584 14.9871 10
      vertex 23.4584 14.9871 6.4
    endloop
  endfacet
  facet normal 0.849126 0.52819 -0
    outer loop
      vertex 23.4584 14.9871 4.5
      vertex 23.1564 15.4726 5.6
      vertex 23.4584 14.9871 5.6
    endloop
  endfacet
  facet normal 0.849126 0.52819 0
    outer loop
      vertex 23.1564 15.4726 5.6
      vertex 23.4584 14.9871 4.5
      vertex 23.1564 15.4726 3
    endloop
  endfacet
  facet normal 0.849222 0.528035 -0
    outer loop
      vertex 24.1188 13.925 3
      vertex 23.4584 14.9871 4.5
      vertex 24.1188 13.925 4.5
    endloop
  endfacet
  facet normal 0.849192 0.528084 -4.75553e-05
    outer loop
      vertex 23.4584 14.9871 4.5
      vertex 24.1188 13.925 3
      vertex 23.1564 15.4726 3
    endloop
  endfacet
  facet normal 0.729857 0.6836 0
    outer loop
      vertex 20.9387 18.3628 10
      vertex 19.6929 19.6929 6.4
      vertex 19.6929 19.6929 10
    endloop
  endfacet
  facet normal 0.729857 0.6836 0
    outer loop
      vertex 19.6929 19.6929 6.4
      vertex 20.9387 18.3628 10
      vertex 20.9387 18.3628 6.4
    endloop
  endfacet
  facet normal 0.729857 0.6836 0
    outer loop
      vertex 20.9387 18.3628 5.6
      vertex 19.6929 19.6929 3
      vertex 19.6929 19.6929 5.6
    endloop
  endfacet
  facet normal 0.729857 0.6836 0
    outer loop
      vertex 19.6929 19.6929 3
      vertex 20.9387 18.3628 5.6
      vertex 20.9387 18.3628 3
    endloop
  endfacet
  facet normal 0.412691 0.910871 -0
    outer loop
      vertex 12.3177 24.9779 6.4
      vertex 10.6577 25.73 10
      vertex 12.3177 24.9779 10
    endloop
  endfacet
  facet normal 0.412691 0.910871 0
    outer loop
      vertex 10.6577 25.73 10
      vertex 12.3177 24.9779 6.4
      vertex 10.6577 25.73 6.4
    endloop
  endfacet
  facet normal 0.412691 0.910871 -0
    outer loop
      vertex 12.3177 24.9779 3
      vertex 10.6577 25.73 5.6
      vertex 12.3177 24.9779 5.6
    endloop
  endfacet
  facet normal 0.412691 0.910871 0
    outer loop
      vertex 10.6577 25.73 5.6
      vertex 12.3177 24.9779 3
      vertex 10.6577 25.73 3
    endloop
  endfacet
  facet normal 0.162859 -0.986649 0
    outer loop
      vertex 3.63515 -27.6117 6.4
      vertex 5.43326 -27.3149 10
      vertex 3.63515 -27.6117 10
    endloop
  endfacet
  facet normal 0.162859 -0.986649 0
    outer loop
      vertex 5.43326 -27.3149 10
      vertex 3.63515 -27.6117 6.4
      vertex 5.43326 -27.3149 6.4
    endloop
  endfacet
  facet normal 0.162859 -0.986649 0
    outer loop
      vertex 3.63515 -27.6117 3
      vertex 5.43326 -27.3149 5.6
      vertex 3.63515 -27.6117 5.6
    endloop
  endfacet
  facet normal 0.162859 -0.986649 0
    outer loop
      vertex 5.43326 -27.3149 5.6
      vertex 3.63515 -27.6117 3
      vertex 5.43326 -27.3149 3
    endloop
  endfacet
  facet normal 0.290269 0.956945 -0
    outer loop
      vertex 8.95209 26.372 3
      vertex 7.20811 26.901 5.6
      vertex 8.95209 26.372 5.6
    endloop
  endfacet
  facet normal 0.290269 0.956945 0
    outer loop
      vertex 7.20811 26.901 5.6
      vertex 8.95209 26.372 3
      vertex 7.20811 26.901 3
    endloop
  endfacet
  facet normal 0.290269 0.956945 -0
    outer loop
      vertex 8.95209 26.372 6.4
      vertex 7.20811 26.901 10
      vertex 8.95209 26.372 10
    endloop
  endfacet
  facet normal 0.290269 0.956945 0
    outer loop
      vertex 7.20811 26.901 10
      vertex 8.95209 26.372 6.4
      vertex 7.20811 26.901 6.4
    endloop
  endfacet
  facet normal -0.812861 0.582457 0
    outer loop
      vertex -23.1564 15.4726 3
      vertex -22.0949 16.954 5.6
      vertex -22.0949 16.954 3
    endloop
  endfacet
  facet normal -0.812861 0.582457 0
    outer loop
      vertex -22.0949 16.954 5.6
      vertex -23.1564 15.4726 3
      vertex -23.1564 15.4726 5.6
    endloop
  endfacet
  facet normal -0.812861 0.582457 0
    outer loop
      vertex -23.1564 15.4726 6.4
      vertex -22.0949 16.954 10
      vertex -22.0949 16.954 6.4
    endloop
  endfacet
  facet normal -0.812861 0.582457 0
    outer loop
      vertex -22.0949 16.954 10
      vertex -23.1564 15.4726 6.4
      vertex -23.1564 15.4726 10
    endloop
  endfacet
  facet normal 0.773003 0.634402 0
    outer loop
      vertex 22.0949 16.954 5.6
      vertex 20.9387 18.3628 3
      vertex 20.9387 18.3628 5.6
    endloop
  endfacet
  facet normal 0.773003 0.634402 0
    outer loop
      vertex 20.9387 18.3628 3
      vertex 22.0949 16.954 5.6
      vertex 22.0949 16.954 3
    endloop
  endfacet
  facet normal 0.773003 0.634402 0
    outer loop
      vertex 22.0949 16.954 10
      vertex 20.9387 18.3628 6.4
      vertex 20.9387 18.3628 10
    endloop
  endfacet
  facet normal 0.773003 0.634402 0
    outer loop
      vertex 20.9387 18.3628 6.4
      vertex 22.0949 16.954 10
      vertex 22.0949 16.954 6.4
    endloop
  endfacet
  facet normal 0.910871 -0.412691 0
    outer loop
      vertex 24.9779 -12.3177 10
      vertex 25.73 -10.6577 6.4
      vertex 25.73 -10.6577 10
    endloop
  endfacet
  facet normal 0.910871 -0.412691 0
    outer loop
      vertex 25.73 -10.6577 6.4
      vertex 24.9779 -12.3177 10
      vertex 24.9779 -12.3177 6.4
    endloop
  endfacet
  facet normal 0.910871 -0.412691 0
    outer loop
      vertex 24.9779 -12.3177 5.6
      vertex 25.73 -10.6577 3
      vertex 25.73 -10.6577 5.6
    endloop
  endfacet
  facet normal 0.910871 -0.412691 0
    outer loop
      vertex 25.73 -10.6577 3
      vertex 24.9779 -12.3177 5.6
      vertex 24.9779 -12.3177 3
    endloop
  endfacet
  facet normal -0.956945 0.290269 0
    outer loop
      vertex -26.901 7.20811 6.4
      vertex -26.372 8.95209 10
      vertex -26.372 8.95209 6.4
    endloop
  endfacet
  facet normal -0.956945 0.290269 0
    outer loop
      vertex -26.372 8.95209 10
      vertex -26.901 7.20811 6.4
      vertex -26.901 7.20811 10
    endloop
  endfacet
  facet normal -0.956945 0.290269 0
    outer loop
      vertex -26.901 7.20811 3
      vertex -26.372 8.95209 5.6
      vertex -26.372 8.95209 3
    endloop
  endfacet
  facet normal -0.956945 0.290269 0
    outer loop
      vertex -26.372 8.95209 5.6
      vertex -26.901 7.20811 3
      vertex -26.901 7.20811 5.6
    endloop
  endfacet
  facet normal -0.0327025 0.999465 0
    outer loop
      vertex 0 27.85 4.5
      vertex 0 27.85 3
      vertex -1.25 27.8091 4.5
    endloop
  endfacet
  facet normal -0.0327046 0.999465 0
    outer loop
      vertex -1.25 27.8091 4.5
      vertex -1.82148 27.7904 5.6
      vertex -1.25 27.8091 5.6
    endloop
  endfacet
  facet normal -0.0327046 0.999465 0
    outer loop
      vertex -1.25 27.8091 4.5
      vertex -1.82148 27.7904 3
      vertex -1.82148 27.7904 5.6
    endloop
  endfacet
  facet normal -0.0327031 0.999465 -5.37005e-07
    outer loop
      vertex -1.82148 27.7904 3
      vertex -1.25 27.8091 4.5
      vertex 0 27.85 3
    endloop
  endfacet
  facet normal -0.0327046 0.999465 0
    outer loop
      vertex -1.25 27.8091 6.4
      vertex -1.82148 27.7904 10
      vertex -1.25 27.8091 10
    endloop
  endfacet
  facet normal -0.0327046 0.999465 0
    outer loop
      vertex -1.82148 27.7904 10
      vertex -1.25 27.8091 6.4
      vertex -1.82148 27.7904 6.4
    endloop
  endfacet
  facet normal 0.162859 0.986649 -0
    outer loop
      vertex 5.43326 27.3149 6.4
      vertex 3.63515 27.6117 10
      vertex 5.43326 27.3149 10
    endloop
  endfacet
  facet normal 0.162859 0.986649 0
    outer loop
      vertex 3.63515 27.6117 10
      vertex 5.43326 27.3149 6.4
      vertex 3.63515 27.6117 6.4
    endloop
  endfacet
  facet normal 0.162859 0.986649 -0
    outer loop
      vertex 5.43326 27.3149 3
      vertex 3.63515 27.6117 5.6
      vertex 5.43326 27.3149 5.6
    endloop
  endfacet
  facet normal 0.162859 0.986649 0
    outer loop
      vertex 3.63515 27.6117 5.6
      vertex 5.43326 27.3149 3
      vertex 3.63515 27.6117 3
    endloop
  endfacet
  facet normal 0.227109 0.973869 -0
    outer loop
      vertex 7.20811 26.901 3
      vertex 5.43326 27.3149 5.6
      vertex 7.20811 26.901 5.6
    endloop
  endfacet
  facet normal 0.227109 0.973869 0
    outer loop
      vertex 5.43326 27.3149 5.6
      vertex 7.20811 26.901 3
      vertex 5.43326 27.3149 3
    endloop
  endfacet
  facet normal 0.227109 0.973869 -0
    outer loop
      vertex 7.20811 26.901 6.4
      vertex 5.43326 27.3149 10
      vertex 7.20811 26.901 10
    endloop
  endfacet
  facet normal 0.227109 0.973869 0
    outer loop
      vertex 5.43326 27.3149 10
      vertex 7.20811 26.901 6.4
      vertex 5.43326 27.3149 6.4
    endloop
  endfacet
  facet normal -0.88196 0.471323 0
    outer loop
      vertex -24.9779 12.3177 6.4
      vertex -24.7084 12.822 10
      vertex -24.7084 12.822 6.4
    endloop
  endfacet
  facet normal -0.88196 0.471323 0
    outer loop
      vertex -24.7084 12.822 10
      vertex -24.9779 12.3177 6.4
      vertex -24.9779 12.3177 10
    endloop
  endfacet
  facet normal -0.88191 0.471418 0
    outer loop
      vertex -24.1188 13.925 3
      vertex -24.7084 12.822 4.5
      vertex -24.1188 13.925 4.5
    endloop
  endfacet
  facet normal -0.881926 0.471388 -2.80861e-05
    outer loop
      vertex -24.9779 12.3177 3
      vertex -24.7084 12.822 4.5
      vertex -24.1188 13.925 3
    endloop
  endfacet
  facet normal -0.88196 0.471323 0
    outer loop
      vertex -24.9779 12.3177 5.6
      vertex -24.7084 12.822 4.5
      vertex -24.9779 12.3177 3
    endloop
  endfacet
  facet normal -0.88196 0.471323 0
    outer loop
      vertex -24.7084 12.822 4.5
      vertex -24.9779 12.3177 5.6
      vertex -24.7084 12.822 5.6
    endloop
  endfacet
  facet normal -0.973869 0.227109 0
    outer loop
      vertex -27.3149 5.43326 6.4
      vertex -26.901 7.20811 10
      vertex -26.901 7.20811 6.4
    endloop
  endfacet
  facet normal -0.973869 0.227109 0
    outer loop
      vertex -26.901 7.20811 10
      vertex -27.3149 5.43326 6.4
      vertex -27.3149 5.43326 10
    endloop
  endfacet
  facet normal -0.973869 0.227109 0
    outer loop
      vertex -27.3149 5.43326 3
      vertex -26.901 7.20811 5.6
      vertex -26.901 7.20811 3
    endloop
  endfacet
  facet normal -0.973869 0.227109 0
    outer loop
      vertex -26.901 7.20811 5.6
      vertex -27.3149 5.43326 3
      vertex -27.3149 5.43326 5.6
    endloop
  endfacet
  facet normal -0.528084 -0.849192 0
    outer loop
      vertex -15.4726 -23.1564 3
      vertex -13.925 -24.1188 5.6
      vertex -15.4726 -23.1564 5.6
    endloop
  endfacet
  facet normal -0.528084 -0.849192 -0
    outer loop
      vertex -13.925 -24.1188 5.6
      vertex -15.4726 -23.1564 3
      vertex -13.925 -24.1188 3
    endloop
  endfacet
  facet normal -0.528084 -0.849192 0
    outer loop
      vertex -15.4726 -23.1564 6.4
      vertex -13.925 -24.1188 10
      vertex -15.4726 -23.1564 10
    endloop
  endfacet
  facet normal -0.528084 -0.849192 -0
    outer loop
      vertex -13.925 -24.1188 10
      vertex -15.4726 -23.1564 6.4
      vertex -13.925 -24.1188 6.4
    endloop
  endfacet
  facet normal 0.227109 -0.973869 0
    outer loop
      vertex 5.43326 -27.3149 6.4
      vertex 7.20811 -26.901 10
      vertex 5.43326 -27.3149 10
    endloop
  endfacet
  facet normal 0.227109 -0.973869 0
    outer loop
      vertex 7.20811 -26.901 10
      vertex 5.43326 -27.3149 6.4
      vertex 7.20811 -26.901 6.4
    endloop
  endfacet
  facet normal 0.227109 -0.973869 0
    outer loop
      vertex 5.43326 -27.3149 3
      vertex 7.20811 -26.901 5.6
      vertex 5.43326 -27.3149 5.6
    endloop
  endfacet
  facet normal 0.227109 -0.973869 0
    outer loop
      vertex 7.20811 -26.901 5.6
      vertex 5.43326 -27.3149 3
      vertex 7.20811 -26.901 3
    endloop
  endfacet
  facet normal -0.0980547 -0.995181 0
    outer loop
      vertex -3.63515 -27.6117 6.4
      vertex -1.82148 -27.7904 10
      vertex -3.63515 -27.6117 10
    endloop
  endfacet
  facet normal -0.0980547 -0.995181 -0
    outer loop
      vertex -1.82148 -27.7904 10
      vertex -3.63515 -27.6117 6.4
      vertex -1.82148 -27.7904 6.4
    endloop
  endfacet
  facet normal -0.0980547 -0.995181 0
    outer loop
      vertex -3.63515 -27.6117 3
      vertex -1.82148 -27.7904 5.6
      vertex -3.63515 -27.6117 5.6
    endloop
  endfacet
  facet normal -0.0980547 -0.995181 -0
    outer loop
      vertex -1.82148 -27.7904 5.6
      vertex -3.63515 -27.6117 3
      vertex -1.82148 -27.7904 3
    endloop
  endfacet
  facet normal -0.986649 0.162859 0
    outer loop
      vertex -27.6117 3.63515 6.4
      vertex -27.3149 5.43326 10
      vertex -27.3149 5.43326 6.4
    endloop
  endfacet
  facet normal -0.986649 0.162859 0
    outer loop
      vertex -27.3149 5.43326 10
      vertex -27.6117 3.63515 6.4
      vertex -27.6117 3.63515 10
    endloop
  endfacet
  facet normal -0.986649 0.162859 0
    outer loop
      vertex -27.6117 3.63515 3
      vertex -27.3149 5.43326 5.6
      vertex -27.3149 5.43326 3
    endloop
  endfacet
  facet normal -0.986649 0.162859 0
    outer loop
      vertex -27.3149 5.43326 5.6
      vertex -27.6117 3.63515 3
      vertex -27.6117 3.63515 5.6
    endloop
  endfacet
  facet normal -0.729857 0.6836 0
    outer loop
      vertex -20.9387 18.3628 6.4
      vertex -19.6929 19.6929 10
      vertex -19.6929 19.6929 6.4
    endloop
  endfacet
  facet normal -0.729857 0.6836 0
    outer loop
      vertex -19.6929 19.6929 10
      vertex -20.9387 18.3628 6.4
      vertex -20.9387 18.3628 10
    endloop
  endfacet
  facet normal -0.729857 0.6836 0
    outer loop
      vertex -20.9387 18.3628 3
      vertex -19.6929 19.6929 5.6
      vertex -19.6929 19.6929 3
    endloop
  endfacet
  facet normal -0.729857 0.6836 0
    outer loop
      vertex -19.6929 19.6929 5.6
      vertex -20.9387 18.3628 3
      vertex -20.9387 18.3628 5.6
    endloop
  endfacet
  facet normal -0.634402 0.773003 0
    outer loop
      vertex -16.954 22.0949 6.4
      vertex -18.3628 20.9387 10
      vertex -16.954 22.0949 10
    endloop
  endfacet
  facet normal -0.634402 0.773003 0
    outer loop
      vertex -18.3628 20.9387 10
      vertex -16.954 22.0949 6.4
      vertex -18.3628 20.9387 6.4
    endloop
  endfacet
  facet normal -0.634402 0.773003 0
    outer loop
      vertex -16.954 22.0949 3
      vertex -18.3628 20.9387 5.6
      vertex -16.954 22.0949 5.6
    endloop
  endfacet
  facet normal -0.634402 0.773003 0
    outer loop
      vertex -18.3628 20.9387 5.6
      vertex -16.954 22.0949 3
      vertex -18.3628 20.9387 3
    endloop
  endfacet
  facet normal -0.582457 0.812861 0
    outer loop
      vertex -15.4726 23.1564 3
      vertex -16.954 22.0949 5.6
      vertex -15.4726 23.1564 5.6
    endloop
  endfacet
  facet normal -0.582457 0.812861 0
    outer loop
      vertex -16.954 22.0949 5.6
      vertex -15.4726 23.1564 3
      vertex -16.954 22.0949 3
    endloop
  endfacet
  facet normal -0.582457 0.812861 0
    outer loop
      vertex -15.4726 23.1564 6.4
      vertex -16.954 22.0949 10
      vertex -15.4726 23.1564 10
    endloop
  endfacet
  facet normal -0.582457 0.812861 0
    outer loop
      vertex -16.954 22.0949 10
      vertex -15.4726 23.1564 6.4
      vertex -16.954 22.0949 6.4
    endloop
  endfacet
  facet normal 0 0 1
    outer loop
      vertex 21.4935 14.3615 10
      vertex 23.1564 15.4726 10
      vertex 22.0949 16.954 10
    endloop
  endfacet
  facet normal 0 0 1
    outer loop
      vertex 23.1564 15.4726 10
      vertex 21.4935 14.3615 10
      vertex 23.4584 14.9871 10
    endloop
  endfacet
  facet normal 0 0 1
    outer loop
      vertex 23.4584 14.9871 10
      vertex 21.4935 14.3615 10
      vertex 21.7263 13.9871 10
    endloop
  endfacet
  facet normal 0 0 1
    outer loop
      vertex 20.5082 15.7365 10
      vertex 22.0949 16.954 10
      vertex 20.9387 18.3628 10
    endloop
  endfacet
  facet normal 0 0 1
    outer loop
      vertex 22.0949 16.954 10
      vertex 20.5082 15.7365 10
      vertex 21.4935 14.3615 10
    endloop
  endfacet
  facet normal 0 0 1
    outer loop
      vertex 19.4351 17.0441 10
      vertex 20.9387 18.3628 10
      vertex 19.6929 19.6929 10
    endloop
  endfacet
  facet normal 0 0 1
    outer loop
      vertex 20.9387 18.3628 10
      vertex 19.4351 17.0441 10
      vertex 20.5082 15.7365 10
    endloop
  endfacet
  facet normal 0 0 1
    outer loop
      vertex 18.2787 18.2787 10
      vertex 19.6929 19.6929 10
      vertex 18.3628 20.9387 10
    endloop
  endfacet
  facet normal 0 0 1
    outer loop
      vertex 19.6929 19.6929 10
      vertex 18.2787 18.2787 10
      vertex 19.4351 17.0441 10
    endloop
  endfacet
  facet normal 0 0 1
    outer loop
      vertex 18.3628 20.9387 10
      vertex 17.0441 19.4351 10
      vertex 18.2787 18.2787 10
    endloop
  endfacet
  facet normal 0 0 1
    outer loop
      vertex 16.954 22.0949 10
      vertex 17.0441 19.4351 10
      vertex 18.3628 20.9387 10
    endloop
  endfacet
  facet normal 0 0 1
    outer loop
      vertex 16.954 22.0949 10
      vertex 15.7365 20.5082 10
      vertex 17.0441 19.4351 10
    endloop
  endfacet
  facet normal 0 0 1
    outer loop
      vertex 15.4726 23.1564 10
      vertex 15.7365 20.5082 10
      vertex 16.954 22.0949 10
    endloop
  endfacet
  facet normal 0 0 1
    outer loop
      vertex 15.4726 23.1564 10
      vertex 14.3615 21.4935 10
      vertex 15.7365 20.5082 10
    endloop
  endfacet
  facet normal 0 0 1
    outer loop
      vertex 13.925 24.1188 10
      vertex 14.3615 21.4935 10
      vertex 15.4726 23.1564 10
    endloop
  endfacet
  facet normal 0 0 1
    outer loop
      vertex 13.925 24.1188 10
      vertex 12.925 22.3868 10
      vertex 14.3615 21.4935 10
    endloop
  endfacet
  facet normal 0 0 1
    outer loop
      vertex 12.3177 24.9779 10
      vertex 12.925 22.3868 10
      vertex 13.925 24.1188 10
    endloop
  endfacet
  facet normal 0 0 1
    outer loop
      vertex 12.3177 24.9779 10
      vertex 11.4332 23.1842 10
      vertex 12.925 22.3868 10
    endloop
  endfacet
  facet normal 0 0 1
    outer loop
      vertex 10.6577 25.73 10
      vertex 11.4332 23.1842 10
      vertex 12.3177 24.9779 10
    endloop
  endfacet
  facet normal 0 0 1
    outer loop
      vertex 10.6577 25.73 10
      vertex 9.89237 23.8823 10
      vertex 11.4332 23.1842 10
    endloop
  endfacet
  facet normal 0 0 1
    outer loop
      vertex 8.95209 26.372 10
      vertex 9.89237 23.8823 10
      vertex 10.6577 25.73 10
    endloop
  endfacet
  facet normal 0 0 1
    outer loop
      vertex 8.95209 26.372 10
      vertex 8.30921 24.4781 10
      vertex 9.89237 23.8823 10
    endloop
  endfacet
  facet normal 0 0 1
    outer loop
      vertex 7.20811 26.901 10
      vertex 8.30921 24.4781 10
      vertex 8.95209 26.372 10
    endloop
  endfacet
  facet normal 0 0 1
    outer loop
      vertex 7.20811 26.901 10
      vertex 6.69047 24.9692 10
      vertex 8.30921 24.4781 10
    endloop
  endfacet
  facet normal 0 0 1
    outer loop
      vertex 5.43326 27.3149 10
      vertex 6.69047 24.9692 10
      vertex 7.20811 26.901 10
    endloop
  endfacet
  facet normal 0 0 1
    outer loop
      vertex 5.43326 27.3149 10
      vertex 5.04308 25.3533 10
      vertex 6.69047 24.9692 10
    endloop
  endfacet
  facet normal 0 0 1
    outer loop
      vertex 3.63515 27.6117 10
      vertex 5.04308 25.3533 10
      vertex 5.43326 27.3149 10
    endloop
  endfacet
  facet normal 0 0 1
    outer loop
      vertex 3.63515 27.6117 10
      vertex 3.3741 25.6288 10
      vertex 5.04308 25.3533 10
    endloop
  endfacet
  facet normal 0 0 1
    outer loop
      vertex 1.82148 27.7904 10
      vertex 3.3741 25.6288 10
      vertex 3.63515 27.6117 10
    endloop
  endfacet
  facet normal 0 0 1
    outer loop
      vertex 1.82148 27.7904 10
      vertex 1.69067 25.7947 10
      vertex 3.3741 25.6288 10
    endloop
  endfacet
  facet normal 0 0 1
    outer loop
      vertex 1.25 27.8091 10
      vertex 1.69067 25.7947 10
      vertex 1.82148 27.7904 10
    endloop
  endfacet
  facet normal 0 0 1
    outer loop
      vertex 1.69067 25.7947 10
      vertex 1.25 27.8091 10
      vertex 1.25 25.8091 10
    endloop
  endfacet
  facet normal 0 0 1
    outer loop
      vertex 21.4935 -14.3615 10
      vertex 23.1564 -15.4726 10
      vertex 23.4584 -14.9871 10
    endloop
  endfacet
  facet normal -0 0 1
    outer loop
      vertex 21.4935 -14.3615 10
      vertex 23.4584 -14.9871 10
      vertex 21.7263 -13.9871 10
    endloop
  endfacet
  facet normal 0 0 1
    outer loop
      vertex 23.1564 -15.4726 10
      vertex 21.4935 -14.3615 10
      vertex 22.0949 -16.954 10
    endloop
  endfacet
  facet normal -0 0 1
    outer loop
      vertex 20.5082 -15.7365 10
      vertex 22.0949 -16.954 10
      vertex 21.4935 -14.3615 10
    endloop
  endfacet
  facet normal 0 0 1
    outer loop
      vertex 22.0949 -16.954 10
      vertex 20.5082 -15.7365 10
      vertex 20.9387 -18.3628 10
    endloop
  endfacet
  facet normal -0 0 1
    outer loop
      vertex 19.4351 -17.0441 10
      vertex 20.9387 -18.3628 10
      vertex 20.5082 -15.7365 10
    endloop
  endfacet
  facet normal 0 0 1
    outer loop
      vertex 20.9387 -18.3628 10
      vertex 19.4351 -17.0441 10
      vertex 19.6929 -19.6929 10
    endloop
  endfacet
  facet normal -0 0 1
    outer loop
      vertex 18.2787 -18.2787 10
      vertex 19.6929 -19.6929 10
      vertex 19.4351 -17.0441 10
    endloop
  endfacet
  facet normal 0 0 1
    outer loop
      vertex 19.6929 -19.6929 10
      vertex 18.2787 -18.2787 10
      vertex 18.3628 -20.9387 10
    endloop
  endfacet
  facet normal -0 0 1
    outer loop
      vertex 17.0441 -19.4351 10
      vertex 18.3628 -20.9387 10
      vertex 18.2787 -18.2787 10
    endloop
  endfacet
  facet normal 0 0 1
    outer loop
      vertex 17.0441 -19.4351 10
      vertex 16.954 -22.0949 10
      vertex 18.3628 -20.9387 10
    endloop
  endfacet
  facet normal -0 0 1
    outer loop
      vertex 15.7365 -20.5082 10
      vertex 16.954 -22.0949 10
      vertex 17.0441 -19.4351 10
    endloop
  endfacet
  facet normal 0 0 1
    outer loop
      vertex 15.7365 -20.5082 10
      vertex 15.4726 -23.1564 10
      vertex 16.954 -22.0949 10
    endloop
  endfacet
  facet normal -0 0 1
    outer loop
      vertex 14.3615 -21.4935 10
      vertex 15.4726 -23.1564 10
      vertex 15.7365 -20.5082 10
    endloop
  endfacet
  facet normal 0 0 1
    outer loop
      vertex 14.3615 -21.4935 10
      vertex 13.925 -24.1188 10
      vertex 15.4726 -23.1564 10
    endloop
  endfacet
  facet normal -0 0 1
    outer loop
      vertex 12.925 -22.3868 10
      vertex 13.925 -24.1188 10
      vertex 14.3615 -21.4935 10
    endloop
  endfacet
  facet normal 0 0 1
    outer loop
      vertex 12.925 -22.3868 10
      vertex 12.3177 -24.9779 10
      vertex 13.925 -24.1188 10
    endloop
  endfacet
  facet normal -0 0 1
    outer loop
      vertex 11.4332 -23.1842 10
      vertex 12.3177 -24.9779 10
      vertex 12.925 -22.3868 10
    endloop
  endfacet
  facet normal 0 0 1
    outer loop
      vertex 11.4332 -23.1842 10
      vertex 10.6577 -25.73 10
      vertex 12.3177 -24.9779 10
    endloop
  endfacet
  facet normal -0 0 1
    outer loop
      vertex 9.89237 -23.8823 10
      vertex 10.6577 -25.73 10
      vertex 11.4332 -23.1842 10
    endloop
  endfacet
  facet normal 0 0 1
    outer loop
      vertex 9.89237 -23.8823 10
      vertex 8.95209 -26.372 10
      vertex 10.6577 -25.73 10
    endloop
  endfacet
  facet normal -0 0 1
    outer loop
      vertex 8.30921 -24.4781 10
      vertex 8.95209 -26.372 10
      vertex 9.89237 -23.8823 10
    endloop
  endfacet
  facet normal 0 0 1
    outer loop
      vertex 8.30921 -24.4781 10
      vertex 7.20811 -26.901 10
      vertex 8.95209 -26.372 10
    endloop
  endfacet
  facet normal -0 0 1
    outer loop
      vertex 6.69047 -24.9692 10
      vertex 7.20811 -26.901 10
      vertex 8.30921 -24.4781 10
    endloop
  endfacet
  facet normal 0 0 1
    outer loop
      vertex 6.69047 -24.9692 10
      vertex 5.43326 -27.3149 10
      vertex 7.20811 -26.901 10
    endloop
  endfacet
  facet normal -0 0 1
    outer loop
      vertex 5.04308 -25.3533 10
      vertex 5.43326 -27.3149 10
      vertex 6.69047 -24.9692 10
    endloop
  endfacet
  facet normal 0 0 1
    outer loop
      vertex 5.04308 -25.3533 10
      vertex 3.63515 -27.6117 10
      vertex 5.43326 -27.3149 10
    endloop
  endfacet
  facet normal -0 0 1
    outer loop
      vertex 3.3741 -25.6288 10
      vertex 3.63515 -27.6117 10
      vertex 5.04308 -25.3533 10
    endloop
  endfacet
  facet normal 0 0 1
    outer loop
      vertex 3.3741 -25.6288 10
      vertex 1.82148 -27.7904 10
      vertex 3.63515 -27.6117 10
    endloop
  endfacet
  facet normal -0 0 1
    outer loop
      vertex 1.69067 -25.7947 10
      vertex 1.82148 -27.7904 10
      vertex 3.3741 -25.6288 10
    endloop
  endfacet
  facet normal -0 0 1
    outer loop
      vertex 1.25 -25.8091 10
      vertex 1.82148 -27.7904 10
      vertex 1.69067 -25.7947 10
    endloop
  endfacet
  facet normal 0 0 1
    outer loop
      vertex 1.82148 -27.7904 10
      vertex 1.25 -25.8091 10
      vertex 1.25 -27.8091 10
    endloop
  endfacet
  facet normal 0 0 1
    outer loop
      vertex -1.69067 -25.7947 10
      vertex -1.25 -27.8091 10
      vertex -1.25 -25.8091 10
    endloop
  endfacet
  facet normal 0 0 1
    outer loop
      vertex -1.69067 -25.7947 10
      vertex -1.82148 -27.7904 10
      vertex -1.25 -27.8091 10
    endloop
  endfacet
  facet normal 0 0 1
    outer loop
      vertex -3.3741 -25.6288 10
      vertex -1.82148 -27.7904 10
      vertex -1.69067 -25.7947 10
    endloop
  endfacet
  facet normal 0 0 1
    outer loop
      vertex -3.3741 -25.6288 10
      vertex -3.63515 -27.6117 10
      vertex -1.82148 -27.7904 10
    endloop
  endfacet
  facet normal 0 0 1
    outer loop
      vertex -5.04308 -25.3533 10
      vertex -3.63515 -27.6117 10
      vertex -3.3741 -25.6288 10
    endloop
  endfacet
  facet normal 0 0 1
    outer loop
      vertex -5.04308 -25.3533 10
      vertex -5.43326 -27.3149 10
      vertex -3.63515 -27.6117 10
    endloop
  endfacet
  facet normal 0 0 1
    outer loop
      vertex -6.69047 -24.9692 10
      vertex -5.43326 -27.3149 10
      vertex -5.04308 -25.3533 10
    endloop
  endfacet
  facet normal 0 0 1
    outer loop
      vertex -6.69047 -24.9692 10
      vertex -7.20811 -26.901 10
      vertex -5.43326 -27.3149 10
    endloop
  endfacet
  facet normal 0 0 1
    outer loop
      vertex -8.30921 -24.4781 10
      vertex -7.20811 -26.901 10
      vertex -6.69047 -24.9692 10
    endloop
  endfacet
  facet normal 0 0 1
    outer loop
      vertex -8.30921 -24.4781 10
      vertex -8.95209 -26.372 10
      vertex -7.20811 -26.901 10
    endloop
  endfacet
  facet normal 0 0 1
    outer loop
      vertex -9.89237 -23.8823 10
      vertex -8.95209 -26.372 10
      vertex -8.30921 -24.4781 10
    endloop
  endfacet
  facet normal 0 0 1
    outer loop
      vertex -9.89237 -23.8823 10
      vertex -10.6577 -25.73 10
      vertex -8.95209 -26.372 10
    endloop
  endfacet
  facet normal 0 0 1
    outer loop
      vertex -11.4332 -23.1842 10
      vertex -10.6577 -25.73 10
      vertex -9.89237 -23.8823 10
    endloop
  endfacet
  facet normal 0 0 1
    outer loop
      vertex -11.4332 -23.1842 10
      vertex -12.3177 -24.9779 10
      vertex -10.6577 -25.73 10
    endloop
  endfacet
  facet normal 0 0 1
    outer loop
      vertex -12.925 -22.3868 10
      vertex -12.3177 -24.9779 10
      vertex -11.4332 -23.1842 10
    endloop
  endfacet
  facet normal 0 0 1
    outer loop
      vertex -12.925 -22.3868 10
      vertex -13.925 -24.1188 10
      vertex -12.3177 -24.9779 10
    endloop
  endfacet
  facet normal 0 0 1
    outer loop
      vertex -14.3615 -21.4935 10
      vertex -13.925 -24.1188 10
      vertex -12.925 -22.3868 10
    endloop
  endfacet
  facet normal 0 0 1
    outer loop
      vertex -14.3615 -21.4935 10
      vertex -15.4726 -23.1564 10
      vertex -13.925 -24.1188 10
    endloop
  endfacet
  facet normal 0 0 1
    outer loop
      vertex -15.7365 -20.5082 10
      vertex -15.4726 -23.1564 10
      vertex -14.3615 -21.4935 10
    endloop
  endfacet
  facet normal 0 0 1
    outer loop
      vertex -15.7365 -20.5082 10
      vertex -16.954 -22.0949 10
      vertex -15.4726 -23.1564 10
    endloop
  endfacet
  facet normal 0 0 1
    outer loop
      vertex -17.0441 -19.4351 10
      vertex -16.954 -22.0949 10
      vertex -15.7365 -20.5082 10
    endloop
  endfacet
  facet normal 0 0 1
    outer loop
      vertex -18.3628 -20.9387 10
      vertex -17.0441 -19.4351 10
      vertex -18.2787 -18.2787 10
    endloop
  endfacet
  facet normal 0 0 1
    outer loop
      vertex -17.0441 -19.4351 10
      vertex -18.3628 -20.9387 10
      vertex -16.954 -22.0949 10
    endloop
  endfacet
  facet normal 0 0 1
    outer loop
      vertex -19.6929 -19.6929 10
      vertex -18.2787 -18.2787 10
      vertex -19.4351 -17.0441 10
    endloop
  endfacet
  facet normal 0 0 1
    outer loop
      vertex -18.2787 -18.2787 10
      vertex -19.6929 -19.6929 10
      vertex -18.3628 -20.9387 10
    endloop
  endfacet
  facet normal 0 0 1
    outer loop
      vertex -20.9387 -18.3628 10
      vertex -19.4351 -17.0441 10
      vertex -20.5082 -15.7365 10
    endloop
  endfacet
  facet normal 0 0 1
    outer loop
      vertex -19.4351 -17.0441 10
      vertex -20.9387 -18.3628 10
      vertex -19.6929 -19.6929 10
    endloop
  endfacet
  facet normal 0 0 1
    outer loop
      vertex -22.0949 -16.954 10
      vertex -20.5082 -15.7365 10
      vertex -21.4935 -14.3615 10
    endloop
  endfacet
  facet normal 0 0 1
    outer loop
      vertex -23.1564 -15.4726 10
      vertex -21.4935 -14.3615 10
      vertex -21.7263 -13.9871 10
    endloop
  endfacet
  facet normal 0 0 1
    outer loop
      vertex -20.5082 -15.7365 10
      vertex -22.0949 -16.954 10
      vertex -20.9387 -18.3628 10
    endloop
  endfacet
  facet normal 0 0 1
    outer loop
      vertex -21.4935 -14.3615 10
      vertex -23.1564 -15.4726 10
      vertex -22.0949 -16.954 10
    endloop
  endfacet
  facet normal 0 -0 1
    outer loop
      vertex -23.1564 -15.4726 10
      vertex -21.7263 -13.9871 10
      vertex -23.4584 -14.9871 10
    endloop
  endfacet
  facet normal 0 0 1
    outer loop
      vertex -24.7084 12.822 10
      vertex -23.1842 11.4332 10
      vertex -22.9763 11.822 10
    endloop
  endfacet
  facet normal -0 0 1
    outer loop
      vertex -24.9779 12.3177 10
      vertex -23.1842 11.4332 10
      vertex -24.7084 12.822 10
    endloop
  endfacet
  facet normal 0 0 1
    outer loop
      vertex -23.1842 11.4332 10
      vertex -24.9779 12.3177 10
      vertex -23.8823 9.89237 10
    endloop
  endfacet
  facet normal -0 0 1
    outer loop
      vertex -25.73 10.6577 10
      vertex -23.8823 9.89237 10
      vertex -24.9779 12.3177 10
    endloop
  endfacet
  facet normal 0 0 1
    outer loop
      vertex -23.8823 9.89237 10
      vertex -25.73 10.6577 10
      vertex -24.4781 8.30921 10
    endloop
  endfacet
  facet normal -0 0 1
    outer loop
      vertex -26.372 8.95209 10
      vertex -24.4781 8.30921 10
      vertex -25.73 10.6577 10
    endloop
  endfacet
  facet normal 0 0 1
    outer loop
      vertex -24.4781 8.30921 10
      vertex -26.372 8.95209 10
      vertex -24.9692 6.69047 10
    endloop
  endfacet
  facet normal -0 0 1
    outer loop
      vertex -26.901 7.20811 10
      vertex -24.9692 6.69047 10
      vertex -26.372 8.95209 10
    endloop
  endfacet
  facet normal 0 0 1
    outer loop
      vertex -24.9692 6.69047 10
      vertex -26.901 7.20811 10
      vertex -25.3533 5.04308 10
    endloop
  endfacet
  facet normal -0 0 1
    outer loop
      vertex -27.3149 5.43326 10
      vertex -25.3533 5.04308 10
      vertex -26.901 7.20811 10
    endloop
  endfacet
  facet normal 0 0 1
    outer loop
      vertex -25.3533 5.04308 10
      vertex -27.3149 5.43326 10
      vertex -25.6288 3.3741 10
    endloop
  endfacet
  facet normal 0 0 1
    outer loop
      vertex -23.1842 -11.4332 10
      vertex -24.7084 -12.822 10
      vertex -22.9763 -11.822 10
    endloop
  endfacet
  facet normal 0 0 1
    outer loop
      vertex -24.9779 -12.3177 10
      vertex -23.1842 -11.4332 10
      vertex -23.8823 -9.89237 10
    endloop
  endfacet
  facet normal 0 0 1
    outer loop
      vertex -25.73 -10.6577 10
      vertex -23.8823 -9.89237 10
      vertex -24.4781 -8.30921 10
    endloop
  endfacet
  facet normal 0 0 1
    outer loop
      vertex -26.372 -8.95209 10
      vertex -24.4781 -8.30921 10
      vertex -24.9692 -6.69047 10
    endloop
  endfacet
  facet normal 0 0 1
    outer loop
      vertex -23.1842 -11.4332 10
      vertex -24.9779 -12.3177 10
      vertex -24.7084 -12.822 10
    endloop
  endfacet
  facet normal 0 0 1
    outer loop
      vertex -26.901 -7.20811 10
      vertex -24.9692 -6.69047 10
      vertex -25.3533 -5.04308 10
    endloop
  endfacet
  facet normal 0 0 1
    outer loop
      vertex -27.3149 -5.43326 10
      vertex -25.3533 -5.04308 10
      vertex -25.6288 -3.3741 10
    endloop
  endfacet
  facet normal 0 0 1
    outer loop
      vertex -23.8823 -9.89237 10
      vertex -25.73 -10.6577 10
      vertex -24.9779 -12.3177 10
    endloop
  endfacet
  facet normal 0 0 1
    outer loop
      vertex -27.6117 -3.63515 10
      vertex -25.6288 -3.3741 10
      vertex -25.7947 -1.69067 10
    endloop
  endfacet
  facet normal 0 0 1
    outer loop
      vertex -27.7904 -1.82148 10
      vertex -25.7947 -1.69067 10
      vertex -25.85 0 10
    endloop
  endfacet
  facet normal -0 0 1
    outer loop
      vertex -27.6117 3.63515 10
      vertex -25.6288 3.3741 10
      vertex -27.3149 5.43326 10
    endloop
  endfacet
  facet normal 0 0 1
    outer loop
      vertex -24.4781 -8.30921 10
      vertex -26.372 -8.95209 10
      vertex -25.73 -10.6577 10
    endloop
  endfacet
  facet normal 0 0 1
    outer loop
      vertex -25.6288 3.3741 10
      vertex -27.6117 3.63515 10
      vertex -25.7947 1.69067 10
    endloop
  endfacet
  facet normal 0 0 1
    outer loop
      vertex -24.9692 -6.69047 10
      vertex -26.901 -7.20811 10
      vertex -26.372 -8.95209 10
    endloop
  endfacet
  facet normal -0 0 1
    outer loop
      vertex -27.7904 1.82148 10
      vertex -25.7947 1.69067 10
      vertex -27.6117 3.63515 10
    endloop
  endfacet
  facet normal 0 0 1
    outer loop
      vertex -25.3533 -5.04308 10
      vertex -27.3149 -5.43326 10
      vertex -26.901 -7.20811 10
    endloop
  endfacet
  facet normal 0 0 1
    outer loop
      vertex -25.7947 1.69067 10
      vertex -27.7904 1.82148 10
      vertex -25.85 0 10
    endloop
  endfacet
  facet normal 0 0 1
    outer loop
      vertex -25.6288 -3.3741 10
      vertex -27.6117 -3.63515 10
      vertex -27.3149 -5.43326 10
    endloop
  endfacet
  facet normal 0 0 1
    outer loop
      vertex -27.85 0 10
      vertex -25.85 0 10
      vertex -27.7904 1.82148 10
    endloop
  endfacet
  facet normal 0 0 1
    outer loop
      vertex -25.7947 -1.69067 10
      vertex -27.7904 -1.82148 10
      vertex -27.6117 -3.63515 10
    endloop
  endfacet
  facet normal 0 0 1
    outer loop
      vertex -25.85 0 10
      vertex -27.85 0 10
      vertex -27.7904 -1.82148 10
    endloop
  endfacet
  facet normal 0 0 1
    outer loop
      vertex -1.25 27.8091 10
      vertex -1.69067 25.7947 10
      vertex -1.25 25.8091 10
    endloop
  endfacet
  facet normal -0 0 1
    outer loop
      vertex -1.82148 27.7904 10
      vertex -1.69067 25.7947 10
      vertex -1.25 27.8091 10
    endloop
  endfacet
  facet normal 0 0 1
    outer loop
      vertex -1.82148 27.7904 10
      vertex -3.3741 25.6288 10
      vertex -1.69067 25.7947 10
    endloop
  endfacet
  facet normal -0 0 1
    outer loop
      vertex -3.63515 27.6117 10
      vertex -3.3741 25.6288 10
      vertex -1.82148 27.7904 10
    endloop
  endfacet
  facet normal 0 0 1
    outer loop
      vertex -3.63515 27.6117 10
      vertex -5.04308 25.3533 10
      vertex -3.3741 25.6288 10
    endloop
  endfacet
  facet normal -0 0 1
    outer loop
      vertex -5.43326 27.3149 10
      vertex -5.04308 25.3533 10
      vertex -3.63515 27.6117 10
    endloop
  endfacet
  facet normal 0 0 1
    outer loop
      vertex -5.43326 27.3149 10
      vertex -6.69047 24.9692 10
      vertex -5.04308 25.3533 10
    endloop
  endfacet
  facet normal -0 0 1
    outer loop
      vertex -7.20811 26.901 10
      vertex -6.69047 24.9692 10
      vertex -5.43326 27.3149 10
    endloop
  endfacet
  facet normal 0 0 1
    outer loop
      vertex -7.20811 26.901 10
      vertex -8.30921 24.4781 10
      vertex -6.69047 24.9692 10
    endloop
  endfacet
  facet normal -0 0 1
    outer loop
      vertex -8.95209 26.372 10
      vertex -8.30921 24.4781 10
      vertex -7.20811 26.901 10
    endloop
  endfacet
  facet normal 0 0 1
    outer loop
      vertex -8.95209 26.372 10
      vertex -9.89237 23.8823 10
      vertex -8.30921 24.4781 10
    endloop
  endfacet
  facet normal -0 0 1
    outer loop
      vertex -10.6577 25.73 10
      vertex -9.89237 23.8823 10
      vertex -8.95209 26.372 10
    endloop
  endfacet
  facet normal 0 0 1
    outer loop
      vertex -10.6577 25.73 10
      vertex -11.4332 23.1842 10
      vertex -9.89237 23.8823 10
    endloop
  endfacet
  facet normal -0 0 1
    outer loop
      vertex -12.3177 24.9779 10
      vertex -11.4332 23.1842 10
      vertex -10.6577 25.73 10
    endloop
  endfacet
  facet normal 0 0 1
    outer loop
      vertex -12.3177 24.9779 10
      vertex -12.925 22.3868 10
      vertex -11.4332 23.1842 10
    endloop
  endfacet
  facet normal -0 0 1
    outer loop
      vertex -13.925 24.1188 10
      vertex -12.925 22.3868 10
      vertex -12.3177 24.9779 10
    endloop
  endfacet
  facet normal 0 0 1
    outer loop
      vertex -13.925 24.1188 10
      vertex -14.3615 21.4935 10
      vertex -12.925 22.3868 10
    endloop
  endfacet
  facet normal -0 0 1
    outer loop
      vertex -15.4726 23.1564 10
      vertex -14.3615 21.4935 10
      vertex -13.925 24.1188 10
    endloop
  endfacet
  facet normal 0 0 1
    outer loop
      vertex -15.4726 23.1564 10
      vertex -15.7365 20.5082 10
      vertex -14.3615 21.4935 10
    endloop
  endfacet
  facet normal -0 0 1
    outer loop
      vertex -16.954 22.0949 10
      vertex -15.7365 20.5082 10
      vertex -15.4726 23.1564 10
    endloop
  endfacet
  facet normal 0 0 1
    outer loop
      vertex -16.954 22.0949 10
      vertex -17.0441 19.4351 10
      vertex -15.7365 20.5082 10
    endloop
  endfacet
  facet normal -0 0 1
    outer loop
      vertex -18.3628 20.9387 10
      vertex -17.0441 19.4351 10
      vertex -16.954 22.0949 10
    endloop
  endfacet
  facet normal 0 0 1
    outer loop
      vertex -17.0441 19.4351 10
      vertex -18.3628 20.9387 10
      vertex -18.2787 18.2787 10
    endloop
  endfacet
  facet normal -0 0 1
    outer loop
      vertex -19.6929 19.6929 10
      vertex -18.2787 18.2787 10
      vertex -18.3628 20.9387 10
    endloop
  endfacet
  facet normal 0 0 1
    outer loop
      vertex -18.2787 18.2787 10
      vertex -19.6929 19.6929 10
      vertex -19.4351 17.0441 10
    endloop
  endfacet
  facet normal -0 0 1
    outer loop
      vertex -20.9387 18.3628 10
      vertex -19.4351 17.0441 10
      vertex -19.6929 19.6929 10
    endloop
  endfacet
  facet normal 0 0 1
    outer loop
      vertex -19.4351 17.0441 10
      vertex -20.9387 18.3628 10
      vertex -20.5082 15.7365 10
    endloop
  endfacet
  facet normal -0 0 1
    outer loop
      vertex -22.0949 16.954 10
      vertex -20.5082 15.7365 10
      vertex -20.9387 18.3628 10
    endloop
  endfacet
  facet normal 0 0 1
    outer loop
      vertex -20.5082 15.7365 10
      vertex -22.0949 16.954 10
      vertex -21.4935 14.3615 10
    endloop
  endfacet
  facet normal -0 0 1
    outer loop
      vertex -23.1564 15.4726 10
      vertex -21.4935 14.3615 10
      vertex -22.0949 16.954 10
    endloop
  endfacet
  facet normal 0 0 1
    outer loop
      vertex -21.4935 14.3615 10
      vertex -23.1564 15.4726 10
      vertex -21.7263 13.9871 10
    endloop
  endfacet
  facet normal 0 0 1
    outer loop
      vertex -21.7263 13.9871 10
      vertex -23.1564 15.4726 10
      vertex -23.4584 14.9871 10
    endloop
  endfacet
  facet normal 0 0 1
    outer loop
      vertex 25.85 0 10
      vertex 27.85 0 10
      vertex 27.7904 1.82148 10
    endloop
  endfacet
  facet normal 0 0 1
    outer loop
      vertex 25.7947 1.69067 10
      vertex 27.7904 1.82148 10
      vertex 27.6117 3.63515 10
    endloop
  endfacet
  facet normal 0 0 1
    outer loop
      vertex 27.85 0 10
      vertex 25.85 0 10
      vertex 27.7904 -1.82148 10
    endloop
  endfacet
  facet normal 0 0 1
    outer loop
      vertex 25.6288 3.3741 10
      vertex 27.6117 3.63515 10
      vertex 27.3149 5.43326 10
    endloop
  endfacet
  facet normal -0 0 1
    outer loop
      vertex 25.7947 -1.69067 10
      vertex 27.7904 -1.82148 10
      vertex 25.85 0 10
    endloop
  endfacet
  facet normal 0 0 1
    outer loop
      vertex 25.3533 5.04308 10
      vertex 27.3149 5.43326 10
      vertex 26.901 7.20811 10
    endloop
  endfacet
  facet normal 0 0 1
    outer loop
      vertex 27.7904 -1.82148 10
      vertex 25.7947 -1.69067 10
      vertex 27.6117 -3.63515 10
    endloop
  endfacet
  facet normal 0 0 1
    outer loop
      vertex 24.9692 6.69047 10
      vertex 26.901 7.20811 10
      vertex 26.372 8.95209 10
    endloop
  endfacet
  facet normal -0 0 1
    outer loop
      vertex 25.6288 -3.3741 10
      vertex 27.6117 -3.63515 10
      vertex 25.7947 -1.69067 10
    endloop
  endfacet
  facet normal 0 0 1
    outer loop
      vertex 27.6117 -3.63515 10
      vertex 25.6288 -3.3741 10
      vertex 27.3149 -5.43326 10
    endloop
  endfacet
  facet normal 0 0 1
    outer loop
      vertex 27.7904 1.82148 10
      vertex 25.7947 1.69067 10
      vertex 25.85 0 10
    endloop
  endfacet
  facet normal 0 0 1
    outer loop
      vertex 24.4781 8.30921 10
      vertex 26.372 8.95209 10
      vertex 25.73 10.6577 10
    endloop
  endfacet
  facet normal 0 0 1
    outer loop
      vertex 27.6117 3.63515 10
      vertex 25.6288 3.3741 10
      vertex 25.7947 1.69067 10
    endloop
  endfacet
  facet normal 0 0 1
    outer loop
      vertex 27.3149 5.43326 10
      vertex 25.3533 5.04308 10
      vertex 25.6288 3.3741 10
    endloop
  endfacet
  facet normal 0 0 1
    outer loop
      vertex 23.8823 9.89237 10
      vertex 25.73 10.6577 10
      vertex 24.9779 12.3177 10
    endloop
  endfacet
  facet normal 0 0 1
    outer loop
      vertex 26.901 7.20811 10
      vertex 24.9692 6.69047 10
      vertex 25.3533 5.04308 10
    endloop
  endfacet
  facet normal 0 0 1
    outer loop
      vertex 23.1842 11.4332 10
      vertex 24.9779 12.3177 10
      vertex 24.7084 12.822 10
    endloop
  endfacet
  facet normal 0 0 1
    outer loop
      vertex 26.372 8.95209 10
      vertex 24.4781 8.30921 10
      vertex 24.9692 6.69047 10
    endloop
  endfacet
  facet normal 0 0 1
    outer loop
      vertex 25.73 10.6577 10
      vertex 23.8823 9.89237 10
      vertex 24.4781 8.30921 10
    endloop
  endfacet
  facet normal 0 0 1
    outer loop
      vertex 24.9779 12.3177 10
      vertex 23.1842 11.4332 10
      vertex 23.8823 9.89237 10
    endloop
  endfacet
  facet normal 0 -0 1
    outer loop
      vertex 23.1842 11.4332 10
      vertex 24.7084 12.822 10
      vertex 22.9763 11.822 10
    endloop
  endfacet
  facet normal -0 0 1
    outer loop
      vertex 25.3533 -5.04308 10
      vertex 27.3149 -5.43326 10
      vertex 25.6288 -3.3741 10
    endloop
  endfacet
  facet normal 0 0 1
    outer loop
      vertex 27.3149 -5.43326 10
      vertex 25.3533 -5.04308 10
      vertex 26.901 -7.20811 10
    endloop
  endfacet
  facet normal -0 0 1
    outer loop
      vertex 24.9692 -6.69047 10
      vertex 26.901 -7.20811 10
      vertex 25.3533 -5.04308 10
    endloop
  endfacet
  facet normal 0 0 1
    outer loop
      vertex 26.901 -7.20811 10
      vertex 24.9692 -6.69047 10
      vertex 26.372 -8.95209 10
    endloop
  endfacet
  facet normal -0 0 1
    outer loop
      vertex 24.4781 -8.30921 10
      vertex 26.372 -8.95209 10
      vertex 24.9692 -6.69047 10
    endloop
  endfacet
  facet normal 0 0 1
    outer loop
      vertex 26.372 -8.95209 10
      vertex 24.4781 -8.30921 10
      vertex 25.73 -10.6577 10
    endloop
  endfacet
  facet normal -0 0 1
    outer loop
      vertex 23.8823 -9.89237 10
      vertex 25.73 -10.6577 10
      vertex 24.4781 -8.30921 10
    endloop
  endfacet
  facet normal 0 0 1
    outer loop
      vertex 25.73 -10.6577 10
      vertex 23.8823 -9.89237 10
      vertex 24.9779 -12.3177 10
    endloop
  endfacet
  facet normal -0 0 1
    outer loop
      vertex 23.1842 -11.4332 10
      vertex 24.9779 -12.3177 10
      vertex 23.8823 -9.89237 10
    endloop
  endfacet
  facet normal 0 0 1
    outer loop
      vertex 24.9779 -12.3177 10
      vertex 23.1842 -11.4332 10
      vertex 24.7084 -12.822 10
    endloop
  endfacet
  facet normal 0 0 1
    outer loop
      vertex 24.7084 -12.822 10
      vertex 23.1842 -11.4332 10
      vertex 22.9763 -11.822 10
    endloop
  endfacet
  facet normal -0.227109 -0.973869 0
    outer loop
      vertex -7.20811 -26.901 6.4
      vertex -5.43326 -27.3149 10
      vertex -7.20811 -26.901 10
    endloop
  endfacet
  facet normal -0.227109 -0.973869 -0
    outer loop
      vertex -5.43326 -27.3149 10
      vertex -7.20811 -26.901 6.4
      vertex -5.43326 -27.3149 6.4
    endloop
  endfacet
  facet normal -0.227109 -0.973869 0
    outer loop
      vertex -7.20811 -26.901 3
      vertex -5.43326 -27.3149 5.6
      vertex -7.20811 -26.901 5.6
    endloop
  endfacet
  facet normal -0.227109 -0.973869 -0
    outer loop
      vertex -5.43326 -27.3149 5.6
      vertex -7.20811 -26.901 3
      vertex -5.43326 -27.3149 3
    endloop
  endfacet
  facet normal -0.849126 0.52819 0
    outer loop
      vertex -23.1564 15.4726 3
      vertex -23.4584 14.9871 4.5
      vertex -23.1564 15.4726 5.6
    endloop
  endfacet
  facet normal -0.849192 0.528084 -4.75553e-05
    outer loop
      vertex -24.1188 13.925 3
      vertex -23.4584 14.9871 4.5
      vertex -23.1564 15.4726 3
    endloop
  endfacet
  facet normal -0.849222 0.528035 0
    outer loop
      vertex -23.4584 14.9871 4.5
      vertex -24.1188 13.925 3
      vertex -24.1188 13.925 4.5
    endloop
  endfacet
  facet normal -0.849126 0.52819 0
    outer loop
      vertex -23.1564 15.4726 5.6
      vertex -23.4584 14.9871 4.5
      vertex -23.4584 14.9871 5.6
    endloop
  endfacet
  facet normal -0.849126 0.52819 0
    outer loop
      vertex -23.4584 14.9871 6.4
      vertex -23.1564 15.4726 10
      vertex -23.1564 15.4726 6.4
    endloop
  endfacet
  facet normal -0.849126 0.52819 0
    outer loop
      vertex -23.1564 15.4726 10
      vertex -23.4584 14.9871 6.4
      vertex -23.4584 14.9871 10
    endloop
  endfacet
  facet normal -0.956945 -0.290269 0
    outer loop
      vertex -26.372 -8.95209 3
      vertex -26.901 -7.20811 5.6
      vertex -26.901 -7.20811 3
    endloop
  endfacet
  facet normal -0.956945 -0.290269 0
    outer loop
      vertex -26.901 -7.20811 5.6
      vertex -26.372 -8.95209 3
      vertex -26.372 -8.95209 5.6
    endloop
  endfacet
  facet normal -0.956945 -0.290269 0
    outer loop
      vertex -26.372 -8.95209 6.4
      vertex -26.901 -7.20811 10
      vertex -26.901 -7.20811 6.4
    endloop
  endfacet
  facet normal -0.956945 -0.290269 0
    outer loop
      vertex -26.901 -7.20811 10
      vertex -26.372 -8.95209 6.4
      vertex -26.372 -8.95209 10
    endloop
  endfacet
  facet normal 0.588063 0.0192418 -0.808586
    outer loop
      vertex 27.85 0 5.6
      vertex 27.7904 1.82148 5.6
      vertex 28.4 0 6
    endloop
  endfacet
  facet normal -0.373289 0.454843 -0.808563
    outer loop
      vertex -16.954 22.0949 5.6
      vertex -18.3628 20.9387 5.6
      vertex -17.2888 22.5312 6
    endloop
  endfacet
  facet normal -0.13362 0.572976 -0.808607
    outer loop
      vertex -7.20811 26.901 5.6
      vertex -7.35046 27.4323 6
      vertex -5.43326 27.3149 5.6
    endloop
  endfacet
  facet normal 0.0192472 0.588202 -0.808485
    outer loop
      vertex 1.82148 27.7904 5.6
      vertex 1.25 27.8091 5.6
      vertex 1.25 27.9816 5.7255
    endloop
  endfacet
  facet normal -0.588079 -0.0192496 -0.808575
    outer loop
      vertex -28.3392 -1.85745 6
      vertex -28.4 0 6
      vertex -27.7904 -1.82148 5.6
    endloop
  endfacet
  facet normal 0.207229 -0.550624 -0.808622
    outer loop
      vertex 10.8682 -26.2382 6
      vertex 9.12888 -26.8928 6
      vertex 10.6577 -25.73 5.6
    endloop
  endfacet
  facet normal 0.550624 0.207229 -0.808622
    outer loop
      vertex 26.8928 9.12888 6
      vertex 25.73 10.6577 5.6
      vertex 26.2382 10.8682 6
    endloop
  endfacet
  facet normal 0.580518 0.0958216 -0.808589
    outer loop
      vertex 27.6117 3.63515 5.6
      vertex 27.3149 5.43326 5.6
      vertex 28.157 3.70694 6
    endloop
  endfacet
  facet normal -0.518985 -0.277348 -0.808537
    outer loop
      vertex -24.8578 -12.9083 5.7255
      vertex -24.9779 -12.3177 5.6
      vertex -24.7084 -12.822 5.6
    endloop
  endfacet
  facet normal -0.580542 0.0958379 -0.80857
    outer loop
      vertex -27.3149 5.43326 5.6
      vertex -28.157 3.70694 6
      vertex -27.8543 5.54056 6
    endloop
  endfacet
  facet normal 0.402232 0.42945 -0.808568
    outer loop
      vertex 19.6929 19.6929 5.6
      vertex 18.3628 20.9387 5.6
      vertex 18.7254 21.3522 6
    endloop
  endfacet
  facet normal 0.310717 0.499653 -0.80858
    outer loop
      vertex 15.4726 23.1564 5.6
      vertex 13.925 24.1188 5.6
      vertex 14.2 24.5951 6
    endloop
  endfacet
  facet normal 0.402232 -0.42945 -0.808568
    outer loop
      vertex 18.7254 -21.3522 6
      vertex 18.3628 -20.9387 5.6
      vertex 19.6929 -19.6929 5.6
    endloop
  endfacet
  facet normal 0.373289 0.454843 -0.808563
    outer loop
      vertex 18.3628 20.9387 5.6
      vertex 16.954 22.0949 5.6
      vertex 17.2888 22.5312 6
    endloop
  endfacet
  facet normal 0.0576856 0.585559 -0.808575
    outer loop
      vertex 3.70694 28.157 6
      vertex 1.82148 27.7904 5.6
      vertex 1.85745 28.3392 6
    endloop
  endfacet
  facet normal 0.310717 -0.499653 -0.80858
    outer loop
      vertex 14.2 -24.5951 6
      vertex 13.925 -24.1188 5.6
      vertex 15.4726 -23.1564 5.6
    endloop
  endfacet
  facet normal -0.573029 0.133609 -0.80857
    outer loop
      vertex -27.3149 5.43326 5.6
      vertex -27.8543 5.54056 6
      vertex -27.4323 7.35046 6
    endloop
  endfacet
  facet normal -0.47825 -0.342715 -0.808593
    outer loop
      vertex -22.5312 -17.2888 6
      vertex -23.6137 -15.7782 6
      vertex -23.1564 -15.4726 5.6
    endloop
  endfacet
  facet normal 0.242808 0.535914 -0.808604
    outer loop
      vertex 12.3177 24.9779 5.6
      vertex 10.6577 25.73 5.6
      vertex 12.561 25.4712 6
    endloop
  endfacet
  facet normal -0.454839 -0.373281 -0.808569
    outer loop
      vertex -21.3522 -18.7254 6
      vertex -22.5312 -17.2888 6
      vertex -20.9387 -18.3628 5.6
    endloop
  endfacet
  facet normal 0.207229 0.550624 -0.808622
    outer loop
      vertex 10.6577 25.73 5.6
      vertex 9.12888 26.8928 6
      vertex 10.8682 26.2382 6
    endloop
  endfacet
  facet normal 0.42945 0.402232 -0.808568
    outer loop
      vertex 20.9387 18.3628 5.6
      vertex 19.6929 19.6929 5.6
      vertex 21.3522 18.7254 6
    endloop
  endfacet
  facet normal -0.550668 -0.207274 -0.80858
    outer loop
      vertex -25.73 -10.6577 5.6
      vertex -26.8928 -9.12888 6
      vertex -26.372 -8.95209 5.6
    endloop
  endfacet
  facet normal 0.47825 -0.342715 -0.808593
    outer loop
      vertex 23.6137 -15.7782 6
      vertex 22.5312 -17.2888 6
      vertex 23.1564 -15.4726 5.6
    endloop
  endfacet
  facet normal 0.277359 0.518913 -0.80858
    outer loop
      vertex 13.925 24.1188 5.6
      vertex 12.3177 24.9779 5.6
      vertex 14.2 24.5951 6
    endloop
  endfacet
  facet normal -0.0576856 -0.585559 -0.808575
    outer loop
      vertex -1.85745 -28.3392 6
      vertex -3.70694 -28.157 6
      vertex -1.82148 -27.7904 5.6
    endloop
  endfacet
  facet normal -0.207274 -0.550668 -0.80858
    outer loop
      vertex -9.12888 -26.8928 6
      vertex -10.6577 -25.73 5.6
      vertex -8.95209 -26.372 5.6
    endloop
  endfacet
  facet normal -0.550624 0.207229 -0.808622
    outer loop
      vertex -25.73 10.6577 5.6
      vertex -26.8928 9.12888 6
      vertex -26.2382 10.8682 6
    endloop
  endfacet
  facet normal -0.373281 -0.454839 -0.808569
    outer loop
      vertex -17.2888 -22.5312 6
      vertex -18.7254 -21.3522 6
      vertex -18.3628 -20.9387 5.6
    endloop
  endfacet
  facet normal 0.207274 -0.550668 -0.80858
    outer loop
      vertex 9.12888 -26.8928 6
      vertex 8.95209 -26.372 5.6
      vertex 10.6577 -25.73 5.6
    endloop
  endfacet
  facet normal 0.454839 0.373281 -0.808569
    outer loop
      vertex 22.5312 17.2888 6
      vertex 20.9387 18.3628 5.6
      vertex 21.3522 18.7254 6
    endloop
  endfacet
  facet normal 0.242808 -0.535914 -0.808604
    outer loop
      vertex 12.561 -25.4712 6
      vertex 10.6577 -25.73 5.6
      vertex 12.3177 -24.9779 5.6
    endloop
  endfacet
  facet normal -0.47825 0.342715 -0.808593
    outer loop
      vertex -23.1564 15.4726 5.6
      vertex -23.6137 15.7782 6
      vertex -22.5312 17.2888 6
    endloop
  endfacet
  facet normal -0.42945 0.402232 -0.808568
    outer loop
      vertex -20.9387 18.3628 5.6
      vertex -21.3522 18.7254 6
      vertex -19.6929 19.6929 5.6
    endloop
  endfacet
  facet normal -0.207229 -0.550624 -0.808622
    outer loop
      vertex -9.12888 -26.8928 6
      vertex -10.8682 -26.2382 6
      vertex -10.6577 -25.73 5.6
    endloop
  endfacet
  facet normal 0.429443 -0.402215 -0.80858
    outer loop
      vertex 20.0818 -20.0818 6
      vertex 19.6929 -19.6929 5.6
      vertex 21.3522 -18.7254 6
    endloop
  endfacet
  facet normal -0.454843 -0.373289 -0.808563
    outer loop
      vertex -20.9387 -18.3628 5.6
      vertex -22.5312 -17.2888 6
      vertex -22.0949 -16.954 5.6
    endloop
  endfacet
  facet normal -0.17079 0.563053 -0.80858
    outer loop
      vertex -8.95209 26.372 5.6
      vertex -9.12888 26.8928 6
      vertex -7.20811 26.901 5.6
    endloop
  endfacet
  facet normal 0.13362 -0.572976 -0.808607
    outer loop
      vertex 7.35046 -27.4323 6
      vertex 5.43326 -27.3149 5.6
      vertex 7.20811 -26.901 5.6
    endloop
  endfacet
  facet normal -0.0576928 0.585538 -0.808589
    outer loop
      vertex -3.63515 27.6117 5.6
      vertex -3.70694 28.157 6
      vertex -1.82148 27.7904 5.6
    endloop
  endfacet
  facet normal 0.588079 0.0192496 -0.808575
    outer loop
      vertex 28.4 0 6
      vertex 27.7904 1.82148 5.6
      vertex 28.3392 1.85745 6
    endloop
  endfacet
  facet normal 0.535914 0.242808 -0.808604
    outer loop
      vertex 25.73 10.6577 5.6
      vertex 24.9779 12.3177 5.6
      vertex 25.4712 12.561 6
    endloop
  endfacet
  facet normal 0.588079 -0.0192496 -0.808575
    outer loop
      vertex 28.3392 -1.85745 6
      vertex 27.7904 -1.82148 5.6
      vertex 28.4 0 6
    endloop
  endfacet
  facet normal -0.518886 -0.277353 -0.808599
    outer loop
      vertex -25.4712 -12.561 6
      vertex -24.8578 -12.9083 5.7255
      vertex -25.1847 -13.097 6
    endloop
  endfacet
  facet normal -0.518883 -0.277341 -0.808605
    outer loop
      vertex -24.8578 -12.9083 5.7255
      vertex -25.4712 -12.561 6
      vertex -24.9779 -12.3177 5.6
    endloop
  endfacet
  facet normal -0.0192472 0.588202 -0.808485
    outer loop
      vertex -1.25 27.8091 5.6
      vertex -1.82148 27.7904 5.6
      vertex -1.25 27.9816 5.7255
    endloop
  endfacet
  facet normal -0.585538 -0.0576928 -0.808589
    outer loop
      vertex -27.6117 -3.63515 5.6
      vertex -28.157 -3.70694 6
      vertex -27.7904 -1.82148 5.6
    endloop
  endfacet
  facet normal -0.342724 -0.478296 -0.808562
    outer loop
      vertex -15.4726 -23.1564 5.6
      vertex -17.2888 -22.5312 6
      vertex -16.954 -22.0949 5.6
    endloop
  endfacet
  facet normal -0.402232 -0.42945 -0.808568
    outer loop
      vertex -18.7254 -21.3522 6
      vertex -19.6929 -19.6929 5.6
      vertex -18.3628 -20.9387 5.6
    endloop
  endfacet
  facet normal -0.429443 0.402215 -0.80858
    outer loop
      vertex -19.6929 19.6929 5.6
      vertex -21.3522 18.7254 6
      vertex -20.0818 20.0818 6
    endloop
  endfacet
  facet normal -0.133609 0.573029 -0.80857
    outer loop
      vertex -5.43326 27.3149 5.6
      vertex -7.35046 27.4323 6
      vertex -5.54056 27.8543 6
    endloop
  endfacet
  facet normal 0.550668 -0.207274 -0.80858
    outer loop
      vertex 26.8928 -9.12888 6
      vertex 25.73 -10.6577 5.6
      vertex 26.372 -8.95209 5.6
    endloop
  endfacet
  facet normal 0.580518 -0.0958216 -0.808589
    outer loop
      vertex 28.157 -3.70694 6
      vertex 27.3149 -5.43326 5.6
      vertex 27.6117 -3.63515 5.6
    endloop
  endfacet
  facet normal -0.0958379 -0.580542 -0.80857
    outer loop
      vertex -3.70694 -28.157 6
      vertex -5.54056 -27.8543 6
      vertex -5.43326 -27.3149 5.6
    endloop
  endfacet
  facet normal -0.0958216 -0.580518 -0.808589
    outer loop
      vertex -3.70694 -28.157 6
      vertex -5.43326 -27.3149 5.6
      vertex -3.63515 -27.6117 5.6
    endloop
  endfacet
  facet normal 0.0192472 -0.588202 -0.808485
    outer loop
      vertex 1.82148 -27.7904 5.6
      vertex 1.25 -27.9816 5.7255
      vertex 1.25 -27.8091 5.6
    endloop
  endfacet
  facet normal 0.49961 0.310744 -0.808597
    outer loop
      vertex 23.6078 15.0734 5.7255
      vertex 23.6137 15.7782 6
      vertex 23.9347 15.2621 6
    endloop
  endfacet
  facet normal 0.499616 0.310742 -0.808593
    outer loop
      vertex 23.6137 15.7782 6
      vertex 23.6078 15.0734 5.7255
      vertex 23.1564 15.4726 5.6
    endloop
  endfacet
  facet normal 0.207274 0.550668 -0.80858
    outer loop
      vertex 10.6577 25.73 5.6
      vertex 8.95209 26.372 5.6
      vertex 9.12888 26.8928 6
    endloop
  endfacet
  facet normal 0.550668 0.207274 -0.80858
    outer loop
      vertex 26.372 8.95209 5.6
      vertex 25.73 10.6577 5.6
      vertex 26.8928 9.12888 6
    endloop
  endfacet
  facet normal 0.49966 -0.310808 -0.808541
    outer loop
      vertex 23.6078 -15.0734 5.7255
      vertex 23.1564 -15.4726 5.6
      vertex 23.4584 -14.9871 5.6
    endloop
  endfacet
  facet normal 0.373289 -0.454843 -0.808563
    outer loop
      vertex 17.2888 -22.5312 6
      vertex 16.954 -22.0949 5.6
      vertex 18.3628 -20.9387 5.6
    endloop
  endfacet
  facet normal -0.550624 -0.207229 -0.808622
    outer loop
      vertex -26.2382 -10.8682 6
      vertex -26.8928 -9.12888 6
      vertex -25.73 -10.6577 5.6
    endloop
  endfacet
  facet normal -0.310702 -0.499643 -0.808592
    outer loop
      vertex -14.2 -24.5951 6
      vertex -15.7782 -23.6137 6
      vertex -15.4726 -23.1564 5.6
    endloop
  endfacet
  facet normal -0.402232 0.42945 -0.808568
    outer loop
      vertex -18.3628 20.9387 5.6
      vertex -19.6929 19.6929 5.6
      vertex -18.7254 21.3522 6
    endloop
  endfacet
  facet normal 0.49961 -0.310744 -0.808597
    outer loop
      vertex 23.6137 -15.7782 6
      vertex 23.6078 -15.0734 5.7255
      vertex 23.9347 -15.2621 6
    endloop
  endfacet
  facet normal 0.499616 -0.310742 -0.808593
    outer loop
      vertex 23.6078 -15.0734 5.7255
      vertex 23.6137 -15.7782 6
      vertex 23.1564 -15.4726 5.6
    endloop
  endfacet
  facet normal 0.580542 -0.0958379 -0.80857
    outer loop
      vertex 27.8543 -5.54056 6
      vertex 27.3149 -5.43326 5.6
      vertex 28.157 -3.70694 6
    endloop
  endfacet
  facet normal -0.207274 0.550668 -0.80858
    outer loop
      vertex -8.95209 26.372 5.6
      vertex -10.6577 25.73 5.6
      vertex -9.12888 26.8928 6
    endloop
  endfacet
  facet normal 0.588063 -0.0192418 -0.808586
    outer loop
      vertex 28.4 0 6
      vertex 27.7904 -1.82148 5.6
      vertex 27.85 0 5.6
    endloop
  endfacet
  facet normal 0.550624 -0.207229 -0.808622
    outer loop
      vertex 26.2382 -10.8682 6
      vertex 25.73 -10.6577 5.6
      vertex 26.8928 -9.12888 6
    endloop
  endfacet
  facet normal 0.585538 0.0576928 -0.808589
    outer loop
      vertex 27.7904 1.82148 5.6
      vertex 27.6117 3.63515 5.6
      vertex 28.157 3.70694 6
    endloop
  endfacet
  facet normal -0.478296 0.342724 -0.808562
    outer loop
      vertex -22.0949 16.954 5.6
      vertex -23.1564 15.4726 5.6
      vertex -22.5312 17.2888 6
    endloop
  endfacet
  facet normal 0.585559 -0.0576856 -0.808575
    outer loop
      vertex 28.157 -3.70694 6
      vertex 27.7904 -1.82148 5.6
      vertex 28.3392 -1.85745 6
    endloop
  endfacet
  facet normal 0.402215 -0.429443 -0.80858
    outer loop
      vertex 20.0818 -20.0818 6
      vertex 18.7254 -21.3522 6
      vertex 19.6929 -19.6929 5.6
    endloop
  endfacet
  facet normal -0.310717 0.499653 -0.80858
    outer loop
      vertex -13.925 24.1188 5.6
      vertex -15.4726 23.1564 5.6
      vertex -14.2 24.5951 6
    endloop
  endfacet
  facet normal -0.310702 0.499643 -0.808592
    outer loop
      vertex -15.4726 23.1564 5.6
      vertex -15.7782 23.6137 6
      vertex -14.2 24.5951 6
    endloop
  endfacet
  facet normal -0.585559 0.0576856 -0.808575
    outer loop
      vertex -27.7904 1.82148 5.6
      vertex -28.3392 1.85745 6
      vertex -28.157 3.70694 6
    endloop
  endfacet
  facet normal -0.499616 0.310742 -0.808593
    outer loop
      vertex -23.6078 15.0734 5.7255
      vertex -23.6137 15.7782 6
      vertex -23.1564 15.4726 5.6
    endloop
  endfacet
  facet normal -0.49961 0.310744 -0.808597
    outer loop
      vertex -23.6137 15.7782 6
      vertex -23.6078 15.0734 5.7255
      vertex -23.9347 15.2621 6
    endloop
  endfacet
  facet normal 0.0576928 0.585538 -0.808589
    outer loop
      vertex 3.63515 27.6117 5.6
      vertex 1.82148 27.7904 5.6
      vertex 3.70694 28.157 6
    endloop
  endfacet
  facet normal 0.518985 0.277348 -0.808537
    outer loop
      vertex 24.9779 12.3177 5.6
      vertex 24.7084 12.822 5.6
      vertex 24.8578 12.9083 5.7255
    endloop
  endfacet
  facet normal -0.572976 -0.13362 -0.808607
    outer loop
      vertex -26.901 -7.20811 5.6
      vertex -27.4323 -7.35046 6
      vertex -27.3149 -5.43326 5.6
    endloop
  endfacet
  facet normal 0.170796 -0.563015 -0.808606
    outer loop
      vertex 7.35046 -27.4323 6
      vertex 7.20811 -26.901 5.6
      vertex 9.12888 -26.8928 6
    endloop
  endfacet
  facet normal 0.277356 -0.518875 -0.808605
    outer loop
      vertex 12.561 -25.4712 6
      vertex 12.3177 -24.9779 5.6
      vertex 14.2 -24.5951 6
    endloop
  endfacet
  facet normal 0.0191875 0.588082 -0.808574
    outer loop
      vertex 1.25 27.9816 5.7255
      vertex 1.85745 28.3392 6
      vertex 1.82148 27.7904 5.6
    endloop
  endfacet
  facet normal 0.0192628 0.587999 -0.808632
    outer loop
      vertex 1.85745 28.3392 6
      vertex 1.25 27.9816 5.7255
      vertex 1.25 28.3591 6
    endloop
  endfacet
  facet normal -0.499616 -0.310742 -0.808593
    outer loop
      vertex -23.6137 -15.7782 6
      vertex -23.6078 -15.0734 5.7255
      vertex -23.1564 -15.4726 5.6
    endloop
  endfacet
  facet normal -0.49961 -0.310744 -0.808597
    outer loop
      vertex -23.6078 -15.0734 5.7255
      vertex -23.6137 -15.7782 6
      vertex -23.9347 -15.2621 6
    endloop
  endfacet
  facet normal -0.588063 0.0192418 -0.808586
    outer loop
      vertex -27.85 0 5.6
      vertex -28.4 0 6
      vertex -27.7904 1.82148 5.6
    endloop
  endfacet
  facet normal -0.588079 0.0192496 -0.808575
    outer loop
      vertex -27.7904 1.82148 5.6
      vertex -28.4 0 6
      vertex -28.3392 1.85745 6
    endloop
  endfacet
  facet normal 0.47825 0.342715 -0.808593
    outer loop
      vertex 23.1564 15.4726 5.6
      vertex 22.5312 17.2888 6
      vertex 23.6137 15.7782 6
    endloop
  endfacet
  facet normal 0.535887 -0.242808 -0.808622
    outer loop
      vertex 26.2382 -10.8682 6
      vertex 25.4712 -12.561 6
      vertex 25.73 -10.6577 5.6
    endloop
  endfacet
  facet normal 0.242808 0.535887 -0.808622
    outer loop
      vertex 12.561 25.4712 6
      vertex 10.6577 25.73 5.6
      vertex 10.8682 26.2382 6
    endloop
  endfacet
  facet normal -0.402215 -0.429443 -0.80858
    outer loop
      vertex -18.7254 -21.3522 6
      vertex -20.0818 -20.0818 6
      vertex -19.6929 -19.6929 5.6
    endloop
  endfacet
  facet normal 0.0958379 0.580542 -0.80857
    outer loop
      vertex 5.43326 27.3149 5.6
      vertex 3.70694 28.157 6
      vertex 5.54056 27.8543 6
    endloop
  endfacet
  facet normal 0.454843 -0.373289 -0.808563
    outer loop
      vertex 22.5312 -17.2888 6
      vertex 20.9387 -18.3628 5.6
      vertex 22.0949 -16.954 5.6
    endloop
  endfacet
  facet normal -0.0576928 -0.585538 -0.808589
    outer loop
      vertex -1.82148 -27.7904 5.6
      vertex -3.70694 -28.157 6
      vertex -3.63515 -27.6117 5.6
    endloop
  endfacet
  facet normal -0.402215 0.429443 -0.80858
    outer loop
      vertex -19.6929 19.6929 5.6
      vertex -20.0818 20.0818 6
      vertex -18.7254 21.3522 6
    endloop
  endfacet
  facet normal 0.17079 -0.563053 -0.80858
    outer loop
      vertex 9.12888 -26.8928 6
      vertex 7.20811 -26.901 5.6
      vertex 8.95209 -26.372 5.6
    endloop
  endfacet
  facet normal 0.0192628 -0.587999 -0.808632
    outer loop
      vertex 1.25 -27.9816 5.7255
      vertex 1.85745 -28.3392 6
      vertex 1.25 -28.3591 6
    endloop
  endfacet
  facet normal 0.0191875 -0.588082 -0.808574
    outer loop
      vertex 1.85745 -28.3392 6
      vertex 1.25 -27.9816 5.7255
      vertex 1.82148 -27.7904 5.6
    endloop
  endfacet
  facet normal 0.454839 -0.373281 -0.808569
    outer loop
      vertex 21.3522 -18.7254 6
      vertex 20.9387 -18.3628 5.6
      vertex 22.5312 -17.2888 6
    endloop
  endfacet
  facet normal 0.42945 -0.402232 -0.808568
    outer loop
      vertex 21.3522 -18.7254 6
      vertex 19.6929 -19.6929 5.6
      vertex 20.9387 -18.3628 5.6
    endloop
  endfacet
  facet normal 0.13362 0.572976 -0.808607
    outer loop
      vertex 7.20811 26.901 5.6
      vertex 5.43326 27.3149 5.6
      vertex 7.35046 27.4323 6
    endloop
  endfacet
  facet normal 0.277356 0.518875 -0.808605
    outer loop
      vertex 14.2 24.5951 6
      vertex 12.3177 24.9779 5.6
      vertex 12.561 25.4712 6
    endloop
  endfacet
  facet normal 0.573029 -0.133609 -0.80857
    outer loop
      vertex 27.4323 -7.35046 6
      vertex 27.3149 -5.43326 5.6
      vertex 27.8543 -5.54056 6
    endloop
  endfacet
  facet normal -0.207229 0.550624 -0.808622
    outer loop
      vertex -10.6577 25.73 5.6
      vertex -10.8682 26.2382 6
      vertex -9.12888 26.8928 6
    endloop
  endfacet
  facet normal 0.585538 -0.0576928 -0.808589
    outer loop
      vertex 28.157 -3.70694 6
      vertex 27.6117 -3.63515 5.6
      vertex 27.7904 -1.82148 5.6
    endloop
  endfacet
  facet normal -0.429443 -0.402215 -0.80858
    outer loop
      vertex -20.0818 -20.0818 6
      vertex -21.3522 -18.7254 6
      vertex -19.6929 -19.6929 5.6
    endloop
  endfacet
  facet normal -0.277356 0.518875 -0.808605
    outer loop
      vertex -12.3177 24.9779 5.6
      vertex -14.2 24.5951 6
      vertex -12.561 25.4712 6
    endloop
  endfacet
  facet normal -0.242808 0.535887 -0.808622
    outer loop
      vertex -10.6577 25.73 5.6
      vertex -12.561 25.4712 6
      vertex -10.8682 26.2382 6
    endloop
  endfacet
  facet normal 0.518985 -0.277348 -0.808537
    outer loop
      vertex 24.8578 -12.9083 5.7255
      vertex 24.7084 -12.822 5.6
      vertex 24.9779 -12.3177 5.6
    endloop
  endfacet
  facet normal 0.0576856 -0.585559 -0.808575
    outer loop
      vertex 1.85745 -28.3392 6
      vertex 1.82148 -27.7904 5.6
      vertex 3.70694 -28.157 6
    endloop
  endfacet
  facet normal 0.585559 0.0576856 -0.808575
    outer loop
      vertex 28.3392 1.85745 6
      vertex 27.7904 1.82148 5.6
      vertex 28.157 3.70694 6
    endloop
  endfacet
  facet normal 0.310702 0.499643 -0.808592
    outer loop
      vertex 15.4726 23.1564 5.6
      vertex 14.2 24.5951 6
      vertex 15.7782 23.6137 6
    endloop
  endfacet
  facet normal -0.454839 0.373281 -0.808569
    outer loop
      vertex -20.9387 18.3628 5.6
      vertex -22.5312 17.2888 6
      vertex -21.3522 18.7254 6
    endloop
  endfacet
  facet normal 0.402215 0.429443 -0.80858
    outer loop
      vertex 19.6929 19.6929 5.6
      vertex 18.7254 21.3522 6
      vertex 20.0818 20.0818 6
    endloop
  endfacet
  facet normal -0.342715 -0.47825 -0.808593
    outer loop
      vertex -15.7782 -23.6137 6
      vertex -17.2888 -22.5312 6
      vertex -15.4726 -23.1564 5.6
    endloop
  endfacet
  facet normal 0.572976 -0.13362 -0.808607
    outer loop
      vertex 27.4323 -7.35046 6
      vertex 26.901 -7.20811 5.6
      vertex 27.3149 -5.43326 5.6
    endloop
  endfacet
  facet normal 0.49966 0.310808 -0.808541
    outer loop
      vertex 23.4584 14.9871 5.6
      vertex 23.1564 15.4726 5.6
      vertex 23.6078 15.0734 5.7255
    endloop
  endfacet
  facet normal -0.49966 -0.310808 -0.808541
    outer loop
      vertex -23.1564 -15.4726 5.6
      vertex -23.6078 -15.0734 5.7255
      vertex -23.4584 -14.9871 5.6
    endloop
  endfacet
  facet normal -0.588063 -0.0192418 -0.808586
    outer loop
      vertex -27.7904 -1.82148 5.6
      vertex -28.4 0 6
      vertex -27.85 0 5.6
    endloop
  endfacet
  facet normal -0.242808 -0.535914 -0.808604
    outer loop
      vertex -10.6577 -25.73 5.6
      vertex -12.561 -25.4712 6
      vertex -12.3177 -24.9779 5.6
    endloop
  endfacet
  facet normal 0.133609 0.573029 -0.80857
    outer loop
      vertex 7.35046 27.4323 6
      vertex 5.43326 27.3149 5.6
      vertex 5.54056 27.8543 6
    endloop
  endfacet
  facet normal 0.563053 0.17079 -0.80858
    outer loop
      vertex 26.901 7.20811 5.6
      vertex 26.372 8.95209 5.6
      vertex 26.8928 9.12888 6
    endloop
  endfacet
  facet normal 0.563015 -0.170796 -0.808606
    outer loop
      vertex 27.4323 -7.35046 6
      vertex 26.8928 -9.12888 6
      vertex 26.901 -7.20811 5.6
    endloop
  endfacet
  facet normal 0.277359 -0.518913 -0.80858
    outer loop
      vertex 14.2 -24.5951 6
      vertex 12.3177 -24.9779 5.6
      vertex 13.925 -24.1188 5.6
    endloop
  endfacet
  facet normal 0.572976 0.13362 -0.808607
    outer loop
      vertex 27.3149 5.43326 5.6
      vertex 26.901 7.20811 5.6
      vertex 27.4323 7.35046 6
    endloop
  endfacet
  facet normal -0.242808 -0.535887 -0.808622
    outer loop
      vertex -10.8682 -26.2382 6
      vertex -12.561 -25.4712 6
      vertex -10.6577 -25.73 5.6
    endloop
  endfacet
  facet normal 0.454843 0.373289 -0.808563
    outer loop
      vertex 22.0949 16.954 5.6
      vertex 20.9387 18.3628 5.6
      vertex 22.5312 17.2888 6
    endloop
  endfacet
  facet normal 0.478296 0.342724 -0.808562
    outer loop
      vertex 23.1564 15.4726 5.6
      vertex 22.0949 16.954 5.6
      vertex 22.5312 17.2888 6
    endloop
  endfacet
  facet normal -0.550668 0.207274 -0.80858
    outer loop
      vertex -26.372 8.95209 5.6
      vertex -26.8928 9.12888 6
      vertex -25.73 10.6577 5.6
    endloop
  endfacet
  facet normal -0.133609 -0.573029 -0.80857
    outer loop
      vertex -5.54056 -27.8543 6
      vertex -7.35046 -27.4323 6
      vertex -5.43326 -27.3149 5.6
    endloop
  endfacet
  facet normal -0.585538 0.0576928 -0.808589
    outer loop
      vertex -27.7904 1.82148 5.6
      vertex -28.157 3.70694 6
      vertex -27.6117 3.63515 5.6
    endloop
  endfacet
  facet normal -0.580518 0.0958216 -0.808589
    outer loop
      vertex -27.6117 3.63515 5.6
      vertex -28.157 3.70694 6
      vertex -27.3149 5.43326 5.6
    endloop
  endfacet
  facet normal -0.42945 -0.402232 -0.808568
    outer loop
      vertex -19.6929 -19.6929 5.6
      vertex -21.3522 -18.7254 6
      vertex -20.9387 -18.3628 5.6
    endloop
  endfacet
  facet normal -0.0192628 -0.587999 -0.808632
    outer loop
      vertex -1.85745 -28.3392 6
      vertex -1.25 -27.9816 5.7255
      vertex -1.25 -28.3591 6
    endloop
  endfacet
  facet normal -0.0191875 -0.588082 -0.808574
    outer loop
      vertex -1.25 -27.9816 5.7255
      vertex -1.85745 -28.3392 6
      vertex -1.82148 -27.7904 5.6
    endloop
  endfacet
  facet normal 0.0958216 0.580518 -0.808589
    outer loop
      vertex 5.43326 27.3149 5.6
      vertex 3.63515 27.6117 5.6
      vertex 3.70694 28.157 6
    endloop
  endfacet
  facet normal 0.429443 0.402215 -0.80858
    outer loop
      vertex 21.3522 18.7254 6
      vertex 19.6929 19.6929 5.6
      vertex 20.0818 20.0818 6
    endloop
  endfacet
  facet normal -0.535914 0.242808 -0.808604
    outer loop
      vertex -24.9779 12.3177 5.6
      vertex -25.73 10.6577 5.6
      vertex -25.4712 12.561 6
    endloop
  endfacet
  facet normal -0.563015 -0.170796 -0.808606
    outer loop
      vertex -26.8928 -9.12888 6
      vertex -27.4323 -7.35046 6
      vertex -26.901 -7.20811 5.6
    endloop
  endfacet
  facet normal -0.0191875 0.588082 -0.808574
    outer loop
      vertex -1.85745 28.3392 6
      vertex -1.25 27.9816 5.7255
      vertex -1.82148 27.7904 5.6
    endloop
  endfacet
  facet normal -0.0192628 0.587999 -0.808632
    outer loop
      vertex -1.25 27.9816 5.7255
      vertex -1.85745 28.3392 6
      vertex -1.25 28.3591 6
    endloop
  endfacet
  facet normal -0.0576856 0.585559 -0.808575
    outer loop
      vertex -1.82148 27.7904 5.6
      vertex -3.70694 28.157 6
      vertex -1.85745 28.3392 6
    endloop
  endfacet
  facet normal 0.342724 -0.478296 -0.808562
    outer loop
      vertex 17.2888 -22.5312 6
      vertex 15.4726 -23.1564 5.6
      vertex 16.954 -22.0949 5.6
    endloop
  endfacet
  facet normal 0.310702 -0.499643 -0.808592
    outer loop
      vertex 15.7782 -23.6137 6
      vertex 14.2 -24.5951 6
      vertex 15.4726 -23.1564 5.6
    endloop
  endfacet
  facet normal 0.373281 0.454839 -0.808569
    outer loop
      vertex 18.3628 20.9387 5.6
      vertex 17.2888 22.5312 6
      vertex 18.7254 21.3522 6
    endloop
  endfacet
  facet normal 0.342715 0.47825 -0.808593
    outer loop
      vertex 17.2888 22.5312 6
      vertex 15.4726 23.1564 5.6
      vertex 15.7782 23.6137 6
    endloop
  endfacet
  facet normal -0.49966 0.310808 -0.808541
    outer loop
      vertex -23.4584 14.9871 5.6
      vertex -23.6078 15.0734 5.7255
      vertex -23.1564 15.4726 5.6
    endloop
  endfacet
  facet normal 0.563053 -0.17079 -0.80858
    outer loop
      vertex 26.8928 -9.12888 6
      vertex 26.372 -8.95209 5.6
      vertex 26.901 -7.20811 5.6
    endloop
  endfacet
  facet normal 0.563015 0.170796 -0.808606
    outer loop
      vertex 26.901 7.20811 5.6
      vertex 26.8928 9.12888 6
      vertex 27.4323 7.35046 6
    endloop
  endfacet
  facet normal 0.478296 -0.342724 -0.808562
    outer loop
      vertex 22.5312 -17.2888 6
      vertex 22.0949 -16.954 5.6
      vertex 23.1564 -15.4726 5.6
    endloop
  endfacet
  facet normal 0.573029 0.133609 -0.80857
    outer loop
      vertex 27.8543 5.54056 6
      vertex 27.3149 5.43326 5.6
      vertex 27.4323 7.35046 6
    endloop
  endfacet
  facet normal 0.580542 0.0958379 -0.80857
    outer loop
      vertex 28.157 3.70694 6
      vertex 27.3149 5.43326 5.6
      vertex 27.8543 5.54056 6
    endloop
  endfacet
  facet normal 0.242808 -0.535887 -0.808622
    outer loop
      vertex 10.8682 -26.2382 6
      vertex 10.6577 -25.73 5.6
      vertex 12.561 -25.4712 6
    endloop
  endfacet
  facet normal 0.535887 0.242808 -0.808622
    outer loop
      vertex 25.73 10.6577 5.6
      vertex 25.4712 12.561 6
      vertex 26.2382 10.8682 6
    endloop
  endfacet
  facet normal -0.478296 -0.342724 -0.808562
    outer loop
      vertex -22.5312 -17.2888 6
      vertex -23.1564 -15.4726 5.6
      vertex -22.0949 -16.954 5.6
    endloop
  endfacet
  facet normal -0.580518 -0.0958216 -0.808589
    outer loop
      vertex -27.3149 -5.43326 5.6
      vertex -28.157 -3.70694 6
      vertex -27.6117 -3.63515 5.6
    endloop
  endfacet
  facet normal -0.242808 0.535914 -0.808604
    outer loop
      vertex -12.3177 24.9779 5.6
      vertex -12.561 25.4712 6
      vertex -10.6577 25.73 5.6
    endloop
  endfacet
  facet normal -0.277356 -0.518875 -0.808605
    outer loop
      vertex -12.561 -25.4712 6
      vertex -14.2 -24.5951 6
      vertex -12.3177 -24.9779 5.6
    endloop
  endfacet
  facet normal -0.518985 0.277348 -0.808537
    outer loop
      vertex -24.7084 12.822 5.6
      vertex -24.9779 12.3177 5.6
      vertex -24.8578 12.9083 5.7255
    endloop
  endfacet
  facet normal 0.0958379 -0.580542 -0.80857
    outer loop
      vertex 5.54056 -27.8543 6
      vertex 3.70694 -28.157 6
      vertex 5.43326 -27.3149 5.6
    endloop
  endfacet
  facet normal 0.518886 -0.277353 -0.808599
    outer loop
      vertex 24.8578 -12.9083 5.7255
      vertex 25.4712 -12.561 6
      vertex 25.1847 -13.097 6
    endloop
  endfacet
  facet normal 0.518883 -0.277341 -0.808605
    outer loop
      vertex 25.4712 -12.561 6
      vertex 24.8578 -12.9083 5.7255
      vertex 24.9779 -12.3177 5.6
    endloop
  endfacet
  facet normal 0.535914 -0.242808 -0.808604
    outer loop
      vertex 25.4712 -12.561 6
      vertex 24.9779 -12.3177 5.6
      vertex 25.73 -10.6577 5.6
    endloop
  endfacet
  facet normal 0.373281 -0.454839 -0.808569
    outer loop
      vertex 18.7254 -21.3522 6
      vertex 17.2888 -22.5312 6
      vertex 18.3628 -20.9387 5.6
    endloop
  endfacet
  facet normal -0.563015 0.170796 -0.808606
    outer loop
      vertex -26.901 7.20811 5.6
      vertex -27.4323 7.35046 6
      vertex -26.8928 9.12888 6
    endloop
  endfacet
  facet normal -0.373289 -0.454843 -0.808563
    outer loop
      vertex -17.2888 -22.5312 6
      vertex -18.3628 -20.9387 5.6
      vertex -16.954 -22.0949 5.6
    endloop
  endfacet
  facet normal -0.580542 -0.0958379 -0.80857
    outer loop
      vertex -27.8543 -5.54056 6
      vertex -28.157 -3.70694 6
      vertex -27.3149 -5.43326 5.6
    endloop
  endfacet
  facet normal -0.535914 -0.242808 -0.808604
    outer loop
      vertex -25.4712 -12.561 6
      vertex -25.73 -10.6577 5.6
      vertex -24.9779 -12.3177 5.6
    endloop
  endfacet
  facet normal 0.0576928 -0.585538 -0.808589
    outer loop
      vertex 3.70694 -28.157 6
      vertex 1.82148 -27.7904 5.6
      vertex 3.63515 -27.6117 5.6
    endloop
  endfacet
  facet normal -0.0958379 0.580542 -0.80857
    outer loop
      vertex -5.43326 27.3149 5.6
      vertex -5.54056 27.8543 6
      vertex -3.70694 28.157 6
    endloop
  endfacet
  facet normal -0.572976 0.13362 -0.808607
    outer loop
      vertex -27.3149 5.43326 5.6
      vertex -27.4323 7.35046 6
      vertex -26.901 7.20811 5.6
    endloop
  endfacet
  facet normal -0.0192472 -0.588202 -0.808485
    outer loop
      vertex -1.25 -27.9816 5.7255
      vertex -1.82148 -27.7904 5.6
      vertex -1.25 -27.8091 5.6
    endloop
  endfacet
  facet normal -0.373281 0.454839 -0.808569
    outer loop
      vertex -18.3628 20.9387 5.6
      vertex -18.7254 21.3522 6
      vertex -17.2888 22.5312 6
    endloop
  endfacet
  facet normal -0.17079 -0.563053 -0.80858
    outer loop
      vertex -7.20811 -26.901 5.6
      vertex -9.12888 -26.8928 6
      vertex -8.95209 -26.372 5.6
    endloop
  endfacet
  facet normal -0.170796 -0.563015 -0.808606
    outer loop
      vertex -7.35046 -27.4323 6
      vertex -9.12888 -26.8928 6
      vertex -7.20811 -26.901 5.6
    endloop
  endfacet
  facet normal -0.277359 0.518913 -0.80858
    outer loop
      vertex -13.925 24.1188 5.6
      vertex -14.2 24.5951 6
      vertex -12.3177 24.9779 5.6
    endloop
  endfacet
  facet normal -0.342715 0.47825 -0.808593
    outer loop
      vertex -15.4726 23.1564 5.6
      vertex -17.2888 22.5312 6
      vertex -15.7782 23.6137 6
    endloop
  endfacet
  facet normal -0.518883 0.277341 -0.808605
    outer loop
      vertex -25.4712 12.561 6
      vertex -24.8578 12.9083 5.7255
      vertex -24.9779 12.3177 5.6
    endloop
  endfacet
  facet normal -0.518886 0.277353 -0.808599
    outer loop
      vertex -24.8578 12.9083 5.7255
      vertex -25.4712 12.561 6
      vertex -25.1847 13.097 6
    endloop
  endfacet
  facet normal -0.535887 0.242808 -0.808622
    outer loop
      vertex -25.73 10.6577 5.6
      vertex -26.2382 10.8682 6
      vertex -25.4712 12.561 6
    endloop
  endfacet
  facet normal -0.573029 -0.133609 -0.80857
    outer loop
      vertex -27.4323 -7.35046 6
      vertex -27.8543 -5.54056 6
      vertex -27.3149 -5.43326 5.6
    endloop
  endfacet
  facet normal -0.535887 -0.242808 -0.808622
    outer loop
      vertex -25.4712 -12.561 6
      vertex -26.2382 -10.8682 6
      vertex -25.73 -10.6577 5.6
    endloop
  endfacet
  facet normal -0.454843 0.373289 -0.808563
    outer loop
      vertex -22.0949 16.954 5.6
      vertex -22.5312 17.2888 6
      vertex -20.9387 18.3628 5.6
    endloop
  endfacet
  facet normal 0.518883 0.277341 -0.808605
    outer loop
      vertex 24.8578 12.9083 5.7255
      vertex 25.4712 12.561 6
      vertex 24.9779 12.3177 5.6
    endloop
  endfacet
  facet normal 0.518886 0.277353 -0.808599
    outer loop
      vertex 25.4712 12.561 6
      vertex 24.8578 12.9083 5.7255
      vertex 25.1847 13.097 6
    endloop
  endfacet
  facet normal -0.563053 0.17079 -0.80858
    outer loop
      vertex -26.372 8.95209 5.6
      vertex -26.901 7.20811 5.6
      vertex -26.8928 9.12888 6
    endloop
  endfacet
  facet normal -0.585559 -0.0576856 -0.808575
    outer loop
      vertex -28.157 -3.70694 6
      vertex -28.3392 -1.85745 6
      vertex -27.7904 -1.82148 5.6
    endloop
  endfacet
  facet normal -0.310717 -0.499653 -0.80858
    outer loop
      vertex -14.2 -24.5951 6
      vertex -15.4726 -23.1564 5.6
      vertex -13.925 -24.1188 5.6
    endloop
  endfacet
  facet normal 0.170796 0.563015 -0.808606
    outer loop
      vertex 9.12888 26.8928 6
      vertex 7.20811 26.901 5.6
      vertex 7.35046 27.4323 6
    endloop
  endfacet
  facet normal -0.13362 -0.572976 -0.808607
    outer loop
      vertex -5.43326 -27.3149 5.6
      vertex -7.35046 -27.4323 6
      vertex -7.20811 -26.901 5.6
    endloop
  endfacet
  facet normal -0.342724 0.478296 -0.808562
    outer loop
      vertex -16.954 22.0949 5.6
      vertex -17.2888 22.5312 6
      vertex -15.4726 23.1564 5.6
    endloop
  endfacet
  facet normal 0.342715 -0.47825 -0.808593
    outer loop
      vertex 15.7782 -23.6137 6
      vertex 15.4726 -23.1564 5.6
      vertex 17.2888 -22.5312 6
    endloop
  endfacet
  facet normal 0.133609 -0.573029 -0.80857
    outer loop
      vertex 5.54056 -27.8543 6
      vertex 5.43326 -27.3149 5.6
      vertex 7.35046 -27.4323 6
    endloop
  endfacet
  facet normal 0.342724 0.478296 -0.808562
    outer loop
      vertex 16.954 22.0949 5.6
      vertex 15.4726 23.1564 5.6
      vertex 17.2888 22.5312 6
    endloop
  endfacet
  facet normal -0.0958216 0.580518 -0.808589
    outer loop
      vertex -3.63515 27.6117 5.6
      vertex -5.43326 27.3149 5.6
      vertex -3.70694 28.157 6
    endloop
  endfacet
  facet normal 0.17079 0.563053 -0.80858
    outer loop
      vertex 8.95209 26.372 5.6
      vertex 7.20811 26.901 5.6
      vertex 9.12888 26.8928 6
    endloop
  endfacet
  facet normal -0.277359 -0.518913 -0.80858
    outer loop
      vertex -12.3177 -24.9779 5.6
      vertex -14.2 -24.5951 6
      vertex -13.925 -24.1188 5.6
    endloop
  endfacet
  facet normal -0.563053 -0.17079 -0.80858
    outer loop
      vertex -26.8928 -9.12888 6
      vertex -26.901 -7.20811 5.6
      vertex -26.372 -8.95209 5.6
    endloop
  endfacet
  facet normal 0.0958216 -0.580518 -0.808589
    outer loop
      vertex 3.70694 -28.157 6
      vertex 3.63515 -27.6117 5.6
      vertex 5.43326 -27.3149 5.6
    endloop
  endfacet
  facet normal -0.170796 0.563015 -0.808606
    outer loop
      vertex -7.20811 26.901 5.6
      vertex -9.12888 26.8928 6
      vertex -7.35046 27.4323 6
    endloop
  endfacet
  facet normal 0.550624 -0.207229 0.808622
    outer loop
      vertex 26.8928 -9.12888 6
      vertex 25.73 -10.6577 6.4
      vertex 26.2382 -10.8682 6
    endloop
  endfacet
  facet normal -0.42945 -0.402232 0.808568
    outer loop
      vertex -20.9387 -18.3628 6.4
      vertex -21.3522 -18.7254 6
      vertex -19.6929 -19.6929 6.4
    endloop
  endfacet
  facet normal -0.277359 0.518913 0.80858
    outer loop
      vertex -12.3177 24.9779 6.4
      vertex -14.2 24.5951 6
      vertex -13.925 24.1188 6.4
    endloop
  endfacet
  facet normal -0.277356 0.518875 0.808605
    outer loop
      vertex -12.561 25.4712 6
      vertex -14.2 24.5951 6
      vertex -12.3177 24.9779 6.4
    endloop
  endfacet
  facet normal 0.588063 0.0192418 0.808586
    outer loop
      vertex 28.4 0 6
      vertex 27.7904 1.82148 6.4
      vertex 27.85 0 6.4
    endloop
  endfacet
  facet normal 0.588079 0.0192496 0.808575
    outer loop
      vertex 28.3392 1.85745 6
      vertex 27.7904 1.82148 6.4
      vertex 28.4 0 6
    endloop
  endfacet
  facet normal -0.402232 0.42945 0.808568
    outer loop
      vertex -18.7254 21.3522 6
      vertex -19.6929 19.6929 6.4
      vertex -18.3628 20.9387 6.4
    endloop
  endfacet
  facet normal 0.572976 0.13362 0.808607
    outer loop
      vertex 27.4323 7.35046 6
      vertex 26.901 7.20811 6.4
      vertex 27.3149 5.43326 6.4
    endloop
  endfacet
  facet normal 0.563053 -0.17079 0.80858
    outer loop
      vertex 26.901 -7.20811 6.4
      vertex 26.372 -8.95209 6.4
      vertex 26.8928 -9.12888 6
    endloop
  endfacet
  facet normal 0.207229 -0.550624 0.808622
    outer loop
      vertex 10.6577 -25.73 6.4
      vertex 9.12888 -26.8928 6
      vertex 10.8682 -26.2382 6
    endloop
  endfacet
  facet normal 0.310717 0.499653 0.80858
    outer loop
      vertex 14.2 24.5951 6
      vertex 13.925 24.1188 6.4
      vertex 15.4726 23.1564 6.4
    endloop
  endfacet
  facet normal -0.518985 0.277348 0.808537
    outer loop
      vertex -24.8578 12.9083 6.2745
      vertex -24.9779 12.3177 6.4
      vertex -24.7084 12.822 6.4
    endloop
  endfacet
  facet normal 0.0192472 0.588202 0.808485
    outer loop
      vertex 1.25 27.9816 6.2745
      vertex 1.25 27.8091 6.4
      vertex 1.82148 27.7904 6.4
    endloop
  endfacet
  facet normal 0.42945 0.402232 0.808568
    outer loop
      vertex 21.3522 18.7254 6
      vertex 19.6929 19.6929 6.4
      vertex 20.9387 18.3628 6.4
    endloop
  endfacet
  facet normal -0.42945 0.402232 0.808568
    outer loop
      vertex -19.6929 19.6929 6.4
      vertex -21.3522 18.7254 6
      vertex -20.9387 18.3628 6.4
    endloop
  endfacet
  facet normal 0.454839 0.373281 0.808569
    outer loop
      vertex 21.3522 18.7254 6
      vertex 20.9387 18.3628 6.4
      vertex 22.5312 17.2888 6
    endloop
  endfacet
  facet normal 0.0958379 0.580542 0.80857
    outer loop
      vertex 5.54056 27.8543 6
      vertex 3.70694 28.157 6
      vertex 5.43326 27.3149 6.4
    endloop
  endfacet
  facet normal -0.429443 -0.402215 0.80858
    outer loop
      vertex -19.6929 -19.6929 6.4
      vertex -21.3522 -18.7254 6
      vertex -20.0818 -20.0818 6
    endloop
  endfacet
  facet normal -0.585538 -0.0576928 0.808589
    outer loop
      vertex -27.7904 -1.82148 6.4
      vertex -28.157 -3.70694 6
      vertex -27.6117 -3.63515 6.4
    endloop
  endfacet
  facet normal -0.572976 0.13362 0.808607
    outer loop
      vertex -26.901 7.20811 6.4
      vertex -27.4323 7.35046 6
      vertex -27.3149 5.43326 6.4
    endloop
  endfacet
  facet normal -0.535914 -0.242808 0.808604
    outer loop
      vertex -24.9779 -12.3177 6.4
      vertex -25.73 -10.6577 6.4
      vertex -25.4712 -12.561 6
    endloop
  endfacet
  facet normal -0.310702 0.499643 0.808592
    outer loop
      vertex -14.2 24.5951 6
      vertex -15.7782 23.6137 6
      vertex -15.4726 23.1564 6.4
    endloop
  endfacet
  facet normal 0.207274 0.550668 0.80858
    outer loop
      vertex 9.12888 26.8928 6
      vertex 8.95209 26.372 6.4
      vertex 10.6577 25.73 6.4
    endloop
  endfacet
  facet normal -0.207229 -0.550624 0.808622
    outer loop
      vertex -10.6577 -25.73 6.4
      vertex -10.8682 -26.2382 6
      vertex -9.12888 -26.8928 6
    endloop
  endfacet
  facet normal -0.207229 0.550624 0.808622
    outer loop
      vertex -9.12888 26.8928 6
      vertex -10.8682 26.2382 6
      vertex -10.6577 25.73 6.4
    endloop
  endfacet
  facet normal -0.47825 0.342715 0.808593
    outer loop
      vertex -22.5312 17.2888 6
      vertex -23.6137 15.7782 6
      vertex -23.1564 15.4726 6.4
    endloop
  endfacet
  facet normal 0.580518 0.0958216 0.808589
    outer loop
      vertex 28.157 3.70694 6
      vertex 27.3149 5.43326 6.4
      vertex 27.6117 3.63515 6.4
    endloop
  endfacet
  facet normal 0.47825 -0.342715 0.808593
    outer loop
      vertex 23.1564 -15.4726 6.4
      vertex 22.5312 -17.2888 6
      vertex 23.6137 -15.7782 6
    endloop
  endfacet
  facet normal 0.454843 -0.373289 0.808563
    outer loop
      vertex 22.0949 -16.954 6.4
      vertex 20.9387 -18.3628 6.4
      vertex 22.5312 -17.2888 6
    endloop
  endfacet
  facet normal -0.0958216 -0.580518 0.808589
    outer loop
      vertex -3.63515 -27.6117 6.4
      vertex -5.43326 -27.3149 6.4
      vertex -3.70694 -28.157 6
    endloop
  endfacet
  facet normal -0.0192472 -0.588202 0.808485
    outer loop
      vertex -1.25 -27.8091 6.4
      vertex -1.82148 -27.7904 6.4
      vertex -1.25 -27.9816 6.2745
    endloop
  endfacet
  facet normal 0.0576928 0.585538 0.808589
    outer loop
      vertex 3.70694 28.157 6
      vertex 1.82148 27.7904 6.4
      vertex 3.63515 27.6117 6.4
    endloop
  endfacet
  facet normal 0.242808 -0.535914 0.808604
    outer loop
      vertex 12.3177 -24.9779 6.4
      vertex 10.6577 -25.73 6.4
      vertex 12.561 -25.4712 6
    endloop
  endfacet
  facet normal 0.0192628 0.587999 0.808632
    outer loop
      vertex 1.25 27.9816 6.2745
      vertex 1.85745 28.3392 6
      vertex 1.25 28.3591 6
    endloop
  endfacet
  facet normal 0.0191875 0.588082 0.808574
    outer loop
      vertex 1.85745 28.3392 6
      vertex 1.25 27.9816 6.2745
      vertex 1.82148 27.7904 6.4
    endloop
  endfacet
  facet normal 0.0958216 0.580518 0.808589
    outer loop
      vertex 3.70694 28.157 6
      vertex 3.63515 27.6117 6.4
      vertex 5.43326 27.3149 6.4
    endloop
  endfacet
  facet normal 0.0191875 -0.588082 0.808574
    outer loop
      vertex 1.25 -27.9816 6.2745
      vertex 1.85745 -28.3392 6
      vertex 1.82148 -27.7904 6.4
    endloop
  endfacet
  facet normal 0.0192628 -0.587999 0.808632
    outer loop
      vertex 1.85745 -28.3392 6
      vertex 1.25 -27.9816 6.2745
      vertex 1.25 -28.3591 6
    endloop
  endfacet
  facet normal -0.550624 -0.207229 0.808622
    outer loop
      vertex -25.73 -10.6577 6.4
      vertex -26.8928 -9.12888 6
      vertex -26.2382 -10.8682 6
    endloop
  endfacet
  facet normal 0.402215 -0.429443 0.80858
    outer loop
      vertex 19.6929 -19.6929 6.4
      vertex 18.7254 -21.3522 6
      vertex 20.0818 -20.0818 6
    endloop
  endfacet
  facet normal -0.0576856 0.585559 0.808575
    outer loop
      vertex -1.85745 28.3392 6
      vertex -3.70694 28.157 6
      vertex -1.82148 27.7904 6.4
    endloop
  endfacet
  facet normal 0.373289 0.454843 0.808563
    outer loop
      vertex 17.2888 22.5312 6
      vertex 16.954 22.0949 6.4
      vertex 18.3628 20.9387 6.4
    endloop
  endfacet
  facet normal 0.550668 -0.207274 0.80858
    outer loop
      vertex 26.372 -8.95209 6.4
      vertex 25.73 -10.6577 6.4
      vertex 26.8928 -9.12888 6
    endloop
  endfacet
  facet normal 0.0576856 0.585559 0.808575
    outer loop
      vertex 1.85745 28.3392 6
      vertex 1.82148 27.7904 6.4
      vertex 3.70694 28.157 6
    endloop
  endfacet
  facet normal 0.49966 -0.310808 0.808541
    outer loop
      vertex 23.4584 -14.9871 6.4
      vertex 23.1564 -15.4726 6.4
      vertex 23.6078 -15.0734 6.2745
    endloop
  endfacet
  facet normal -0.310717 -0.499653 0.80858
    outer loop
      vertex -13.925 -24.1188 6.4
      vertex -15.4726 -23.1564 6.4
      vertex -14.2 -24.5951 6
    endloop
  endfacet
  facet normal 0.518883 -0.277341 0.808605
    outer loop
      vertex 24.8578 -12.9083 6.2745
      vertex 25.4712 -12.561 6
      vertex 24.9779 -12.3177 6.4
    endloop
  endfacet
  facet normal 0.518886 -0.277353 0.808599
    outer loop
      vertex 25.4712 -12.561 6
      vertex 24.8578 -12.9083 6.2745
      vertex 25.1847 -13.097 6
    endloop
  endfacet
  facet normal 0.580542 -0.0958379 0.80857
    outer loop
      vertex 28.157 -3.70694 6
      vertex 27.3149 -5.43326 6.4
      vertex 27.8543 -5.54056 6
    endloop
  endfacet
  facet normal -0.373289 -0.454843 0.808563
    outer loop
      vertex -16.954 -22.0949 6.4
      vertex -18.3628 -20.9387 6.4
      vertex -17.2888 -22.5312 6
    endloop
  endfacet
  facet normal 0.373281 0.454839 0.808569
    outer loop
      vertex 18.7254 21.3522 6
      vertex 17.2888 22.5312 6
      vertex 18.3628 20.9387 6.4
    endloop
  endfacet
  facet normal -0.550668 -0.207274 0.80858
    outer loop
      vertex -26.372 -8.95209 6.4
      vertex -26.8928 -9.12888 6
      vertex -25.73 -10.6577 6.4
    endloop
  endfacet
  facet normal 0.342715 0.47825 0.808593
    outer loop
      vertex 15.7782 23.6137 6
      vertex 15.4726 23.1564 6.4
      vertex 17.2888 22.5312 6
    endloop
  endfacet
  facet normal 0.563053 0.17079 0.80858
    outer loop
      vertex 26.8928 9.12888 6
      vertex 26.372 8.95209 6.4
      vertex 26.901 7.20811 6.4
    endloop
  endfacet
  facet normal 0.535887 -0.242808 0.808622
    outer loop
      vertex 25.73 -10.6577 6.4
      vertex 25.4712 -12.561 6
      vertex 26.2382 -10.8682 6
    endloop
  endfacet
  facet normal 0.518985 -0.277348 0.808537
    outer loop
      vertex 24.9779 -12.3177 6.4
      vertex 24.7084 -12.822 6.4
      vertex 24.8578 -12.9083 6.2745
    endloop
  endfacet
  facet normal 0.585559 0.0576856 0.808575
    outer loop
      vertex 28.157 3.70694 6
      vertex 27.7904 1.82148 6.4
      vertex 28.3392 1.85745 6
    endloop
  endfacet
  facet normal -0.170796 0.563015 0.808606
    outer loop
      vertex -7.35046 27.4323 6
      vertex -9.12888 26.8928 6
      vertex -7.20811 26.901 6.4
    endloop
  endfacet
  facet normal -0.454839 -0.373281 0.808569
    outer loop
      vertex -20.9387 -18.3628 6.4
      vertex -22.5312 -17.2888 6
      vertex -21.3522 -18.7254 6
    endloop
  endfacet
  facet normal -0.580518 0.0958216 0.808589
    outer loop
      vertex -27.3149 5.43326 6.4
      vertex -28.157 3.70694 6
      vertex -27.6117 3.63515 6.4
    endloop
  endfacet
  facet normal 0.478296 0.342724 0.808562
    outer loop
      vertex 22.5312 17.2888 6
      vertex 22.0949 16.954 6.4
      vertex 23.1564 15.4726 6.4
    endloop
  endfacet
  facet normal -0.585559 -0.0576856 0.808575
    outer loop
      vertex -27.7904 -1.82148 6.4
      vertex -28.3392 -1.85745 6
      vertex -28.157 -3.70694 6
    endloop
  endfacet
  facet normal 0.277356 0.518875 0.808605
    outer loop
      vertex 12.561 25.4712 6
      vertex 12.3177 24.9779 6.4
      vertex 14.2 24.5951 6
    endloop
  endfacet
  facet normal -0.47825 -0.342715 0.808593
    outer loop
      vertex -23.1564 -15.4726 6.4
      vertex -23.6137 -15.7782 6
      vertex -22.5312 -17.2888 6
    endloop
  endfacet
  facet normal 0.0958216 -0.580518 0.808589
    outer loop
      vertex 5.43326 -27.3149 6.4
      vertex 3.63515 -27.6117 6.4
      vertex 3.70694 -28.157 6
    endloop
  endfacet
  facet normal 0.585538 0.0576928 0.808589
    outer loop
      vertex 28.157 3.70694 6
      vertex 27.6117 3.63515 6.4
      vertex 27.7904 1.82148 6.4
    endloop
  endfacet
  facet normal -0.342715 0.47825 0.808593
    outer loop
      vertex -15.7782 23.6137 6
      vertex -17.2888 22.5312 6
      vertex -15.4726 23.1564 6.4
    endloop
  endfacet
  facet normal -0.0192628 0.587999 0.808632
    outer loop
      vertex -1.85745 28.3392 6
      vertex -1.25 27.9816 6.2745
      vertex -1.25 28.3591 6
    endloop
  endfacet
  facet normal -0.0191875 0.588082 0.808574
    outer loop
      vertex -1.25 27.9816 6.2745
      vertex -1.85745 28.3392 6
      vertex -1.82148 27.7904 6.4
    endloop
  endfacet
  facet normal 0.429443 -0.402215 0.80858
    outer loop
      vertex 21.3522 -18.7254 6
      vertex 19.6929 -19.6929 6.4
      vertex 20.0818 -20.0818 6
    endloop
  endfacet
  facet normal -0.580542 0.0958379 0.80857
    outer loop
      vertex -27.8543 5.54056 6
      vertex -28.157 3.70694 6
      vertex -27.3149 5.43326 6.4
    endloop
  endfacet
  facet normal 0.563015 0.170796 0.808606
    outer loop
      vertex 27.4323 7.35046 6
      vertex 26.8928 9.12888 6
      vertex 26.901 7.20811 6.4
    endloop
  endfacet
  facet normal 0.573029 -0.133609 0.80857
    outer loop
      vertex 27.8543 -5.54056 6
      vertex 27.3149 -5.43326 6.4
      vertex 27.4323 -7.35046 6
    endloop
  endfacet
  facet normal 0.207229 0.550624 0.808622
    outer loop
      vertex 10.8682 26.2382 6
      vertex 9.12888 26.8928 6
      vertex 10.6577 25.73 6.4
    endloop
  endfacet
  facet normal -0.310717 0.499653 0.80858
    outer loop
      vertex -14.2 24.5951 6
      vertex -15.4726 23.1564 6.4
      vertex -13.925 24.1188 6.4
    endloop
  endfacet
  facet normal 0.242808 0.535887 0.808622
    outer loop
      vertex 10.8682 26.2382 6
      vertex 10.6577 25.73 6.4
      vertex 12.561 25.4712 6
    endloop
  endfacet
  facet normal 0.242808 -0.535887 0.808622
    outer loop
      vertex 12.561 -25.4712 6
      vertex 10.6577 -25.73 6.4
      vertex 10.8682 -26.2382 6
    endloop
  endfacet
  facet normal 0.310702 0.499643 0.808592
    outer loop
      vertex 15.7782 23.6137 6
      vertex 14.2 24.5951 6
      vertex 15.4726 23.1564 6.4
    endloop
  endfacet
  facet normal 0.588079 -0.0192496 0.808575
    outer loop
      vertex 28.4 0 6
      vertex 27.7904 -1.82148 6.4
      vertex 28.3392 -1.85745 6
    endloop
  endfacet
  facet normal 0.588063 -0.0192418 0.808586
    outer loop
      vertex 27.85 0 6.4
      vertex 27.7904 -1.82148 6.4
      vertex 28.4 0 6
    endloop
  endfacet
  facet normal -0.0191875 -0.588082 0.808574
    outer loop
      vertex -1.85745 -28.3392 6
      vertex -1.25 -27.9816 6.2745
      vertex -1.82148 -27.7904 6.4
    endloop
  endfacet
  facet normal -0.0192628 -0.587999 0.808632
    outer loop
      vertex -1.25 -27.9816 6.2745
      vertex -1.85745 -28.3392 6
      vertex -1.25 -28.3591 6
    endloop
  endfacet
  facet normal -0.17079 0.563053 0.80858
    outer loop
      vertex -7.20811 26.901 6.4
      vertex -9.12888 26.8928 6
      vertex -8.95209 26.372 6.4
    endloop
  endfacet
  facet normal 0.17079 0.563053 0.80858
    outer loop
      vertex 9.12888 26.8928 6
      vertex 7.20811 26.901 6.4
      vertex 8.95209 26.372 6.4
    endloop
  endfacet
  facet normal 0.402232 -0.42945 0.808568
    outer loop
      vertex 19.6929 -19.6929 6.4
      vertex 18.3628 -20.9387 6.4
      vertex 18.7254 -21.3522 6
    endloop
  endfacet
  facet normal 0.310702 -0.499643 0.808592
    outer loop
      vertex 15.4726 -23.1564 6.4
      vertex 14.2 -24.5951 6
      vertex 15.7782 -23.6137 6
    endloop
  endfacet
  facet normal 0.518886 0.277353 0.808599
    outer loop
      vertex 24.8578 12.9083 6.2745
      vertex 25.4712 12.561 6
      vertex 25.1847 13.097 6
    endloop
  endfacet
  facet normal 0.518883 0.277341 0.808605
    outer loop
      vertex 25.4712 12.561 6
      vertex 24.8578 12.9083 6.2745
      vertex 24.9779 12.3177 6.4
    endloop
  endfacet
  facet normal -0.242808 -0.535914 0.808604
    outer loop
      vertex -12.3177 -24.9779 6.4
      vertex -12.561 -25.4712 6
      vertex -10.6577 -25.73 6.4
    endloop
  endfacet
  facet normal -0.550668 0.207274 0.80858
    outer loop
      vertex -25.73 10.6577 6.4
      vertex -26.8928 9.12888 6
      vertex -26.372 8.95209 6.4
    endloop
  endfacet
  facet normal -0.207274 -0.550668 0.80858
    outer loop
      vertex -8.95209 -26.372 6.4
      vertex -10.6577 -25.73 6.4
      vertex -9.12888 -26.8928 6
    endloop
  endfacet
  facet normal 0.170796 0.563015 0.808606
    outer loop
      vertex 7.35046 27.4323 6
      vertex 7.20811 26.901 6.4
      vertex 9.12888 26.8928 6
    endloop
  endfacet
  facet normal 0.0576928 -0.585538 0.808589
    outer loop
      vertex 3.63515 -27.6117 6.4
      vertex 1.82148 -27.7904 6.4
      vertex 3.70694 -28.157 6
    endloop
  endfacet
  facet normal -0.373281 -0.454839 0.808569
    outer loop
      vertex -18.3628 -20.9387 6.4
      vertex -18.7254 -21.3522 6
      vertex -17.2888 -22.5312 6
    endloop
  endfacet
  facet normal 0.49966 0.310808 0.808541
    outer loop
      vertex 23.6078 15.0734 6.2745
      vertex 23.1564 15.4726 6.4
      vertex 23.4584 14.9871 6.4
    endloop
  endfacet
  facet normal -0.310702 -0.499643 0.808592
    outer loop
      vertex -15.4726 -23.1564 6.4
      vertex -15.7782 -23.6137 6
      vertex -14.2 -24.5951 6
    endloop
  endfacet
  facet normal 0.242808 0.535914 0.808604
    outer loop
      vertex 12.561 25.4712 6
      vertex 10.6577 25.73 6.4
      vertex 12.3177 24.9779 6.4
    endloop
  endfacet
  facet normal 0.342724 -0.478296 0.808562
    outer loop
      vertex 16.954 -22.0949 6.4
      vertex 15.4726 -23.1564 6.4
      vertex 17.2888 -22.5312 6
    endloop
  endfacet
  facet normal -0.402232 -0.42945 0.808568
    outer loop
      vertex -18.3628 -20.9387 6.4
      vertex -19.6929 -19.6929 6.4
      vertex -18.7254 -21.3522 6
    endloop
  endfacet
  facet normal 0.277356 -0.518875 0.808605
    outer loop
      vertex 14.2 -24.5951 6
      vertex 12.3177 -24.9779 6.4
      vertex 12.561 -25.4712 6
    endloop
  endfacet
  facet normal 0.47825 0.342715 0.808593
    outer loop
      vertex 23.6137 15.7782 6
      vertex 22.5312 17.2888 6
      vertex 23.1564 15.4726 6.4
    endloop
  endfacet
  facet normal -0.499616 -0.310742 0.808593
    outer loop
      vertex -23.6078 -15.0734 6.2745
      vertex -23.6137 -15.7782 6
      vertex -23.1564 -15.4726 6.4
    endloop
  endfacet
  facet normal -0.49961 -0.310744 0.808597
    outer loop
      vertex -23.6137 -15.7782 6
      vertex -23.6078 -15.0734 6.2745
      vertex -23.9347 -15.2621 6
    endloop
  endfacet
  facet normal -0.580542 -0.0958379 0.80857
    outer loop
      vertex -27.3149 -5.43326 6.4
      vertex -28.157 -3.70694 6
      vertex -27.8543 -5.54056 6
    endloop
  endfacet
  facet normal 0.478296 -0.342724 0.808562
    outer loop
      vertex 23.1564 -15.4726 6.4
      vertex 22.0949 -16.954 6.4
      vertex 22.5312 -17.2888 6
    endloop
  endfacet
  facet normal 0.277359 0.518913 0.80858
    outer loop
      vertex 14.2 24.5951 6
      vertex 12.3177 24.9779 6.4
      vertex 13.925 24.1188 6.4
    endloop
  endfacet
  facet normal -0.588063 -0.0192418 0.808586
    outer loop
      vertex -27.85 0 6.4
      vertex -28.4 0 6
      vertex -27.7904 -1.82148 6.4
    endloop
  endfacet
  facet normal -0.588079 -0.0192496 0.808575
    outer loop
      vertex -27.7904 -1.82148 6.4
      vertex -28.4 0 6
      vertex -28.3392 -1.85745 6
    endloop
  endfacet
  facet normal 0.0576856 -0.585559 0.808575
    outer loop
      vertex 3.70694 -28.157 6
      vertex 1.82148 -27.7904 6.4
      vertex 1.85745 -28.3392 6
    endloop
  endfacet
  facet normal 0.0958379 -0.580542 0.80857
    outer loop
      vertex 5.43326 -27.3149 6.4
      vertex 3.70694 -28.157 6
      vertex 5.54056 -27.8543 6
    endloop
  endfacet
  facet normal 0.518985 0.277348 0.808537
    outer loop
      vertex 24.8578 12.9083 6.2745
      vertex 24.7084 12.822 6.4
      vertex 24.9779 12.3177 6.4
    endloop
  endfacet
  facet normal 0.0192472 -0.588202 0.808485
    outer loop
      vertex 1.25 -27.8091 6.4
      vertex 1.25 -27.9816 6.2745
      vertex 1.82148 -27.7904 6.4
    endloop
  endfacet
  facet normal -0.429443 0.402215 0.80858
    outer loop
      vertex -20.0818 20.0818 6
      vertex -21.3522 18.7254 6
      vertex -19.6929 19.6929 6.4
    endloop
  endfacet
  facet normal 0.49961 -0.310744 0.808597
    outer loop
      vertex 23.6078 -15.0734 6.2745
      vertex 23.6137 -15.7782 6
      vertex 23.9347 -15.2621 6
    endloop
  endfacet
  facet normal 0.499616 -0.310742 0.808593
    outer loop
      vertex 23.6137 -15.7782 6
      vertex 23.6078 -15.0734 6.2745
      vertex 23.1564 -15.4726 6.4
    endloop
  endfacet
  facet normal -0.478296 0.342724 0.808562
    outer loop
      vertex -22.5312 17.2888 6
      vertex -23.1564 15.4726 6.4
      vertex -22.0949 16.954 6.4
    endloop
  endfacet
  facet normal -0.402215 -0.429443 0.80858
    outer loop
      vertex -19.6929 -19.6929 6.4
      vertex -20.0818 -20.0818 6
      vertex -18.7254 -21.3522 6
    endloop
  endfacet
  facet normal 0.373289 -0.454843 0.808563
    outer loop
      vertex 18.3628 -20.9387 6.4
      vertex 16.954 -22.0949 6.4
      vertex 17.2888 -22.5312 6
    endloop
  endfacet
  facet normal 0.49961 0.310744 0.808597
    outer loop
      vertex 23.6137 15.7782 6
      vertex 23.6078 15.0734 6.2745
      vertex 23.9347 15.2621 6
    endloop
  endfacet
  facet normal 0.499616 0.310742 0.808593
    outer loop
      vertex 23.6078 15.0734 6.2745
      vertex 23.6137 15.7782 6
      vertex 23.1564 15.4726 6.4
    endloop
  endfacet
  facet normal -0.573029 -0.133609 0.80857
    outer loop
      vertex -27.3149 -5.43326 6.4
      vertex -27.8543 -5.54056 6
      vertex -27.4323 -7.35046 6
    endloop
  endfacet
  facet normal 0.454843 0.373289 0.808563
    outer loop
      vertex 22.5312 17.2888 6
      vertex 20.9387 18.3628 6.4
      vertex 22.0949 16.954 6.4
    endloop
  endfacet
  facet normal -0.277359 -0.518913 0.80858
    outer loop
      vertex -13.925 -24.1188 6.4
      vertex -14.2 -24.5951 6
      vertex -12.3177 -24.9779 6.4
    endloop
  endfacet
  facet normal -0.478296 -0.342724 0.808562
    outer loop
      vertex -22.0949 -16.954 6.4
      vertex -23.1564 -15.4726 6.4
      vertex -22.5312 -17.2888 6
    endloop
  endfacet
  facet normal -0.0192472 0.588202 0.808485
    outer loop
      vertex -1.25 27.9816 6.2745
      vertex -1.82148 27.7904 6.4
      vertex -1.25 27.8091 6.4
    endloop
  endfacet
  facet normal 0.207274 -0.550668 0.80858
    outer loop
      vertex 10.6577 -25.73 6.4
      vertex 8.95209 -26.372 6.4
      vertex 9.12888 -26.8928 6
    endloop
  endfacet
  facet normal 0.585559 -0.0576856 0.808575
    outer loop
      vertex 28.3392 -1.85745 6
      vertex 27.7904 -1.82148 6.4
      vertex 28.157 -3.70694 6
    endloop
  endfacet
  facet normal 0.573029 0.133609 0.80857
    outer loop
      vertex 27.4323 7.35046 6
      vertex 27.3149 5.43326 6.4
      vertex 27.8543 5.54056 6
    endloop
  endfacet
  facet normal -0.572976 -0.13362 0.808607
    outer loop
      vertex -27.3149 -5.43326 6.4
      vertex -27.4323 -7.35046 6
      vertex -26.901 -7.20811 6.4
    endloop
  endfacet
  facet normal 0.133609 0.573029 0.80857
    outer loop
      vertex 5.54056 27.8543 6
      vertex 5.43326 27.3149 6.4
      vertex 7.35046 27.4323 6
    endloop
  endfacet
  facet normal 0.572976 -0.13362 0.808607
    outer loop
      vertex 27.3149 -5.43326 6.4
      vertex 26.901 -7.20811 6.4
      vertex 27.4323 -7.35046 6
    endloop
  endfacet
  facet normal 0.580542 0.0958379 0.80857
    outer loop
      vertex 27.8543 5.54056 6
      vertex 27.3149 5.43326 6.4
      vertex 28.157 3.70694 6
    endloop
  endfacet
  facet normal -0.573029 0.133609 0.80857
    outer loop
      vertex -27.4323 7.35046 6
      vertex -27.8543 5.54056 6
      vertex -27.3149 5.43326 6.4
    endloop
  endfacet
  facet normal -0.585559 0.0576856 0.808575
    outer loop
      vertex -28.157 3.70694 6
      vertex -28.3392 1.85745 6
      vertex -27.7904 1.82148 6.4
    endloop
  endfacet
  facet normal -0.588063 0.0192418 0.808586
    outer loop
      vertex -27.7904 1.82148 6.4
      vertex -28.4 0 6
      vertex -27.85 0 6.4
    endloop
  endfacet
  facet normal -0.373281 0.454839 0.808569
    outer loop
      vertex -17.2888 22.5312 6
      vertex -18.7254 21.3522 6
      vertex -18.3628 20.9387 6.4
    endloop
  endfacet
  facet normal 0.13362 0.572976 0.808607
    outer loop
      vertex 7.35046 27.4323 6
      vertex 5.43326 27.3149 6.4
      vertex 7.20811 26.901 6.4
    endloop
  endfacet
  facet normal 0.402232 0.42945 0.808568
    outer loop
      vertex 18.7254 21.3522 6
      vertex 18.3628 20.9387 6.4
      vertex 19.6929 19.6929 6.4
    endloop
  endfacet
  facet normal 0.454839 -0.373281 0.808569
    outer loop
      vertex 22.5312 -17.2888 6
      vertex 20.9387 -18.3628 6.4
      vertex 21.3522 -18.7254 6
    endloop
  endfacet
  facet normal 0.342715 -0.47825 0.808593
    outer loop
      vertex 17.2888 -22.5312 6
      vertex 15.4726 -23.1564 6.4
      vertex 15.7782 -23.6137 6
    endloop
  endfacet
  facet normal 0.550624 0.207229 0.808622
    outer loop
      vertex 26.2382 10.8682 6
      vertex 25.73 10.6577 6.4
      vertex 26.8928 9.12888 6
    endloop
  endfacet
  facet normal -0.588079 0.0192496 0.808575
    outer loop
      vertex -28.3392 1.85745 6
      vertex -28.4 0 6
      vertex -27.7904 1.82148 6.4
    endloop
  endfacet
  facet normal 0.402215 0.429443 0.80858
    outer loop
      vertex 20.0818 20.0818 6
      vertex 18.7254 21.3522 6
      vertex 19.6929 19.6929 6.4
    endloop
  endfacet
  facet normal 0.535887 0.242808 0.808622
    outer loop
      vertex 26.2382 10.8682 6
      vertex 25.4712 12.561 6
      vertex 25.73 10.6577 6.4
    endloop
  endfacet
  facet normal 0.170796 -0.563015 0.808606
    outer loop
      vertex 9.12888 -26.8928 6
      vertex 7.20811 -26.901 6.4
      vertex 7.35046 -27.4323 6
    endloop
  endfacet
  facet normal 0.133609 -0.573029 0.80857
    outer loop
      vertex 7.35046 -27.4323 6
      vertex 5.43326 -27.3149 6.4
      vertex 5.54056 -27.8543 6
    endloop
  endfacet
  facet normal 0.550668 0.207274 0.80858
    outer loop
      vertex 26.8928 9.12888 6
      vertex 25.73 10.6577 6.4
      vertex 26.372 8.95209 6.4
    endloop
  endfacet
  facet normal -0.580518 -0.0958216 0.808589
    outer loop
      vertex -27.6117 -3.63515 6.4
      vertex -28.157 -3.70694 6
      vertex -27.3149 -5.43326 6.4
    endloop
  endfacet
  facet normal -0.373289 0.454843 0.808563
    outer loop
      vertex -17.2888 22.5312 6
      vertex -18.3628 20.9387 6.4
      vertex -16.954 22.0949 6.4
    endloop
  endfacet
  facet normal 0.277359 -0.518913 0.80858
    outer loop
      vertex 13.925 -24.1188 6.4
      vertex 12.3177 -24.9779 6.4
      vertex 14.2 -24.5951 6
    endloop
  endfacet
  facet normal 0.310717 -0.499653 0.80858
    outer loop
      vertex 15.4726 -23.1564 6.4
      vertex 13.925 -24.1188 6.4
      vertex 14.2 -24.5951 6
    endloop
  endfacet
  facet normal -0.242808 -0.535887 0.808622
    outer loop
      vertex -10.6577 -25.73 6.4
      vertex -12.561 -25.4712 6
      vertex -10.8682 -26.2382 6
    endloop
  endfacet
  facet normal 0.580518 -0.0958216 0.808589
    outer loop
      vertex 27.6117 -3.63515 6.4
      vertex 27.3149 -5.43326 6.4
      vertex 28.157 -3.70694 6
    endloop
  endfacet
  facet normal -0.13362 0.572976 0.808607
    outer loop
      vertex -5.43326 27.3149 6.4
      vertex -7.35046 27.4323 6
      vertex -7.20811 26.901 6.4
    endloop
  endfacet
  facet normal -0.402215 0.429443 0.80858
    outer loop
      vertex -18.7254 21.3522 6
      vertex -20.0818 20.0818 6
      vertex -19.6929 19.6929 6.4
    endloop
  endfacet
  facet normal -0.0958216 0.580518 0.808589
    outer loop
      vertex -3.70694 28.157 6
      vertex -5.43326 27.3149 6.4
      vertex -3.63515 27.6117 6.4
    endloop
  endfacet
  facet normal -0.133609 0.573029 0.80857
    outer loop
      vertex -5.54056 27.8543 6
      vertex -7.35046 27.4323 6
      vertex -5.43326 27.3149 6.4
    endloop
  endfacet
  facet normal -0.563053 -0.17079 0.80858
    outer loop
      vertex -26.372 -8.95209 6.4
      vertex -26.901 -7.20811 6.4
      vertex -26.8928 -9.12888 6
    endloop
  endfacet
  facet normal -0.563015 0.170796 0.808606
    outer loop
      vertex -26.8928 9.12888 6
      vertex -27.4323 7.35046 6
      vertex -26.901 7.20811 6.4
    endloop
  endfacet
  facet normal 0.535914 -0.242808 0.808604
    outer loop
      vertex 25.73 -10.6577 6.4
      vertex 24.9779 -12.3177 6.4
      vertex 25.4712 -12.561 6
    endloop
  endfacet
  facet normal -0.277356 -0.518875 0.808605
    outer loop
      vertex -12.3177 -24.9779 6.4
      vertex -14.2 -24.5951 6
      vertex -12.561 -25.4712 6
    endloop
  endfacet
  facet normal 0.342724 0.478296 0.808562
    outer loop
      vertex 17.2888 22.5312 6
      vertex 15.4726 23.1564 6.4
      vertex 16.954 22.0949 6.4
    endloop
  endfacet
  facet normal -0.518985 -0.277348 0.808537
    outer loop
      vertex -24.7084 -12.822 6.4
      vertex -24.9779 -12.3177 6.4
      vertex -24.8578 -12.9083 6.2745
    endloop
  endfacet
  facet normal -0.342715 -0.47825 0.808593
    outer loop
      vertex -15.4726 -23.1564 6.4
      vertex -17.2888 -22.5312 6
      vertex -15.7782 -23.6137 6
    endloop
  endfacet
  facet normal -0.242808 0.535914 0.808604
    outer loop
      vertex -10.6577 25.73 6.4
      vertex -12.561 25.4712 6
      vertex -12.3177 24.9779 6.4
    endloop
  endfacet
  facet normal -0.342724 0.478296 0.808562
    outer loop
      vertex -15.4726 23.1564 6.4
      vertex -17.2888 22.5312 6
      vertex -16.954 22.0949 6.4
    endloop
  endfacet
  facet normal -0.133609 -0.573029 0.80857
    outer loop
      vertex -5.43326 -27.3149 6.4
      vertex -7.35046 -27.4323 6
      vertex -5.54056 -27.8543 6
    endloop
  endfacet
  facet normal 0.535914 0.242808 0.808604
    outer loop
      vertex 25.4712 12.561 6
      vertex 24.9779 12.3177 6.4
      vertex 25.73 10.6577 6.4
    endloop
  endfacet
  facet normal -0.170796 -0.563015 0.808606
    outer loop
      vertex -7.20811 -26.901 6.4
      vertex -9.12888 -26.8928 6
      vertex -7.35046 -27.4323 6
    endloop
  endfacet
  facet normal 0.429443 0.402215 0.80858
    outer loop
      vertex 20.0818 20.0818 6
      vertex 19.6929 19.6929 6.4
      vertex 21.3522 18.7254 6
    endloop
  endfacet
  facet normal -0.535887 0.242808 0.808622
    outer loop
      vertex -25.4712 12.561 6
      vertex -26.2382 10.8682 6
      vertex -25.73 10.6577 6.4
    endloop
  endfacet
  facet normal -0.0576928 0.585538 0.808589
    outer loop
      vertex -1.82148 27.7904 6.4
      vertex -3.70694 28.157 6
      vertex -3.63515 27.6117 6.4
    endloop
  endfacet
  facet normal -0.563015 -0.170796 0.808606
    outer loop
      vertex -26.901 -7.20811 6.4
      vertex -27.4323 -7.35046 6
      vertex -26.8928 -9.12888 6
    endloop
  endfacet
  facet normal -0.0576928 -0.585538 0.808589
    outer loop
      vertex -3.63515 -27.6117 6.4
      vertex -3.70694 -28.157 6
      vertex -1.82148 -27.7904 6.4
    endloop
  endfacet
  facet normal -0.242808 0.535887 0.808622
    outer loop
      vertex -10.8682 26.2382 6
      vertex -12.561 25.4712 6
      vertex -10.6577 25.73 6.4
    endloop
  endfacet
  facet normal -0.518886 0.277353 0.808599
    outer loop
      vertex -25.4712 12.561 6
      vertex -24.8578 12.9083 6.2745
      vertex -25.1847 13.097 6
    endloop
  endfacet
  facet normal -0.518883 0.277341 0.808605
    outer loop
      vertex -24.8578 12.9083 6.2745
      vertex -25.4712 12.561 6
      vertex -24.9779 12.3177 6.4
    endloop
  endfacet
  facet normal -0.49966 -0.310808 0.808541
    outer loop
      vertex -23.4584 -14.9871 6.4
      vertex -23.6078 -15.0734 6.2745
      vertex -23.1564 -15.4726 6.4
    endloop
  endfacet
  facet normal -0.585538 0.0576928 0.808589
    outer loop
      vertex -27.6117 3.63515 6.4
      vertex -28.157 3.70694 6
      vertex -27.7904 1.82148 6.4
    endloop
  endfacet
  facet normal 0.42945 -0.402232 0.808568
    outer loop
      vertex 20.9387 -18.3628 6.4
      vertex 19.6929 -19.6929 6.4
      vertex 21.3522 -18.7254 6
    endloop
  endfacet
  facet normal -0.49966 0.310808 0.808541
    outer loop
      vertex -23.1564 15.4726 6.4
      vertex -23.6078 15.0734 6.2745
      vertex -23.4584 14.9871 6.4
    endloop
  endfacet
  facet normal -0.499616 0.310742 0.808593
    outer loop
      vertex -23.6137 15.7782 6
      vertex -23.6078 15.0734 6.2745
      vertex -23.1564 15.4726 6.4
    endloop
  endfacet
  facet normal -0.49961 0.310744 0.808597
    outer loop
      vertex -23.6078 15.0734 6.2745
      vertex -23.6137 15.7782 6
      vertex -23.9347 15.2621 6
    endloop
  endfacet
  facet normal -0.535914 0.242808 0.808604
    outer loop
      vertex -25.4712 12.561 6
      vertex -25.73 10.6577 6.4
      vertex -24.9779 12.3177 6.4
    endloop
  endfacet
  facet normal -0.454839 0.373281 0.808569
    outer loop
      vertex -21.3522 18.7254 6
      vertex -22.5312 17.2888 6
      vertex -20.9387 18.3628 6.4
    endloop
  endfacet
  facet normal -0.454843 0.373289 0.808563
    outer loop
      vertex -20.9387 18.3628 6.4
      vertex -22.5312 17.2888 6
      vertex -22.0949 16.954 6.4
    endloop
  endfacet
  facet normal -0.535887 -0.242808 0.808622
    outer loop
      vertex -25.73 -10.6577 6.4
      vertex -26.2382 -10.8682 6
      vertex -25.4712 -12.561 6
    endloop
  endfacet
  facet normal -0.518883 -0.277341 0.808605
    outer loop
      vertex -25.4712 -12.561 6
      vertex -24.8578 -12.9083 6.2745
      vertex -24.9779 -12.3177 6.4
    endloop
  endfacet
  facet normal -0.518886 -0.277353 0.808599
    outer loop
      vertex -24.8578 -12.9083 6.2745
      vertex -25.4712 -12.561 6
      vertex -25.1847 -13.097 6
    endloop
  endfacet
  facet normal -0.454843 -0.373289 0.808563
    outer loop
      vertex -22.0949 -16.954 6.4
      vertex -22.5312 -17.2888 6
      vertex -20.9387 -18.3628 6.4
    endloop
  endfacet
  facet normal -0.0958379 -0.580542 0.80857
    outer loop
      vertex -5.43326 -27.3149 6.4
      vertex -5.54056 -27.8543 6
      vertex -3.70694 -28.157 6
    endloop
  endfacet
  facet normal 0.563015 -0.170796 0.808606
    outer loop
      vertex 26.901 -7.20811 6.4
      vertex 26.8928 -9.12888 6
      vertex 27.4323 -7.35046 6
    endloop
  endfacet
  facet normal -0.17079 -0.563053 0.80858
    outer loop
      vertex -8.95209 -26.372 6.4
      vertex -9.12888 -26.8928 6
      vertex -7.20811 -26.901 6.4
    endloop
  endfacet
  facet normal -0.550624 0.207229 0.808622
    outer loop
      vertex -26.2382 10.8682 6
      vertex -26.8928 9.12888 6
      vertex -25.73 10.6577 6.4
    endloop
  endfacet
  facet normal -0.0576856 -0.585559 0.808575
    outer loop
      vertex -1.82148 -27.7904 6.4
      vertex -3.70694 -28.157 6
      vertex -1.85745 -28.3392 6
    endloop
  endfacet
  facet normal 0.373281 -0.454839 0.808569
    outer loop
      vertex 18.3628 -20.9387 6.4
      vertex 17.2888 -22.5312 6
      vertex 18.7254 -21.3522 6
    endloop
  endfacet
  facet normal 0.585538 -0.0576928 0.808589
    outer loop
      vertex 27.7904 -1.82148 6.4
      vertex 27.6117 -3.63515 6.4
      vertex 28.157 -3.70694 6
    endloop
  endfacet
  facet normal -0.342724 -0.478296 0.808562
    outer loop
      vertex -16.954 -22.0949 6.4
      vertex -17.2888 -22.5312 6
      vertex -15.4726 -23.1564 6.4
    endloop
  endfacet
  facet normal -0.13362 -0.572976 0.808607
    outer loop
      vertex -7.20811 -26.901 6.4
      vertex -7.35046 -27.4323 6
      vertex -5.43326 -27.3149 6.4
    endloop
  endfacet
  facet normal -0.563053 0.17079 0.80858
    outer loop
      vertex -26.8928 9.12888 6
      vertex -26.901 7.20811 6.4
      vertex -26.372 8.95209 6.4
    endloop
  endfacet
  facet normal -0.0958379 0.580542 0.80857
    outer loop
      vertex -3.70694 28.157 6
      vertex -5.54056 27.8543 6
      vertex -5.43326 27.3149 6.4
    endloop
  endfacet
  facet normal 0.13362 -0.572976 0.808607
    outer loop
      vertex 7.20811 -26.901 6.4
      vertex 5.43326 -27.3149 6.4
      vertex 7.35046 -27.4323 6
    endloop
  endfacet
  facet normal 0.17079 -0.563053 0.80858
    outer loop
      vertex 8.95209 -26.372 6.4
      vertex 7.20811 -26.901 6.4
      vertex 9.12888 -26.8928 6
    endloop
  endfacet
  facet normal -0.207274 0.550668 0.80858
    outer loop
      vertex -9.12888 26.8928 6
      vertex -10.6577 25.73 6.4
      vertex -8.95209 26.372 6.4
    endloop
  endfacet
  facet normal -1 0 0
    outer loop
      vertex 4.5 28.2 1.8
      vertex 4.5 29.6469 3
      vertex 4.5 29.6469 1.8
    endloop
  endfacet
  facet normal -1 -0 0
    outer loop
      vertex 4.5 29.6469 3
      vertex 4.5 28.2 1.8
      vertex 4.5 28.2 3
    endloop
  endfacet
  facet normal 0 0 1
    outer loop
      vertex 3.91578 29.7433 1.8
      vertex 4.5 28.2 1.8
      vertex 4.5 29.6469 1.8
    endloop
  endfacet
  facet normal 0 0 1
    outer loop
      vertex 1.96209 29.9358 1.8
      vertex 4.5 28.2 1.8
      vertex 3.91578 29.7433 1.8
    endloop
  endfacet
  facet normal 0 0 1
    outer loop
      vertex 0 30 1.8
      vertex 4.5 28.2 1.8
      vertex 1.96209 29.9358 1.8
    endloop
  endfacet
  facet normal 0 0 1
    outer loop
      vertex -4.5 28.2 1.8
      vertex 0 30 1.8
      vertex -1.96209 29.9358 1.8
    endloop
  endfacet
  facet normal 0 0 1
    outer loop
      vertex -4.5 28.2 1.8
      vertex -1.96209 29.9358 1.8
      vertex -3.91578 29.7433 1.8
    endloop
  endfacet
  facet normal 0 0 1
    outer loop
      vertex -4.5 28.2 1.8
      vertex -3.91578 29.7433 1.8
      vertex -4.5 29.6469 1.8
    endloop
  endfacet
  facet normal 0 0 1
    outer loop
      vertex 0 30 1.8
      vertex -4.5 28.2 1.8
      vertex 4.5 28.2 1.8
    endloop
  endfacet
  facet normal 1 -0 0
    outer loop
      vertex -4.5 28.2 3
      vertex -4.5 29.6469 1.8
      vertex -4.5 29.6469 3
    endloop
  endfacet
  facet normal 1 0 0
    outer loop
      vertex -4.5 29.6469 1.8
      vertex -4.5 28.2 3
      vertex -4.5 28.2 1.8
    endloop
  endfacet
  facet normal 0 1 -0
    outer loop
      vertex 4.5 28.2 1.8
      vertex -4.5 28.2 3
      vertex 4.5 28.2 3
    endloop
  endfacet
  facet normal 0 1 0
    outer loop
      vertex -4.5 28.2 3
      vertex 4.5 28.2 1.8
      vertex -4.5 28.2 1.8
    endloop
  endfacet
  facet normal -1 0 0
    outer loop
      vertex 4.5 -29.6469 1.8
      vertex 4.5 -28.2 3
      vertex 4.5 -28.2 1.8
    endloop
  endfacet
  facet normal -1 -0 0
    outer loop
      vertex 4.5 -28.2 3
      vertex 4.5 -29.6469 1.8
      vertex 4.5 -29.6469 3
    endloop
  endfacet
  facet normal 0 0 1
    outer loop
      vertex 4.5 -28.2 1.8
      vertex 3.91578 -29.7433 1.8
      vertex 4.5 -29.6469 1.8
    endloop
  endfacet
  facet normal 0 0 1
    outer loop
      vertex 4.5 -28.2 1.8
      vertex 1.96209 -29.9358 1.8
      vertex 3.91578 -29.7433 1.8
    endloop
  endfacet
  facet normal 0 0 1
    outer loop
      vertex 4.5 -28.2 1.8
      vertex 0 -30 1.8
      vertex 1.96209 -29.9358 1.8
    endloop
  endfacet
  facet normal -0 0 1
    outer loop
      vertex -4.5 -28.2 1.8
      vertex 0 -30 1.8
      vertex 4.5 -28.2 1.8
    endloop
  endfacet
  facet normal 0 0 1
    outer loop
      vertex 0 -30 1.8
      vertex -4.5 -28.2 1.8
      vertex -1.96209 -29.9358 1.8
    endloop
  endfacet
  facet normal 0 0 1
    outer loop
      vertex -1.96209 -29.9358 1.8
      vertex -4.5 -28.2 1.8
      vertex -3.91578 -29.7433 1.8
    endloop
  endfacet
  facet normal 0 0 1
    outer loop
      vertex -3.91578 -29.7433 1.8
      vertex -4.5 -28.2 1.8
      vertex -4.5 -29.6469 1.8
    endloop
  endfacet
  facet normal 0 -1 0
    outer loop
      vertex -4.5 -28.2 1.8
      vertex 4.5 -28.2 3
      vertex -4.5 -28.2 3
    endloop
  endfacet
  facet normal 0 -1 -0
    outer loop
      vertex 4.5 -28.2 3
      vertex -4.5 -28.2 1.8
      vertex 4.5 -28.2 1.8
    endloop
  endfacet
  facet normal 1 -0 0
    outer loop
      vertex -4.5 -29.6469 3
      vertex -4.5 -28.2 1.8
      vertex -4.5 -28.2 3
    endloop
  endfacet
  facet normal 1 0 0
    outer loop
      vertex -4.5 -28.2 1.8
      vertex -4.5 -29.6469 3
      vertex -4.5 -29.6469 1.8
    endloop
  endfacet
  facet normal -1 0 0
    outer loop
      vertex 1.25 25.8091 4.5
      vertex 1.25 27.8091 5.6
      vertex 1.25 27.8091 4.5
    endloop
  endfacet
  facet normal -1 -0 0
    outer loop
      vertex 1.25 27.8091 5.6
      vertex 1.25 25.8091 4.5
      vertex 1.25 27.8091 6.4
    endloop
  endfacet
  facet normal -1 0 0
    outer loop
      vertex 1.25 25.8091 10
      vertex 1.25 27.8091 6.4
      vertex 1.25 25.8091 4.5
    endloop
  endfacet
  facet normal -1 0 0
    outer loop
      vertex 1.25 27.8091 6.4
      vertex 1.25 25.8091 10
      vertex 1.25 27.8091 10
    endloop
  endfacet
  facet normal -1 0 0
    outer loop
      vertex 1.25 27.9816 5.7255
      vertex 1.25 27.9816 6.2745
      vertex 1.25 28.3591 6
    endloop
  endfacet
  facet normal -1 0 0
    outer loop
      vertex 1.25 27.8091 5.6
      vertex 1.25 27.9816 6.2745
      vertex 1.25 27.9816 5.7255
    endloop
  endfacet
  facet normal -1 -0 0
    outer loop
      vertex 1.25 27.9816 6.2745
      vertex 1.25 27.8091 5.6
      vertex 1.25 27.8091 6.4
    endloop
  endfacet
  facet normal 0 0 1
    outer loop
      vertex 0 25.85 4.5
      vertex 1.25 27.8091 4.5
      vertex 0 27.85 4.5
    endloop
  endfacet
  facet normal 0 0 1
    outer loop
      vertex 1.25 27.8091 4.5
      vertex 0 25.85 4.5
      vertex 1.25 25.8091 4.5
    endloop
  endfacet
  facet normal -0 0 1
    outer loop
      vertex -1.25 27.8091 4.5
      vertex 0 25.85 4.5
      vertex 0 27.85 4.5
    endloop
  endfacet
  facet normal 0 0 1
    outer loop
      vertex 0 25.85 4.5
      vertex -1.25 27.8091 4.5
      vertex -1.25 25.8091 4.5
    endloop
  endfacet
  facet normal 1 -0 0
    outer loop
      vertex -1.25 25.8091 10
      vertex -1.25 27.8091 6.4
      vertex -1.25 27.8091 10
    endloop
  endfacet
  facet normal 1 0 0
    outer loop
      vertex -1.25 25.8091 4.5
      vertex -1.25 27.8091 6.4
      vertex -1.25 25.8091 10
    endloop
  endfacet
  facet normal 1 0 0
    outer loop
      vertex -1.25 27.8091 6.4
      vertex -1.25 25.8091 4.5
      vertex -1.25 27.8091 5.6
    endloop
  endfacet
  facet normal 1 0 0
    outer loop
      vertex -1.25 27.8091 5.6
      vertex -1.25 25.8091 4.5
      vertex -1.25 27.8091 4.5
    endloop
  endfacet
  facet normal 1 0 0
    outer loop
      vertex -1.25 27.9816 6.2745
      vertex -1.25 27.9816 5.7255
      vertex -1.25 28.3591 6
    endloop
  endfacet
  facet normal 1 0 0
    outer loop
      vertex -1.25 27.8091 6.4
      vertex -1.25 27.9816 5.7255
      vertex -1.25 27.9816 6.2745
    endloop
  endfacet
  facet normal 1 0 0
    outer loop
      vertex -1.25 27.9816 5.7255
      vertex -1.25 27.8091 6.4
      vertex -1.25 27.8091 5.6
    endloop
  endfacet
  facet normal 0.499989 0.866032 0
    outer loop
      vertex -22.9763 11.822 10
      vertex -24.7084 12.822 6.4
      vertex -24.7084 12.822 10
    endloop
  endfacet
  facet normal 0.500191 0.865915 -0
    outer loop
      vertex -24.8578 12.9083 5.7255
      vertex -24.8578 12.9083 6.2745
      vertex -24.7084 12.822 6.4
    endloop
  endfacet
  facet normal 0.499929 0.866066 0
    outer loop
      vertex -24.8578 12.9083 6.2745
      vertex -24.8578 12.9083 5.7255
      vertex -25.1847 13.097 6
    endloop
  endfacet
  facet normal 0.499989 0.866032 -0
    outer loop
      vertex -22.9763 11.822 4.5
      vertex -24.7084 12.822 6.4
      vertex -22.9763 11.822 10
    endloop
  endfacet
  facet normal 0.500191 0.865915 0
    outer loop
      vertex -24.7084 12.822 6.4
      vertex -24.7084 12.822 5.6
      vertex -24.8578 12.9083 5.7255
    endloop
  endfacet
  facet normal 0.499989 0.866032 0
    outer loop
      vertex -24.7084 12.822 6.4
      vertex -22.9763 11.822 4.5
      vertex -24.7084 12.822 5.6
    endloop
  endfacet
  facet normal 0.499989 0.866032 0
    outer loop
      vertex -24.7084 12.822 5.6
      vertex -22.9763 11.822 4.5
      vertex -24.7084 12.822 4.5
    endloop
  endfacet
  facet normal 0 0 1
    outer loop
      vertex -23.4584 14.9871 4.5
      vertex -22.3868 12.925 4.5
      vertex -21.7263 13.9871 4.5
    endloop
  endfacet
  facet normal -0 0 1
    outer loop
      vertex -24.1188 13.925 4.5
      vertex -22.3868 12.925 4.5
      vertex -23.4584 14.9871 4.5
    endloop
  endfacet
  facet normal 0 0 1
    outer loop
      vertex -24.7084 12.822 4.5
      vertex -22.3868 12.925 4.5
      vertex -24.1188 13.925 4.5
    endloop
  endfacet
  facet normal 0 0 1
    outer loop
      vertex -22.3868 12.925 4.5
      vertex -24.7084 12.822 4.5
      vertex -22.9763 11.822 4.5
    endloop
  endfacet
  facet normal -0.499989 -0.866032 0
    outer loop
      vertex -23.4584 14.9871 6.4
      vertex -21.7263 13.9871 10
      vertex -23.4584 14.9871 10
    endloop
  endfacet
  facet normal -0.499929 -0.866066 0
    outer loop
      vertex -23.6078 15.0734 5.7255
      vertex -23.6078 15.0734 6.2745
      vertex -23.9347 15.2621 6
    endloop
  endfacet
  facet normal -0.500191 -0.865915 -0
    outer loop
      vertex -23.6078 15.0734 6.2745
      vertex -23.6078 15.0734 5.7255
      vertex -23.4584 14.9871 6.4
    endloop
  endfacet
  facet normal -0.500191 -0.865915 0
    outer loop
      vertex -23.4584 14.9871 5.6
      vertex -23.4584 14.9871 6.4
      vertex -23.6078 15.0734 5.7255
    endloop
  endfacet
  facet normal -0.499989 -0.866032 0
    outer loop
      vertex -21.7263 13.9871 4.5
      vertex -23.4584 14.9871 6.4
      vertex -23.4584 14.9871 5.6
    endloop
  endfacet
  facet normal -0.499989 -0.866032 0
    outer loop
      vertex -21.7263 13.9871 4.5
      vertex -23.4584 14.9871 5.6
      vertex -23.4584 14.9871 4.5
    endloop
  endfacet
  facet normal -0.499989 -0.866032 0
    outer loop
      vertex -23.4584 14.9871 6.4
      vertex -21.7263 13.9871 4.5
      vertex -21.7263 13.9871 10
    endloop
  endfacet
  facet normal -0.499989 0.866032 0
    outer loop
      vertex -21.7263 -13.9871 10
      vertex -23.4584 -14.9871 6.4
      vertex -23.4584 -14.9871 10
    endloop
  endfacet
  facet normal -0.500191 0.865915 0
    outer loop
      vertex -23.6078 -15.0734 5.7255
      vertex -23.6078 -15.0734 6.2745
      vertex -23.4584 -14.9871 6.4
    endloop
  endfacet
  facet normal -0.499929 0.866066 0
    outer loop
      vertex -23.6078 -15.0734 6.2745
      vertex -23.6078 -15.0734 5.7255
      vertex -23.9347 -15.2621 6
    endloop
  endfacet
  facet normal -0.499989 0.866032 0
    outer loop
      vertex -21.7263 -13.9871 4.5
      vertex -23.4584 -14.9871 6.4
      vertex -21.7263 -13.9871 10
    endloop
  endfacet
  facet normal -0.500191 0.865915 0
    outer loop
      vertex -23.4584 -14.9871 6.4
      vertex -23.4584 -14.9871 5.6
      vertex -23.6078 -15.0734 5.7255
    endloop
  endfacet
  facet normal -0.499989 0.866032 0
    outer loop
      vertex -23.4584 -14.9871 6.4
      vertex -21.7263 -13.9871 4.5
      vertex -23.4584 -14.9871 5.6
    endloop
  endfacet
  facet normal -0.499989 0.866032 0
    outer loop
      vertex -23.4584 -14.9871 5.6
      vertex -21.7263 -13.9871 4.5
      vertex -23.4584 -14.9871 4.5
    endloop
  endfacet
  facet normal 0 0 1
    outer loop
      vertex -22.3868 -12.925 4.5
      vertex -23.4584 -14.9871 4.5
      vertex -21.7263 -13.9871 4.5
    endloop
  endfacet
  facet normal -0 0 1
    outer loop
      vertex -24.7084 -12.822 4.5
      vertex -22.3868 -12.925 4.5
      vertex -22.9763 -11.822 4.5
    endloop
  endfacet
  facet normal 0 0 1
    outer loop
      vertex -22.3868 -12.925 4.5
      vertex -24.1188 -13.925 4.5
      vertex -23.4584 -14.9871 4.5
    endloop
  endfacet
  facet normal 0 0 1
    outer loop
      vertex -22.3868 -12.925 4.5
      vertex -24.7084 -12.822 4.5
      vertex -24.1188 -13.925 4.5
    endloop
  endfacet
  facet normal 0.499989 -0.866032 0
    outer loop
      vertex -24.7084 -12.822 6.4
      vertex -22.9763 -11.822 10
      vertex -24.7084 -12.822 10
    endloop
  endfacet
  facet normal 0.499929 -0.866066 0
    outer loop
      vertex -24.8578 -12.9083 5.7255
      vertex -24.8578 -12.9083 6.2745
      vertex -25.1847 -13.097 6
    endloop
  endfacet
  facet normal 0.500191 -0.865915 0
    outer loop
      vertex -24.8578 -12.9083 6.2745
      vertex -24.8578 -12.9083 5.7255
      vertex -24.7084 -12.822 6.4
    endloop
  endfacet
  facet normal 0.500191 -0.865915 0
    outer loop
      vertex -24.7084 -12.822 5.6
      vertex -24.7084 -12.822 6.4
      vertex -24.8578 -12.9083 5.7255
    endloop
  endfacet
  facet normal 0.499989 -0.866032 0
    outer loop
      vertex -22.9763 -11.822 4.5
      vertex -24.7084 -12.822 6.4
      vertex -24.7084 -12.822 5.6
    endloop
  endfacet
  facet normal 0.499989 -0.866032 0
    outer loop
      vertex -22.9763 -11.822 4.5
      vertex -24.7084 -12.822 5.6
      vertex -24.7084 -12.822 4.5
    endloop
  endfacet
  facet normal 0.499989 -0.866032 0
    outer loop
      vertex -24.7084 -12.822 6.4
      vertex -22.9763 -11.822 4.5
      vertex -22.9763 -11.822 10
    endloop
  endfacet
  facet normal -1 0 0
    outer loop
      vertex 1.25 -27.9816 5.7255
      vertex 1.25 -27.8091 6.4
      vertex 1.25 -27.8091 5.6
    endloop
  endfacet
  facet normal -1 0 0
    outer loop
      vertex 1.25 -27.9816 5.7255
      vertex 1.25 -27.9816 6.2745
      vertex 1.25 -27.8091 6.4
    endloop
  endfacet
  facet normal -1 0 -0
    outer loop
      vertex 1.25 -27.9816 6.2745
      vertex 1.25 -27.9816 5.7255
      vertex 1.25 -28.3591 6
    endloop
  endfacet
  facet normal -1 0 0
    outer loop
      vertex 1.25 -27.8091 5.6
      vertex 1.25 -25.8091 4.5
      vertex 1.25 -27.8091 4.5
    endloop
  endfacet
  facet normal -1 0 0
    outer loop
      vertex 1.25 -27.8091 6.4
      vertex 1.25 -25.8091 4.5
      vertex 1.25 -27.8091 5.6
    endloop
  endfacet
  facet normal -1 0 0
    outer loop
      vertex 1.25 -25.8091 4.5
      vertex 1.25 -27.8091 6.4
      vertex 1.25 -25.8091 10
    endloop
  endfacet
  facet normal -1 -0 0
    outer loop
      vertex 1.25 -25.8091 10
      vertex 1.25 -27.8091 6.4
      vertex 1.25 -27.8091 10
    endloop
  endfacet
  facet normal -0 0 1
    outer loop
      vertex 0 -25.85 4.5
      vertex 1.25 -27.8091 4.5
      vertex 1.25 -25.8091 4.5
    endloop
  endfacet
  facet normal 0 0 1
    outer loop
      vertex 0 -25.85 4.5
      vertex 0 -27.85 4.5
      vertex 1.25 -27.8091 4.5
    endloop
  endfacet
  facet normal 0 0 1
    outer loop
      vertex -1.25 -27.8091 4.5
      vertex 0 -25.85 4.5
      vertex -1.25 -25.8091 4.5
    endloop
  endfacet
  facet normal 0 0 1
    outer loop
      vertex 0 -25.85 4.5
      vertex -1.25 -27.8091 4.5
      vertex 0 -27.85 4.5
    endloop
  endfacet
  facet normal 1 -0 0
    outer loop
      vertex -1.25 -27.9816 6.2745
      vertex -1.25 -27.8091 5.6
      vertex -1.25 -27.8091 6.4
    endloop
  endfacet
  facet normal 1 0 0
    outer loop
      vertex -1.25 -27.9816 6.2745
      vertex -1.25 -27.9816 5.7255
      vertex -1.25 -27.8091 5.6
    endloop
  endfacet
  facet normal 1 0 -0
    outer loop
      vertex -1.25 -27.9816 5.7255
      vertex -1.25 -27.9816 6.2745
      vertex -1.25 -28.3591 6
    endloop
  endfacet
  facet normal 1 0 0
    outer loop
      vertex -1.25 -27.8091 6.4
      vertex -1.25 -25.8091 10
      vertex -1.25 -27.8091 10
    endloop
  endfacet
  facet normal 1 0 0
    outer loop
      vertex -1.25 -25.8091 10
      vertex -1.25 -27.8091 6.4
      vertex -1.25 -25.8091 4.5
    endloop
  endfacet
  facet normal 1 -0 0
    outer loop
      vertex -1.25 -27.8091 5.6
      vertex -1.25 -25.8091 4.5
      vertex -1.25 -27.8091 6.4
    endloop
  endfacet
  facet normal 1 0 0
    outer loop
      vertex -1.25 -25.8091 4.5
      vertex -1.25 -27.8091 5.6
      vertex -1.25 -27.8091 4.5
    endloop
  endfacet
  facet normal 0.499989 0.866032 -0
    outer loop
      vertex 23.4584 -14.9871 6.4
      vertex 21.7263 -13.9871 10
      vertex 23.4584 -14.9871 10
    endloop
  endfacet
  facet normal 0.499929 0.866066 -0
    outer loop
      vertex 23.6078 -15.0734 5.7255
      vertex 23.6078 -15.0734 6.2745
      vertex 23.9347 -15.2621 6
    endloop
  endfacet
  facet normal 0.500191 0.865915 0
    outer loop
      vertex 23.6078 -15.0734 6.2745
      vertex 23.6078 -15.0734 5.7255
      vertex 23.4584 -14.9871 6.4
    endloop
  endfacet
  facet normal 0.500191 0.865915 -0
    outer loop
      vertex 23.4584 -14.9871 5.6
      vertex 23.4584 -14.9871 6.4
      vertex 23.6078 -15.0734 5.7255
    endloop
  endfacet
  facet normal 0.499989 0.866032 0
    outer loop
      vertex 21.7263 -13.9871 4.5
      vertex 23.4584 -14.9871 6.4
      vertex 23.4584 -14.9871 5.6
    endloop
  endfacet
  facet normal 0.499989 0.866032 0
    outer loop
      vertex 21.7263 -13.9871 4.5
      vertex 23.4584 -14.9871 5.6
      vertex 23.4584 -14.9871 4.5
    endloop
  endfacet
  facet normal 0.499989 0.866032 0
    outer loop
      vertex 23.4584 -14.9871 6.4
      vertex 21.7263 -13.9871 4.5
      vertex 21.7263 -13.9871 10
    endloop
  endfacet
  facet normal -0 0 1
    outer loop
      vertex 22.3868 -12.925 4.5
      vertex 24.1188 -13.925 4.5
      vertex 24.7084 -12.822 4.5
    endloop
  endfacet
  facet normal 0 0 1
    outer loop
      vertex 22.3868 -12.925 4.5
      vertex 24.7084 -12.822 4.5
      vertex 22.9763 -11.822 4.5
    endloop
  endfacet
  facet normal 0 0 1
    outer loop
      vertex 24.1188 -13.925 4.5
      vertex 22.3868 -12.925 4.5
      vertex 23.4584 -14.9871 4.5
    endloop
  endfacet
  facet normal 0 0 1
    outer loop
      vertex 23.4584 -14.9871 4.5
      vertex 22.3868 -12.925 4.5
      vertex 21.7263 -13.9871 4.5
    endloop
  endfacet
  facet normal -0.499989 -0.866032 0
    outer loop
      vertex 22.9763 -11.822 10
      vertex 24.7084 -12.822 6.4
      vertex 24.7084 -12.822 10
    endloop
  endfacet
  facet normal -0.500191 -0.865915 0
    outer loop
      vertex 24.8578 -12.9083 5.7255
      vertex 24.8578 -12.9083 6.2745
      vertex 24.7084 -12.822 6.4
    endloop
  endfacet
  facet normal -0.499929 -0.866066 -0
    outer loop
      vertex 24.8578 -12.9083 6.2745
      vertex 24.8578 -12.9083 5.7255
      vertex 25.1847 -13.097 6
    endloop
  endfacet
  facet normal -0.499989 -0.866032 0
    outer loop
      vertex 22.9763 -11.822 4.5
      vertex 24.7084 -12.822 6.4
      vertex 22.9763 -11.822 10
    endloop
  endfacet
  facet normal -0.500191 -0.865915 -0
    outer loop
      vertex 24.7084 -12.822 6.4
      vertex 24.7084 -12.822 5.6
      vertex 24.8578 -12.9083 5.7255
    endloop
  endfacet
  facet normal -0.499989 -0.866032 -0
    outer loop
      vertex 24.7084 -12.822 6.4
      vertex 22.9763 -11.822 4.5
      vertex 24.7084 -12.822 5.6
    endloop
  endfacet
  facet normal -0.499989 -0.866032 -0
    outer loop
      vertex 24.7084 -12.822 5.6
      vertex 22.9763 -11.822 4.5
      vertex 24.7084 -12.822 4.5
    endloop
  endfacet
  facet normal -0.499989 0.866032 0
    outer loop
      vertex 24.7084 12.822 6.4
      vertex 22.9763 11.822 10
      vertex 24.7084 12.822 10
    endloop
  endfacet
  facet normal -0.499929 0.866066 0
    outer loop
      vertex 24.8578 12.9083 5.7255
      vertex 24.8578 12.9083 6.2745
      vertex 25.1847 13.097 6
    endloop
  endfacet
  facet normal -0.500191 0.865915 0
    outer loop
      vertex 24.8578 12.9083 6.2745
      vertex 24.8578 12.9083 5.7255
      vertex 24.7084 12.822 6.4
    endloop
  endfacet
  facet normal -0.500191 0.865915 0
    outer loop
      vertex 24.7084 12.822 5.6
      vertex 24.7084 12.822 6.4
      vertex 24.8578 12.9083 5.7255
    endloop
  endfacet
  facet normal -0.499989 0.866032 0
    outer loop
      vertex 22.9763 11.822 4.5
      vertex 24.7084 12.822 6.4
      vertex 24.7084 12.822 5.6
    endloop
  endfacet
  facet normal -0.499989 0.866032 0
    outer loop
      vertex 22.9763 11.822 4.5
      vertex 24.7084 12.822 5.6
      vertex 24.7084 12.822 4.5
    endloop
  endfacet
  facet normal -0.499989 0.866032 0
    outer loop
      vertex 24.7084 12.822 6.4
      vertex 22.9763 11.822 4.5
      vertex 22.9763 11.822 10
    endloop
  endfacet
  facet normal 0 0 1
    outer loop
      vertex 22.3868 12.925 4.5
      vertex 24.1188 13.925 4.5
      vertex 23.4584 14.9871 4.5
    endloop
  endfacet
  facet normal 0 0 1
    outer loop
      vertex 24.1188 13.925 4.5
      vertex 22.3868 12.925 4.5
      vertex 24.7084 12.822 4.5
    endloop
  endfacet
  facet normal 0 0 1
    outer loop
      vertex 24.7084 12.822 4.5
      vertex 22.3868 12.925 4.5
      vertex 22.9763 11.822 4.5
    endloop
  endfacet
  facet normal 0 -0 1
    outer loop
      vertex 22.3868 12.925 4.5
      vertex 23.4584 14.9871 4.5
      vertex 21.7263 13.9871 4.5
    endloop
  endfacet
  facet normal 0.499989 -0.866032 0
    outer loop
      vertex 21.7263 13.9871 10
      vertex 23.4584 14.9871 6.4
      vertex 23.4584 14.9871 10
    endloop
  endfacet
  facet normal 0.500191 -0.865915 0
    outer loop
      vertex 23.6078 15.0734 5.7255
      vertex 23.6078 15.0734 6.2745
      vertex 23.4584 14.9871 6.4
    endloop
  endfacet
  facet normal 0.499929 -0.866066 0
    outer loop
      vertex 23.6078 15.0734 6.2745
      vertex 23.6078 15.0734 5.7255
      vertex 23.9347 15.2621 6
    endloop
  endfacet
  facet normal 0.499989 -0.866032 0
    outer loop
      vertex 21.7263 13.9871 4.5
      vertex 23.4584 14.9871 6.4
      vertex 21.7263 13.9871 10
    endloop
  endfacet
  facet normal 0.500191 -0.865915 0
    outer loop
      vertex 23.4584 14.9871 6.4
      vertex 23.4584 14.9871 5.6
      vertex 23.6078 15.0734 5.7255
    endloop
  endfacet
  facet normal 0.499989 -0.866032 0
    outer loop
      vertex 23.4584 14.9871 6.4
      vertex 21.7263 13.9871 4.5
      vertex 23.4584 14.9871 5.6
    endloop
  endfacet
  facet normal 0.499989 -0.866032 0
    outer loop
      vertex 23.4584 14.9871 5.6
      vertex 21.7263 13.9871 4.5
      vertex 23.4584 14.9871 4.5
    endloop
  endfacet
  facet normal 0.999465 -0.0326914 0
    outer loop
      vertex -25.85 0 10
      vertex -25.7947 1.69067 3
      vertex -25.7947 1.69067 10
    endloop
  endfacet
  facet normal 0.999465 -0.0326914 0
    outer loop
      vertex -25.7947 1.69067 3
      vertex -25.85 0 10
      vertex -25.85 0 3
    endloop
  endfacet
  facet normal -0.995179 -0.0980737 0
    outer loop
      vertex 25.7947 1.69067 3
      vertex 25.6288 3.3741 10
      vertex 25.6288 3.3741 3
    endloop
  endfacet
  facet normal -0.995179 -0.0980737 0
    outer loop
      vertex 25.6288 3.3741 10
      vertex 25.7947 1.69067 3
      vertex 25.7947 1.69067 10
    endloop
  endfacet
  facet normal -0.999465 -0.0326914 0
    outer loop
      vertex 25.85 0 3
      vertex 25.7947 1.69067 10
      vertex 25.7947 1.69067 3
    endloop
  endfacet
  facet normal -0.999465 -0.0326914 0
    outer loop
      vertex 25.7947 1.69067 10
      vertex 25.85 0 3
      vertex 25.85 0 10
    endloop
  endfacet
  facet normal -0.986648 -0.162867 0
    outer loop
      vertex 25.6288 3.3741 3
      vertex 25.3533 5.04308 10
      vertex 25.3533 5.04308 3
    endloop
  endfacet
  facet normal -0.986648 -0.162867 0
    outer loop
      vertex 25.3533 5.04308 10
      vertex 25.6288 3.3741 3
      vertex 25.6288 3.3741 10
    endloop
  endfacet
  facet normal -0.973879 -0.227066 0
    outer loop
      vertex 25.3533 5.04308 3
      vertex 24.9692 6.69047 10
      vertex 24.9692 6.69047 3
    endloop
  endfacet
  facet normal -0.973879 -0.227066 0
    outer loop
      vertex 24.9692 6.69047 10
      vertex 25.3533 5.04308 3
      vertex 25.3533 5.04308 10
    endloop
  endfacet
  facet normal -0.729843 0.683615 0
    outer loop
      vertex 18.2787 -18.2787 3
      vertex 19.4351 -17.0441 10
      vertex 19.4351 -17.0441 3
    endloop
  endfacet
  facet normal -0.729843 0.683615 0
    outer loop
      vertex 19.4351 -17.0441 10
      vertex 18.2787 -18.2787 3
      vertex 18.2787 -18.2787 10
    endloop
  endfacet
  facet normal -0.0980737 -0.995179 0
    outer loop
      vertex 1.69067 25.7947 3
      vertex 3.3741 25.6288 10
      vertex 1.69067 25.7947 10
    endloop
  endfacet
  facet normal -0.0980737 -0.995179 -0
    outer loop
      vertex 3.3741 25.6288 10
      vertex 1.69067 25.7947 3
      vertex 3.3741 25.6288 3
    endloop
  endfacet
  facet normal -0.986648 0.162867 0
    outer loop
      vertex 25.3533 -5.04308 3
      vertex 25.6288 -3.3741 10
      vertex 25.6288 -3.3741 3
    endloop
  endfacet
  facet normal -0.986648 0.162867 0
    outer loop
      vertex 25.6288 -3.3741 10
      vertex 25.3533 -5.04308 3
      vertex 25.3533 -5.04308 10
    endloop
  endfacet
  facet normal -0.881844 0.471542 0
    outer loop
      vertex 23.1842 -11.4332 3
      vertex 22.9763 -11.822 4.5
      vertex 23.1842 -11.4332 10
    endloop
  endfacet
  facet normal -0.881917 0.471404 -4.57571e-05
    outer loop
      vertex 22.3868 -12.925 3
      vertex 22.9763 -11.822 4.5
      vertex 23.1842 -11.4332 3
    endloop
  endfacet
  facet normal -0.881943 0.471356 0
    outer loop
      vertex 22.9763 -11.822 4.5
      vertex 22.3868 -12.925 3
      vertex 22.3868 -12.925 4.5
    endloop
  endfacet
  facet normal -0.881844 0.471542 0
    outer loop
      vertex 23.1842 -11.4332 10
      vertex 22.9763 -11.822 4.5
      vertex 22.9763 -11.822 10
    endloop
  endfacet
  facet normal 0.471404 0.881917 -0
    outer loop
      vertex -11.4332 -23.1842 3
      vertex -12.925 -22.3868 10
      vertex -11.4332 -23.1842 10
    endloop
  endfacet
  facet normal 0.471404 0.881917 0
    outer loop
      vertex -12.925 -22.3868 10
      vertex -11.4332 -23.1842 3
      vertex -12.925 -22.3868 3
    endloop
  endfacet
  facet normal 0.729843 -0.683615 0
    outer loop
      vertex -19.4351 17.0441 10
      vertex -18.2787 18.2787 3
      vertex -18.2787 18.2787 10
    endloop
  endfacet
  facet normal 0.729843 -0.683615 0
    outer loop
      vertex -18.2787 18.2787 3
      vertex -19.4351 17.0441 10
      vertex -19.4351 17.0441 3
    endloop
  endfacet
  facet normal 0.910873 -0.412687 0
    outer loop
      vertex -23.8823 9.89237 10
      vertex -23.1842 11.4332 3
      vertex -23.1842 11.4332 10
    endloop
  endfacet
  facet normal 0.910873 -0.412687 0
    outer loop
      vertex -23.1842 11.4332 3
      vertex -23.8823 9.89237 10
      vertex -23.8823 9.89237 3
    endloop
  endfacet
  facet normal 0.471404 -0.881917 0
    outer loop
      vertex -12.925 22.3868 3
      vertex -11.4332 23.1842 10
      vertex -12.925 22.3868 10
    endloop
  endfacet
  facet normal 0.471404 -0.881917 0
    outer loop
      vertex -11.4332 23.1842 10
      vertex -12.925 22.3868 3
      vertex -11.4332 23.1842 3
    endloop
  endfacet
  facet normal 0.935917 0.352219 0
    outer loop
      vertex -23.8823 -9.89237 10
      vertex -24.4781 -8.30921 3
      vertex -24.4781 -8.30921 10
    endloop
  endfacet
  facet normal 0.935917 0.352219 0
    outer loop
      vertex -24.4781 -8.30921 3
      vertex -23.8823 -9.89237 10
      vertex -23.8823 -9.89237 3
    endloop
  endfacet
  facet normal -0.471404 0.881917 0
    outer loop
      vertex 12.925 -22.3868 3
      vertex 11.4332 -23.1842 10
      vertex 12.925 -22.3868 10
    endloop
  endfacet
  facet normal -0.471404 0.881917 0
    outer loop
      vertex 11.4332 -23.1842 10
      vertex 12.925 -22.3868 3
      vertex 11.4332 -23.1842 3
    endloop
  endfacet
  facet normal 0.162867 0.986648 -0
    outer loop
      vertex -3.3741 -25.6288 3
      vertex -5.04308 -25.3533 10
      vertex -3.3741 -25.6288 10
    endloop
  endfacet
  facet normal 0.162867 0.986648 0
    outer loop
      vertex -5.04308 -25.3533 10
      vertex -3.3741 -25.6288 3
      vertex -5.04308 -25.3533 3
    endloop
  endfacet
  facet normal -0.81285 -0.582473 0
    outer loop
      vertex 21.4935 14.3615 3
      vertex 20.5082 15.7365 10
      vertex 20.5082 15.7365 3
    endloop
  endfacet
  facet normal -0.81285 -0.582473 0
    outer loop
      vertex 20.5082 15.7365 10
      vertex 21.4935 14.3615 3
      vertex 21.4935 14.3615 10
    endloop
  endfacet
  facet normal -0.849186 0.528093 0
    outer loop
      vertex 22.3868 -12.925 3
      vertex 21.7263 -13.9871 4.5
      vertex 22.3868 -12.925 4.5
    endloop
  endfacet
  facet normal -0.849195 0.528079 -1.35256e-05
    outer loop
      vertex 21.4935 -14.3615 3
      vertex 21.7263 -13.9871 4.5
      vertex 22.3868 -12.925 3
    endloop
  endfacet
  facet normal -0.849219 0.52804 0
    outer loop
      vertex 21.4935 -14.3615 10
      vertex 21.7263 -13.9871 4.5
      vertex 21.4935 -14.3615 3
    endloop
  endfacet
  facet normal -0.849219 0.52804 0
    outer loop
      vertex 21.7263 -13.9871 4.5
      vertex 21.4935 -14.3615 10
      vertex 21.7263 -13.9871 10
    endloop
  endfacet
  facet normal 0.910873 0.412687 0
    outer loop
      vertex -23.1842 -11.4332 10
      vertex -23.8823 -9.89237 3
      vertex -23.8823 -9.89237 10
    endloop
  endfacet
  facet normal 0.910873 0.412687 0
    outer loop
      vertex -23.8823 -9.89237 3
      vertex -23.1842 -11.4332 10
      vertex -23.1842 -11.4332 3
    endloop
  endfacet
  facet normal 0.773016 0.634386 0
    outer loop
      vertex -19.4351 -17.0441 10
      vertex -20.5082 -15.7365 3
      vertex -20.5082 -15.7365 10
    endloop
  endfacet
  facet normal 0.773016 0.634386 0
    outer loop
      vertex -20.5082 -15.7365 3
      vertex -19.4351 -17.0441 10
      vertex -19.4351 -17.0441 3
    endloop
  endfacet
  facet normal -0.634386 0.773016 0
    outer loop
      vertex 17.0441 -19.4351 3
      vertex 15.7365 -20.5082 10
      vertex 17.0441 -19.4351 10
    endloop
  endfacet
  facet normal -0.634386 0.773016 0
    outer loop
      vertex 15.7365 -20.5082 10
      vertex 17.0441 -19.4351 3
      vertex 15.7365 -20.5082 3
    endloop
  endfacet
  facet normal 0.162867 -0.986648 0
    outer loop
      vertex -5.04308 25.3533 3
      vertex -3.3741 25.6288 10
      vertex -5.04308 25.3533 10
    endloop
  endfacet
  facet normal 0.162867 -0.986648 0
    outer loop
      vertex -3.3741 25.6288 10
      vertex -5.04308 25.3533 3
      vertex -3.3741 25.6288 3
    endloop
  endfacet
  facet normal 0.95693 -0.290317 0
    outer loop
      vertex -24.9692 6.69047 10
      vertex -24.4781 8.30921 3
      vertex -24.4781 8.30921 10
    endloop
  endfacet
  facet normal 0.95693 -0.290317 0
    outer loop
      vertex -24.4781 8.30921 3
      vertex -24.9692 6.69047 10
      vertex -24.9692 6.69047 3
    endloop
  endfacet
  facet normal 0.412687 0.910873 -0
    outer loop
      vertex -9.89237 -23.8823 3
      vertex -11.4332 -23.1842 10
      vertex -9.89237 -23.8823 10
    endloop
  endfacet
  facet normal 0.412687 0.910873 0
    outer loop
      vertex -11.4332 -23.1842 10
      vertex -9.89237 -23.8823 3
      vertex -11.4332 -23.1842 3
    endloop
  endfacet
  facet normal 0.634386 -0.773016 0
    outer loop
      vertex -17.0441 19.4351 3
      vertex -15.7365 20.5082 10
      vertex -17.0441 19.4351 10
    endloop
  endfacet
  facet normal 0.634386 -0.773016 0
    outer loop
      vertex -15.7365 20.5082 10
      vertex -17.0441 19.4351 3
      vertex -15.7365 20.5082 3
    endloop
  endfacet
  facet normal 0.634386 0.773016 -0
    outer loop
      vertex -15.7365 -20.5082 3
      vertex -17.0441 -19.4351 10
      vertex -15.7365 -20.5082 10
    endloop
  endfacet
  facet normal 0.634386 0.773016 0
    outer loop
      vertex -17.0441 -19.4351 10
      vertex -15.7365 -20.5082 3
      vertex -17.0441 -19.4351 3
    endloop
  endfacet
  facet normal 0.935917 -0.352219 0
    outer loop
      vertex -24.4781 8.30921 10
      vertex -23.8823 9.89237 3
      vertex -23.8823 9.89237 10
    endloop
  endfacet
  facet normal 0.935917 -0.352219 0
    outer loop
      vertex -23.8823 9.89237 3
      vertex -24.4781 8.30921 10
      vertex -24.4781 8.30921 3
    endloop
  endfacet
  facet normal -0.582473 0.81285 0
    outer loop
      vertex 15.7365 -20.5082 3
      vertex 14.3615 -21.4935 10
      vertex 15.7365 -20.5082 10
    endloop
  endfacet
  facet normal -0.582473 0.81285 0
    outer loop
      vertex 14.3615 -21.4935 10
      vertex 15.7365 -20.5082 3
      vertex 14.3615 -21.4935 3
    endloop
  endfacet
  facet normal 0.0980737 -0.995179 0
    outer loop
      vertex -3.3741 25.6288 3
      vertex -1.69067 25.7947 10
      vertex -3.3741 25.6288 10
    endloop
  endfacet
  facet normal 0.0980737 -0.995179 0
    outer loop
      vertex -1.69067 25.7947 10
      vertex -3.3741 25.6288 3
      vertex -1.69067 25.7947 3
    endloop
  endfacet
  facet normal -0.935917 0.352219 0
    outer loop
      vertex 23.8823 -9.89237 3
      vertex 24.4781 -8.30921 10
      vertex 24.4781 -8.30921 3
    endloop
  endfacet
  facet normal -0.935917 0.352219 0
    outer loop
      vertex 24.4781 -8.30921 10
      vertex 23.8823 -9.89237 3
      vertex 23.8823 -9.89237 10
    endloop
  endfacet
  facet normal -0.352219 0.935917 0
    outer loop
      vertex 9.89237 -23.8823 3
      vertex 8.30921 -24.4781 10
      vertex 9.89237 -23.8823 10
    endloop
  endfacet
  facet normal -0.352219 0.935917 0
    outer loop
      vertex 8.30921 -24.4781 10
      vertex 9.89237 -23.8823 3
      vertex 8.30921 -24.4781 3
    endloop
  endfacet
  facet normal -0.471404 -0.881917 0
    outer loop
      vertex 11.4332 23.1842 3
      vertex 12.925 22.3868 10
      vertex 11.4332 23.1842 10
    endloop
  endfacet
  facet normal -0.471404 -0.881917 -0
    outer loop
      vertex 12.925 22.3868 10
      vertex 11.4332 23.1842 3
      vertex 12.925 22.3868 3
    endloop
  endfacet
  facet normal 0.999465 0.0326914 0
    outer loop
      vertex -25.7947 -1.69067 10
      vertex -25.85 0 3
      vertex -25.85 0 10
    endloop
  endfacet
  facet normal 0.999465 0.0326914 0
    outer loop
      vertex -25.85 0 3
      vertex -25.7947 -1.69067 10
      vertex -25.7947 -1.69067 3
    endloop
  endfacet
  facet normal -0.227066 -0.973879 0
    outer loop
      vertex 5.04308 25.3533 3
      vertex 6.69047 24.9692 10
      vertex 5.04308 25.3533 10
    endloop
  endfacet
  facet normal -0.227066 -0.973879 -0
    outer loop
      vertex 6.69047 24.9692 10
      vertex 5.04308 25.3533 3
      vertex 6.69047 24.9692 3
    endloop
  endfacet
  facet normal -0.95693 -0.290317 0
    outer loop
      vertex 24.9692 6.69047 3
      vertex 24.4781 8.30921 10
      vertex 24.4781 8.30921 3
    endloop
  endfacet
  facet normal -0.95693 -0.290317 0
    outer loop
      vertex 24.4781 8.30921 10
      vertex 24.9692 6.69047 3
      vertex 24.9692 6.69047 10
    endloop
  endfacet
  facet normal -0.0980737 0.995179 0
    outer loop
      vertex 3.3741 -25.6288 3
      vertex 1.69067 -25.7947 10
      vertex 3.3741 -25.6288 10
    endloop
  endfacet
  facet normal -0.0980737 0.995179 0
    outer loop
      vertex 1.69067 -25.7947 10
      vertex 3.3741 -25.6288 3
      vertex 1.69067 -25.7947 3
    endloop
  endfacet
  facet normal 0.773016 -0.634386 0
    outer loop
      vertex -20.5082 15.7365 10
      vertex -19.4351 17.0441 3
      vertex -19.4351 17.0441 10
    endloop
  endfacet
  facet normal 0.773016 -0.634386 0
    outer loop
      vertex -19.4351 17.0441 3
      vertex -20.5082 15.7365 10
      vertex -20.5082 15.7365 3
    endloop
  endfacet
  facet normal 0.849219 -0.52804 0
    outer loop
      vertex -21.7263 13.9871 4.5
      vertex -21.4935 14.3615 10
      vertex -21.7263 13.9871 10
    endloop
  endfacet
  facet normal 0.849219 -0.52804 0
    outer loop
      vertex -21.4935 14.3615 10
      vertex -21.7263 13.9871 4.5
      vertex -21.4935 14.3615 3
    endloop
  endfacet
  facet normal 0.849186 -0.528093 0
    outer loop
      vertex -22.3868 12.925 3
      vertex -21.7263 13.9871 4.5
      vertex -22.3868 12.925 4.5
    endloop
  endfacet
  facet normal 0.849195 -0.528079 -1.35256e-05
    outer loop
      vertex -21.7263 13.9871 4.5
      vertex -22.3868 12.925 3
      vertex -21.4935 14.3615 3
    endloop
  endfacet
  facet normal 0.881844 -0.471542 0
    outer loop
      vertex -22.9763 11.822 10
      vertex -23.1842 11.4332 10
      vertex -22.9763 11.822 4.5
    endloop
  endfacet
  facet normal 0.881943 -0.471356 0
    outer loop
      vertex -22.9763 11.822 4.5
      vertex -22.3868 12.925 3
      vertex -22.3868 12.925 4.5
    endloop
  endfacet
  facet normal 0.881917 -0.471404 -4.57571e-05
    outer loop
      vertex -22.9763 11.822 4.5
      vertex -23.1842 11.4332 3
      vertex -22.3868 12.925 3
    endloop
  endfacet
  facet normal 0.881844 -0.471542 0
    outer loop
      vertex -23.1842 11.4332 3
      vertex -22.9763 11.822 4.5
      vertex -23.1842 11.4332 10
    endloop
  endfacet
  facet normal -0.634386 -0.773016 0
    outer loop
      vertex 15.7365 20.5082 3
      vertex 17.0441 19.4351 10
      vertex 15.7365 20.5082 10
    endloop
  endfacet
  facet normal -0.634386 -0.773016 -0
    outer loop
      vertex 17.0441 19.4351 10
      vertex 15.7365 20.5082 3
      vertex 17.0441 19.4351 3
    endloop
  endfacet
  facet normal -0.412687 -0.910873 0
    outer loop
      vertex 9.89237 23.8823 3
      vertex 11.4332 23.1842 10
      vertex 9.89237 23.8823 10
    endloop
  endfacet
  facet normal -0.412687 -0.910873 -0
    outer loop
      vertex 11.4332 23.1842 10
      vertex 9.89237 23.8823 3
      vertex 11.4332 23.1842 3
    endloop
  endfacet
  facet normal 0.0980737 0.995179 -0
    outer loop
      vertex -1.69067 -25.7947 3
      vertex -3.3741 -25.6288 10
      vertex -1.69067 -25.7947 10
    endloop
  endfacet
  facet normal 0.0980737 0.995179 0
    outer loop
      vertex -3.3741 -25.6288 10
      vertex -1.69067 -25.7947 3
      vertex -3.3741 -25.6288 3
    endloop
  endfacet
  facet normal 0.986648 0.162867 0
    outer loop
      vertex -25.3533 -5.04308 10
      vertex -25.6288 -3.3741 3
      vertex -25.6288 -3.3741 10
    endloop
  endfacet
  facet normal 0.986648 0.162867 0
    outer loop
      vertex -25.6288 -3.3741 3
      vertex -25.3533 -5.04308 10
      vertex -25.3533 -5.04308 3
    endloop
  endfacet
  facet normal -0.773016 0.634386 0
    outer loop
      vertex 19.4351 -17.0441 3
      vertex 20.5082 -15.7365 10
      vertex 20.5082 -15.7365 3
    endloop
  endfacet
  facet normal -0.773016 0.634386 0
    outer loop
      vertex 20.5082 -15.7365 10
      vertex 19.4351 -17.0441 3
      vertex 19.4351 -17.0441 10
    endloop
  endfacet
  facet normal -0.528079 -0.849195 0
    outer loop
      vertex 12.925 22.3868 3
      vertex 14.3615 21.4935 10
      vertex 12.925 22.3868 10
    endloop
  endfacet
  facet normal -0.528079 -0.849195 -0
    outer loop
      vertex 14.3615 21.4935 10
      vertex 12.925 22.3868 3
      vertex 14.3615 21.4935 3
    endloop
  endfacet
  facet normal 0.227066 -0.973879 0
    outer loop
      vertex -6.69047 24.9692 3
      vertex -5.04308 25.3533 10
      vertex -6.69047 24.9692 10
    endloop
  endfacet
  facet normal 0.227066 -0.973879 0
    outer loop
      vertex -5.04308 25.3533 10
      vertex -6.69047 24.9692 3
      vertex -5.04308 25.3533 3
    endloop
  endfacet
  facet normal 0.729843 0.683615 0
    outer loop
      vertex -18.2787 -18.2787 10
      vertex -19.4351 -17.0441 3
      vertex -19.4351 -17.0441 10
    endloop
  endfacet
  facet normal 0.729843 0.683615 0
    outer loop
      vertex -19.4351 -17.0441 3
      vertex -18.2787 -18.2787 10
      vertex -18.2787 -18.2787 3
    endloop
  endfacet
  facet normal 0.582473 -0.81285 0
    outer loop
      vertex -15.7365 20.5082 3
      vertex -14.3615 21.4935 10
      vertex -15.7365 20.5082 10
    endloop
  endfacet
  facet normal 0.582473 -0.81285 0
    outer loop
      vertex -14.3615 21.4935 10
      vertex -15.7365 20.5082 3
      vertex -14.3615 21.4935 3
    endloop
  endfacet
  facet normal -0.412687 0.910873 0
    outer loop
      vertex 11.4332 -23.1842 3
      vertex 9.89237 -23.8823 10
      vertex 11.4332 -23.1842 10
    endloop
  endfacet
  facet normal -0.412687 0.910873 0
    outer loop
      vertex 9.89237 -23.8823 10
      vertex 11.4332 -23.1842 3
      vertex 9.89237 -23.8823 3
    endloop
  endfacet
  facet normal 0.849219 0.52804 0
    outer loop
      vertex -21.7263 -13.9871 10
      vertex -21.4935 -14.3615 10
      vertex -21.7263 -13.9871 4.5
    endloop
  endfacet
  facet normal 0.849186 0.528093 0
    outer loop
      vertex -21.7263 -13.9871 4.5
      vertex -22.3868 -12.925 3
      vertex -22.3868 -12.925 4.5
    endloop
  endfacet
  facet normal 0.849195 0.528079 -1.35256e-05
    outer loop
      vertex -21.7263 -13.9871 4.5
      vertex -21.4935 -14.3615 3
      vertex -22.3868 -12.925 3
    endloop
  endfacet
  facet normal 0.849219 0.52804 -0
    outer loop
      vertex -21.4935 -14.3615 3
      vertex -21.7263 -13.9871 4.5
      vertex -21.4935 -14.3615 10
    endloop
  endfacet
  facet normal 0.352219 -0.935917 0
    outer loop
      vertex -9.89237 23.8823 3
      vertex -8.30921 24.4781 10
      vertex -9.89237 23.8823 10
    endloop
  endfacet
  facet normal 0.352219 -0.935917 0
    outer loop
      vertex -8.30921 24.4781 10
      vertex -9.89237 23.8823 3
      vertex -8.30921 24.4781 3
    endloop
  endfacet
  facet normal 0.290317 -0.95693 0
    outer loop
      vertex -8.30921 24.4781 3
      vertex -6.69047 24.9692 10
      vertex -8.30921 24.4781 10
    endloop
  endfacet
  facet normal 0.290317 -0.95693 0
    outer loop
      vertex -6.69047 24.9692 10
      vertex -8.30921 24.4781 3
      vertex -6.69047 24.9692 3
    endloop
  endfacet
  facet normal 0.683615 0.729843 -0
    outer loop
      vertex -17.0441 -19.4351 3
      vertex -18.2787 -18.2787 10
      vertex -17.0441 -19.4351 10
    endloop
  endfacet
  facet normal 0.683615 0.729843 0
    outer loop
      vertex -18.2787 -18.2787 10
      vertex -17.0441 -19.4351 3
      vertex -18.2787 -18.2787 3
    endloop
  endfacet
  facet normal -0.352219 -0.935917 0
    outer loop
      vertex 8.30921 24.4781 3
      vertex 9.89237 23.8823 10
      vertex 8.30921 24.4781 10
    endloop
  endfacet
  facet normal -0.352219 -0.935917 -0
    outer loop
      vertex 9.89237 23.8823 10
      vertex 8.30921 24.4781 3
      vertex 9.89237 23.8823 3
    endloop
  endfacet
  facet normal -0.162867 0.986648 0
    outer loop
      vertex 5.04308 -25.3533 3
      vertex 3.3741 -25.6288 10
      vertex 5.04308 -25.3533 10
    endloop
  endfacet
  facet normal -0.162867 0.986648 0
    outer loop
      vertex 3.3741 -25.6288 10
      vertex 5.04308 -25.3533 3
      vertex 3.3741 -25.6288 3
    endloop
  endfacet
  facet normal -0.995179 0.0980737 0
    outer loop
      vertex 25.6288 -3.3741 3
      vertex 25.7947 -1.69067 10
      vertex 25.7947 -1.69067 3
    endloop
  endfacet
  facet normal -0.995179 0.0980737 0
    outer loop
      vertex 25.7947 -1.69067 10
      vertex 25.6288 -3.3741 3
      vertex 25.6288 -3.3741 10
    endloop
  endfacet
  facet normal -0.999465 0.0326914 0
    outer loop
      vertex 25.7947 -1.69067 3
      vertex 25.85 0 10
      vertex 25.85 0 3
    endloop
  endfacet
  facet normal -0.999465 0.0326914 0
    outer loop
      vertex 25.85 0 10
      vertex 25.7947 -1.69067 3
      vertex 25.7947 -1.69067 10
    endloop
  endfacet
  facet normal 0.95693 0.290317 0
    outer loop
      vertex -24.4781 -8.30921 10
      vertex -24.9692 -6.69047 3
      vertex -24.9692 -6.69047 10
    endloop
  endfacet
  facet normal 0.95693 0.290317 0
    outer loop
      vertex -24.9692 -6.69047 3
      vertex -24.4781 -8.30921 10
      vertex -24.4781 -8.30921 3
    endloop
  endfacet
  facet normal 0.352219 0.935917 -0
    outer loop
      vertex -8.30921 -24.4781 3
      vertex -9.89237 -23.8823 10
      vertex -8.30921 -24.4781 10
    endloop
  endfacet
  facet normal 0.352219 0.935917 0
    outer loop
      vertex -9.89237 -23.8823 10
      vertex -8.30921 -24.4781 3
      vertex -9.89237 -23.8823 3
    endloop
  endfacet
  facet normal -0.81285 0.582473 0
    outer loop
      vertex 20.5082 -15.7365 3
      vertex 21.4935 -14.3615 10
      vertex 21.4935 -14.3615 3
    endloop
  endfacet
  facet normal -0.81285 0.582473 0
    outer loop
      vertex 21.4935 -14.3615 10
      vertex 20.5082 -15.7365 3
      vertex 20.5082 -15.7365 10
    endloop
  endfacet
  facet normal 0.81285 0.582473 0
    outer loop
      vertex -20.5082 -15.7365 10
      vertex -21.4935 -14.3615 3
      vertex -21.4935 -14.3615 10
    endloop
  endfacet
  facet normal 0.81285 0.582473 0
    outer loop
      vertex -21.4935 -14.3615 3
      vertex -20.5082 -15.7365 10
      vertex -20.5082 -15.7365 3
    endloop
  endfacet
  facet normal -0.227066 0.973879 0
    outer loop
      vertex 6.69047 -24.9692 3
      vertex 5.04308 -25.3533 10
      vertex 6.69047 -24.9692 10
    endloop
  endfacet
  facet normal -0.227066 0.973879 0
    outer loop
      vertex 5.04308 -25.3533 10
      vertex 6.69047 -24.9692 3
      vertex 5.04308 -25.3533 3
    endloop
  endfacet
  facet normal -0 0 1
    outer loop
      vertex -12.925 22.3868 3
      vertex -12.35 8.25 3
      vertex -11.4332 23.1842 3
    endloop
  endfacet
  facet normal -0 0 1
    outer loop
      vertex -14.3615 21.4935 3
      vertex -12.35 8.25 3
      vertex -12.925 22.3868 3
    endloop
  endfacet
  facet normal -0 0 1
    outer loop
      vertex -15.7365 20.5082 3
      vertex -12.35 8.25 3
      vertex -14.3615 21.4935 3
    endloop
  endfacet
  facet normal -0 0 1
    outer loop
      vertex -17.0441 19.4351 3
      vertex -12.35 8.25 3
      vertex -15.7365 20.5082 3
    endloop
  endfacet
  facet normal -0 0 1
    outer loop
      vertex -18.2787 18.2787 3
      vertex -12.35 8.25 3
      vertex -17.0441 19.4351 3
    endloop
  endfacet
  facet normal -0 0 1
    outer loop
      vertex -19.4351 17.0441 3
      vertex -12.35 8.25 3
      vertex -18.2787 18.2787 3
    endloop
  endfacet
  facet normal -0 0 1
    outer loop
      vertex -20.5082 15.7365 3
      vertex -12.35 8.25 3
      vertex -19.4351 17.0441 3
    endloop
  endfacet
  facet normal -0 0 1
    outer loop
      vertex -21.4935 14.3615 3
      vertex -12.35 8.25 3
      vertex -20.5082 15.7365 3
    endloop
  endfacet
  facet normal -0 0 1
    outer loop
      vertex -22.3868 12.925 3
      vertex -20.85 8.25 3
      vertex -21.4935 14.3615 3
    endloop
  endfacet
  facet normal 0 0 1
    outer loop
      vertex -12.35 8.25 3
      vertex -21.4935 14.3615 3
      vertex -20.85 8.25 3
    endloop
  endfacet
  facet normal 0 0 1
    outer loop
      vertex 20.85 8.25 3
      vertex 25.85 0 3
      vertex 25.7947 1.69067 3
    endloop
  endfacet
  facet normal 0 0 1
    outer loop
      vertex 20.85 8.25 3
      vertex 25.7947 1.69067 3
      vertex 25.6288 3.3741 3
    endloop
  endfacet
  facet normal 0 0 1
    outer loop
      vertex 20.85 -8.75 3
      vertex 25.85 0 3
      vertex 20.85 8.25 3
    endloop
  endfacet
  facet normal 0 0 1
    outer loop
      vertex 20.85 8.25 3
      vertex 25.6288 3.3741 3
      vertex 25.3533 5.04308 3
    endloop
  endfacet
  facet normal 0 0 1
    outer loop
      vertex 25.85 0 3
      vertex 20.85 -8.75 3
      vertex 25.7947 -1.69067 3
    endloop
  endfacet
  facet normal 0 0 1
    outer loop
      vertex 20.85 8.25 3
      vertex 25.3533 5.04308 3
      vertex 24.9692 6.69047 3
    endloop
  endfacet
  facet normal 0 0 1
    outer loop
      vertex 25.7947 -1.69067 3
      vertex 20.85 -8.75 3
      vertex 25.6288 -3.3741 3
    endloop
  endfacet
  facet normal -0 0 1
    outer loop
      vertex 20.85 8.25 3
      vertex 24.9692 6.69047 3
      vertex 24.4781 8.30921 3
    endloop
  endfacet
  facet normal 0 0 1
    outer loop
      vertex 25.6288 -3.3741 3
      vertex 20.85 -8.75 3
      vertex 25.3533 -5.04308 3
    endloop
  endfacet
  facet normal 0 0 1
    outer loop
      vertex 20.85 8.25 3
      vertex 24.4781 8.30921 3
      vertex 23.8823 9.89237 3
    endloop
  endfacet
  facet normal 0 0 1
    outer loop
      vertex 25.3533 -5.04308 3
      vertex 20.85 -8.75 3
      vertex 24.9692 -6.69047 3
    endloop
  endfacet
  facet normal 0 0 1
    outer loop
      vertex 20.85 8.25 3
      vertex 23.8823 9.89237 3
      vertex 23.1842 11.4332 3
    endloop
  endfacet
  facet normal 0 0 1
    outer loop
      vertex 24.9692 -6.69047 3
      vertex 20.85 -8.75 3
      vertex 24.4781 -8.30921 3
    endloop
  endfacet
  facet normal 0 0 1
    outer loop
      vertex 20.85 8.25 3
      vertex 23.1842 11.4332 3
      vertex 22.3868 12.925 3
    endloop
  endfacet
  facet normal 0 0 1
    outer loop
      vertex 24.4781 -8.30921 3
      vertex 20.85 -8.75 3
      vertex 23.8823 -9.89237 3
    endloop
  endfacet
  facet normal 0 0 1
    outer loop
      vertex 20.85 8.25 3
      vertex 22.3868 12.925 3
      vertex 21.4935 14.3615 3
    endloop
  endfacet
  facet normal 0 0 1
    outer loop
      vertex 23.8823 -9.89237 3
      vertex 20.85 -8.75 3
      vertex 23.1842 -11.4332 3
    endloop
  endfacet
  facet normal 0 0 1
    outer loop
      vertex 23.1842 -11.4332 3
      vertex 20.85 -8.75 3
      vertex 22.3868 -12.925 3
    endloop
  endfacet
  facet normal 0 0 1
    outer loop
      vertex 12.35 8.25 3
      vertex 21.4935 14.3615 3
      vertex 20.5082 15.7365 3
    endloop
  endfacet
  facet normal 0 0 1
    outer loop
      vertex 12.35 8.25 3
      vertex 20.5082 15.7365 3
      vertex 19.4351 17.0441 3
    endloop
  endfacet
  facet normal 0 0 1
    outer loop
      vertex 12.35 8.25 3
      vertex 19.4351 17.0441 3
      vertex 18.2787 18.2787 3
    endloop
  endfacet
  facet normal 0 0 1
    outer loop
      vertex 12.35 8.25 3
      vertex 18.2787 18.2787 3
      vertex 17.0441 19.4351 3
    endloop
  endfacet
  facet normal 0 0 1
    outer loop
      vertex 12.35 8.25 3
      vertex 17.0441 19.4351 3
      vertex 15.7365 20.5082 3
    endloop
  endfacet
  facet normal 0 0 1
    outer loop
      vertex 12.35 8.25 3
      vertex 15.7365 20.5082 3
      vertex 14.3615 21.4935 3
    endloop
  endfacet
  facet normal 0 0 1
    outer loop
      vertex 12.35 8.25 3
      vertex 14.3615 21.4935 3
      vertex 12.925 22.3868 3
    endloop
  endfacet
  facet normal 0 0 1
    outer loop
      vertex 21.4935 14.3615 3
      vertex 12.35 8.25 3
      vertex 20.85 8.25 3
    endloop
  endfacet
  facet normal 0 0 1
    outer loop
      vertex 9.89237 23.8823 3
      vertex 12.35 8.25 3
      vertex 11.4332 23.1842 3
    endloop
  endfacet
  facet normal 0 0 1
    outer loop
      vertex 11.4332 23.1842 3
      vertex 12.35 8.25 3
      vertex 12.925 22.3868 3
    endloop
  endfacet
  facet normal 0 0 1
    outer loop
      vertex 22.3868 -12.925 3
      vertex 20.85 -8.75 3
      vertex 21.4935 -14.3615 3
    endloop
  endfacet
  facet normal 0 0 1
    outer loop
      vertex 20.85 -8.75 3
      vertex 20.5082 -15.7365 3
      vertex 21.4935 -14.3615 3
    endloop
  endfacet
  facet normal 0 0 1
    outer loop
      vertex 20.85 -8.75 3
      vertex 19.4351 -17.0441 3
      vertex 20.5082 -15.7365 3
    endloop
  endfacet
  facet normal 0 0 1
    outer loop
      vertex 20.85 -8.75 3
      vertex 18.2787 -18.2787 3
      vertex 19.4351 -17.0441 3
    endloop
  endfacet
  facet normal 0 0 1
    outer loop
      vertex 20.85 -8.75 3
      vertex 17.0441 -19.4351 3
      vertex 18.2787 -18.2787 3
    endloop
  endfacet
  facet normal 0 0 1
    outer loop
      vertex 20.85 -8.75 3
      vertex 15.7365 -20.5082 3
      vertex 17.0441 -19.4351 3
    endloop
  endfacet
  facet normal 0 0 1
    outer loop
      vertex 20.85 -8.75 3
      vertex 14.3615 -21.4935 3
      vertex 15.7365 -20.5082 3
    endloop
  endfacet
  facet normal 0 0 1
    outer loop
      vertex 20.85 -8.75 3
      vertex 12.925 -22.3868 3
      vertex 14.3615 -21.4935 3
    endloop
  endfacet
  facet normal 0 0 1
    outer loop
      vertex 20.85 -8.75 3
      vertex 11.4332 -23.1842 3
      vertex 12.925 -22.3868 3
    endloop
  endfacet
  facet normal 0 0 1
    outer loop
      vertex 20.85 -8.75 3
      vertex 9.89237 -23.8823 3
      vertex 11.4332 -23.1842 3
    endloop
  endfacet
  facet normal 0 0 1
    outer loop
      vertex 20.85 -8.75 3
      vertex 8.30921 -24.4781 3
      vertex 9.89237 -23.8823 3
    endloop
  endfacet
  facet normal 0 0 1
    outer loop
      vertex 20.85 -8.75 3
      vertex 6.69047 -24.9692 3
      vertex 8.30921 -24.4781 3
    endloop
  endfacet
  facet normal 0 0 1
    outer loop
      vertex 20.85 -8.75 3
      vertex 5.04308 -25.3533 3
      vertex 6.69047 -24.9692 3
    endloop
  endfacet
  facet normal 0 0 1
    outer loop
      vertex 20.85 -8.75 3
      vertex 3.3741 -25.6288 3
      vertex 5.04308 -25.3533 3
    endloop
  endfacet
  facet normal 0 0 1
    outer loop
      vertex 20.85 -8.75 3
      vertex 1.69067 -25.7947 3
      vertex 3.3741 -25.6288 3
    endloop
  endfacet
  facet normal 0 0 1
    outer loop
      vertex 20.85 -8.75 3
      vertex 0 -25.85 3
      vertex 1.69067 -25.7947 3
    endloop
  endfacet
  facet normal 0 0 1
    outer loop
      vertex 20.85 -8.75 3
      vertex -1.69067 -25.7947 3
      vertex 0 -25.85 3
    endloop
  endfacet
  facet normal -0 0 1
    outer loop
      vertex -20.85 -8.75 3
      vertex -1.69067 -25.7947 3
      vertex 20.85 -8.75 3
    endloop
  endfacet
  facet normal 0 0 1
    outer loop
      vertex -1.69067 -25.7947 3
      vertex -20.85 -8.75 3
      vertex -3.3741 -25.6288 3
    endloop
  endfacet
  facet normal 0 0 1
    outer loop
      vertex -3.3741 -25.6288 3
      vertex -20.85 -8.75 3
      vertex -5.04308 -25.3533 3
    endloop
  endfacet
  facet normal 0 0 1
    outer loop
      vertex -5.04308 -25.3533 3
      vertex -20.85 -8.75 3
      vertex -6.69047 -24.9692 3
    endloop
  endfacet
  facet normal 0 0 1
    outer loop
      vertex -6.69047 -24.9692 3
      vertex -20.85 -8.75 3
      vertex -8.30921 -24.4781 3
    endloop
  endfacet
  facet normal 0 0 1
    outer loop
      vertex -8.30921 -24.4781 3
      vertex -20.85 -8.75 3
      vertex -9.89237 -23.8823 3
    endloop
  endfacet
  facet normal 0 0 1
    outer loop
      vertex -9.89237 -23.8823 3
      vertex -20.85 -8.75 3
      vertex -11.4332 -23.1842 3
    endloop
  endfacet
  facet normal 0 0 1
    outer loop
      vertex -11.4332 -23.1842 3
      vertex -20.85 -8.75 3
      vertex -12.925 -22.3868 3
    endloop
  endfacet
  facet normal 0 0 1
    outer loop
      vertex -12.925 -22.3868 3
      vertex -20.85 -8.75 3
      vertex -14.3615 -21.4935 3
    endloop
  endfacet
  facet normal 0 0 1
    outer loop
      vertex -14.3615 -21.4935 3
      vertex -20.85 -8.75 3
      vertex -15.7365 -20.5082 3
    endloop
  endfacet
  facet normal 0 0 1
    outer loop
      vertex -15.7365 -20.5082 3
      vertex -20.85 -8.75 3
      vertex -17.0441 -19.4351 3
    endloop
  endfacet
  facet normal 0 0 1
    outer loop
      vertex -17.0441 -19.4351 3
      vertex -20.85 -8.75 3
      vertex -18.2787 -18.2787 3
    endloop
  endfacet
  facet normal 0 0 1
    outer loop
      vertex -18.2787 -18.2787 3
      vertex -20.85 -8.75 3
      vertex -19.4351 -17.0441 3
    endloop
  endfacet
  facet normal 0 0 1
    outer loop
      vertex -19.4351 -17.0441 3
      vertex -20.85 -8.75 3
      vertex -20.5082 -15.7365 3
    endloop
  endfacet
  facet normal 0 0 1
    outer loop
      vertex -20.85 -8.75 3
      vertex -21.4935 -14.3615 3
      vertex -20.5082 -15.7365 3
    endloop
  endfacet
  facet normal -0 0 1
    outer loop
      vertex -23.1842 11.4332 3
      vertex -20.85 8.25 3
      vertex -22.3868 12.925 3
    endloop
  endfacet
  facet normal -0 0 1
    outer loop
      vertex -23.8823 9.89237 3
      vertex -20.85 8.25 3
      vertex -23.1842 11.4332 3
    endloop
  endfacet
  facet normal 0 0 1
    outer loop
      vertex -20.85 -8.75 3
      vertex -22.3868 -12.925 3
      vertex -21.4935 -14.3615 3
    endloop
  endfacet
  facet normal -0 0 1
    outer loop
      vertex -24.4781 8.30921 3
      vertex -20.85 8.25 3
      vertex -23.8823 9.89237 3
    endloop
  endfacet
  facet normal 0 0 1
    outer loop
      vertex -20.85 -8.75 3
      vertex -23.1842 -11.4332 3
      vertex -22.3868 -12.925 3
    endloop
  endfacet
  facet normal 0 0 1
    outer loop
      vertex -24.9692 6.69047 3
      vertex -20.85 8.25 3
      vertex -24.4781 8.30921 3
    endloop
  endfacet
  facet normal 0 0 1
    outer loop
      vertex -20.85 -8.75 3
      vertex -23.8823 -9.89237 3
      vertex -23.1842 -11.4332 3
    endloop
  endfacet
  facet normal 0 0 1
    outer loop
      vertex -25.3533 5.04308 3
      vertex -20.85 8.25 3
      vertex -24.9692 6.69047 3
    endloop
  endfacet
  facet normal 0 0 1
    outer loop
      vertex -20.85 -8.75 3
      vertex -24.4781 -8.30921 3
      vertex -23.8823 -9.89237 3
    endloop
  endfacet
  facet normal 0 0 1
    outer loop
      vertex -25.6288 3.3741 3
      vertex -20.85 8.25 3
      vertex -25.3533 5.04308 3
    endloop
  endfacet
  facet normal 0 0 1
    outer loop
      vertex -20.85 -8.75 3
      vertex -24.9692 -6.69047 3
      vertex -24.4781 -8.30921 3
    endloop
  endfacet
  facet normal 0 0 1
    outer loop
      vertex -25.7947 1.69067 3
      vertex -20.85 8.25 3
      vertex -25.6288 3.3741 3
    endloop
  endfacet
  facet normal 0 0 1
    outer loop
      vertex -20.85 -8.75 3
      vertex -25.3533 -5.04308 3
      vertex -24.9692 -6.69047 3
    endloop
  endfacet
  facet normal 0 0 1
    outer loop
      vertex -25.85 0 3
      vertex -20.85 8.25 3
      vertex -25.7947 1.69067 3
    endloop
  endfacet
  facet normal 0 0 1
    outer loop
      vertex -20.85 -8.75 3
      vertex -25.6288 -3.3741 3
      vertex -25.3533 -5.04308 3
    endloop
  endfacet
  facet normal 0 0 1
    outer loop
      vertex -20.85 8.25 3
      vertex -25.85 0 3
      vertex -20.85 -8.75 3
    endloop
  endfacet
  facet normal 0 0 1
    outer loop
      vertex -20.85 -8.75 3
      vertex -25.7947 -1.69067 3
      vertex -25.6288 -3.3741 3
    endloop
  endfacet
  facet normal 0 0 1
    outer loop
      vertex -20.85 -8.75 3
      vertex -25.85 0 3
      vertex -25.7947 -1.69067 3
    endloop
  endfacet
  facet normal -0 0 1
    outer loop
      vertex 12.35 6.25 3
      vertex 18.35 -6.25 3
      vertex 18.35 6.25 3
    endloop
  endfacet
  facet normal 0 0 1
    outer loop
      vertex 8.30921 24.4781 3
      vertex 12.35 8.25 3
      vertex 9.89237 23.8823 3
    endloop
  endfacet
  facet normal 0 0 1
    outer loop
      vertex 6.69047 24.9692 3
      vertex 12.35 8.25 3
      vertex 8.30921 24.4781 3
    endloop
  endfacet
  facet normal 0 0 1
    outer loop
      vertex 5.04308 25.3533 3
      vertex 12.35 8.25 3
      vertex 6.69047 24.9692 3
    endloop
  endfacet
  facet normal 0 0 1
    outer loop
      vertex 3.3741 25.6288 3
      vertex 12.35 8.25 3
      vertex 5.04308 25.3533 3
    endloop
  endfacet
  facet normal 0 0 1
    outer loop
      vertex 1.69067 25.7947 3
      vertex 12.35 8.25 3
      vertex 3.3741 25.6288 3
    endloop
  endfacet
  facet normal 0 0 1
    outer loop
      vertex 0 25.85 3
      vertex 12.35 8.25 3
      vertex 1.69067 25.7947 3
    endloop
  endfacet
  facet normal 0 0 1
    outer loop
      vertex 12.35 8.25 3
      vertex -12.35 8.25 3
      vertex 12.35 6.25 3
    endloop
  endfacet
  facet normal 0 0 1
    outer loop
      vertex 12.35 8.25 3
      vertex 0 25.85 3
      vertex -12.35 8.25 3
    endloop
  endfacet
  facet normal 0 0 1
    outer loop
      vertex -12.35 8.25 3
      vertex 0 25.85 3
      vertex -1.69067 25.7947 3
    endloop
  endfacet
  facet normal 0 0 1
    outer loop
      vertex -12.35 8.25 3
      vertex -1.69067 25.7947 3
      vertex -3.3741 25.6288 3
    endloop
  endfacet
  facet normal 0 0 1
    outer loop
      vertex -12.35 8.25 3
      vertex -3.3741 25.6288 3
      vertex -5.04308 25.3533 3
    endloop
  endfacet
  facet normal 0 0 1
    outer loop
      vertex -12.35 8.25 3
      vertex -5.04308 25.3533 3
      vertex -6.69047 24.9692 3
    endloop
  endfacet
  facet normal 0 0 1
    outer loop
      vertex -12.35 8.25 3
      vertex -6.69047 24.9692 3
      vertex -8.30921 24.4781 3
    endloop
  endfacet
  facet normal 0 0 1
    outer loop
      vertex -12.35 8.25 3
      vertex -8.30921 24.4781 3
      vertex -9.89237 23.8823 3
    endloop
  endfacet
  facet normal 0 0 1
    outer loop
      vertex -12.35 8.25 3
      vertex -9.89237 23.8823 3
      vertex -11.4332 23.1842 3
    endloop
  endfacet
  facet normal 0 0 1
    outer loop
      vertex -12.35 6.25 3
      vertex 12.35 6.25 3
      vertex -12.35 8.25 3
    endloop
  endfacet
  facet normal 0 0 1
    outer loop
      vertex 12.35 6.25 3
      vertex -12.35 6.25 3
      vertex 18.35 -6.25 3
    endloop
  endfacet
  facet normal 0 0 1
    outer loop
      vertex -18.35 -6.25 3
      vertex -12.35 6.25 3
      vertex -18.35 6.25 3
    endloop
  endfacet
  facet normal 0 0 1
    outer loop
      vertex -12.35 6.25 3
      vertex -18.35 -6.25 3
      vertex 18.35 -6.25 3
    endloop
  endfacet
  facet normal -0.773016 -0.634386 0
    outer loop
      vertex 20.5082 15.7365 3
      vertex 19.4351 17.0441 10
      vertex 19.4351 17.0441 3
    endloop
  endfacet
  facet normal -0.773016 -0.634386 0
    outer loop
      vertex 19.4351 17.0441 10
      vertex 20.5082 15.7365 3
      vertex 20.5082 15.7365 10
    endloop
  endfacet
  facet normal -0.849219 -0.52804 0
    outer loop
      vertex 21.4935 14.3615 3
      vertex 21.7263 13.9871 4.5
      vertex 21.4935 14.3615 10
    endloop
  endfacet
  facet normal -0.849195 -0.528079 -1.35256e-05
    outer loop
      vertex 22.3868 12.925 3
      vertex 21.7263 13.9871 4.5
      vertex 21.4935 14.3615 3
    endloop
  endfacet
  facet normal -0.849186 -0.528093 0
    outer loop
      vertex 21.7263 13.9871 4.5
      vertex 22.3868 12.925 3
      vertex 22.3868 12.925 4.5
    endloop
  endfacet
  facet normal -0.849219 -0.52804 0
    outer loop
      vertex 21.4935 14.3615 10
      vertex 21.7263 13.9871 4.5
      vertex 21.7263 13.9871 10
    endloop
  endfacet
  facet normal 0.227066 0.973879 -0
    outer loop
      vertex -5.04308 -25.3533 3
      vertex -6.69047 -24.9692 10
      vertex -5.04308 -25.3533 10
    endloop
  endfacet
  facet normal 0.227066 0.973879 0
    outer loop
      vertex -6.69047 -24.9692 10
      vertex -5.04308 -25.3533 3
      vertex -6.69047 -24.9692 3
    endloop
  endfacet
  facet normal 0.582473 0.81285 -0
    outer loop
      vertex -14.3615 -21.4935 3
      vertex -15.7365 -20.5082 10
      vertex -14.3615 -21.4935 10
    endloop
  endfacet
  facet normal 0.582473 0.81285 0
    outer loop
      vertex -15.7365 -20.5082 10
      vertex -14.3615 -21.4935 3
      vertex -15.7365 -20.5082 3
    endloop
  endfacet
  facet normal -0.683615 0.729843 0
    outer loop
      vertex 18.2787 -18.2787 3
      vertex 17.0441 -19.4351 10
      vertex 18.2787 -18.2787 10
    endloop
  endfacet
  facet normal -0.683615 0.729843 0
    outer loop
      vertex 17.0441 -19.4351 10
      vertex 18.2787 -18.2787 3
      vertex 17.0441 -19.4351 3
    endloop
  endfacet
  facet normal -0.528079 0.849195 0
    outer loop
      vertex 14.3615 -21.4935 3
      vertex 12.925 -22.3868 10
      vertex 14.3615 -21.4935 10
    endloop
  endfacet
  facet normal -0.528079 0.849195 0
    outer loop
      vertex 12.925 -22.3868 10
      vertex 14.3615 -21.4935 3
      vertex 12.925 -22.3868 3
    endloop
  endfacet
  facet normal -0.582473 -0.81285 0
    outer loop
      vertex 14.3615 21.4935 3
      vertex 15.7365 20.5082 10
      vertex 14.3615 21.4935 10
    endloop
  endfacet
  facet normal -0.582473 -0.81285 -0
    outer loop
      vertex 15.7365 20.5082 10
      vertex 14.3615 21.4935 3
      vertex 15.7365 20.5082 3
    endloop
  endfacet
  facet normal -0.973879 0.227066 0
    outer loop
      vertex 24.9692 -6.69047 3
      vertex 25.3533 -5.04308 10
      vertex 25.3533 -5.04308 3
    endloop
  endfacet
  facet normal -0.973879 0.227066 0
    outer loop
      vertex 25.3533 -5.04308 10
      vertex 24.9692 -6.69047 3
      vertex 24.9692 -6.69047 10
    endloop
  endfacet
  facet normal -0.0327025 -0.999465 -0
    outer loop
      vertex 0 25.85 4.5
      vertex 0 25.85 3
      vertex 1.25 25.8091 4.5
    endloop
  endfacet
  facet normal -0.0326601 -0.999467 0
    outer loop
      vertex 1.25 25.8091 4.5
      vertex 1.69067 25.7947 10
      vertex 1.25 25.8091 10
    endloop
  endfacet
  facet normal -0.0326601 -0.999467 0
    outer loop
      vertex 1.25 25.8091 4.5
      vertex 1.69067 25.7947 3
      vertex 1.69067 25.7947 10
    endloop
  endfacet
  facet normal -0.0326914 -0.999465 -9.22336e-06
    outer loop
      vertex 1.69067 25.7947 3
      vertex 1.25 25.8091 4.5
      vertex 0 25.85 3
    endloop
  endfacet
  facet normal -0.881943 -0.471356 0
    outer loop
      vertex 22.3868 12.925 3
      vertex 22.9763 11.822 4.5
      vertex 22.3868 12.925 4.5
    endloop
  endfacet
  facet normal -0.881917 -0.471404 -4.57571e-05
    outer loop
      vertex 23.1842 11.4332 3
      vertex 22.9763 11.822 4.5
      vertex 22.3868 12.925 3
    endloop
  endfacet
  facet normal -0.881844 -0.471542 -0
    outer loop
      vertex 23.1842 11.4332 10
      vertex 22.9763 11.822 4.5
      vertex 23.1842 11.4332 3
    endloop
  endfacet
  facet normal -0.881844 -0.471542 0
    outer loop
      vertex 22.9763 11.822 4.5
      vertex 23.1842 11.4332 10
      vertex 22.9763 11.822 10
    endloop
  endfacet
  facet normal -0.290317 -0.95693 0
    outer loop
      vertex 6.69047 24.9692 3
      vertex 8.30921 24.4781 10
      vertex 6.69047 24.9692 10
    endloop
  endfacet
  facet normal -0.290317 -0.95693 -0
    outer loop
      vertex 8.30921 24.4781 10
      vertex 6.69047 24.9692 3
      vertex 8.30921 24.4781 3
    endloop
  endfacet
  facet normal -0.0326601 0.999467 0
    outer loop
      vertex 1.69067 -25.7947 10
      vertex 1.25 -25.8091 4.5
      vertex 1.25 -25.8091 10
    endloop
  endfacet
  facet normal -0.0326601 0.999467 0
    outer loop
      vertex 1.69067 -25.7947 3
      vertex 1.25 -25.8091 4.5
      vertex 1.69067 -25.7947 10
    endloop
  endfacet
  facet normal -0.0326914 0.999465 -9.22336e-06
    outer loop
      vertex 0 -25.85 3
      vertex 1.25 -25.8091 4.5
      vertex 1.69067 -25.7947 3
    endloop
  endfacet
  facet normal -0.0327025 0.999465 0
    outer loop
      vertex 1.25 -25.8091 4.5
      vertex 0 -25.85 3
      vertex 0 -25.85 4.5
    endloop
  endfacet
  facet normal -0.729843 -0.683615 0
    outer loop
      vertex 19.4351 17.0441 3
      vertex 18.2787 18.2787 10
      vertex 18.2787 18.2787 3
    endloop
  endfacet
  facet normal -0.729843 -0.683615 0
    outer loop
      vertex 18.2787 18.2787 10
      vertex 19.4351 17.0441 3
      vertex 19.4351 17.0441 10
    endloop
  endfacet
  facet normal 0.0327025 0.999465 0
    outer loop
      vertex 0 -25.85 4.5
      vertex 0 -25.85 3
      vertex -1.25 -25.8091 4.5
    endloop
  endfacet
  facet normal 0.0326601 0.999467 -0
    outer loop
      vertex -1.25 -25.8091 4.5
      vertex -1.69067 -25.7947 10
      vertex -1.25 -25.8091 10
    endloop
  endfacet
  facet normal 0.0326601 0.999467 0
    outer loop
      vertex -1.25 -25.8091 4.5
      vertex -1.69067 -25.7947 3
      vertex -1.69067 -25.7947 10
    endloop
  endfacet
  facet normal 0.0326914 0.999465 -9.22336e-06
    outer loop
      vertex -1.69067 -25.7947 3
      vertex -1.25 -25.8091 4.5
      vertex 0 -25.85 3
    endloop
  endfacet
  facet normal -0.95693 0.290317 0
    outer loop
      vertex 24.4781 -8.30921 3
      vertex 24.9692 -6.69047 10
      vertex 24.9692 -6.69047 3
    endloop
  endfacet
  facet normal -0.95693 0.290317 0
    outer loop
      vertex 24.9692 -6.69047 10
      vertex 24.4781 -8.30921 3
      vertex 24.4781 -8.30921 10
    endloop
  endfacet
  facet normal 0.973879 -0.227066 0
    outer loop
      vertex -25.3533 5.04308 10
      vertex -24.9692 6.69047 3
      vertex -24.9692 6.69047 10
    endloop
  endfacet
  facet normal 0.973879 -0.227066 0
    outer loop
      vertex -24.9692 6.69047 3
      vertex -25.3533 5.04308 10
      vertex -25.3533 5.04308 3
    endloop
  endfacet
  facet normal 0.412687 -0.910873 0
    outer loop
      vertex -11.4332 23.1842 3
      vertex -9.89237 23.8823 10
      vertex -11.4332 23.1842 10
    endloop
  endfacet
  facet normal 0.412687 -0.910873 0
    outer loop
      vertex -9.89237 23.8823 10
      vertex -11.4332 23.1842 3
      vertex -9.89237 23.8823 3
    endloop
  endfacet
  facet normal -0.910873 -0.412687 0
    outer loop
      vertex 23.8823 9.89237 3
      vertex 23.1842 11.4332 10
      vertex 23.1842 11.4332 3
    endloop
  endfacet
  facet normal -0.910873 -0.412687 0
    outer loop
      vertex 23.1842 11.4332 10
      vertex 23.8823 9.89237 3
      vertex 23.8823 9.89237 10
    endloop
  endfacet
  facet normal 0.683615 -0.729843 0
    outer loop
      vertex -18.2787 18.2787 3
      vertex -17.0441 19.4351 10
      vertex -18.2787 18.2787 10
    endloop
  endfacet
  facet normal 0.683615 -0.729843 0
    outer loop
      vertex -17.0441 19.4351 10
      vertex -18.2787 18.2787 3
      vertex -17.0441 19.4351 3
    endloop
  endfacet
  facet normal -0.290317 0.95693 0
    outer loop
      vertex 8.30921 -24.4781 3
      vertex 6.69047 -24.9692 10
      vertex 8.30921 -24.4781 10
    endloop
  endfacet
  facet normal -0.290317 0.95693 0
    outer loop
      vertex 6.69047 -24.9692 10
      vertex 8.30921 -24.4781 3
      vertex 6.69047 -24.9692 3
    endloop
  endfacet
  facet normal 0.0326601 -0.999467 0
    outer loop
      vertex -1.69067 25.7947 10
      vertex -1.25 25.8091 4.5
      vertex -1.25 25.8091 10
    endloop
  endfacet
  facet normal 0.0326601 -0.999467 0
    outer loop
      vertex -1.69067 25.7947 3
      vertex -1.25 25.8091 4.5
      vertex -1.69067 25.7947 10
    endloop
  endfacet
  facet normal 0.0326914 -0.999465 -9.22336e-06
    outer loop
      vertex 0 25.85 3
      vertex -1.25 25.8091 4.5
      vertex -1.69067 25.7947 3
    endloop
  endfacet
  facet normal 0.0327025 -0.999465 0
    outer loop
      vertex -1.25 25.8091 4.5
      vertex 0 25.85 3
      vertex 0 25.85 4.5
    endloop
  endfacet
  facet normal -0.162867 -0.986648 0
    outer loop
      vertex 3.3741 25.6288 3
      vertex 5.04308 25.3533 10
      vertex 3.3741 25.6288 10
    endloop
  endfacet
  facet normal -0.162867 -0.986648 -0
    outer loop
      vertex 5.04308 25.3533 10
      vertex 3.3741 25.6288 3
      vertex 5.04308 25.3533 3
    endloop
  endfacet
  facet normal 0.995179 0.0980737 0
    outer loop
      vertex -25.6288 -3.3741 10
      vertex -25.7947 -1.69067 3
      vertex -25.7947 -1.69067 10
    endloop
  endfacet
  facet normal 0.995179 0.0980737 0
    outer loop
      vertex -25.7947 -1.69067 3
      vertex -25.6288 -3.3741 10
      vertex -25.6288 -3.3741 3
    endloop
  endfacet
  facet normal -0.683615 -0.729843 0
    outer loop
      vertex 17.0441 19.4351 3
      vertex 18.2787 18.2787 10
      vertex 17.0441 19.4351 10
    endloop
  endfacet
  facet normal -0.683615 -0.729843 -0
    outer loop
      vertex 18.2787 18.2787 10
      vertex 17.0441 19.4351 3
      vertex 18.2787 18.2787 3
    endloop
  endfacet
  facet normal -0.935917 -0.352219 0
    outer loop
      vertex 24.4781 8.30921 3
      vertex 23.8823 9.89237 10
      vertex 23.8823 9.89237 3
    endloop
  endfacet
  facet normal -0.935917 -0.352219 0
    outer loop
      vertex 23.8823 9.89237 10
      vertex 24.4781 8.30921 3
      vertex 24.4781 8.30921 10
    endloop
  endfacet
  facet normal 0.528079 0.849195 -0
    outer loop
      vertex -12.925 -22.3868 3
      vertex -14.3615 -21.4935 10
      vertex -12.925 -22.3868 10
    endloop
  endfacet
  facet normal 0.528079 0.849195 0
    outer loop
      vertex -14.3615 -21.4935 10
      vertex -12.925 -22.3868 3
      vertex -14.3615 -21.4935 3
    endloop
  endfacet
  facet normal 0.986648 -0.162867 0
    outer loop
      vertex -25.6288 3.3741 10
      vertex -25.3533 5.04308 3
      vertex -25.3533 5.04308 10
    endloop
  endfacet
  facet normal 0.986648 -0.162867 0
    outer loop
      vertex -25.3533 5.04308 3
      vertex -25.6288 3.3741 10
      vertex -25.6288 3.3741 3
    endloop
  endfacet
  facet normal 0.995179 -0.0980737 0
    outer loop
      vertex -25.7947 1.69067 10
      vertex -25.6288 3.3741 3
      vertex -25.6288 3.3741 10
    endloop
  endfacet
  facet normal 0.995179 -0.0980737 0
    outer loop
      vertex -25.6288 3.3741 3
      vertex -25.7947 1.69067 10
      vertex -25.7947 1.69067 3
    endloop
  endfacet
  facet normal 0.81285 -0.582473 0
    outer loop
      vertex -21.4935 14.3615 10
      vertex -20.5082 15.7365 3
      vertex -20.5082 15.7365 10
    endloop
  endfacet
  facet normal 0.81285 -0.582473 0
    outer loop
      vertex -20.5082 15.7365 3
      vertex -21.4935 14.3615 10
      vertex -21.4935 14.3615 3
    endloop
  endfacet
  facet normal -0.910873 0.412687 0
    outer loop
      vertex 23.1842 -11.4332 3
      vertex 23.8823 -9.89237 10
      vertex 23.8823 -9.89237 3
    endloop
  endfacet
  facet normal -0.910873 0.412687 0
    outer loop
      vertex 23.8823 -9.89237 10
      vertex 23.1842 -11.4332 3
      vertex 23.1842 -11.4332 10
    endloop
  endfacet
  facet normal 0.973879 0.227066 0
    outer loop
      vertex -24.9692 -6.69047 10
      vertex -25.3533 -5.04308 3
      vertex -25.3533 -5.04308 10
    endloop
  endfacet
  facet normal 0.973879 0.227066 0
    outer loop
      vertex -25.3533 -5.04308 3
      vertex -24.9692 -6.69047 10
      vertex -24.9692 -6.69047 3
    endloop
  endfacet
  facet normal 0.528079 -0.849195 0
    outer loop
      vertex -14.3615 21.4935 3
      vertex -12.925 22.3868 10
      vertex -14.3615 21.4935 10
    endloop
  endfacet
  facet normal 0.528079 -0.849195 0
    outer loop
      vertex -12.925 22.3868 10
      vertex -14.3615 21.4935 3
      vertex -12.925 22.3868 3
    endloop
  endfacet
  facet normal 0.881844 0.471542 -0
    outer loop
      vertex -22.9763 -11.822 4.5
      vertex -23.1842 -11.4332 10
      vertex -22.9763 -11.822 10
    endloop
  endfacet
  facet normal 0.881844 0.471542 0
    outer loop
      vertex -23.1842 -11.4332 10
      vertex -22.9763 -11.822 4.5
      vertex -23.1842 -11.4332 3
    endloop
  endfacet
  facet normal 0.881943 0.471356 -0
    outer loop
      vertex -22.3868 -12.925 3
      vertex -22.9763 -11.822 4.5
      vertex -22.3868 -12.925 4.5
    endloop
  endfacet
  facet normal 0.881917 0.471404 -4.57571e-05
    outer loop
      vertex -22.9763 -11.822 4.5
      vertex -22.3868 -12.925 3
      vertex -23.1842 -11.4332 3
    endloop
  endfacet
  facet normal 0.290317 0.95693 -0
    outer loop
      vertex -6.69047 -24.9692 3
      vertex -8.30921 -24.4781 10
      vertex -6.69047 -24.9692 10
    endloop
  endfacet
  facet normal 0.290317 0.95693 0
    outer loop
      vertex -8.30921 -24.4781 10
      vertex -6.69047 -24.9692 3
      vertex -8.30921 -24.4781 3
    endloop
  endfacet
  facet normal -0.710423 0.0232656 -0.70339
    outer loop
      vertex -29.0099 0 0
      vertex -30 0 1
      vertex -28.9484 1.87792 0
    endloop
  endfacet
  facet normal -0.71048 0.021951 -0.703375
    outer loop
      vertex -28.9484 1.87792 0
      vertex -29.9358 1.96209 1
      vertex -28.9478 1.89734 0
    endloop
  endfacet
  facet normal -0.710404 0.0232446 -0.70341
    outer loop
      vertex -29.9358 1.96209 1
      vertex -28.9484 1.87792 0
      vertex -30 0 1
    endloop
  endfacet
  facet normal -0.707373 0.0696826 -0.703397
    outer loop
      vertex -28.9478 1.89734 0
      vertex -29.9358 1.96209 1
      vertex -28.7636 3.76722 0
    endloop
  endfacet
  facet normal -0.707408 0.0695331 -0.703377
    outer loop
      vertex -28.7636 3.76722 0
      vertex -29.7433 3.91578 1
      vertex -28.7617 3.78655 0
    endloop
  endfacet
  facet normal -0.707387 0.0696999 -0.703382
    outer loop
      vertex -29.7433 3.91578 1
      vertex -28.7636 3.76722 0
      vertex -29.9358 1.96209 1
    endloop
  endfacet
  facet normal -0.701319 0.1158 -0.703379
    outer loop
      vertex -28.7617 3.78655 0
      vertex -29.7433 3.91578 1
      vertex -28.4556 5.64038 0
    endloop
  endfacet
  facet normal -0.701719 0.113476 -0.703359
    outer loop
      vertex -28.4556 5.64038 0
      vertex -29.4236 5.85271 1
      vertex -28.4525 5.65955 0
    endloop
  endfacet
  facet normal -0.701285 0.115751 -0.703421
    outer loop
      vertex -29.4236 5.85271 1
      vertex -28.4556 5.64038 0
      vertex -29.7433 3.91578 1
    endloop
  endfacet
  facet normal -0.692224 0.16142 -0.703399
    outer loop
      vertex -28.4525 5.65955 0
      vertex -29.4236 5.85271 1
      vertex -28.0258 7.48939 0
    endloop
  endfacet
  facet normal -0.692323 0.161005 -0.703397
    outer loop
      vertex -28.0258 7.48939 0
      vertex -28.9778 7.76457 1
      vertex -28.0214 7.50831 0
    endloop
  endfacet
  facet normal -0.692218 0.161409 -0.703408
    outer loop
      vertex -28.9778 7.76457 1
      vertex -28.0258 7.48939 0
      vertex -29.4236 5.85271 1
    endloop
  endfacet
  facet normal -0.680187 0.206324 -0.703403
    outer loop
      vertex -28.0214 7.50831 0
      vertex -28.9778 7.76457 1
      vertex -27.476 9.30633 0
    endloop
  endfacet
  facet normal -0.679531 0.208355 -0.703439
    outer loop
      vertex -27.476 9.30633 0
      vertex -28.4079 9.64318 1
      vertex -27.4703 9.32492 0
    endloop
  endfacet
  facet normal -0.680199 0.206347 -0.703385
    outer loop
      vertex -28.4079 9.64318 1
      vertex -27.476 9.30633 0
      vertex -28.9778 7.76457 1
    endloop
  endfacet
  facet normal -0.665237 0.25036 -0.703406
    outer loop
      vertex -27.4703 9.32492 0
      vertex -28.4079 9.64318 1
      vertex -26.8085 11.0834 0
    endloop
  endfacet
  facet normal -0.664595 0.251962 -0.70344
    outer loop
      vertex -26.8085 11.0834 0
      vertex -27.7164 11.4805 1
      vertex -26.8016 11.1016 0
    endloop
  endfacet
  facet normal -0.665242 0.250373 -0.703396
    outer loop
      vertex -27.7164 11.4805 1
      vertex -26.8085 11.0834 0
      vertex -28.4079 9.64318 1
    endloop
  endfacet
  facet normal -0.647435 0.293322 -0.703413
    outer loop
      vertex -26.8016 11.1016 0
      vertex -27.7164 11.4805 1
      vertex -26.0262 12.8131 0
    endloop
  endfacet
  facet normal -0.647066 0.294121 -0.703419
    outer loop
      vertex -26.0262 12.8131 0
      vertex -26.9062 13.2687 1
      vertex -26.0182 12.8307 0
    endloop
  endfacet
  facet normal -0.647443 0.293344 -0.703397
    outer loop
      vertex -26.9062 13.2687 1
      vertex -26.0262 12.8131 0
      vertex -27.7164 11.4805 1
    endloop
  endfacet
  facet normal -0.626864 0.335051 -0.703408
    outer loop
      vertex -26.0182 12.8307 0
      vertex -26.9062 13.2687 1
      vertex -25.1325 14.4878 0
    endloop
  endfacet
  facet normal -0.625913 0.336748 -0.703444
    outer loop
      vertex -25.1325 14.4878 0
      vertex -25.9808 15 1
      vertex -25.1233 14.5049 0
    endloop
  endfacet
  facet normal -0.626869 0.335069 -0.703395
    outer loop
      vertex -25.9808 15 1
      vertex -25.1325 14.4878 0
      vertex -26.9062 13.2687 1
    endloop
  endfacet
  facet normal -0.603597 0.375338 -0.703414
    outer loop
      vertex -25.1233 14.5049 0
      vertex -25.9808 15 1
      vertex -24.1311 16.1005 0
    endloop
  endfacet
  facet normal -0.602929 0.376374 -0.703434
    outer loop
      vertex -24.1311 16.1005 0
      vertex -24.9441 16.6671 1
      vertex -24.1208 16.117 0
    endloop
  endfacet
  facet normal -0.603601 0.375354 -0.703403
    outer loop
      vertex -24.9441 16.6671 1
      vertex -24.1311 16.1005 0
      vertex -25.9808 15 1
    endloop
  endfacet
  facet normal -0.577763 0.414001 -0.703415
    outer loop
      vertex -24.1208 16.117 0
      vertex -24.9441 16.6671 1
      vertex -23.0264 17.6443 0
    endloop
  endfacet
  facet normal -0.578172 0.413503 -0.703372
    outer loop
      vertex -23.0264 17.6443 0
      vertex -23.8006 18.2628 1
      vertex -23.0151 17.6601 0
    endloop
  endfacet
  facet normal -0.577768 0.414037 -0.70339
    outer loop
      vertex -23.8006 18.2628 1
      vertex -23.0264 17.6443 0
      vertex -24.9441 16.6671 1
    endloop
  endfacet
  facet normal -0.549456 0.450945 -0.703382
    outer loop
      vertex -23.0151 17.6601 0
      vertex -23.8006 18.2628 1
      vertex -21.8231 19.1125 0
    endloop
  endfacet
  facet normal -0.551143 0.448944 -0.703342
    outer loop
      vertex -21.8231 19.1125 0
      vertex -22.5552 19.7804 1
      vertex -21.8108 19.1276 0
    endloop
  endfacet
  facet normal -0.549453 0.450902 -0.703412
    outer loop
      vertex -22.5552 19.7804 1
      vertex -21.8231 19.1125 0
      vertex -23.8006 18.2628 1
    endloop
  endfacet
  facet normal -0.518786 0.48591 -0.703386
    outer loop
      vertex -21.8108 19.1276 0
      vertex -22.5552 19.7804 1
      vertex -20.5264 20.4989 0
    endloop
  endfacet
  facet normal -0.518788 0.485907 -0.703387
    outer loop
      vertex -20.5264 20.4989 0
      vertex -21.2132 21.2132 1
      vertex -20.5131 20.5131 0
    endloop
  endfacet
  facet normal -0.518786 0.485909 -0.703387
    outer loop
      vertex -21.2132 21.2132 1
      vertex -20.5264 20.4989 0
      vertex -22.5552 19.7804 1
    endloop
  endfacet
  facet normal -0.485891 0.518803 -0.703387
    outer loop
      vertex -20.5131 20.5131 0
      vertex -21.2132 21.2132 1
      vertex -19.1417 21.7975 0
    endloop
  endfacet
  facet normal -0.487763 0.517103 -0.703343
    outer loop
      vertex -19.1417 21.7975 0
      vertex -19.7804 22.5552 1
      vertex -19.1276 21.8108 0
    endloop
  endfacet
  facet normal -0.485893 0.518769 -0.703411
    outer loop
      vertex -19.7804 22.5552 1
      vertex -19.1417 21.7975 0
      vertex -21.2132 21.2132 1
    endloop
  endfacet
  facet normal -0.450923 0.549468 -0.703387
    outer loop
      vertex -19.1276 21.8108 0
      vertex -19.7804 22.5552 1
      vertex -17.6751 23.0028 0
    endloop
  endfacet
  facet normal -0.450708 0.549644 -0.703387
    outer loop
      vertex -17.6751 23.0028 0
      vertex -18.2628 23.8006 1
      vertex -17.6601 23.0151 0
    endloop
  endfacet
  facet normal -0.450922 0.549478 -0.70338
    outer loop
      vertex -18.2628 23.8006 1
      vertex -17.6751 23.0028 0
      vertex -19.7804 22.5552 1
    endloop
  endfacet
  facet normal -0.41402 0.577789 -0.703383
    outer loop
      vertex -17.6601 23.0151 0
      vertex -18.2628 23.8006 1
      vertex -16.1328 24.1095 0
    endloop
  endfacet
  facet normal -0.413472 0.578129 -0.703425
    outer loop
      vertex -16.1328 24.1095 0
      vertex -16.6671 24.9441 1
      vertex -16.117 24.1208 0
    endloop
  endfacet
  facet normal -0.414026 0.577754 -0.703408
    outer loop
      vertex -16.6671 24.9441 1
      vertex -16.1328 24.1095 0
      vertex -18.2628 23.8006 1
    endloop
  endfacet
  facet normal -0.375338 0.603597 -0.703415
    outer loop
      vertex -16.117 24.1208 0
      vertex -16.6671 24.9441 1
      vertex -14.5214 25.113 0
    endloop
  endfacet
  facet normal -0.376395 0.602963 -0.703394
    outer loop
      vertex -14.5214 25.113 0
      vertex -15 25.9808 1
      vertex -14.5049 25.1233 0
    endloop
  endfacet
  facet normal -0.375342 0.603581 -0.703426
    outer loop
      vertex -15 25.9808 1
      vertex -14.5214 25.113 0
      vertex -16.6671 24.9441 1
    endloop
  endfacet
  facet normal -0.335064 0.62685 -0.703414
    outer loop
      vertex -14.5049 25.1233 0
      vertex -15 25.9808 1
      vertex -12.8479 26.009 0
    endloop
  endfacet
  facet normal -0.335246 0.626764 -0.703404
    outer loop
      vertex -12.8479 26.009 0
      vertex -13.2687 26.9062 1
      vertex -12.8307 26.0182 0
    endloop
  endfacet
  facet normal -0.335062 0.626856 -0.703409
    outer loop
      vertex -13.2687 26.9062 1
      vertex -12.8479 26.009 0
      vertex -15 25.9808 1
    endloop
  endfacet
  facet normal -0.29334 0.647435 -0.703405
    outer loop
      vertex -12.8307 26.0182 0
      vertex -13.2687 26.9062 1
      vertex -11.1193 26.7936 0
    endloop
  endfacet
  facet normal -0.29274 0.647687 -0.703423
    outer loop
      vertex -11.1193 26.7936 0
      vertex -11.4805 27.7164 1
      vertex -11.1016 26.8016 0
    endloop
  endfacet
  facet normal -0.29334 0.647434 -0.703407
    outer loop
      vertex -11.4805 27.7164 1
      vertex -11.1193 26.7936 0
      vertex -13.2687 26.9062 1
    endloop
  endfacet
  facet normal -0.25039 0.665218 -0.703414
    outer loop
      vertex -11.1016 26.8016 0
      vertex -11.4805 27.7164 1
      vertex -9.34311 27.4635 0
    endloop
  endfacet
  facet normal -0.248884 0.665764 -0.703431
    outer loop
      vertex -9.34311 27.4635 0
      vertex -9.64318 28.4079 1
      vertex -9.32492 27.4703 0
    endloop
  endfacet
  facet normal -0.250375 0.665248 -0.70339
    outer loop
      vertex -9.64318 28.4079 1
      vertex -9.34311 27.4635 0
      vertex -11.4805 27.7164 1
    endloop
  endfacet
  facet normal -0.206357 0.680174 -0.703406
    outer loop
      vertex -9.32492 27.4703 0
      vertex -9.64318 28.4079 1
      vertex -7.5269 28.0158 0
    endloop
  endfacet
  facet normal -0.20501 0.680562 -0.703425
    outer loop
      vertex -7.5269 28.0158 0
      vertex -7.76457 28.9778 1
      vertex -7.50831 28.0214 0
    endloop
  endfacet
  facet normal -0.206346 0.680195 -0.703389
    outer loop
      vertex -7.76457 28.9778 1
      vertex -7.5269 28.0158 0
      vertex -9.64318 28.4079 1
    endloop
  endfacet
  facet normal -0.161418 0.692219 -0.703404
    outer loop
      vertex -7.50831 28.0214 0
      vertex -7.76457 28.9778 1
      vertex -5.67847 28.4481 0
    endloop
  endfacet
  facet normal -0.161003 0.692314 -0.703406
    outer loop
      vertex -5.67847 28.4481 0
      vertex -5.85271 29.4236 1
      vertex -5.65955 28.4525 0
    endloop
  endfacet
  facet normal -0.161411 0.69223 -0.703395
    outer loop
      vertex -5.85271 29.4236 1
      vertex -5.67847 28.4481 0
      vertex -7.76457 28.9778 1
    endloop
  endfacet
  facet normal -0.11576 0.701306 -0.703399
    outer loop
      vertex -5.65955 28.4525 0
      vertex -5.85271 29.4236 1
      vertex -3.80572 28.7585 0
    endloop
  endfacet
  facet normal -0.117039 0.701134 -0.703358
    outer loop
      vertex -3.80572 28.7585 0
      vertex -3.91578 29.7433 1
      vertex -3.78655 28.7617 0
    endloop
  endfacet
  facet normal -0.115755 0.701313 -0.703393
    outer loop
      vertex -3.91578 29.7433 1
      vertex -3.80572 28.7585 0
      vertex -5.85271 29.4236 1
    endloop
  endfacet
  facet normal -0.0696843 0.70739 -0.70338
    outer loop
      vertex -3.78655 28.7617 0
      vertex -3.91578 29.7433 1
      vertex -1.91667 28.9459 0
    endloop
  endfacet
  facet normal -0.0695309 0.707386 -0.703399
    outer loop
      vertex -1.91667 28.9459 0
      vertex -1.96209 29.9358 1
      vertex -1.89734 28.9478 0
    endloop
  endfacet
  facet normal -0.0696986 0.707374 -0.703395
    outer loop
      vertex -1.96209 29.9358 1
      vertex -1.91667 28.9459 0
      vertex -3.91578 29.7433 1
    endloop
  endfacet
  facet normal -0.0232654 0.710416 -0.703397
    outer loop
      vertex -1.89734 28.9478 0
      vertex -1.96209 29.9358 1
      vertex -0.0194161 29.0093 0
    endloop
  endfacet
  facet normal -0.0219543 0.710444 -0.703411
    outer loop
      vertex -0.0194161 29.0093 0
      vertex 0 30 1
      vertex 0 29.0099 0
    endloop
  endfacet
  facet normal -0.0232456 0.710436 -0.703378
    outer loop
      vertex 0 30 1
      vertex -0.0194161 29.0093 0
      vertex -1.96209 29.9358 1
    endloop
  endfacet
  facet normal 0.0232656 0.710423 -0.70339
    outer loop
      vertex 1.87792 28.9484 0
      vertex 0 29.0099 0
      vertex 0 30 1
    endloop
  endfacet
  facet normal 0.021951 0.71048 -0.703375
    outer loop
      vertex 1.87792 28.9484 0
      vertex 1.96209 29.9358 1
      vertex 1.89734 28.9478 0
    endloop
  endfacet
  facet normal 0.0232446 0.710404 -0.70341
    outer loop
      vertex 1.96209 29.9358 1
      vertex 1.87792 28.9484 0
      vertex 0 30 1
    endloop
  endfacet
  facet normal 0.0696826 0.707373 -0.703397
    outer loop
      vertex 3.76722 28.7636 0
      vertex 1.89734 28.9478 0
      vertex 1.96209 29.9358 1
    endloop
  endfacet
  facet normal 0.0695331 0.707408 -0.703377
    outer loop
      vertex 3.76722 28.7636 0
      vertex 3.91578 29.7433 1
      vertex 3.78655 28.7617 0
    endloop
  endfacet
  facet normal 0.0696999 0.707387 -0.703382
    outer loop
      vertex 3.91578 29.7433 1
      vertex 3.76722 28.7636 0
      vertex 1.96209 29.9358 1
    endloop
  endfacet
  facet normal 0.1158 0.701319 -0.703379
    outer loop
      vertex 5.64038 28.4556 0
      vertex 3.78655 28.7617 0
      vertex 3.91578 29.7433 1
    endloop
  endfacet
  facet normal 0.113476 0.701719 -0.703359
    outer loop
      vertex 5.64038 28.4556 0
      vertex 5.85271 29.4236 1
      vertex 5.65955 28.4525 0
    endloop
  endfacet
  facet normal 0.115751 0.701285 -0.703421
    outer loop
      vertex 5.85271 29.4236 1
      vertex 5.64038 28.4556 0
      vertex 3.91578 29.7433 1
    endloop
  endfacet
  facet normal 0.16142 0.692224 -0.703399
    outer loop
      vertex 7.48939 28.0258 0
      vertex 5.65955 28.4525 0
      vertex 5.85271 29.4236 1
    endloop
  endfacet
  facet normal 0.161005 0.692323 -0.703397
    outer loop
      vertex 7.48939 28.0258 0
      vertex 7.76457 28.9778 1
      vertex 7.50831 28.0214 0
    endloop
  endfacet
  facet normal 0.161409 0.692218 -0.703408
    outer loop
      vertex 7.76457 28.9778 1
      vertex 7.48939 28.0258 0
      vertex 5.85271 29.4236 1
    endloop
  endfacet
  facet normal 0.206324 0.680187 -0.703403
    outer loop
      vertex 9.30633 27.476 0
      vertex 7.50831 28.0214 0
      vertex 7.76457 28.9778 1
    endloop
  endfacet
  facet normal 0.208355 0.679531 -0.703439
    outer loop
      vertex 9.30633 27.476 0
      vertex 9.64318 28.4079 1
      vertex 9.32492 27.4703 0
    endloop
  endfacet
  facet normal 0.206347 0.680199 -0.703385
    outer loop
      vertex 9.64318 28.4079 1
      vertex 9.30633 27.476 0
      vertex 7.76457 28.9778 1
    endloop
  endfacet
  facet normal 0.25036 0.665237 -0.703406
    outer loop
      vertex 11.0834 26.8085 0
      vertex 9.32492 27.4703 0
      vertex 9.64318 28.4079 1
    endloop
  endfacet
  facet normal 0.251962 0.664595 -0.70344
    outer loop
      vertex 11.0834 26.8085 0
      vertex 11.4805 27.7164 1
      vertex 11.1016 26.8016 0
    endloop
  endfacet
  facet normal 0.250373 0.665242 -0.703396
    outer loop
      vertex 11.4805 27.7164 1
      vertex 11.0834 26.8085 0
      vertex 9.64318 28.4079 1
    endloop
  endfacet
  facet normal 0.293322 0.647435 -0.703413
    outer loop
      vertex 12.8131 26.0262 0
      vertex 11.1016 26.8016 0
      vertex 11.4805 27.7164 1
    endloop
  endfacet
  facet normal 0.294121 0.647066 -0.703419
    outer loop
      vertex 12.8131 26.0262 0
      vertex 13.2687 26.9062 1
      vertex 12.8307 26.0182 0
    endloop
  endfacet
  facet normal 0.293344 0.647443 -0.703397
    outer loop
      vertex 13.2687 26.9062 1
      vertex 12.8131 26.0262 0
      vertex 11.4805 27.7164 1
    endloop
  endfacet
  facet normal 0.335051 0.626864 -0.703408
    outer loop
      vertex 14.4878 25.1325 0
      vertex 12.8307 26.0182 0
      vertex 13.2687 26.9062 1
    endloop
  endfacet
  facet normal 0.336748 0.625913 -0.703444
    outer loop
      vertex 14.4878 25.1325 0
      vertex 15 25.9808 1
      vertex 14.5049 25.1233 0
    endloop
  endfacet
  facet normal 0.335069 0.626869 -0.703395
    outer loop
      vertex 15 25.9808 1
      vertex 14.4878 25.1325 0
      vertex 13.2687 26.9062 1
    endloop
  endfacet
  facet normal 0.375338 0.603597 -0.703414
    outer loop
      vertex 16.1005 24.1311 0
      vertex 14.5049 25.1233 0
      vertex 15 25.9808 1
    endloop
  endfacet
  facet normal 0.376374 0.602929 -0.703434
    outer loop
      vertex 16.1005 24.1311 0
      vertex 16.6671 24.9441 1
      vertex 16.117 24.1208 0
    endloop
  endfacet
  facet normal 0.375354 0.603601 -0.703403
    outer loop
      vertex 16.6671 24.9441 1
      vertex 16.1005 24.1311 0
      vertex 15 25.9808 1
    endloop
  endfacet
  facet normal 0.414001 0.577763 -0.703415
    outer loop
      vertex 17.6443 23.0264 0
      vertex 16.117 24.1208 0
      vertex 16.6671 24.9441 1
    endloop
  endfacet
  facet normal 0.413503 0.578172 -0.703372
    outer loop
      vertex 17.6443 23.0264 0
      vertex 18.2628 23.8006 1
      vertex 17.6601 23.0151 0
    endloop
  endfacet
  facet normal 0.414037 0.577768 -0.70339
    outer loop
      vertex 18.2628 23.8006 1
      vertex 17.6443 23.0264 0
      vertex 16.6671 24.9441 1
    endloop
  endfacet
  facet normal 0.450945 0.549456 -0.703382
    outer loop
      vertex 19.1125 21.8231 0
      vertex 17.6601 23.0151 0
      vertex 18.2628 23.8006 1
    endloop
  endfacet
  facet normal 0.448944 0.551143 -0.703342
    outer loop
      vertex 19.1125 21.8231 0
      vertex 19.7804 22.5552 1
      vertex 19.1276 21.8108 0
    endloop
  endfacet
  facet normal 0.450902 0.549453 -0.703412
    outer loop
      vertex 19.7804 22.5552 1
      vertex 19.1125 21.8231 0
      vertex 18.2628 23.8006 1
    endloop
  endfacet
  facet normal 0.48591 0.518786 -0.703386
    outer loop
      vertex 20.4989 20.5264 0
      vertex 19.1276 21.8108 0
      vertex 19.7804 22.5552 1
    endloop
  endfacet
  facet normal 0.485907 0.518788 -0.703387
    outer loop
      vertex 20.4989 20.5264 0
      vertex 21.2132 21.2132 1
      vertex 20.5131 20.5131 0
    endloop
  endfacet
  facet normal 0.485909 0.518786 -0.703387
    outer loop
      vertex 21.2132 21.2132 1
      vertex 20.4989 20.5264 0
      vertex 19.7804 22.5552 1
    endloop
  endfacet
  facet normal 0.518803 0.485891 -0.703387
    outer loop
      vertex 21.7975 19.1417 0
      vertex 20.5131 20.5131 0
      vertex 21.2132 21.2132 1
    endloop
  endfacet
  facet normal 0.517103 0.487763 -0.703343
    outer loop
      vertex 21.7975 19.1417 0
      vertex 22.5552 19.7804 1
      vertex 21.8108 19.1276 0
    endloop
  endfacet
  facet normal 0.518769 0.485893 -0.703411
    outer loop
      vertex 22.5552 19.7804 1
      vertex 21.7975 19.1417 0
      vertex 21.2132 21.2132 1
    endloop
  endfacet
  facet normal 0.549468 0.450923 -0.703387
    outer loop
      vertex 23.0028 17.6751 0
      vertex 21.8108 19.1276 0
      vertex 22.5552 19.7804 1
    endloop
  endfacet
  facet normal 0.549644 0.450708 -0.703387
    outer loop
      vertex 23.0028 17.6751 0
      vertex 23.8006 18.2628 1
      vertex 23.0151 17.6601 0
    endloop
  endfacet
  facet normal 0.549478 0.450922 -0.70338
    outer loop
      vertex 23.8006 18.2628 1
      vertex 23.0028 17.6751 0
      vertex 22.5552 19.7804 1
    endloop
  endfacet
  facet normal 0.577789 0.41402 -0.703383
    outer loop
      vertex 24.1095 16.1328 0
      vertex 23.0151 17.6601 0
      vertex 23.8006 18.2628 1
    endloop
  endfacet
  facet normal 0.578129 0.413472 -0.703425
    outer loop
      vertex 24.1095 16.1328 0
      vertex 24.9441 16.6671 1
      vertex 24.1208 16.117 0
    endloop
  endfacet
  facet normal 0.577754 0.414026 -0.703408
    outer loop
      vertex 24.9441 16.6671 1
      vertex 24.1095 16.1328 0
      vertex 23.8006 18.2628 1
    endloop
  endfacet
  facet normal 0.603597 0.375338 -0.703415
    outer loop
      vertex 25.113 14.5214 0
      vertex 24.1208 16.117 0
      vertex 24.9441 16.6671 1
    endloop
  endfacet
  facet normal 0.602963 0.376395 -0.703394
    outer loop
      vertex 25.113 14.5214 0
      vertex 25.9808 15 1
      vertex 25.1233 14.5049 0
    endloop
  endfacet
  facet normal 0.603581 0.375342 -0.703426
    outer loop
      vertex 25.9808 15 1
      vertex 25.113 14.5214 0
      vertex 24.9441 16.6671 1
    endloop
  endfacet
  facet normal 0.62685 0.335064 -0.703414
    outer loop
      vertex 26.009 12.8479 0
      vertex 25.1233 14.5049 0
      vertex 25.9808 15 1
    endloop
  endfacet
  facet normal 0.626764 0.335246 -0.703404
    outer loop
      vertex 26.009 12.8479 0
      vertex 26.9062 13.2687 1
      vertex 26.0182 12.8307 0
    endloop
  endfacet
  facet normal 0.626856 0.335062 -0.703409
    outer loop
      vertex 26.9062 13.2687 1
      vertex 26.009 12.8479 0
      vertex 25.9808 15 1
    endloop
  endfacet
  facet normal 0.647435 0.29334 -0.703405
    outer loop
      vertex 26.7936 11.1193 0
      vertex 26.0182 12.8307 0
      vertex 26.9062 13.2687 1
    endloop
  endfacet
  facet normal 0.647687 0.29274 -0.703423
    outer loop
      vertex 26.7936 11.1193 0
      vertex 27.7164 11.4805 1
      vertex 26.8016 11.1016 0
    endloop
  endfacet
  facet normal 0.647434 0.29334 -0.703407
    outer loop
      vertex 27.7164 11.4805 1
      vertex 26.7936 11.1193 0
      vertex 26.9062 13.2687 1
    endloop
  endfacet
  facet normal 0.665218 0.25039 -0.703414
    outer loop
      vertex 27.4635 9.34311 0
      vertex 26.8016 11.1016 0
      vertex 27.7164 11.4805 1
    endloop
  endfacet
  facet normal 0.665764 0.248884 -0.703431
    outer loop
      vertex 27.4635 9.34311 0
      vertex 28.4079 9.64318 1
      vertex 27.4703 9.32492 0
    endloop
  endfacet
  facet normal 0.665248 0.250375 -0.70339
    outer loop
      vertex 28.4079 9.64318 1
      vertex 27.4635 9.34311 0
      vertex 27.7164 11.4805 1
    endloop
  endfacet
  facet normal 0.680174 0.206357 -0.703406
    outer loop
      vertex 28.0158 7.5269 0
      vertex 27.4703 9.32492 0
      vertex 28.4079 9.64318 1
    endloop
  endfacet
  facet normal 0.680562 0.20501 -0.703425
    outer loop
      vertex 28.0158 7.5269 0
      vertex 28.9778 7.76457 1
      vertex 28.0214 7.50831 0
    endloop
  endfacet
  facet normal 0.680195 0.206346 -0.703389
    outer loop
      vertex 28.9778 7.76457 1
      vertex 28.0158 7.5269 0
      vertex 28.4079 9.64318 1
    endloop
  endfacet
  facet normal 0.692219 0.161418 -0.703404
    outer loop
      vertex 28.4481 5.67847 0
      vertex 28.0214 7.50831 0
      vertex 28.9778 7.76457 1
    endloop
  endfacet
  facet normal 0.692314 0.161003 -0.703406
    outer loop
      vertex 28.4481 5.67847 0
      vertex 29.4236 5.85271 1
      vertex 28.4525 5.65955 0
    endloop
  endfacet
  facet normal 0.69223 0.161411 -0.703395
    outer loop
      vertex 29.4236 5.85271 1
      vertex 28.4481 5.67847 0
      vertex 28.9778 7.76457 1
    endloop
  endfacet
  facet normal 0.701306 0.11576 -0.703399
    outer loop
      vertex 28.7585 3.80572 0
      vertex 28.4525 5.65955 0
      vertex 29.4236 5.85271 1
    endloop
  endfacet
  facet normal 0.701134 0.117039 -0.703358
    outer loop
      vertex 28.7585 3.80572 0
      vertex 29.7433 3.91578 1
      vertex 28.7617 3.78655 0
    endloop
  endfacet
  facet normal 0.701313 0.115755 -0.703393
    outer loop
      vertex 29.7433 3.91578 1
      vertex 28.7585 3.80572 0
      vertex 29.4236 5.85271 1
    endloop
  endfacet
  facet normal 0.70739 0.0696843 -0.70338
    outer loop
      vertex 28.9459 1.91667 0
      vertex 28.7617 3.78655 0
      vertex 29.7433 3.91578 1
    endloop
  endfacet
  facet normal 0.707374 0.0696986 -0.703395
    outer loop
      vertex 29.9358 1.96209 1
      vertex 28.9459 1.91667 0
      vertex 29.7433 3.91578 1
    endloop
  endfacet
  facet normal 0.707386 0.0695309 -0.703399
    outer loop
      vertex 28.9459 1.91667 0
      vertex 29.9358 1.96209 1
      vertex 28.9478 1.89734 0
    endloop
  endfacet
  facet normal 0.710416 0.0232654 -0.703397
    outer loop
      vertex 29.0093 0.0194161 0
      vertex 28.9478 1.89734 0
      vertex 29.9358 1.96209 1
    endloop
  endfacet
  facet normal 0.710436 0.0232456 -0.703378
    outer loop
      vertex 30 0 1
      vertex 29.0093 0.0194161 0
      vertex 29.9358 1.96209 1
    endloop
  endfacet
  facet normal 0.710444 0.0219543 -0.703411
    outer loop
      vertex 29.0093 0.0194161 0
      vertex 30 0 1
      vertex 29.0099 0 0
    endloop
  endfacet
  facet normal 0.710423 -0.0232656 -0.70339
    outer loop
      vertex 30 0 1
      vertex 28.9484 -1.87792 0
      vertex 29.0099 0 0
    endloop
  endfacet
  facet normal 0.710404 -0.0232446 -0.70341
    outer loop
      vertex 29.9358 -1.96209 1
      vertex 28.9484 -1.87792 0
      vertex 30 0 1
    endloop
  endfacet
  facet normal 0.71048 -0.021951 -0.703375
    outer loop
      vertex 28.9484 -1.87792 0
      vertex 29.9358 -1.96209 1
      vertex 28.9478 -1.89734 0
    endloop
  endfacet
  facet normal 0.707373 -0.0696826 -0.703397
    outer loop
      vertex 29.9358 -1.96209 1
      vertex 28.7636 -3.76722 0
      vertex 28.9478 -1.89734 0
    endloop
  endfacet
  facet normal 0.707387 -0.0696999 -0.703382
    outer loop
      vertex 29.7433 -3.91578 1
      vertex 28.7636 -3.76722 0
      vertex 29.9358 -1.96209 1
    endloop
  endfacet
  facet normal 0.707408 -0.0695331 -0.703377
    outer loop
      vertex 28.7636 -3.76722 0
      vertex 29.7433 -3.91578 1
      vertex 28.7617 -3.78655 0
    endloop
  endfacet
  facet normal 0.701319 -0.1158 -0.703379
    outer loop
      vertex 29.7433 -3.91578 1
      vertex 28.4556 -5.64038 0
      vertex 28.7617 -3.78655 0
    endloop
  endfacet
  facet normal 0.701285 -0.115751 -0.703421
    outer loop
      vertex 29.4236 -5.85271 1
      vertex 28.4556 -5.64038 0
      vertex 29.7433 -3.91578 1
    endloop
  endfacet
  facet normal 0.701719 -0.113476 -0.703359
    outer loop
      vertex 28.4556 -5.64038 0
      vertex 29.4236 -5.85271 1
      vertex 28.4525 -5.65955 0
    endloop
  endfacet
  facet normal 0.692224 -0.16142 -0.703399
    outer loop
      vertex 29.4236 -5.85271 1
      vertex 28.0258 -7.48939 0
      vertex 28.4525 -5.65955 0
    endloop
  endfacet
  facet normal 0.692218 -0.161409 -0.703408
    outer loop
      vertex 28.9778 -7.76457 1
      vertex 28.0258 -7.48939 0
      vertex 29.4236 -5.85271 1
    endloop
  endfacet
  facet normal 0.692323 -0.161005 -0.703397
    outer loop
      vertex 28.0258 -7.48939 0
      vertex 28.9778 -7.76457 1
      vertex 28.0214 -7.50831 0
    endloop
  endfacet
  facet normal 0.680187 -0.206324 -0.703403
    outer loop
      vertex 28.9778 -7.76457 1
      vertex 27.476 -9.30633 0
      vertex 28.0214 -7.50831 0
    endloop
  endfacet
  facet normal 0.680199 -0.206347 -0.703385
    outer loop
      vertex 28.4079 -9.64318 1
      vertex 27.476 -9.30633 0
      vertex 28.9778 -7.76457 1
    endloop
  endfacet
  facet normal 0.679531 -0.208355 -0.703439
    outer loop
      vertex 27.476 -9.30633 0
      vertex 28.4079 -9.64318 1
      vertex 27.4703 -9.32492 0
    endloop
  endfacet
  facet normal 0.665237 -0.25036 -0.703406
    outer loop
      vertex 28.4079 -9.64318 1
      vertex 26.8085 -11.0834 0
      vertex 27.4703 -9.32492 0
    endloop
  endfacet
  facet normal 0.665242 -0.250373 -0.703396
    outer loop
      vertex 27.7164 -11.4805 1
      vertex 26.8085 -11.0834 0
      vertex 28.4079 -9.64318 1
    endloop
  endfacet
  facet normal 0.664595 -0.251962 -0.70344
    outer loop
      vertex 26.8085 -11.0834 0
      vertex 27.7164 -11.4805 1
      vertex 26.8016 -11.1016 0
    endloop
  endfacet
  facet normal 0.647435 -0.293322 -0.703413
    outer loop
      vertex 27.7164 -11.4805 1
      vertex 26.0262 -12.8131 0
      vertex 26.8016 -11.1016 0
    endloop
  endfacet
  facet normal 0.647443 -0.293344 -0.703397
    outer loop
      vertex 26.9062 -13.2687 1
      vertex 26.0262 -12.8131 0
      vertex 27.7164 -11.4805 1
    endloop
  endfacet
  facet normal 0.647066 -0.294121 -0.703419
    outer loop
      vertex 26.0262 -12.8131 0
      vertex 26.9062 -13.2687 1
      vertex 26.0182 -12.8307 0
    endloop
  endfacet
  facet normal 0.626864 -0.335051 -0.703408
    outer loop
      vertex 26.9062 -13.2687 1
      vertex 25.1325 -14.4878 0
      vertex 26.0182 -12.8307 0
    endloop
  endfacet
  facet normal 0.626869 -0.335069 -0.703395
    outer loop
      vertex 25.9808 -15 1
      vertex 25.1325 -14.4878 0
      vertex 26.9062 -13.2687 1
    endloop
  endfacet
  facet normal 0.625913 -0.336748 -0.703444
    outer loop
      vertex 25.1325 -14.4878 0
      vertex 25.9808 -15 1
      vertex 25.1233 -14.5049 0
    endloop
  endfacet
  facet normal 0.603597 -0.375338 -0.703414
    outer loop
      vertex 25.9808 -15 1
      vertex 24.1311 -16.1005 0
      vertex 25.1233 -14.5049 0
    endloop
  endfacet
  facet normal 0.603601 -0.375354 -0.703403
    outer loop
      vertex 24.9441 -16.6671 1
      vertex 24.1311 -16.1005 0
      vertex 25.9808 -15 1
    endloop
  endfacet
  facet normal 0.602929 -0.376374 -0.703434
    outer loop
      vertex 24.1311 -16.1005 0
      vertex 24.9441 -16.6671 1
      vertex 24.1208 -16.117 0
    endloop
  endfacet
  facet normal 0.577763 -0.414001 -0.703415
    outer loop
      vertex 24.9441 -16.6671 1
      vertex 23.0264 -17.6443 0
      vertex 24.1208 -16.117 0
    endloop
  endfacet
  facet normal 0.577768 -0.414037 -0.70339
    outer loop
      vertex 23.8006 -18.2628 1
      vertex 23.0264 -17.6443 0
      vertex 24.9441 -16.6671 1
    endloop
  endfacet
  facet normal 0.578172 -0.413503 -0.703372
    outer loop
      vertex 23.0264 -17.6443 0
      vertex 23.8006 -18.2628 1
      vertex 23.0151 -17.6601 0
    endloop
  endfacet
  facet normal 0.549456 -0.450945 -0.703382
    outer loop
      vertex 23.8006 -18.2628 1
      vertex 21.8231 -19.1125 0
      vertex 23.0151 -17.6601 0
    endloop
  endfacet
  facet normal 0.549453 -0.450902 -0.703412
    outer loop
      vertex 22.5552 -19.7804 1
      vertex 21.8231 -19.1125 0
      vertex 23.8006 -18.2628 1
    endloop
  endfacet
  facet normal 0.551143 -0.448944 -0.703342
    outer loop
      vertex 21.8231 -19.1125 0
      vertex 22.5552 -19.7804 1
      vertex 21.8108 -19.1276 0
    endloop
  endfacet
  facet normal 0.518786 -0.48591 -0.703386
    outer loop
      vertex 22.5552 -19.7804 1
      vertex 20.5264 -20.4989 0
      vertex 21.8108 -19.1276 0
    endloop
  endfacet
  facet normal 0.518786 -0.485909 -0.703387
    outer loop
      vertex 21.2132 -21.2132 1
      vertex 20.5264 -20.4989 0
      vertex 22.5552 -19.7804 1
    endloop
  endfacet
  facet normal 0.518788 -0.485907 -0.703387
    outer loop
      vertex 20.5264 -20.4989 0
      vertex 21.2132 -21.2132 1
      vertex 20.5131 -20.5131 0
    endloop
  endfacet
  facet normal 0.485891 -0.518803 -0.703387
    outer loop
      vertex 21.2132 -21.2132 1
      vertex 19.1417 -21.7975 0
      vertex 20.5131 -20.5131 0
    endloop
  endfacet
  facet normal 0.485893 -0.518769 -0.703411
    outer loop
      vertex 19.7804 -22.5552 1
      vertex 19.1417 -21.7975 0
      vertex 21.2132 -21.2132 1
    endloop
  endfacet
  facet normal 0.487763 -0.517103 -0.703343
    outer loop
      vertex 19.1417 -21.7975 0
      vertex 19.7804 -22.5552 1
      vertex 19.1276 -21.8108 0
    endloop
  endfacet
  facet normal 0.450923 -0.549468 -0.703387
    outer loop
      vertex 19.7804 -22.5552 1
      vertex 17.6751 -23.0028 0
      vertex 19.1276 -21.8108 0
    endloop
  endfacet
  facet normal 0.450922 -0.549478 -0.70338
    outer loop
      vertex 18.2628 -23.8006 1
      vertex 17.6751 -23.0028 0
      vertex 19.7804 -22.5552 1
    endloop
  endfacet
  facet normal 0.450708 -0.549644 -0.703387
    outer loop
      vertex 17.6751 -23.0028 0
      vertex 18.2628 -23.8006 1
      vertex 17.6601 -23.0151 0
    endloop
  endfacet
  facet normal 0.41402 -0.577789 -0.703383
    outer loop
      vertex 18.2628 -23.8006 1
      vertex 16.1328 -24.1095 0
      vertex 17.6601 -23.0151 0
    endloop
  endfacet
  facet normal 0.414026 -0.577754 -0.703408
    outer loop
      vertex 16.6671 -24.9441 1
      vertex 16.1328 -24.1095 0
      vertex 18.2628 -23.8006 1
    endloop
  endfacet
  facet normal 0.413472 -0.578129 -0.703425
    outer loop
      vertex 16.1328 -24.1095 0
      vertex 16.6671 -24.9441 1
      vertex 16.117 -24.1208 0
    endloop
  endfacet
  facet normal 0.375338 -0.603597 -0.703415
    outer loop
      vertex 16.6671 -24.9441 1
      vertex 14.5214 -25.113 0
      vertex 16.117 -24.1208 0
    endloop
  endfacet
  facet normal 0.375342 -0.603581 -0.703426
    outer loop
      vertex 15 -25.9808 1
      vertex 14.5214 -25.113 0
      vertex 16.6671 -24.9441 1
    endloop
  endfacet
  facet normal 0.376395 -0.602963 -0.703394
    outer loop
      vertex 14.5214 -25.113 0
      vertex 15 -25.9808 1
      vertex 14.5049 -25.1233 0
    endloop
  endfacet
  facet normal 0.335064 -0.62685 -0.703414
    outer loop
      vertex 15 -25.9808 1
      vertex 12.8479 -26.009 0
      vertex 14.5049 -25.1233 0
    endloop
  endfacet
  facet normal 0.335062 -0.626856 -0.703409
    outer loop
      vertex 13.2687 -26.9062 1
      vertex 12.8479 -26.009 0
      vertex 15 -25.9808 1
    endloop
  endfacet
  facet normal 0.335246 -0.626764 -0.703404
    outer loop
      vertex 12.8479 -26.009 0
      vertex 13.2687 -26.9062 1
      vertex 12.8307 -26.0182 0
    endloop
  endfacet
  facet normal 0.29334 -0.647435 -0.703405
    outer loop
      vertex 13.2687 -26.9062 1
      vertex 11.1193 -26.7936 0
      vertex 12.8307 -26.0182 0
    endloop
  endfacet
  facet normal 0.29334 -0.647434 -0.703407
    outer loop
      vertex 11.4805 -27.7164 1
      vertex 11.1193 -26.7936 0
      vertex 13.2687 -26.9062 1
    endloop
  endfacet
  facet normal 0.29274 -0.647687 -0.703423
    outer loop
      vertex 11.1193 -26.7936 0
      vertex 11.4805 -27.7164 1
      vertex 11.1016 -26.8016 0
    endloop
  endfacet
  facet normal 0.25039 -0.665218 -0.703414
    outer loop
      vertex 11.4805 -27.7164 1
      vertex 9.34311 -27.4635 0
      vertex 11.1016 -26.8016 0
    endloop
  endfacet
  facet normal 0.250375 -0.665248 -0.70339
    outer loop
      vertex 9.64318 -28.4079 1
      vertex 9.34311 -27.4635 0
      vertex 11.4805 -27.7164 1
    endloop
  endfacet
  facet normal 0.248884 -0.665764 -0.703431
    outer loop
      vertex 9.34311 -27.4635 0
      vertex 9.64318 -28.4079 1
      vertex 9.32492 -27.4703 0
    endloop
  endfacet
  facet normal 0.206357 -0.680174 -0.703406
    outer loop
      vertex 9.64318 -28.4079 1
      vertex 7.5269 -28.0158 0
      vertex 9.32492 -27.4703 0
    endloop
  endfacet
  facet normal 0.206346 -0.680195 -0.703389
    outer loop
      vertex 7.76457 -28.9778 1
      vertex 7.5269 -28.0158 0
      vertex 9.64318 -28.4079 1
    endloop
  endfacet
  facet normal 0.20501 -0.680562 -0.703425
    outer loop
      vertex 7.5269 -28.0158 0
      vertex 7.76457 -28.9778 1
      vertex 7.50831 -28.0214 0
    endloop
  endfacet
  facet normal 0.161418 -0.692219 -0.703404
    outer loop
      vertex 7.76457 -28.9778 1
      vertex 5.67847 -28.4481 0
      vertex 7.50831 -28.0214 0
    endloop
  endfacet
  facet normal 0.161411 -0.69223 -0.703395
    outer loop
      vertex 5.85271 -29.4236 1
      vertex 5.67847 -28.4481 0
      vertex 7.76457 -28.9778 1
    endloop
  endfacet
  facet normal 0.161003 -0.692314 -0.703406
    outer loop
      vertex 5.67847 -28.4481 0
      vertex 5.85271 -29.4236 1
      vertex 5.65955 -28.4525 0
    endloop
  endfacet
  facet normal 0.11576 -0.701306 -0.703399
    outer loop
      vertex 5.85271 -29.4236 1
      vertex 3.80572 -28.7585 0
      vertex 5.65955 -28.4525 0
    endloop
  endfacet
  facet normal 0.115755 -0.701313 -0.703393
    outer loop
      vertex 3.91578 -29.7433 1
      vertex 3.80572 -28.7585 0
      vertex 5.85271 -29.4236 1
    endloop
  endfacet
  facet normal 0.117039 -0.701134 -0.703358
    outer loop
      vertex 3.80572 -28.7585 0
      vertex 3.91578 -29.7433 1
      vertex 3.78655 -28.7617 0
    endloop
  endfacet
  facet normal 0.0696843 -0.70739 -0.70338
    outer loop
      vertex 3.91578 -29.7433 1
      vertex 1.91667 -28.9459 0
      vertex 3.78655 -28.7617 0
    endloop
  endfacet
  facet normal 0.0695309 -0.707386 -0.703399
    outer loop
      vertex 1.91667 -28.9459 0
      vertex 1.96209 -29.9358 1
      vertex 1.89734 -28.9478 0
    endloop
  endfacet
  facet normal 0.0696986 -0.707374 -0.703395
    outer loop
      vertex 1.96209 -29.9358 1
      vertex 1.91667 -28.9459 0
      vertex 3.91578 -29.7433 1
    endloop
  endfacet
  facet normal 0.0232654 -0.710416 -0.703397
    outer loop
      vertex 1.96209 -29.9358 1
      vertex 0.0194161 -29.0093 0
      vertex 1.89734 -28.9478 0
    endloop
  endfacet
  facet normal 0.0219543 -0.710444 -0.703411
    outer loop
      vertex 0.0194161 -29.0093 0
      vertex 0 -30 1
      vertex 0 -29.0099 0
    endloop
  endfacet
  facet normal 0.0232456 -0.710436 -0.703378
    outer loop
      vertex 0 -30 1
      vertex 0.0194161 -29.0093 0
      vertex 1.96209 -29.9358 1
    endloop
  endfacet
  facet normal -0.0232656 -0.710423 -0.70339
    outer loop
      vertex 0 -30 1
      vertex -1.87792 -28.9484 0
      vertex 0 -29.0099 0
    endloop
  endfacet
  facet normal -0.021951 -0.71048 -0.703375
    outer loop
      vertex -1.87792 -28.9484 0
      vertex -1.96209 -29.9358 1
      vertex -1.89734 -28.9478 0
    endloop
  endfacet
  facet normal -0.0232446 -0.710404 -0.70341
    outer loop
      vertex -1.96209 -29.9358 1
      vertex -1.87792 -28.9484 0
      vertex 0 -30 1
    endloop
  endfacet
  facet normal -0.0696826 -0.707373 -0.703397
    outer loop
      vertex -1.96209 -29.9358 1
      vertex -3.76722 -28.7636 0
      vertex -1.89734 -28.9478 0
    endloop
  endfacet
  facet normal -0.0695331 -0.707408 -0.703377
    outer loop
      vertex -3.76722 -28.7636 0
      vertex -3.91578 -29.7433 1
      vertex -3.78655 -28.7617 0
    endloop
  endfacet
  facet normal -0.0696999 -0.707387 -0.703382
    outer loop
      vertex -3.91578 -29.7433 1
      vertex -3.76722 -28.7636 0
      vertex -1.96209 -29.9358 1
    endloop
  endfacet
  facet normal -0.1158 -0.701319 -0.703379
    outer loop
      vertex -3.91578 -29.7433 1
      vertex -5.64038 -28.4556 0
      vertex -3.78655 -28.7617 0
    endloop
  endfacet
  facet normal -0.115751 -0.701285 -0.703421
    outer loop
      vertex -5.85271 -29.4236 1
      vertex -5.64038 -28.4556 0
      vertex -3.91578 -29.7433 1
    endloop
  endfacet
  facet normal -0.113476 -0.701719 -0.703359
    outer loop
      vertex -5.64038 -28.4556 0
      vertex -5.85271 -29.4236 1
      vertex -5.65955 -28.4525 0
    endloop
  endfacet
  facet normal -0.16142 -0.692224 -0.703399
    outer loop
      vertex -5.85271 -29.4236 1
      vertex -7.48939 -28.0258 0
      vertex -5.65955 -28.4525 0
    endloop
  endfacet
  facet normal -0.161409 -0.692218 -0.703408
    outer loop
      vertex -7.76457 -28.9778 1
      vertex -7.48939 -28.0258 0
      vertex -5.85271 -29.4236 1
    endloop
  endfacet
  facet normal -0.161005 -0.692323 -0.703397
    outer loop
      vertex -7.48939 -28.0258 0
      vertex -7.76457 -28.9778 1
      vertex -7.50831 -28.0214 0
    endloop
  endfacet
  facet normal -0.206324 -0.680187 -0.703403
    outer loop
      vertex -7.76457 -28.9778 1
      vertex -9.30633 -27.476 0
      vertex -7.50831 -28.0214 0
    endloop
  endfacet
  facet normal -0.206347 -0.680199 -0.703385
    outer loop
      vertex -9.64318 -28.4079 1
      vertex -9.30633 -27.476 0
      vertex -7.76457 -28.9778 1
    endloop
  endfacet
  facet normal -0.208355 -0.679531 -0.703439
    outer loop
      vertex -9.30633 -27.476 0
      vertex -9.64318 -28.4079 1
      vertex -9.32492 -27.4703 0
    endloop
  endfacet
  facet normal -0.25036 -0.665237 -0.703406
    outer loop
      vertex -9.64318 -28.4079 1
      vertex -11.0834 -26.8085 0
      vertex -9.32492 -27.4703 0
    endloop
  endfacet
  facet normal -0.250373 -0.665242 -0.703396
    outer loop
      vertex -11.4805 -27.7164 1
      vertex -11.0834 -26.8085 0
      vertex -9.64318 -28.4079 1
    endloop
  endfacet
  facet normal -0.251962 -0.664595 -0.70344
    outer loop
      vertex -11.0834 -26.8085 0
      vertex -11.4805 -27.7164 1
      vertex -11.1016 -26.8016 0
    endloop
  endfacet
  facet normal -0.293322 -0.647435 -0.703413
    outer loop
      vertex -11.4805 -27.7164 1
      vertex -12.8131 -26.0262 0
      vertex -11.1016 -26.8016 0
    endloop
  endfacet
  facet normal -0.293344 -0.647443 -0.703397
    outer loop
      vertex -13.2687 -26.9062 1
      vertex -12.8131 -26.0262 0
      vertex -11.4805 -27.7164 1
    endloop
  endfacet
  facet normal -0.294121 -0.647066 -0.703419
    outer loop
      vertex -12.8131 -26.0262 0
      vertex -13.2687 -26.9062 1
      vertex -12.8307 -26.0182 0
    endloop
  endfacet
  facet normal -0.335051 -0.626864 -0.703408
    outer loop
      vertex -13.2687 -26.9062 1
      vertex -14.4878 -25.1325 0
      vertex -12.8307 -26.0182 0
    endloop
  endfacet
  facet normal -0.335069 -0.626869 -0.703395
    outer loop
      vertex -15 -25.9808 1
      vertex -14.4878 -25.1325 0
      vertex -13.2687 -26.9062 1
    endloop
  endfacet
  facet normal -0.336748 -0.625913 -0.703444
    outer loop
      vertex -14.4878 -25.1325 0
      vertex -15 -25.9808 1
      vertex -14.5049 -25.1233 0
    endloop
  endfacet
  facet normal -0.375338 -0.603597 -0.703414
    outer loop
      vertex -15 -25.9808 1
      vertex -16.1005 -24.1311 0
      vertex -14.5049 -25.1233 0
    endloop
  endfacet
  facet normal -0.375354 -0.603601 -0.703403
    outer loop
      vertex -16.6671 -24.9441 1
      vertex -16.1005 -24.1311 0
      vertex -15 -25.9808 1
    endloop
  endfacet
  facet normal -0.376374 -0.602929 -0.703434
    outer loop
      vertex -16.1005 -24.1311 0
      vertex -16.6671 -24.9441 1
      vertex -16.117 -24.1208 0
    endloop
  endfacet
  facet normal -0.414001 -0.577763 -0.703415
    outer loop
      vertex -16.6671 -24.9441 1
      vertex -17.6443 -23.0264 0
      vertex -16.117 -24.1208 0
    endloop
  endfacet
  facet normal -0.414037 -0.577768 -0.70339
    outer loop
      vertex -18.2628 -23.8006 1
      vertex -17.6443 -23.0264 0
      vertex -16.6671 -24.9441 1
    endloop
  endfacet
  facet normal -0.413503 -0.578172 -0.703372
    outer loop
      vertex -17.6443 -23.0264 0
      vertex -18.2628 -23.8006 1
      vertex -17.6601 -23.0151 0
    endloop
  endfacet
  facet normal -0.450945 -0.549456 -0.703382
    outer loop
      vertex -18.2628 -23.8006 1
      vertex -19.1125 -21.8231 0
      vertex -17.6601 -23.0151 0
    endloop
  endfacet
  facet normal -0.450902 -0.549453 -0.703412
    outer loop
      vertex -19.7804 -22.5552 1
      vertex -19.1125 -21.8231 0
      vertex -18.2628 -23.8006 1
    endloop
  endfacet
  facet normal -0.448944 -0.551143 -0.703342
    outer loop
      vertex -19.1125 -21.8231 0
      vertex -19.7804 -22.5552 1
      vertex -19.1276 -21.8108 0
    endloop
  endfacet
  facet normal -0.48591 -0.518786 -0.703386
    outer loop
      vertex -19.7804 -22.5552 1
      vertex -20.4989 -20.5264 0
      vertex -19.1276 -21.8108 0
    endloop
  endfacet
  facet normal -0.485909 -0.518786 -0.703387
    outer loop
      vertex -21.2132 -21.2132 1
      vertex -20.4989 -20.5264 0
      vertex -19.7804 -22.5552 1
    endloop
  endfacet
  facet normal -0.485907 -0.518788 -0.703387
    outer loop
      vertex -20.4989 -20.5264 0
      vertex -21.2132 -21.2132 1
      vertex -20.5131 -20.5131 0
    endloop
  endfacet
  facet normal -0.518803 -0.485891 -0.703387
    outer loop
      vertex -21.2132 -21.2132 1
      vertex -21.7975 -19.1417 0
      vertex -20.5131 -20.5131 0
    endloop
  endfacet
  facet normal -0.518769 -0.485893 -0.703411
    outer loop
      vertex -22.5552 -19.7804 1
      vertex -21.7975 -19.1417 0
      vertex -21.2132 -21.2132 1
    endloop
  endfacet
  facet normal -0.517103 -0.487763 -0.703343
    outer loop
      vertex -21.7975 -19.1417 0
      vertex -22.5552 -19.7804 1
      vertex -21.8108 -19.1276 0
    endloop
  endfacet
  facet normal -0.549468 -0.450923 -0.703387
    outer loop
      vertex -22.5552 -19.7804 1
      vertex -23.0028 -17.6751 0
      vertex -21.8108 -19.1276 0
    endloop
  endfacet
  facet normal -0.549478 -0.450922 -0.70338
    outer loop
      vertex -23.8006 -18.2628 1
      vertex -23.0028 -17.6751 0
      vertex -22.5552 -19.7804 1
    endloop
  endfacet
  facet normal -0.549644 -0.450708 -0.703387
    outer loop
      vertex -23.0028 -17.6751 0
      vertex -23.8006 -18.2628 1
      vertex -23.0151 -17.6601 0
    endloop
  endfacet
  facet normal -0.577789 -0.41402 -0.703383
    outer loop
      vertex -23.8006 -18.2628 1
      vertex -24.1095 -16.1328 0
      vertex -23.0151 -17.6601 0
    endloop
  endfacet
  facet normal -0.577754 -0.414026 -0.703408
    outer loop
      vertex -24.9441 -16.6671 1
      vertex -24.1095 -16.1328 0
      vertex -23.8006 -18.2628 1
    endloop
  endfacet
  facet normal -0.578129 -0.413472 -0.703425
    outer loop
      vertex -24.1095 -16.1328 0
      vertex -24.9441 -16.6671 1
      vertex -24.1208 -16.117 0
    endloop
  endfacet
  facet normal -0.603597 -0.375338 -0.703415
    outer loop
      vertex -24.9441 -16.6671 1
      vertex -25.113 -14.5214 0
      vertex -24.1208 -16.117 0
    endloop
  endfacet
  facet normal -0.603581 -0.375342 -0.703426
    outer loop
      vertex -25.9808 -15 1
      vertex -25.113 -14.5214 0
      vertex -24.9441 -16.6671 1
    endloop
  endfacet
  facet normal -0.602963 -0.376395 -0.703394
    outer loop
      vertex -25.113 -14.5214 0
      vertex -25.9808 -15 1
      vertex -25.1233 -14.5049 0
    endloop
  endfacet
  facet normal -0.62685 -0.335064 -0.703414
    outer loop
      vertex -25.9808 -15 1
      vertex -26.009 -12.8479 0
      vertex -25.1233 -14.5049 0
    endloop
  endfacet
  facet normal -0.626856 -0.335062 -0.703409
    outer loop
      vertex -26.9062 -13.2687 1
      vertex -26.009 -12.8479 0
      vertex -25.9808 -15 1
    endloop
  endfacet
  facet normal -0.626764 -0.335246 -0.703404
    outer loop
      vertex -26.009 -12.8479 0
      vertex -26.9062 -13.2687 1
      vertex -26.0182 -12.8307 0
    endloop
  endfacet
  facet normal -0.647435 -0.29334 -0.703405
    outer loop
      vertex -26.0182 -12.8307 0
      vertex -26.9062 -13.2687 1
      vertex -26.7936 -11.1193 0
    endloop
  endfacet
  facet normal -0.647434 -0.29334 -0.703407
    outer loop
      vertex -27.7164 -11.4805 1
      vertex -26.7936 -11.1193 0
      vertex -26.9062 -13.2687 1
    endloop
  endfacet
  facet normal -0.647687 -0.29274 -0.703423
    outer loop
      vertex -26.7936 -11.1193 0
      vertex -27.7164 -11.4805 1
      vertex -26.8016 -11.1016 0
    endloop
  endfacet
  facet normal -0.665218 -0.25039 -0.703414
    outer loop
      vertex -26.8016 -11.1016 0
      vertex -27.7164 -11.4805 1
      vertex -27.4635 -9.34311 0
    endloop
  endfacet
  facet normal -0.665248 -0.250375 -0.70339
    outer loop
      vertex -28.4079 -9.64318 1
      vertex -27.4635 -9.34311 0
      vertex -27.7164 -11.4805 1
    endloop
  endfacet
  facet normal -0.665764 -0.248884 -0.703431
    outer loop
      vertex -27.4635 -9.34311 0
      vertex -28.4079 -9.64318 1
      vertex -27.4703 -9.32492 0
    endloop
  endfacet
  facet normal -0.680174 -0.206357 -0.703406
    outer loop
      vertex -27.4703 -9.32492 0
      vertex -28.4079 -9.64318 1
      vertex -28.0158 -7.5269 0
    endloop
  endfacet
  facet normal -0.680195 -0.206346 -0.703389
    outer loop
      vertex -28.9778 -7.76457 1
      vertex -28.0158 -7.5269 0
      vertex -28.4079 -9.64318 1
    endloop
  endfacet
  facet normal -0.680562 -0.20501 -0.703425
    outer loop
      vertex -28.0158 -7.5269 0
      vertex -28.9778 -7.76457 1
      vertex -28.0214 -7.50831 0
    endloop
  endfacet
  facet normal -0.692219 -0.161418 -0.703404
    outer loop
      vertex -28.0214 -7.50831 0
      vertex -28.9778 -7.76457 1
      vertex -28.4481 -5.67847 0
    endloop
  endfacet
  facet normal -0.69223 -0.161411 -0.703395
    outer loop
      vertex -29.4236 -5.85271 1
      vertex -28.4481 -5.67847 0
      vertex -28.9778 -7.76457 1
    endloop
  endfacet
  facet normal -0.692314 -0.161003 -0.703406
    outer loop
      vertex -28.4481 -5.67847 0
      vertex -29.4236 -5.85271 1
      vertex -28.4525 -5.65955 0
    endloop
  endfacet
  facet normal -0.701306 -0.11576 -0.703399
    outer loop
      vertex -28.4525 -5.65955 0
      vertex -29.4236 -5.85271 1
      vertex -28.7585 -3.80572 0
    endloop
  endfacet
  facet normal -0.701313 -0.115755 -0.703393
    outer loop
      vertex -29.7433 -3.91578 1
      vertex -28.7585 -3.80572 0
      vertex -29.4236 -5.85271 1
    endloop
  endfacet
  facet normal -0.701134 -0.117039 -0.703358
    outer loop
      vertex -28.7585 -3.80572 0
      vertex -29.7433 -3.91578 1
      vertex -28.7617 -3.78655 0
    endloop
  endfacet
  facet normal -0.70739 -0.0696843 -0.70338
    outer loop
      vertex -28.7617 -3.78655 0
      vertex -29.7433 -3.91578 1
      vertex -28.9459 -1.91667 0
    endloop
  endfacet
  facet normal -0.707386 -0.0695309 -0.703399
    outer loop
      vertex -28.9459 -1.91667 0
      vertex -29.9358 -1.96209 1
      vertex -28.9478 -1.89734 0
    endloop
  endfacet
  facet normal -0.707374 -0.0696986 -0.703395
    outer loop
      vertex -29.9358 -1.96209 1
      vertex -28.9459 -1.91667 0
      vertex -29.7433 -3.91578 1
    endloop
  endfacet
  facet normal -0.710416 -0.0232654 -0.703397
    outer loop
      vertex -28.9478 -1.89734 0
      vertex -29.9358 -1.96209 1
      vertex -29.0093 -0.0194161 0
    endloop
  endfacet
  facet normal -0.710444 -0.0219543 -0.703411
    outer loop
      vertex -29.0093 -0.0194161 0
      vertex -30 0 1
      vertex -29.0099 0 0
    endloop
  endfacet
  facet normal -0.710436 -0.0232456 -0.703378
    outer loop
      vertex -30 0 1
      vertex -29.0093 -0.0194161 0
      vertex -29.9358 -1.96209 1
    endloop
  endfacet
  facet normal 1 -0 0
    outer loop
      vertex 20.85 -8.75 65.5
      vertex 20.85 8.25 3
      vertex 20.85 8.25 65.5
    endloop
  endfacet
  facet normal 1 0 0
    outer loop
      vertex 20.85 8.25 3
      vertex 20.85 -8.75 65.5
      vertex 20.85 -8.75 3
    endloop
  endfacet
  facet normal 0 0 1
    outer loop
      vertex -12.35 8.25 65.5
      vertex -19.75 7.65 65.5
      vertex -12.35 7.65 65.5
    endloop
  endfacet
  facet normal 0 0 1
    outer loop
      vertex -19.75 7.65 65.5
      vertex -20.85 8.25 65.5
      vertex -19.75 -7.65 65.5
    endloop
  endfacet
  facet normal -0 0 1
    outer loop
      vertex -20.85 8.25 65.5
      vertex -19.75 7.65 65.5
      vertex -12.35 8.25 65.5
    endloop
  endfacet
  facet normal 0 0 1
    outer loop
      vertex 19.75 -7.65 65.5
      vertex 20.85 8.25 65.5
      vertex 19.75 7.65 65.5
    endloop
  endfacet
  facet normal -0 0 1
    outer loop
      vertex 12.35 8.25 65.5
      vertex 19.75 7.65 65.5
      vertex 20.85 8.25 65.5
    endloop
  endfacet
  facet normal 0 0 1
    outer loop
      vertex 19.75 7.65 65.5
      vertex 12.35 8.25 65.5
      vertex 12.35 7.65 65.5
    endloop
  endfacet
  facet normal 0 0 1
    outer loop
      vertex 20.85 8.25 65.5
      vertex 19.75 -7.65 65.5
      vertex 20.85 -8.75 65.5
    endloop
  endfacet
  facet normal -0 0 1
    outer loop
      vertex -19.75 -7.65 65.5
      vertex 20.85 -8.75 65.5
      vertex 19.75 -7.65 65.5
    endloop
  endfacet
  facet normal 0 0 1
    outer loop
      vertex -19.75 -7.65 65.5
      vertex -20.85 -8.75 65.5
      vertex 20.85 -8.75 65.5
    endloop
  endfacet
  facet normal 0 0 1
    outer loop
      vertex -20.85 -8.75 65.5
      vertex -19.75 -7.65 65.5
      vertex -20.85 8.25 65.5
    endloop
  endfacet
  facet normal -1 0 0
    outer loop
      vertex -20.85 -8.75 3
      vertex -20.85 8.25 65.5
      vertex -20.85 8.25 3
    endloop
  endfacet
  facet normal -1 -0 0
    outer loop
      vertex -20.85 8.25 65.5
      vertex -20.85 -8.75 3
      vertex -20.85 -8.75 65.5
    endloop
  endfacet
  facet normal 0 1 -0
    outer loop
      vertex -12.35 8.25 3
      vertex -20.85 8.25 65.5
      vertex -12.35 8.25 65.5
    endloop
  endfacet
  facet normal 0 1 0
    outer loop
      vertex -20.85 8.25 65.5
      vertex -12.35 8.25 3
      vertex -20.85 8.25 3
    endloop
  endfacet
  facet normal 0 1 -0
    outer loop
      vertex 20.85 8.25 3
      vertex 12.35 8.25 65.5
      vertex 20.85 8.25 65.5
    endloop
  endfacet
  facet normal 0 1 0
    outer loop
      vertex 12.35 8.25 65.5
      vertex 20.85 8.25 3
      vertex 12.35 8.25 3
    endloop
  endfacet
  facet normal 0 -1 0
    outer loop
      vertex -20.85 -8.75 65.5
      vertex -9.175 -8.75 52.5
      vertex 20.85 -8.75 65.5
    endloop
  endfacet
  facet normal 0 -1 0
    outer loop
      vertex -20.85 -8.75 3
      vertex -9.175 -8.75 52.5
      vertex -20.85 -8.75 65.5
    endloop
  endfacet
  facet normal 0 -1 -0
    outer loop
      vertex -9.175 -8.75 10
      vertex -20.85 -8.75 3
      vertex 9.175 -8.75 10
    endloop
  endfacet
  facet normal 0 -1 -0
    outer loop
      vertex -9.175 -8.75 52.5
      vertex -20.85 -8.75 3
      vertex -9.175 -8.75 10
    endloop
  endfacet
  facet normal 0 -1 0
    outer loop
      vertex 9.175 -8.75 52.5
      vertex 20.85 -8.75 65.5
      vertex -9.175 -8.75 52.5
    endloop
  endfacet
  facet normal 0 -1 0
    outer loop
      vertex 20.85 -8.75 3
      vertex 9.175 -8.75 52.5
      vertex 9.175 -8.75 10
    endloop
  endfacet
  facet normal 0 -1 0
    outer loop
      vertex 9.175 -8.75 52.5
      vertex 20.85 -8.75 3
      vertex 20.85 -8.75 65.5
    endloop
  endfacet
  facet normal 0 -1 0
    outer loop
      vertex 20.85 -8.75 3
      vertex 9.175 -8.75 10
      vertex -20.85 -8.75 3
    endloop
  endfacet
  facet normal -1 0 0
    outer loop
      vertex 18.35 -6.25 3
      vertex 18.35 6.25 59.5
      vertex 18.35 6.25 3
    endloop
  endfacet
  facet normal -1 -0 0
    outer loop
      vertex 18.35 6.25 59.5
      vertex 18.35 -6.25 3
      vertex 18.35 -6.25 59.5
    endloop
  endfacet
  facet normal -1 0 0
    outer loop
      vertex 18.35 -6.25 62.51
      vertex 18.35 6.25 63.5
      vertex 18.35 6.25 62.51
    endloop
  endfacet
  facet normal -1 -0 0
    outer loop
      vertex 18.35 6.25 63.5
      vertex 18.35 -6.25 62.51
      vertex 18.35 -6.25 63.5
    endloop
  endfacet
  facet normal 1 -0 0
    outer loop
      vertex -18.35 -6.25 59.5
      vertex -18.35 6.25 3
      vertex -18.35 6.25 59.5
    endloop
  endfacet
  facet normal 1 0 0
    outer loop
      vertex -18.35 6.25 3
      vertex -18.35 -6.25 59.5
      vertex -18.35 -6.25 3
    endloop
  endfacet
  facet normal 1 -0 0
    outer loop
      vertex -18.35 -6.25 63.5
      vertex -18.35 6.25 62.51
      vertex -18.35 6.25 63.5
    endloop
  endfacet
  facet normal 1 0 0
    outer loop
      vertex -18.35 6.25 62.51
      vertex -18.35 -6.25 63.5
      vertex -18.35 -6.25 62.51
    endloop
  endfacet
  facet normal 0 -1 0
    outer loop
      vertex -18.35 6.25 59.5
      vertex -18.35 6.25 3
      vertex -16.95 6.25 59.5
    endloop
  endfacet
  facet normal 0 -1 0
    outer loop
      vertex -18.34 6.25 62.51
      vertex -18.35 6.25 63.5
      vertex -18.35 6.25 62.51
    endloop
  endfacet
  facet normal 0 -1 0
    outer loop
      vertex -16.95 6.25 61.1
      vertex -18.35 6.25 63.5
      vertex -18.34 6.25 62.51
    endloop
  endfacet
  facet normal 0 -1 0
    outer loop
      vertex -18.35 6.25 63.5
      vertex -16.95 6.25 61.1
      vertex -12.35 6.25 63.5
    endloop
  endfacet
  facet normal 0 -1 0
    outer loop
      vertex -16.95 6.25 59.5
      vertex -12.35 6.25 63.5
      vertex -16.95 6.25 61.1
    endloop
  endfacet
  facet normal 0 -1 0
    outer loop
      vertex -12.35 6.25 3
      vertex -16.95 6.25 59.5
      vertex -18.35 6.25 3
    endloop
  endfacet
  facet normal 0 -1 0
    outer loop
      vertex -16.95 6.25 59.5
      vertex -12.35 6.25 3
      vertex -12.35 6.25 63.5
    endloop
  endfacet
  facet normal 0 -1 0
    outer loop
      vertex 16.95 6.25 61.1
      vertex 18.35 6.25 63.5
      vertex 12.35 6.25 63.5
    endloop
  endfacet
  facet normal 0 -1 0
    outer loop
      vertex 18.35 6.25 63.5
      vertex 16.95 6.25 61.1
      vertex 18.34 6.25 62.51
    endloop
  endfacet
  facet normal 0 -1 0
    outer loop
      vertex 12.35 6.25 63.5
      vertex 16.95 6.25 59.5
      vertex 16.95 6.25 61.1
    endloop
  endfacet
  facet normal 0 -1 0
    outer loop
      vertex 12.35 6.25 3
      vertex 16.95 6.25 59.5
      vertex 12.35 6.25 63.5
    endloop
  endfacet
  facet normal 0 -1 0
    outer loop
      vertex 18.35 6.25 3
      vertex 16.95 6.25 59.5
      vertex 12.35 6.25 3
    endloop
  endfacet
  facet normal 0 -1 0
    outer loop
      vertex 16.95 6.25 59.5
      vertex 18.35 6.25 3
      vertex 18.35 6.25 59.5
    endloop
  endfacet
  facet normal 0 -1 -0
    outer loop
      vertex 18.35 6.25 63.5
      vertex 18.34 6.25 62.51
      vertex 18.35 6.25 62.51
    endloop
  endfacet
  facet normal 0 1 0
    outer loop
      vertex 9.175 -6.25 52.5
      vertex 16.95 -6.25 59.5
      vertex 18.35 -6.25 59.5
    endloop
  endfacet
  facet normal 0 1 0
    outer loop
      vertex 16.95 -6.25 59.5
      vertex 9.175 -6.25 52.5
      vertex -16.95 -6.25 59.5
    endloop
  endfacet
  facet normal 0 1 -0
    outer loop
      vertex -9.175 -6.25 52.5
      vertex -16.95 -6.25 59.5
      vertex 9.175 -6.25 52.5
    endloop
  endfacet
  facet normal 0 1 0
    outer loop
      vertex 18.35 -6.25 59.5
      vertex 9.175 -6.25 10
      vertex 9.175 -6.25 52.5
    endloop
  endfacet
  facet normal 0 1 0
    outer loop
      vertex 9.175 -6.25 10
      vertex 18.35 -6.25 3
      vertex -9.175 -6.25 10
    endloop
  endfacet
  facet normal 0 1 -0
    outer loop
      vertex 18.35 -6.25 3
      vertex 9.175 -6.25 10
      vertex 18.35 -6.25 59.5
    endloop
  endfacet
  facet normal 0 1 -0
    outer loop
      vertex -16.95 -6.25 61.1
      vertex -18.35 -6.25 63.5
      vertex 16.95 -6.25 61.1
    endloop
  endfacet
  facet normal 0 1 0
    outer loop
      vertex -18.35 -6.25 63.5
      vertex -16.95 -6.25 61.1
      vertex -18.34 -6.25 62.51
    endloop
  endfacet
  facet normal 0 1 -0
    outer loop
      vertex 16.95 -6.25 59.5
      vertex -16.95 -6.25 61.1
      vertex 16.95 -6.25 61.1
    endloop
  endfacet
  facet normal 0 1 0
    outer loop
      vertex -16.95 -6.25 61.1
      vertex 16.95 -6.25 59.5
      vertex -16.95 -6.25 59.5
    endloop
  endfacet
  facet normal 0 1 0
    outer loop
      vertex 18.34 -6.25 62.51
      vertex 18.35 -6.25 63.5
      vertex 18.35 -6.25 62.51
    endloop
  endfacet
  facet normal 0 1 0
    outer loop
      vertex 16.95 -6.25 61.1
      vertex 18.35 -6.25 63.5
      vertex 18.34 -6.25 62.51
    endloop
  endfacet
  facet normal 0 1 0
    outer loop
      vertex 18.35 -6.25 63.5
      vertex 16.95 -6.25 61.1
      vertex -18.35 -6.25 63.5
    endloop
  endfacet
  facet normal 0 1 0
    outer loop
      vertex -18.35 -6.25 63.5
      vertex -18.34 -6.25 62.51
      vertex -18.35 -6.25 62.51
    endloop
  endfacet
  facet normal 0 1 0
    outer loop
      vertex -16.95 -6.25 59.5
      vertex -9.175 -6.25 52.5
      vertex -18.35 -6.25 59.5
    endloop
  endfacet
  facet normal 0 1 -0
    outer loop
      vertex -9.175 -6.25 10
      vertex -18.35 -6.25 59.5
      vertex -9.175 -6.25 52.5
    endloop
  endfacet
  facet normal 0 1 0
    outer loop
      vertex -9.175 -6.25 10
      vertex -18.35 -6.25 3
      vertex -18.35 -6.25 59.5
    endloop
  endfacet
  facet normal 0 1 0
    outer loop
      vertex -18.35 -6.25 3
      vertex -9.175 -6.25 10
      vertex 18.35 -6.25 3
    endloop
  endfacet
  facet normal 0 0.819232 0.573462
    outer loop
      vertex 18.35 -6.25 63.5
      vertex -19.75 -7.65 65.5
      vertex 19.75 -7.65 65.5
    endloop
  endfacet
  facet normal 0 0.819232 0.573462
    outer loop
      vertex -19.75 -7.65 65.5
      vertex 18.35 -6.25 63.5
      vertex -18.35 -6.25 63.5
    endloop
  endfacet
  facet normal 0.819232 0 0.573462
    outer loop
      vertex -19.75 7.65 65.5
      vertex -18.35 -6.25 63.5
      vertex -18.35 6.25 63.5
    endloop
  endfacet
  facet normal 0.819232 0 0.573462
    outer loop
      vertex -18.35 -6.25 63.5
      vertex -19.75 7.65 65.5
      vertex -19.75 -7.65 65.5
    endloop
  endfacet
  facet normal -0.819232 0 0.573462
    outer loop
      vertex 18.35 -6.25 63.5
      vertex 19.75 7.65 65.5
      vertex 18.35 6.25 63.5
    endloop
  endfacet
  facet normal -0.819232 0 0.573462
    outer loop
      vertex 19.75 7.65 65.5
      vertex 18.35 -6.25 63.5
      vertex 19.75 -7.65 65.5
    endloop
  endfacet
  facet normal 0 -0.819232 0.573462
    outer loop
      vertex -18.35 6.25 63.5
      vertex -12.35 7.65 65.5
      vertex -19.75 7.65 65.5
    endloop
  endfacet
  facet normal 0 -0.819232 0.573462
    outer loop
      vertex -12.35 7.65 65.5
      vertex -18.35 6.25 63.5
      vertex -12.35 6.25 63.5
    endloop
  endfacet
  facet normal 0 -0.819232 0.573462
    outer loop
      vertex 18.35 6.25 63.5
      vertex 12.35 7.65 65.5
      vertex 12.35 6.25 63.5
    endloop
  endfacet
  facet normal 0 -0.819232 0.573462
    outer loop
      vertex 12.35 7.65 65.5
      vertex 18.35 6.25 63.5
      vertex 19.75 7.65 65.5
    endloop
  endfacet
  facet normal -1 0 0
    outer loop
      vertex 12.35 6.25 63.5
      vertex 12.35 8.25 65.5
      vertex 12.35 8.25 3
    endloop
  endfacet
  facet normal -1 0 0
    outer loop
      vertex 12.35 6.25 63.5
      vertex 12.35 8.25 3
      vertex 12.35 6.25 3
    endloop
  endfacet
  facet normal -1 -0 0
    outer loop
      vertex 12.35 8.25 65.5
      vertex 12.35 6.25 63.5
      vertex 12.35 7.65 65.5
    endloop
  endfacet
  facet normal 1 0 0
    outer loop
      vertex -12.35 6.25 63.5
      vertex -12.35 8.25 65.5
      vertex -12.35 7.65 65.5
    endloop
  endfacet
  facet normal 1 0 0
    outer loop
      vertex -12.35 8.25 65.5
      vertex -12.35 6.25 63.5
      vertex -12.35 8.25 3
    endloop
  endfacet
  facet normal 1 0 0
    outer loop
      vertex -12.35 8.25 3
      vertex -12.35 6.25 63.5
      vertex -12.35 6.25 3
    endloop
  endfacet
  facet normal -1 0 0
    outer loop
      vertex 9.175 -8.75 10
      vertex 9.175 -6.25 52.5
      vertex 9.175 -6.25 10
    endloop
  endfacet
  facet normal -1 -0 0
    outer loop
      vertex 9.175 -6.25 52.5
      vertex 9.175 -8.75 10
      vertex 9.175 -8.75 52.5
    endloop
  endfacet
  facet normal 0 0 -1
    outer loop
      vertex -9.175 -8.75 52.5
      vertex 9.175 -6.25 52.5
      vertex 9.175 -8.75 52.5
    endloop
  endfacet
  facet normal -0 0 -1
    outer loop
      vertex 9.175 -6.25 52.5
      vertex -9.175 -8.75 52.5
      vertex -9.175 -6.25 52.5
    endloop
  endfacet
  facet normal -0 0 1
    outer loop
      vertex -9.175 -6.25 10
      vertex 9.175 -8.75 10
      vertex 9.175 -6.25 10
    endloop
  endfacet
  facet normal 0 0 1
    outer loop
      vertex 9.175 -8.75 10
      vertex -9.175 -6.25 10
      vertex -9.175 -8.75 10
    endloop
  endfacet
  facet normal 1 -0 0
    outer loop
      vertex -9.175 -8.75 52.5
      vertex -9.175 -6.25 10
      vertex -9.175 -6.25 52.5
    endloop
  endfacet
  facet normal 1 0 0
    outer loop
      vertex -9.175 -6.25 10
      vertex -9.175 -8.75 52.5
      vertex -9.175 -8.75 10
    endloop
  endfacet
  facet normal 0 0 -1
    outer loop
      vertex -18.35 -6.25 59.5
      vertex -16.95 6.25 59.5
      vertex -16.95 -6.25 59.5
    endloop
  endfacet
  facet normal -0 0 -1
    outer loop
      vertex -16.95 6.25 59.5
      vertex -18.35 -6.25 59.5
      vertex -18.35 6.25 59.5
    endloop
  endfacet
  facet normal 1 -0 0
    outer loop
      vertex -16.95 -6.25 61.1
      vertex -16.95 6.25 59.5
      vertex -16.95 6.25 61.1
    endloop
  endfacet
  facet normal 1 0 0
    outer loop
      vertex -16.95 6.25 59.5
      vertex -16.95 -6.25 61.1
      vertex -16.95 -6.25 59.5
    endloop
  endfacet
  facet normal 0.712139 -0 0.702038
    outer loop
      vertex -18.34 -6.25 62.51
      vertex -16.95 6.25 61.1
      vertex -18.34 6.25 62.51
    endloop
  endfacet
  facet normal 0.712139 0 0.702038
    outer loop
      vertex -16.95 6.25 61.1
      vertex -18.34 -6.25 62.51
      vertex -16.95 -6.25 61.1
    endloop
  endfacet
  facet normal -0 0 1
    outer loop
      vertex -18.35 6.25 62.51
      vertex -18.34 -6.25 62.51
      vertex -18.34 6.25 62.51
    endloop
  endfacet
  facet normal 0 0 1
    outer loop
      vertex -18.34 -6.25 62.51
      vertex -18.35 6.25 62.51
      vertex -18.35 -6.25 62.51
    endloop
  endfacet
  facet normal -1 0 0
    outer loop
      vertex 16.95 -6.25 59.5
      vertex 16.95 6.25 61.1
      vertex 16.95 6.25 59.5
    endloop
  endfacet
  facet normal -1 -0 0
    outer loop
      vertex 16.95 6.25 61.1
      vertex 16.95 -6.25 59.5
      vertex 16.95 -6.25 61.1
    endloop
  endfacet
  facet normal 0 0 -1
    outer loop
      vertex 16.95 -6.25 59.5
      vertex 18.35 6.25 59.5
      vertex 18.35 -6.25 59.5
    endloop
  endfacet
  facet normal -0 0 -1
    outer loop
      vertex 18.35 6.25 59.5
      vertex 16.95 -6.25 59.5
      vertex 16.95 6.25 59.5
    endloop
  endfacet
  facet normal -0.712139 0 0.702038
    outer loop
      vertex 16.95 -6.25 61.1
      vertex 18.34 6.25 62.51
      vertex 16.95 6.25 61.1
    endloop
  endfacet
  facet normal -0.712139 0 0.702038
    outer loop
      vertex 18.34 6.25 62.51
      vertex 16.95 -6.25 61.1
      vertex 18.34 -6.25 62.51
    endloop
  endfacet
  facet normal -0 0 1
    outer loop
      vertex 18.34 6.25 62.51
      vertex 18.35 -6.25 62.51
      vertex 18.35 6.25 62.51
    endloop
  endfacet
  facet normal 0 0 1
    outer loop
      vertex 18.35 -6.25 62.51
      vertex 18.34 6.25 62.51
      vertex 18.34 -6.25 62.51
    endloop
  endfacet
endsolid OpenSCAD_Model
