solid OpenSCAD_Model
  facet normal 1 -0 0
    outer loop
      vertex 7.85 -1.6 3.7
      vertex 7.85 1.6 2.5
      vertex 7.85 1.6 3.7
    endloop
  endfacet
  facet normal 1 0 0
    outer loop
      vertex 7.85 1.6 2.5
      vertex 7.85 -1.6 3.7
      vertex 7.85 -1.6 2.5
    endloop
  endfacet
  facet normal -0 0 1
    outer loop
      vertex 6.45 1.6 3.7
      vertex 7.85 -1.6 3.7
      vertex 7.85 1.6 3.7
    endloop
  endfacet
  facet normal 0 0 1
    outer loop
      vertex 7.85 -1.6 3.7
      vertex 6.45 1.6 3.7
      vertex 6.45 -1.6 3.7
    endloop
  endfacet
  facet normal 0 0 -1
    outer loop
      vertex 14.05 -2.2 0
      vertex 15.5454 -3.09218 0
      vertex 15.3099 -4.10228 0
    endloop
  endfacet
  facet normal 0 0 -1
    outer loop
      vertex 14.05 -2.2 0
      vertex 15.3099 -4.10228 0
      vertex 15.0088 -5.09482 0
    endloop
  endfacet
  facet normal 0 0 -1
    outer loop
      vertex 14.05 -2.2 0
      vertex 15.0088 -5.09482 0
      vertex 14.6435 -6.06553 0
    endloop
  endfacet
  facet normal 0 0 -1
    outer loop
      vertex 9.25949 -7.14271 0
      vertex 14.6435 -6.06553 0
      vertex 14.2154 -7.01027 0
    endloop
  endfacet
  facet normal 0 0 -1
    outer loop
      vertex 15.5454 -3.09218 0
      vertex 14.05 -2.2 0
      vertex 15.6927 -2.2 0
    endloop
  endfacet
  facet normal 0 0 -1
    outer loop
      vertex 14.6435 -6.06553 0
      vertex 9.25949 -7.14271 0
      vertex 9.19239 -7.07107 0
    endloop
  endfacet
  facet normal 0 0 -1
    outer loop
      vertex 9.25949 -7.14271 0
      vertex 14.2154 -7.01027 0
      vertex 13.7265 -7.925 0
    endloop
  endfacet
  facet normal 0 0 -1
    outer loop
      vertex 14.05 2.2 0
      vertex 15.5454 3.09218 0
      vertex 15.6927 2.2 0
    endloop
  endfacet
  facet normal -0 0 -1
    outer loop
      vertex 15.5454 3.09218 0
      vertex 14.05 2.2 0
      vertex 15.3099 4.10228 0
    endloop
  endfacet
  facet normal -0 0 -1
    outer loop
      vertex 15.3099 4.10228 0
      vertex 14.05 2.2 0
      vertex 15.0088 5.09482 0
    endloop
  endfacet
  facet normal -0 0 -1
    outer loop
      vertex 15.0088 5.09482 0
      vertex 14.05 2.2 0
      vertex 14.6435 6.06553 0
    endloop
  endfacet
  facet normal 0 0 -1
    outer loop
      vertex 9.19239 7.07107 0
      vertex 14.6435 6.06553 0
      vertex 14.05 2.2 0
    endloop
  endfacet
  facet normal 0 -0 -1
    outer loop
      vertex 9.25949 7.14271 0
      vertex 14.6435 6.06553 0
      vertex 9.19239 7.07107 0
    endloop
  endfacet
  facet normal 0 -0 -1
    outer loop
      vertex 7.25 -2.25 0
      vertex 14.05 -2.2 0
      vertex 7.24786 -2.3154 0
    endloop
  endfacet
  facet normal 0 0 -1
    outer loop
      vertex 9.58062 -7.7435 0
      vertex 13.7265 -7.925 0
      vertex 13.1788 -8.80579 0
    endloop
  endfacet
  facet normal 0 0 -1
    outer loop
      vertex 7.19693 -1.92856 0
      vertex 14.05 -2.2 0
      vertex 7.21593 -1.99118 0
    endloop
  endfacet
  facet normal 0 0 -1
    outer loop
      vertex 9.63173 -8.13173 0
      vertex 13.1788 -8.80579 0
      vertex 12.5746 -9.64887 0
    endloop
  endfacet
  facet normal 0 0 -1
    outer loop
      vertex 7.21593 -1.99118 0
      vertex 14.05 -2.2 0
      vertex 7.23078 -2.05491 0
    endloop
  endfacet
  facet normal 0 0 -1
    outer loop
      vertex 9.55212 -8.61389 0
      vertex 12.5746 -9.64887 0
      vertex 11.9167 -10.4506 0
    endloop
  endfacet
  facet normal 0 0 -1
    outer loop
      vertex 13.7265 -7.925 0
      vertex 9.43077 -7.38173 0
      vertex 9.37893 -7.29837 0
    endloop
  endfacet
  facet normal 0 0 -1
    outer loop
      vertex 9.37893 -8.96508 0
      vertex 11.9167 -10.4506 0
      vertex 11.2076 -11.2076 0
    endloop
  endfacet
  facet normal 0 0 -1
    outer loop
      vertex 13.7265 -7.925 0
      vertex 9.55212 -7.64957 0
      vertex 9.51755 -7.5577 0
    endloop
  endfacet
  facet normal 0 0 -1
    outer loop
      vertex 9.04487 -9.32176 0
      vertex 11.2076 -11.2076 0
      vertex 10.4506 -11.9167 0
    endloop
  endfacet
  facet normal 0 0 -1
    outer loop
      vertex 13.1788 -8.80579 0
      vertex 9.61889 -7.93594 0
      vertex 9.60291 -7.83909 0
    endloop
  endfacet
  facet normal 0 0 -1
    outer loop
      vertex 8.61389 -9.55212 0
      vertex 10.4506 -11.9167 0
      vertex 9.64887 -12.5746 0
    endloop
  endfacet
  facet normal 0 0 -1
    outer loop
      vertex 13.1788 -8.80579 0
      vertex 9.63173 -8.13173 0
      vertex 9.62852 -8.03362 0
    endloop
  endfacet
  facet normal 0 0 -1
    outer loop
      vertex 13.1788 -8.80579 0
      vertex 9.62852 -8.03362 0
      vertex 9.61889 -7.93594 0
    endloop
  endfacet
  facet normal 0 0 -1
    outer loop
      vertex 12.5746 -9.64887 0
      vertex 9.62852 -8.22983 0
      vertex 9.63173 -8.13173 0
    endloop
  endfacet
  facet normal 0 0 -1
    outer loop
      vertex 12.5746 -9.64887 0
      vertex 9.61889 -8.32752 0
      vertex 9.62852 -8.22983 0
    endloop
  endfacet
  facet normal 0 0 -1
    outer loop
      vertex 12.5746 -9.64887 0
      vertex 9.60291 -8.42436 0
      vertex 9.61889 -8.32752 0
    endloop
  endfacet
  facet normal 0 0 -1
    outer loop
      vertex 12.5746 -9.64887 0
      vertex 9.58062 -8.51996 0
      vertex 9.60291 -8.42436 0
    endloop
  endfacet
  facet normal 0 0 -1
    outer loop
      vertex 12.5746 -9.64887 0
      vertex 9.55212 -8.61389 0
      vertex 9.58062 -8.51996 0
    endloop
  endfacet
  facet normal 0 0 -1
    outer loop
      vertex 11.9167 -10.4506 0
      vertex 9.51755 -8.70575 0
      vertex 9.55212 -8.61389 0
    endloop
  endfacet
  facet normal 0 0 -1
    outer loop
      vertex 11.9167 -10.4506 0
      vertex 9.47704 -8.79516 0
      vertex 9.51755 -8.70575 0
    endloop
  endfacet
  facet normal 0 0 -1
    outer loop
      vertex 11.9167 -10.4506 0
      vertex 9.43077 -8.88173 0
      vertex 9.47704 -8.79516 0
    endloop
  endfacet
  facet normal 0 0 -1
    outer loop
      vertex 11.9167 -10.4506 0
      vertex 9.37893 -8.96508 0
      vertex 9.43077 -8.88173 0
    endloop
  endfacet
  facet normal 0 0 -1
    outer loop
      vertex 11.2076 -11.2076 0
      vertex 9.32176 -9.04487 0
      vertex 9.37893 -8.96508 0
    endloop
  endfacet
  facet normal 0 0 -1
    outer loop
      vertex 11.2076 -11.2076 0
      vertex 9.25949 -9.12075 0
      vertex 9.32176 -9.04487 0
    endloop
  endfacet
  facet normal 0 0 -1
    outer loop
      vertex 11.2076 -11.2076 0
      vertex 9.19239 -9.19239 0
      vertex 9.25949 -9.12075 0
    endloop
  endfacet
  facet normal 0 0 -1
    outer loop
      vertex 11.2076 -11.2076 0
      vertex 9.12075 -9.25949 0
      vertex 9.19239 -9.19239 0
    endloop
  endfacet
  facet normal 0 0 -1
    outer loop
      vertex 11.2076 -11.2076 0
      vertex 9.04487 -9.32176 0
      vertex 9.12075 -9.25949 0
    endloop
  endfacet
  facet normal 0 0 -1
    outer loop
      vertex 10.4506 -11.9167 0
      vertex 8.96508 -9.37893 0
      vertex 9.04487 -9.32176 0
    endloop
  endfacet
  facet normal 0 0 -1
    outer loop
      vertex 10.4506 -11.9167 0
      vertex 8.88173 -9.43077 0
      vertex 8.96508 -9.37893 0
    endloop
  endfacet
  facet normal 0 0 -1
    outer loop
      vertex 8.13173 -9.63173 0
      vertex 9.64887 -12.5746 0
      vertex 8.80579 -13.1788 0
    endloop
  endfacet
  facet normal 0 0 -1
    outer loop
      vertex 10.4506 -11.9167 0
      vertex 8.79516 -9.47704 0
      vertex 8.88173 -9.43077 0
    endloop
  endfacet
  facet normal 0 0 -1
    outer loop
      vertex 10.4506 -11.9167 0
      vertex 8.70575 -9.51755 0
      vertex 8.79516 -9.47704 0
    endloop
  endfacet
  facet normal 0 0 -1
    outer loop
      vertex 10.4506 -11.9167 0
      vertex 8.61389 -9.55212 0
      vertex 8.70575 -9.51755 0
    endloop
  endfacet
  facet normal 0 0 -1
    outer loop
      vertex 9.64887 -12.5746 0
      vertex 8.51996 -9.58062 0
      vertex 8.61389 -9.55212 0
    endloop
  endfacet
  facet normal 0 0 -1
    outer loop
      vertex 9.64887 -12.5746 0
      vertex 8.42436 -9.60291 0
      vertex 8.51996 -9.58062 0
    endloop
  endfacet
  facet normal 0 0 -1
    outer loop
      vertex 9.64887 -12.5746 0
      vertex 8.32752 -9.61889 0
      vertex 8.42436 -9.60291 0
    endloop
  endfacet
  facet normal 0 0 -1
    outer loop
      vertex 9.64887 -12.5746 0
      vertex 8.22983 -9.62852 0
      vertex 8.32752 -9.61889 0
    endloop
  endfacet
  facet normal 0 0 -1
    outer loop
      vertex 9.64887 -12.5746 0
      vertex 8.13173 -9.63173 0
      vertex 8.22983 -9.62852 0
    endloop
  endfacet
  facet normal 0 0 -1
    outer loop
      vertex 8.80579 -13.1788 0
      vertex 8.03362 -9.62852 0
      vertex 8.13173 -9.63173 0
    endloop
  endfacet
  facet normal 0 0 -1
    outer loop
      vertex 8.80579 -13.1788 0
      vertex 7.93594 -9.61889 0
      vertex 8.03362 -9.62852 0
    endloop
  endfacet
  facet normal 0 0 -1
    outer loop
      vertex 7.7435 -9.58062 0
      vertex 8.80579 -13.1788 0
      vertex 7.925 -13.7265 0
    endloop
  endfacet
  facet normal 0 0 -1
    outer loop
      vertex 8.80579 -13.1788 0
      vertex 7.83909 -9.60291 0
      vertex 7.93594 -9.61889 0
    endloop
  endfacet
  facet normal 0 0 -1
    outer loop
      vertex 8.80579 -13.1788 0
      vertex 7.7435 -9.58062 0
      vertex 7.83909 -9.60291 0
    endloop
  endfacet
  facet normal 0 0 -1
    outer loop
      vertex 7.925 -13.7265 0
      vertex 7.64957 -9.55212 0
      vertex 7.7435 -9.58062 0
    endloop
  endfacet
  facet normal 0 0 -1
    outer loop
      vertex 7.925 -13.7265 0
      vertex 7.5577 -9.51755 0
      vertex 7.64957 -9.55212 0
    endloop
  endfacet
  facet normal 0 0 -1
    outer loop
      vertex 7.925 -13.7265 0
      vertex 7.46829 -9.47704 0
      vertex 7.5577 -9.51755 0
    endloop
  endfacet
  facet normal 0 0 -1
    outer loop
      vertex 7.01027 -14.2154 0
      vertex 7.46829 -9.47704 0
      vertex 7.925 -13.7265 0
    endloop
  endfacet
  facet normal -0 0 -1
    outer loop
      vertex 7.46829 -9.47704 0
      vertex 7.01027 -14.2154 0
      vertex 7.38173 -9.43077 0
    endloop
  endfacet
  facet normal -0 0 -1
    outer loop
      vertex 7.38173 -9.43077 0
      vertex 7.01027 -14.2154 0
      vertex 7.29837 -9.37893 0
    endloop
  endfacet
  facet normal -0 0 -1
    outer loop
      vertex 7.29837 -9.37893 0
      vertex 7.01027 -14.2154 0
      vertex 7.21859 -9.32176 0
    endloop
  endfacet
  facet normal 0 0 -1
    outer loop
      vertex 6.06553 -14.6435 0
      vertex 7.21859 -9.32176 0
      vertex 7.01027 -14.2154 0
    endloop
  endfacet
  facet normal -0 0 -1
    outer loop
      vertex 7.21859 -9.32176 0
      vertex 6.06553 -14.6435 0
      vertex 7.14271 -9.25949 0
    endloop
  endfacet
  facet normal -0 0 -1
    outer loop
      vertex 7.14271 -9.25949 0
      vertex 6.06553 -14.6435 0
      vertex 7.07107 -9.19239 0
    endloop
  endfacet
  facet normal -0 0 -1
    outer loop
      vertex 7.07107 -9.19239 0
      vertex 6.06553 -14.6435 0
      vertex 7.00397 -9.12075 0
    endloop
  endfacet
  facet normal 0 0 -1
    outer loop
      vertex 5.09482 -15.0088 0
      vertex 7.00397 -9.12075 0
      vertex 6.06553 -14.6435 0
    endloop
  endfacet
  facet normal -0 0 -1
    outer loop
      vertex 7.00397 -9.12075 0
      vertex 5.09482 -15.0088 0
      vertex 6.9417 -9.04487 0
    endloop
  endfacet
  facet normal -0 0 -1
    outer loop
      vertex 6.9417 -9.04487 0
      vertex 5.09482 -15.0088 0
      vertex 6.88452 -8.96508 0
    endloop
  endfacet
  facet normal 0 0 -1
    outer loop
      vertex 4.10228 -15.3099 0
      vertex 6.88452 -8.96508 0
      vertex 5.09482 -15.0088 0
    endloop
  endfacet
  facet normal -0 0 -1
    outer loop
      vertex 6.88452 -8.96508 0
      vertex 4.10228 -15.3099 0
      vertex 6.83269 -8.88173 0
    endloop
  endfacet
  facet normal -0 0 -1
    outer loop
      vertex 6.83269 -8.88173 0
      vertex 4.10228 -15.3099 0
      vertex 6.78642 -8.79516 0
    endloop
  endfacet
  facet normal 0 0 -1
    outer loop
      vertex 3.09218 -15.5454 0
      vertex 6.78642 -8.79516 0
      vertex 4.10228 -15.3099 0
    endloop
  endfacet
  facet normal -0 0 -1
    outer loop
      vertex 6.78642 -8.79516 0
      vertex 3.09218 -15.5454 0
      vertex 6.74591 -8.70575 0
    endloop
  endfacet
  facet normal -0 0 -1
    outer loop
      vertex 6.74591 -8.70575 0
      vertex 3.09218 -15.5454 0
      vertex 6.71133 -8.61389 0
    endloop
  endfacet
  facet normal 0 0 -1
    outer loop
      vertex 7.64957 -6.71133 0
      vertex 6.50882 -3.21593 0
      vertex 6.57144 -3.19693 0
    endloop
  endfacet
  facet normal 0 0 -1
    outer loop
      vertex 6.63494 -8.03362 0
      vertex 6.44509 -3.23078 0
      vertex 6.50882 -3.21593 0
    endloop
  endfacet
  facet normal 0 0 -1
    outer loop
      vertex -6.63173 -8.13173 0
      vertex 6.63173 -8.13173 0
      vertex 6.63494 -8.22983 0
    endloop
  endfacet
  facet normal 0 0 -1
    outer loop
      vertex 6.63494 -8.03362 0
      vertex 6.38053 -3.24144 0
      vertex 6.44509 -3.23078 0
    endloop
  endfacet
  facet normal 0 0 -1
    outer loop
      vertex 6.63494 -8.03362 0
      vertex 6.3154 -3.24786 0
      vertex 6.38053 -3.24144 0
    endloop
  endfacet
  facet normal 0 0 -1
    outer loop
      vertex 2.06884 -15.7144 0
      vertex 6.71133 -8.61389 0
      vertex 3.09218 -15.5454 0
    endloop
  endfacet
  facet normal 0 0 -1
    outer loop
      vertex 6.63494 -8.03362 0
      vertex 6.25 -3.25 0
      vertex 6.3154 -3.24786 0
    endloop
  endfacet
  facet normal 0 0 -1
    outer loop
      vertex 6.63494 -8.03362 0
      vertex 6.1846 -3.24786 0
      vertex 6.25 -3.25 0
    endloop
  endfacet
  facet normal 0 0 -1
    outer loop
      vertex 6.63494 -8.03362 0
      vertex 6.11947 -3.24144 0
      vertex 6.1846 -3.24786 0
    endloop
  endfacet
  facet normal -0 0 -1
    outer loop
      vertex 6.71133 -8.61389 0
      vertex 2.06884 -15.7144 0
      vertex 6.68284 -8.51996 0
    endloop
  endfacet
  facet normal 0 0 -1
    outer loop
      vertex 6.63494 -8.03362 0
      vertex 6.05491 -3.23078 0
      vertex 6.11947 -3.24144 0
    endloop
  endfacet
  facet normal 0 0 -1
    outer loop
      vertex 6.63494 -8.03362 0
      vertex 5.99118 -3.21593 0
      vertex 6.05491 -3.23078 0
    endloop
  endfacet
  facet normal 0 0 -1
    outer loop
      vertex 6.63494 -8.03362 0
      vertex 5.92856 -3.19693 0
      vertex 5.99118 -3.21593 0
    endloop
  endfacet
  facet normal 0 0 -1
    outer loop
      vertex 6.63494 -8.03362 0
      vertex 5.86732 -3.17388 0
      vertex 5.92856 -3.19693 0
    endloop
  endfacet
  facet normal 0 0 -1
    outer loop
      vertex 1.03664 -15.8161 0
      vertex 6.68284 -8.51996 0
      vertex 2.06884 -15.7144 0
    endloop
  endfacet
  facet normal 0 0 -1
    outer loop
      vertex 6.63494 -8.03362 0
      vertex 5.80771 -3.14687 0
      vertex 5.86732 -3.17388 0
    endloop
  endfacet
  facet normal 0 0 -1
    outer loop
      vertex 6.63494 -8.03362 0
      vertex 5.75 -3.11602 0
      vertex 5.80771 -3.14687 0
    endloop
  endfacet
  facet normal -0 0 -1
    outer loop
      vertex 6.68284 -8.51996 0
      vertex 1.03664 -15.8161 0
      vertex 6.66055 -8.42436 0
    endloop
  endfacet
  facet normal 0 0 -1
    outer loop
      vertex 6.63494 -8.03362 0
      vertex 5.69443 -3.08147 0
      vertex 5.75 -3.11602 0
    endloop
  endfacet
  facet normal -0 0 -1
    outer loop
      vertex 6.66055 -8.42436 0
      vertex 1.03664 -15.8161 0
      vertex 6.64456 -8.32752 0
    endloop
  endfacet
  facet normal 0 0 -1
    outer loop
      vertex 6.63494 -8.03362 0
      vertex 5.64124 -3.04335 0
      vertex 5.69443 -3.08147 0
    endloop
  endfacet
  facet normal 0 0 -1
    outer loop
      vertex 0 -15.85 0
      vertex 6.64456 -8.32752 0
      vertex 1.03664 -15.8161 0
    endloop
  endfacet
  facet normal 0 0 -1
    outer loop
      vertex 6.63494 -8.03362 0
      vertex 5.59065 -3.00184 0
      vertex 5.64124 -3.04335 0
    endloop
  endfacet
  facet normal 0 0 -1
    outer loop
      vertex -6.64456 -8.32752 0
      vertex 6.64456 -8.32752 0
      vertex 0 -15.85 0
    endloop
  endfacet
  facet normal 0 0 -1
    outer loop
      vertex 6.63173 -8.13173 0
      vertex -6.63173 -8.13173 0
      vertex -6.63494 -8.03362 0
    endloop
  endfacet
  facet normal 0 0 -1
    outer loop
      vertex 6.63494 -8.03362 0
      vertex 5.54289 -2.95711 0
      vertex 5.59065 -3.00184 0
    endloop
  endfacet
  facet normal 0 0 -1
    outer loop
      vertex 6.63494 -8.03362 0
      vertex -6.63494 -8.03362 0
      vertex -6.64456 -7.93594 0
    endloop
  endfacet
  facet normal 0 0 -1
    outer loop
      vertex 6.63494 -8.03362 0
      vertex 5.49816 -2.90935 0
      vertex 5.54289 -2.95711 0
    endloop
  endfacet
  facet normal 0 0 -1
    outer loop
      vertex 6.63494 -8.03362 0
      vertex -6.64456 -7.93594 0
      vertex 5.45665 -2.85876 0
    endloop
  endfacet
  facet normal 0 0 -1
    outer loop
      vertex 6.63494 -8.03362 0
      vertex 5.45665 -2.85876 0
      vertex 5.49816 -2.90935 0
    endloop
  endfacet
  facet normal 0 -0 -1
    outer loop
      vertex -5.45665 -2.85876 0
      vertex 5.45665 -2.85876 0
      vertex -6.64456 -7.93594 0
    endloop
  endfacet
  facet normal 0 0 -1
    outer loop
      vertex 5.38397 -2.75 0
      vertex -5.38397 -2.75 0
      vertex 5.35313 -2.69229 0
    endloop
  endfacet
  facet normal 0 -0 -1
    outer loop
      vertex -5.38397 -2.75 0
      vertex 5.38397 -2.75 0
      vertex -5.41853 -2.80557 0
    endloop
  endfacet
  facet normal 0 0 -1
    outer loop
      vertex 5.41853 -2.80557 0
      vertex -5.41853 -2.80557 0
      vertex 5.38397 -2.75 0
    endloop
  endfacet
  facet normal -0 0 -1
    outer loop
      vertex -9.19239 7.07107 0
      vertex -14.6435 6.06553 0
      vertex -9.25949 7.14271 0
    endloop
  endfacet
  facet normal -0 0 -1
    outer loop
      vertex -9.25949 7.14271 0
      vertex -14.2154 7.01027 0
      vertex -13.7265 7.925 0
    endloop
  endfacet
  facet normal 0 0 -1
    outer loop
      vertex -9.25949 7.14271 0
      vertex -14.6435 6.06553 0
      vertex -14.2154 7.01027 0
    endloop
  endfacet
  facet normal 0 0 -1
    outer loop
      vertex -14.05 2.2 0
      vertex -15.0088 5.09482 0
      vertex -14.6435 6.06553 0
    endloop
  endfacet
  facet normal 0 0 -1
    outer loop
      vertex -14.05 2.2 0
      vertex -15.3099 4.10228 0
      vertex -15.0088 5.09482 0
    endloop
  endfacet
  facet normal 0 0 -1
    outer loop
      vertex -14.05 2.2 0
      vertex -15.5454 3.09218 0
      vertex -15.3099 4.10228 0
    endloop
  endfacet
  facet normal 0 -0 -1
    outer loop
      vertex -15.5454 3.09218 0
      vertex -14.05 2.2 0
      vertex -15.6927 2.2 0
    endloop
  endfacet
  facet normal 0 0 -1
    outer loop
      vertex -7.7435 6.68284 0
      vertex -6.57144 3.19693 0
      vertex -6.63268 3.17388 0
    endloop
  endfacet
  facet normal 0 0 -1
    outer loop
      vertex -6.57144 3.19693 0
      vertex -6.63494 8.03362 0
      vertex -6.63173 8.13173 0
    endloop
  endfacet
  facet normal 0 0 -1
    outer loop
      vertex -6.57144 3.19693 0
      vertex -6.64456 7.93594 0
      vertex -6.63494 8.03362 0
    endloop
  endfacet
  facet normal 0 0 -1
    outer loop
      vertex -6.57144 3.19693 0
      vertex -6.66055 7.83909 0
      vertex -6.64456 7.93594 0
    endloop
  endfacet
  facet normal 0 0 -1
    outer loop
      vertex -6.57144 3.19693 0
      vertex -6.68284 7.7435 0
      vertex -6.66055 7.83909 0
    endloop
  endfacet
  facet normal 0 0 -1
    outer loop
      vertex -7.83909 6.66055 0
      vertex -6.63268 3.17388 0
      vertex -6.69229 3.14687 0
    endloop
  endfacet
  facet normal 0 0 -1
    outer loop
      vertex -6.57144 3.19693 0
      vertex -6.71133 7.64957 0
      vertex -6.68284 7.7435 0
    endloop
  endfacet
  facet normal 0 0 -1
    outer loop
      vertex -6.57144 3.19693 0
      vertex -6.74591 7.5577 0
      vertex -6.71133 7.64957 0
    endloop
  endfacet
  facet normal 0 0 -1
    outer loop
      vertex -7.93594 6.64456 0
      vertex -6.69229 3.14687 0
      vertex -6.75 3.11602 0
    endloop
  endfacet
  facet normal 0 0 -1
    outer loop
      vertex -6.57144 3.19693 0
      vertex -6.78642 7.46829 0
      vertex -6.74591 7.5577 0
    endloop
  endfacet
  facet normal 0 0 -1
    outer loop
      vertex -7.93594 6.64456 0
      vertex -6.75 3.11602 0
      vertex -6.80557 3.08147 0
    endloop
  endfacet
  facet normal 0 0 -1
    outer loop
      vertex -6.57144 3.19693 0
      vertex -6.83269 7.38173 0
      vertex -6.78642 7.46829 0
    endloop
  endfacet
  facet normal 0 0 -1
    outer loop
      vertex -8.03362 6.63494 0
      vertex -6.80557 3.08147 0
      vertex -6.85876 3.04335 0
    endloop
  endfacet
  facet normal 0 0 -1
    outer loop
      vertex -6.57144 3.19693 0
      vertex -6.88452 7.29837 0
      vertex -6.83269 7.38173 0
    endloop
  endfacet
  facet normal 0 0 -1
    outer loop
      vertex -8.13173 6.63173 0
      vertex -6.85876 3.04335 0
      vertex -6.90935 3.00184 0
    endloop
  endfacet
  facet normal 0 0 -1
    outer loop
      vertex -6.57144 3.19693 0
      vertex -6.9417 7.21859 0
      vertex -6.88452 7.29837 0
    endloop
  endfacet
  facet normal 0 0 -1
    outer loop
      vertex -8.22983 6.63494 0
      vertex -6.90935 3.00184 0
      vertex -6.95711 2.95711 0
    endloop
  endfacet
  facet normal 0 0 -1
    outer loop
      vertex -8.32752 6.64456 0
      vertex -6.95711 2.95711 0
      vertex -7.00184 2.90935 0
    endloop
  endfacet
  facet normal 0 0 -1
    outer loop
      vertex -6.57144 3.19693 0
      vertex -7.00397 7.14271 0
      vertex -6.9417 7.21859 0
    endloop
  endfacet
  facet normal 0 0 -1
    outer loop
      vertex -8.42436 6.66055 0
      vertex -7.00184 2.90935 0
      vertex -7.04335 2.85876 0
    endloop
  endfacet
  facet normal 0 0 -1
    outer loop
      vertex -6.57144 3.19693 0
      vertex -7.07107 7.07107 0
      vertex -7.00397 7.14271 0
    endloop
  endfacet
  facet normal 0 0 -1
    outer loop
      vertex -8.51996 6.68284 0
      vertex -7.04335 2.85876 0
      vertex -7.08147 2.80557 0
    endloop
  endfacet
  facet normal 0 0 -1
    outer loop
      vertex -8.51996 6.68284 0
      vertex -7.08147 2.80557 0
      vertex -7.11602 2.75 0
    endloop
  endfacet
  facet normal 0 0 -1
    outer loop
      vertex -6.57144 3.19693 0
      vertex -7.14271 7.00397 0
      vertex -7.07107 7.07107 0
    endloop
  endfacet
  facet normal 0 0 -1
    outer loop
      vertex -8.61389 6.71133 0
      vertex -7.11602 2.75 0
      vertex -7.14687 2.69229 0
    endloop
  endfacet
  facet normal 0 0 -1
    outer loop
      vertex -8.70575 6.74591 0
      vertex -7.14687 2.69229 0
      vertex -7.17388 2.63268 0
    endloop
  endfacet
  facet normal 0 0 -1
    outer loop
      vertex -8.79516 6.78642 0
      vertex -7.17388 2.63268 0
      vertex -7.19693 2.57144 0
    endloop
  endfacet
  facet normal 0 0 -1
    outer loop
      vertex -14.05 2.2 0
      vertex -7.19693 2.57144 0
      vertex -7.21593 2.50882 0
    endloop
  endfacet
  facet normal 0 0 -1
    outer loop
      vertex -6.57144 3.19693 0
      vertex -7.21859 6.9417 0
      vertex -7.14271 7.00397 0
    endloop
  endfacet
  facet normal 0 0 -1
    outer loop
      vertex -14.05 2.2 0
      vertex -7.21593 2.50882 0
      vertex -7.23078 2.44509 0
    endloop
  endfacet
  facet normal 0 0 -1
    outer loop
      vertex -14.05 2.2 0
      vertex -7.23078 2.44509 0
      vertex -7.24144 2.38053 0
    endloop
  endfacet
  facet normal 0 0 -1
    outer loop
      vertex -14.05 2.2 0
      vertex -7.24144 2.38053 0
      vertex -7.24786 2.3154 0
    endloop
  endfacet
  facet normal 0 0 -1
    outer loop
      vertex -14.05 2.2 0
      vertex -7.25 2.25 0
      vertex -14.05 -2.2 0
    endloop
  endfacet
  facet normal 0 0 -1
    outer loop
      vertex -6.57144 3.19693 0
      vertex -7.29837 6.88452 0
      vertex -7.21859 6.9417 0
    endloop
  endfacet
  facet normal -0 0 -1
    outer loop
      vertex -7.00184 -2.90935 0
      vertex -8.42436 -6.66055 0
      vertex -7.04335 -2.85876 0
    endloop
  endfacet
  facet normal 0 0 -1
    outer loop
      vertex -8.51996 -6.68284 0
      vertex -7.04335 -2.85876 0
      vertex -8.42436 -6.66055 0
    endloop
  endfacet
  facet normal 0 0 -1
    outer loop
      vertex -6.57144 3.19693 0
      vertex -7.38173 6.83269 0
      vertex -7.29837 6.88452 0
    endloop
  endfacet
  facet normal -0 0 -1
    outer loop
      vertex -7.04335 -2.85876 0
      vertex -8.51996 -6.68284 0
      vertex -7.08147 -2.80557 0
    endloop
  endfacet
  facet normal 0 0 -1
    outer loop
      vertex -6.57144 3.19693 0
      vertex -7.46829 6.78642 0
      vertex -7.38173 6.83269 0
    endloop
  endfacet
  facet normal -0 0 -1
    outer loop
      vertex -7.08147 -2.80557 0
      vertex -8.51996 -6.68284 0
      vertex -7.11602 -2.75 0
    endloop
  endfacet
  facet normal 0 0 -1
    outer loop
      vertex -6.57144 3.19693 0
      vertex -7.5577 6.74591 0
      vertex -7.46829 6.78642 0
    endloop
  endfacet
  facet normal 0 0 -1
    outer loop
      vertex -8.61389 -6.71133 0
      vertex -7.11602 -2.75 0
      vertex -8.51996 -6.68284 0
    endloop
  endfacet
  facet normal 0 0 -1
    outer loop
      vertex -6.57144 3.19693 0
      vertex -7.64957 6.71133 0
      vertex -7.5577 6.74591 0
    endloop
  endfacet
  facet normal -0 0 -1
    outer loop
      vertex -7.11602 -2.75 0
      vertex -8.61389 -6.71133 0
      vertex -7.14687 -2.69229 0
    endloop
  endfacet
  facet normal 0 0 -1
    outer loop
      vertex -6.57144 3.19693 0
      vertex -7.7435 6.68284 0
      vertex -7.64957 6.71133 0
    endloop
  endfacet
  facet normal 0 0 -1
    outer loop
      vertex -8.70575 -6.74591 0
      vertex -7.14687 -2.69229 0
      vertex -8.61389 -6.71133 0
    endloop
  endfacet
  facet normal 0 0 -1
    outer loop
      vertex -6.63268 3.17388 0
      vertex -7.83909 6.66055 0
      vertex -7.7435 6.68284 0
    endloop
  endfacet
  facet normal -0 0 -1
    outer loop
      vertex -7.14687 -2.69229 0
      vertex -8.70575 -6.74591 0
      vertex -7.17388 -2.63268 0
    endloop
  endfacet
  facet normal 0 0 -1
    outer loop
      vertex -6.69229 3.14687 0
      vertex -7.93594 6.64456 0
      vertex -7.83909 6.66055 0
    endloop
  endfacet
  facet normal 0 0 -1
    outer loop
      vertex -8.79516 -6.78642 0
      vertex -7.17388 -2.63268 0
      vertex -8.70575 -6.74591 0
    endloop
  endfacet
  facet normal 0 0 -1
    outer loop
      vertex -6.80557 3.08147 0
      vertex -8.03362 6.63494 0
      vertex -7.93594 6.64456 0
    endloop
  endfacet
  facet normal -0 0 -1
    outer loop
      vertex -7.17388 -2.63268 0
      vertex -8.79516 -6.78642 0
      vertex -7.19693 -2.57144 0
    endloop
  endfacet
  facet normal -0 0 -1
    outer loop
      vertex -7.25 2.25 0
      vertex -14.05 2.2 0
      vertex -7.24786 2.3154 0
    endloop
  endfacet
  facet normal 0 0 -1
    outer loop
      vertex -8.88173 -6.83269 0
      vertex -7.19693 -2.57144 0
      vertex -8.79516 -6.78642 0
    endloop
  endfacet
  facet normal 0 0 -1
    outer loop
      vertex -6.85876 3.04335 0
      vertex -8.13173 6.63173 0
      vertex -8.03362 6.63494 0
    endloop
  endfacet
  facet normal 0 0 -1
    outer loop
      vertex -14.05 -2.2 0
      vertex -7.19693 -2.57144 0
      vertex -8.88173 -6.83269 0
    endloop
  endfacet
  facet normal 0 0 -1
    outer loop
      vertex -6.90935 3.00184 0
      vertex -8.22983 6.63494 0
      vertex -8.13173 6.63173 0
    endloop
  endfacet
  facet normal 0 0 -1
    outer loop
      vertex -7.25 -2.25 0
      vertex -14.05 -2.2 0
      vertex -7.25 2.25 0
    endloop
  endfacet
  facet normal 0 0 -1
    outer loop
      vertex -6.95711 2.95711 0
      vertex -8.32752 6.64456 0
      vertex -8.22983 6.63494 0
    endloop
  endfacet
  facet normal 0 0 -1
    outer loop
      vertex -7.19693 -2.57144 0
      vertex -14.05 -2.2 0
      vertex -7.21593 -2.50882 0
    endloop
  endfacet
  facet normal 0 0 -1
    outer loop
      vertex -7.00184 2.90935 0
      vertex -8.42436 6.66055 0
      vertex -8.32752 6.64456 0
    endloop
  endfacet
  facet normal 0 0 -1
    outer loop
      vertex -7.21593 -2.50882 0
      vertex -14.05 -2.2 0
      vertex -7.23078 -2.44509 0
    endloop
  endfacet
  facet normal 0 0 -1
    outer loop
      vertex -7.04335 2.85876 0
      vertex -8.51996 6.68284 0
      vertex -8.42436 6.66055 0
    endloop
  endfacet
  facet normal 0 0 -1
    outer loop
      vertex -7.23078 -2.44509 0
      vertex -14.05 -2.2 0
      vertex -7.24144 -2.38053 0
    endloop
  endfacet
  facet normal 0 0 -1
    outer loop
      vertex -7.11602 2.75 0
      vertex -8.61389 6.71133 0
      vertex -8.51996 6.68284 0
    endloop
  endfacet
  facet normal 0 0 -1
    outer loop
      vertex -7.24144 -2.38053 0
      vertex -14.05 -2.2 0
      vertex -7.24786 -2.3154 0
    endloop
  endfacet
  facet normal 0 0 -1
    outer loop
      vertex -7.14687 2.69229 0
      vertex -8.70575 6.74591 0
      vertex -8.61389 6.71133 0
    endloop
  endfacet
  facet normal 0 0 -1
    outer loop
      vertex -7.24786 -2.3154 0
      vertex -14.05 -2.2 0
      vertex -7.25 -2.25 0
    endloop
  endfacet
  facet normal 0 0 -1
    outer loop
      vertex -7.17388 2.63268 0
      vertex -8.79516 6.78642 0
      vertex -8.70575 6.74591 0
    endloop
  endfacet
  facet normal 0 0 -1
    outer loop
      vertex -14.05 -2.2 0
      vertex -8.88173 -6.83269 0
      vertex -8.96508 -6.88452 0
    endloop
  endfacet
  facet normal 0 0 -1
    outer loop
      vertex -7.19693 2.57144 0
      vertex -8.88173 6.83269 0
      vertex -8.79516 6.78642 0
    endloop
  endfacet
  facet normal 0 0 -1
    outer loop
      vertex -14.05 -2.2 0
      vertex -8.96508 -6.88452 0
      vertex -9.04487 -6.9417 0
    endloop
  endfacet
  facet normal -0 0 -1
    outer loop
      vertex -7.19693 2.57144 0
      vertex -14.05 2.2 0
      vertex -8.88173 6.83269 0
    endloop
  endfacet
  facet normal 0 0 -1
    outer loop
      vertex -14.05 -2.2 0
      vertex -9.04487 -6.9417 0
      vertex -9.12075 -7.00397 0
    endloop
  endfacet
  facet normal -0 0 -1
    outer loop
      vertex -8.88173 6.83269 0
      vertex -14.05 2.2 0
      vertex -8.96508 6.88452 0
    endloop
  endfacet
  facet normal 0 0 -1
    outer loop
      vertex -14.05 -2.2 0
      vertex -9.12075 -7.00397 0
      vertex -9.19239 -7.07107 0
    endloop
  endfacet
  facet normal -0 0 -1
    outer loop
      vertex -8.96508 6.88452 0
      vertex -14.05 2.2 0
      vertex -9.04487 6.9417 0
    endloop
  endfacet
  facet normal 0 0 -1
    outer loop
      vertex -14.05 -2.2 0
      vertex -9.19239 -7.07107 0
      vertex -9.25949 -7.14271 0
    endloop
  endfacet
  facet normal 0 0 -1
    outer loop
      vertex -14.05 2.2 0
      vertex -9.12075 7.00397 0
      vertex -9.04487 6.9417 0
    endloop
  endfacet
  facet normal 0 0 -1
    outer loop
      vertex -14.05 -2.2 0
      vertex -9.25949 -7.14271 0
      vertex -9.32176 -7.21859 0
    endloop
  endfacet
  facet normal 0 0 -1
    outer loop
      vertex -14.05 2.2 0
      vertex -9.19239 7.07107 0
      vertex -9.12075 7.00397 0
    endloop
  endfacet
  facet normal 0 0 -1
    outer loop
      vertex -14.05 -2.2 0
      vertex -9.32176 -7.21859 0
      vertex -9.37893 -7.29837 0
    endloop
  endfacet
  facet normal 0 0 -1
    outer loop
      vertex -14.6435 6.06553 0
      vertex -9.19239 7.07107 0
      vertex -14.05 2.2 0
    endloop
  endfacet
  facet normal 0 0 -1
    outer loop
      vertex -14.05 -2.2 0
      vertex -9.37893 -7.29837 0
      vertex -9.43077 -7.38173 0
    endloop
  endfacet
  facet normal 0 0 -1
    outer loop
      vertex -9.25949 7.14271 0
      vertex -13.7265 7.925 0
      vertex -9.32176 7.21859 0
    endloop
  endfacet
  facet normal 0 0 -1
    outer loop
      vertex -14.05 -2.2 0
      vertex -9.43077 -7.38173 0
      vertex -9.47704 -7.46829 0
    endloop
  endfacet
  facet normal 0 0 -1
    outer loop
      vertex -9.32176 7.21859 0
      vertex -13.7265 7.925 0
      vertex -9.37893 7.29837 0
    endloop
  endfacet
  facet normal 0 0 -1
    outer loop
      vertex -14.05 -2.2 0
      vertex -9.47704 -7.46829 0
      vertex -9.51755 -7.5577 0
    endloop
  endfacet
  facet normal 0 0 -1
    outer loop
      vertex -9.37893 7.29837 0
      vertex -13.7265 7.925 0
      vertex -9.43077 7.38173 0
    endloop
  endfacet
  facet normal 0 0 -1
    outer loop
      vertex -14.05 -2.2 0
      vertex -9.51755 -7.5577 0
      vertex -9.55212 -7.64957 0
    endloop
  endfacet
  facet normal 0 0 -1
    outer loop
      vertex -9.43077 7.38173 0
      vertex -13.7265 7.925 0
      vertex -9.47704 7.46829 0
    endloop
  endfacet
  facet normal 0 0 -1
    outer loop
      vertex -14.05 -2.2 0
      vertex -9.55212 -7.64957 0
      vertex -9.58062 -7.7435 0
    endloop
  endfacet
  facet normal 0 0 -1
    outer loop
      vertex -9.47704 7.46829 0
      vertex -13.7265 7.925 0
      vertex -9.51755 7.5577 0
    endloop
  endfacet
  facet normal 0 0 -1
    outer loop
      vertex -14.05 -2.2 0
      vertex -9.58062 -7.7435 0
      vertex -9.60291 -7.83909 0
    endloop
  endfacet
  facet normal 0 0 -1
    outer loop
      vertex -9.51755 7.5577 0
      vertex -13.7265 7.925 0
      vertex -9.55212 7.64957 0
    endloop
  endfacet
  facet normal 0 0 -1
    outer loop
      vertex -14.05 -2.2 0
      vertex -9.60291 -7.83909 0
      vertex -9.61889 -7.93594 0
    endloop
  endfacet
  facet normal 0 0 -1
    outer loop
      vertex -9.55212 7.64957 0
      vertex -13.7265 7.925 0
      vertex -9.58062 7.7435 0
    endloop
  endfacet
  facet normal 0 0 -1
    outer loop
      vertex -14.05 -2.2 0
      vertex -9.61889 -7.93594 0
      vertex -9.62852 -8.03362 0
    endloop
  endfacet
  facet normal 0 -0 -1
    outer loop
      vertex -13.1788 8.80579 0
      vertex -9.58062 7.7435 0
      vertex -13.7265 7.925 0
    endloop
  endfacet
  facet normal 0 0 -1
    outer loop
      vertex -14.05 -2.2 0
      vertex -9.62852 -8.03362 0
      vertex -9.63173 -8.13173 0
    endloop
  endfacet
  facet normal 0 0 -1
    outer loop
      vertex -9.58062 7.7435 0
      vertex -13.1788 8.80579 0
      vertex -9.60291 7.83909 0
    endloop
  endfacet
  facet normal 0 0 -1
    outer loop
      vertex -5.26921 -2.05491 0
      vertex 5.25 -2.25 0
      vertex -5.25855 -2.11947 0
    endloop
  endfacet
  facet normal -0 0 -1
    outer loop
      vertex 5.25 2.25 0
      vertex -5.25214 2.1846 0
      vertex -5.25 2.25 0
    endloop
  endfacet
  facet normal 0 0 -1
    outer loop
      vertex -5.28407 -1.99118 0
      vertex 5.25 -2.25 0
      vertex -5.26921 -2.05491 0
    endloop
  endfacet
  facet normal 0 0 -1
    outer loop
      vertex 5.25 2.25 0
      vertex -5.25855 2.11947 0
      vertex -5.25214 2.1846 0
    endloop
  endfacet
  facet normal 0 0 -1
    outer loop
      vertex -5.30307 -1.92856 0
      vertex 5.25 -2.25 0
      vertex -5.28407 -1.99118 0
    endloop
  endfacet
  facet normal 0 0 -1
    outer loop
      vertex 5.25 2.25 0
      vertex -5.26921 2.05491 0
      vertex -5.25855 2.11947 0
    endloop
  endfacet
  facet normal 0 0 -1
    outer loop
      vertex 5.25 -2.25 0
      vertex -5.30307 -1.92856 0
      vertex 5.25 2.25 0
    endloop
  endfacet
  facet normal 0 0 -1
    outer loop
      vertex 5.25 2.25 0
      vertex -5.28407 1.99118 0
      vertex -5.26921 2.05491 0
    endloop
  endfacet
  facet normal 0 0 -1
    outer loop
      vertex -5.30307 1.92856 0
      vertex 5.25 2.25 0
      vertex -5.30307 -1.92856 0
    endloop
  endfacet
  facet normal 0 0 -1
    outer loop
      vertex 5.25 2.25 0
      vertex -5.30307 1.92856 0
      vertex -5.28407 1.99118 0
    endloop
  endfacet
  facet normal 0 0 -1
    outer loop
      vertex -5.32612 -1.86732 0
      vertex -5.30307 1.92856 0
      vertex -5.30307 -1.92856 0
    endloop
  endfacet
  facet normal 0 0 -1
    outer loop
      vertex -5.32612 -1.86732 0
      vertex -5.32612 1.86732 0
      vertex -5.30307 1.92856 0
    endloop
  endfacet
  facet normal 0 0 -1
    outer loop
      vertex -5.35313 -1.80771 0
      vertex -5.32612 1.86732 0
      vertex -5.32612 -1.86732 0
    endloop
  endfacet
  facet normal 0 0 -1
    outer loop
      vertex -5.35313 -1.80771 0
      vertex -5.35313 1.80771 0
      vertex -5.32612 1.86732 0
    endloop
  endfacet
  facet normal 0 0 -1
    outer loop
      vertex -5.38397 -1.75 0
      vertex -5.35313 1.80771 0
      vertex -5.35313 -1.80771 0
    endloop
  endfacet
  facet normal 0 0 -1
    outer loop
      vertex -5.38397 -1.75 0
      vertex -5.38397 1.75 0
      vertex -5.35313 1.80771 0
    endloop
  endfacet
  facet normal 0 0 -1
    outer loop
      vertex -5.41853 -1.69443 0
      vertex -5.38397 1.75 0
      vertex -5.38397 -1.75 0
    endloop
  endfacet
  facet normal 0 0 -1
    outer loop
      vertex -5.41853 -1.69443 0
      vertex -5.41853 1.69443 0
      vertex -5.38397 1.75 0
    endloop
  endfacet
  facet normal 0 0 -1
    outer loop
      vertex -5.45665 -1.64124 0
      vertex -5.41853 1.69443 0
      vertex -5.41853 -1.69443 0
    endloop
  endfacet
  facet normal 0 0 -1
    outer loop
      vertex -5.45665 -1.64124 0
      vertex -5.45665 1.64124 0
      vertex -5.41853 1.69443 0
    endloop
  endfacet
  facet normal 0 0 -1
    outer loop
      vertex -5.49816 -1.59065 0
      vertex -5.45665 1.64124 0
      vertex -5.45665 -1.64124 0
    endloop
  endfacet
  facet normal 0 0 -1
    outer loop
      vertex -5.49816 -1.59065 0
      vertex -5.49816 1.59065 0
      vertex -5.45665 1.64124 0
    endloop
  endfacet
  facet normal 0 0 -1
    outer loop
      vertex -5.54289 -1.54289 0
      vertex -5.49816 1.59065 0
      vertex -5.49816 -1.59065 0
    endloop
  endfacet
  facet normal 0 0 -1
    outer loop
      vertex -5.54289 -1.54289 0
      vertex -5.54289 1.54289 0
      vertex -5.49816 1.59065 0
    endloop
  endfacet
  facet normal 0 0 -1
    outer loop
      vertex -5.59065 -1.49816 0
      vertex -5.54289 1.54289 0
      vertex -5.54289 -1.54289 0
    endloop
  endfacet
  facet normal 0 0 -1
    outer loop
      vertex -5.59065 -1.49816 0
      vertex -5.59065 1.49816 0
      vertex -5.54289 1.54289 0
    endloop
  endfacet
  facet normal 0 0 -1
    outer loop
      vertex -5.64124 -1.45665 0
      vertex -5.59065 1.49816 0
      vertex -5.59065 -1.49816 0
    endloop
  endfacet
  facet normal 0 0 -1
    outer loop
      vertex -5.64124 -1.45665 0
      vertex -5.64124 1.45665 0
      vertex -5.59065 1.49816 0
    endloop
  endfacet
  facet normal 0 0 -1
    outer loop
      vertex -5.69443 -1.41853 0
      vertex -5.64124 1.45665 0
      vertex -5.64124 -1.45665 0
    endloop
  endfacet
  facet normal 0 0 -1
    outer loop
      vertex -5.69443 -1.41853 0
      vertex -5.69443 1.41853 0
      vertex -5.64124 1.45665 0
    endloop
  endfacet
  facet normal 0 0 -1
    outer loop
      vertex -5.75 -1.38397 0
      vertex -5.69443 1.41853 0
      vertex -5.69443 -1.41853 0
    endloop
  endfacet
  facet normal 0 0 -1
    outer loop
      vertex -5.75 -1.38397 0
      vertex -5.75 1.38397 0
      vertex -5.69443 1.41853 0
    endloop
  endfacet
  facet normal 0 0 -1
    outer loop
      vertex -5.80771 -1.35313 0
      vertex -5.75 1.38397 0
      vertex -5.75 -1.38397 0
    endloop
  endfacet
  facet normal 0 0 -1
    outer loop
      vertex -5.80771 -1.35313 0
      vertex -5.80771 1.35313 0
      vertex -5.75 1.38397 0
    endloop
  endfacet
  facet normal 0 0 -1
    outer loop
      vertex -5.86732 -1.32612 0
      vertex -5.80771 1.35313 0
      vertex -5.80771 -1.35313 0
    endloop
  endfacet
  facet normal 0 0 -1
    outer loop
      vertex -5.86732 -1.32612 0
      vertex -5.86732 1.32612 0
      vertex -5.80771 1.35313 0
    endloop
  endfacet
  facet normal 0 0 -1
    outer loop
      vertex -5.92856 -1.30307 0
      vertex -5.86732 1.32612 0
      vertex -5.86732 -1.32612 0
    endloop
  endfacet
  facet normal 0 0 -1
    outer loop
      vertex -5.92856 -1.30307 0
      vertex -5.92856 1.30307 0
      vertex -5.86732 1.32612 0
    endloop
  endfacet
  facet normal 0 0 -1
    outer loop
      vertex -5.99118 -1.28407 0
      vertex -5.92856 1.30307 0
      vertex -5.92856 -1.30307 0
    endloop
  endfacet
  facet normal 0 0 -1
    outer loop
      vertex -5.99118 -1.28407 0
      vertex -5.99118 1.28407 0
      vertex -5.92856 1.30307 0
    endloop
  endfacet
  facet normal 0 0 -1
    outer loop
      vertex -6.05491 -1.26921 0
      vertex -5.99118 1.28407 0
      vertex -5.99118 -1.28407 0
    endloop
  endfacet
  facet normal 0 0 -1
    outer loop
      vertex -6.05491 -1.26921 0
      vertex -6.05491 1.26921 0
      vertex -5.99118 1.28407 0
    endloop
  endfacet
  facet normal 0 0 -1
    outer loop
      vertex -6.11947 -1.25855 0
      vertex -6.05491 1.26921 0
      vertex -6.05491 -1.26921 0
    endloop
  endfacet
  facet normal 0 0 -1
    outer loop
      vertex -6.11947 -1.25855 0
      vertex -6.11947 1.25855 0
      vertex -6.05491 1.26921 0
    endloop
  endfacet
  facet normal 0 0 -1
    outer loop
      vertex -6.1846 -1.25214 0
      vertex -6.11947 1.25855 0
      vertex -6.11947 -1.25855 0
    endloop
  endfacet
  facet normal 0 0 -1
    outer loop
      vertex -6.1846 -1.25214 0
      vertex -6.1846 1.25214 0
      vertex -6.11947 1.25855 0
    endloop
  endfacet
  facet normal 0 0 -1
    outer loop
      vertex -6.25 -1.25 0
      vertex -6.1846 1.25214 0
      vertex -6.1846 -1.25214 0
    endloop
  endfacet
  facet normal 0 0 -1
    outer loop
      vertex -6.25 -1.25 0
      vertex -6.25 1.25 0
      vertex -6.1846 1.25214 0
    endloop
  endfacet
  facet normal 0 0 -1
    outer loop
      vertex -6.3154 -1.25214 0
      vertex -6.25 1.25 0
      vertex -6.25 -1.25 0
    endloop
  endfacet
  facet normal 0 0 -1
    outer loop
      vertex -6.3154 -1.25214 0
      vertex -6.3154 1.25214 0
      vertex -6.25 1.25 0
    endloop
  endfacet
  facet normal 0 0 -1
    outer loop
      vertex -6.38053 -1.25855 0
      vertex -6.3154 1.25214 0
      vertex -6.3154 -1.25214 0
    endloop
  endfacet
  facet normal 0 0 -1
    outer loop
      vertex -6.38053 -1.25855 0
      vertex -6.38053 1.25855 0
      vertex -6.3154 1.25214 0
    endloop
  endfacet
  facet normal 0 0 -1
    outer loop
      vertex -6.44509 -1.26921 0
      vertex -6.38053 1.25855 0
      vertex -6.38053 -1.25855 0
    endloop
  endfacet
  facet normal 0 0 -1
    outer loop
      vertex -6.44509 -1.26921 0
      vertex -6.44509 1.26921 0
      vertex -6.38053 1.25855 0
    endloop
  endfacet
  facet normal 0 0 -1
    outer loop
      vertex -6.50882 -1.28407 0
      vertex -6.44509 1.26921 0
      vertex -6.44509 -1.26921 0
    endloop
  endfacet
  facet normal 0 0 -1
    outer loop
      vertex -6.50882 -1.28407 0
      vertex -6.50882 1.28407 0
      vertex -6.44509 1.26921 0
    endloop
  endfacet
  facet normal 0 0 -1
    outer loop
      vertex -6.57144 -1.30307 0
      vertex -6.50882 1.28407 0
      vertex -6.50882 -1.28407 0
    endloop
  endfacet
  facet normal 0 0 -1
    outer loop
      vertex -6.57144 -1.30307 0
      vertex -6.57144 1.30307 0
      vertex -6.50882 1.28407 0
    endloop
  endfacet
  facet normal 0 0 -1
    outer loop
      vertex -6.63268 -1.32612 0
      vertex -6.57144 1.30307 0
      vertex -6.57144 -1.30307 0
    endloop
  endfacet
  facet normal 0 0 -1
    outer loop
      vertex -6.63268 -1.32612 0
      vertex -6.63268 1.32612 0
      vertex -6.57144 1.30307 0
    endloop
  endfacet
  facet normal 0 0 -1
    outer loop
      vertex -6.69229 -1.35313 0
      vertex -6.63268 1.32612 0
      vertex -6.63268 -1.32612 0
    endloop
  endfacet
  facet normal 0 0 -1
    outer loop
      vertex -6.69229 -1.35313 0
      vertex -6.69229 1.35313 0
      vertex -6.63268 1.32612 0
    endloop
  endfacet
  facet normal 0 0 -1
    outer loop
      vertex -6.75 -1.38397 0
      vertex -6.69229 1.35313 0
      vertex -6.69229 -1.35313 0
    endloop
  endfacet
  facet normal 0 0 -1
    outer loop
      vertex -6.75 -1.38397 0
      vertex -6.75 1.38397 0
      vertex -6.69229 1.35313 0
    endloop
  endfacet
  facet normal 0 0 -1
    outer loop
      vertex -6.80557 -1.41853 0
      vertex -6.75 1.38397 0
      vertex -6.75 -1.38397 0
    endloop
  endfacet
  facet normal 0 0 -1
    outer loop
      vertex -6.80557 -1.41853 0
      vertex -6.80557 1.41853 0
      vertex -6.75 1.38397 0
    endloop
  endfacet
  facet normal 0 0 -1
    outer loop
      vertex -6.85876 -1.45665 0
      vertex -6.80557 1.41853 0
      vertex -6.80557 -1.41853 0
    endloop
  endfacet
  facet normal 0 0 -1
    outer loop
      vertex -6.85876 -1.45665 0
      vertex -6.85876 1.45665 0
      vertex -6.80557 1.41853 0
    endloop
  endfacet
  facet normal 0 0 -1
    outer loop
      vertex -6.90935 -1.49816 0
      vertex -6.85876 1.45665 0
      vertex -6.85876 -1.45665 0
    endloop
  endfacet
  facet normal 0 0 -1
    outer loop
      vertex -6.90935 -1.49816 0
      vertex -6.90935 1.49816 0
      vertex -6.85876 1.45665 0
    endloop
  endfacet
  facet normal 0 0 -1
    outer loop
      vertex -6.95711 -1.54289 0
      vertex -6.90935 1.49816 0
      vertex -6.90935 -1.49816 0
    endloop
  endfacet
  facet normal 0 0 -1
    outer loop
      vertex -6.95711 -1.54289 0
      vertex -6.95711 1.54289 0
      vertex -6.90935 1.49816 0
    endloop
  endfacet
  facet normal 0 0 -1
    outer loop
      vertex -7.00184 -1.59065 0
      vertex -6.95711 1.54289 0
      vertex -6.95711 -1.54289 0
    endloop
  endfacet
  facet normal 0 0 -1
    outer loop
      vertex -7.00184 -1.59065 0
      vertex -7.00184 1.59065 0
      vertex -6.95711 1.54289 0
    endloop
  endfacet
  facet normal 0 0 -1
    outer loop
      vertex -7.04335 -1.64124 0
      vertex -7.00184 1.59065 0
      vertex -7.00184 -1.59065 0
    endloop
  endfacet
  facet normal 0 0 -1
    outer loop
      vertex -7.04335 -1.64124 0
      vertex -7.04335 1.64124 0
      vertex -7.00184 1.59065 0
    endloop
  endfacet
  facet normal 0 0 -1
    outer loop
      vertex -7.08147 -1.69443 0
      vertex -7.04335 1.64124 0
      vertex -7.04335 -1.64124 0
    endloop
  endfacet
  facet normal 0 0 -1
    outer loop
      vertex -7.08147 -1.69443 0
      vertex -7.08147 1.69443 0
      vertex -7.04335 1.64124 0
    endloop
  endfacet
  facet normal 0 0 -1
    outer loop
      vertex -7.11602 -1.75 0
      vertex -7.08147 1.69443 0
      vertex -7.08147 -1.69443 0
    endloop
  endfacet
  facet normal 0 0 -1
    outer loop
      vertex -7.11602 -1.75 0
      vertex -7.11602 1.75 0
      vertex -7.08147 1.69443 0
    endloop
  endfacet
  facet normal 0 0 -1
    outer loop
      vertex -7.14687 -1.80771 0
      vertex -7.11602 1.75 0
      vertex -7.11602 -1.75 0
    endloop
  endfacet
  facet normal 0 0 -1
    outer loop
      vertex -7.14687 -1.80771 0
      vertex -7.14687 1.80771 0
      vertex -7.11602 1.75 0
    endloop
  endfacet
  facet normal 0 0 -1
    outer loop
      vertex -7.17388 -1.86732 0
      vertex -7.14687 1.80771 0
      vertex -7.14687 -1.80771 0
    endloop
  endfacet
  facet normal 0 0 -1
    outer loop
      vertex -7.17388 -1.86732 0
      vertex -7.17388 1.86732 0
      vertex -7.14687 1.80771 0
    endloop
  endfacet
  facet normal 0 0 -1
    outer loop
      vertex -7.19693 -1.92856 0
      vertex -7.17388 1.86732 0
      vertex -7.17388 -1.86732 0
    endloop
  endfacet
  facet normal 0 0 -1
    outer loop
      vertex -7.19693 -1.92856 0
      vertex -7.19693 1.92856 0
      vertex -7.17388 1.86732 0
    endloop
  endfacet
  facet normal 0 0 -1
    outer loop
      vertex -7.21593 -1.99118 0
      vertex -7.19693 1.92856 0
      vertex -7.19693 -1.92856 0
    endloop
  endfacet
  facet normal 0 0 -1
    outer loop
      vertex -7.21593 -1.99118 0
      vertex -7.21593 1.99118 0
      vertex -7.19693 1.92856 0
    endloop
  endfacet
  facet normal 0 0 -1
    outer loop
      vertex -7.23078 -2.05491 0
      vertex -7.21593 1.99118 0
      vertex -7.21593 -1.99118 0
    endloop
  endfacet
  facet normal 0 0 -1
    outer loop
      vertex -7.23078 -2.05491 0
      vertex -7.23078 2.05491 0
      vertex -7.21593 1.99118 0
    endloop
  endfacet
  facet normal 0 0 -1
    outer loop
      vertex -7.24144 -2.11947 0
      vertex -7.23078 2.05491 0
      vertex -7.23078 -2.05491 0
    endloop
  endfacet
  facet normal 0 0 -1
    outer loop
      vertex -7.24144 -2.11947 0
      vertex -7.24144 2.11947 0
      vertex -7.23078 2.05491 0
    endloop
  endfacet
  facet normal 0 0 -1
    outer loop
      vertex -7.24786 -2.1846 0
      vertex -7.24144 2.11947 0
      vertex -7.24144 -2.11947 0
    endloop
  endfacet
  facet normal 0 0 -1
    outer loop
      vertex -7.24786 -2.1846 0
      vertex -7.24786 2.1846 0
      vertex -7.24144 2.11947 0
    endloop
  endfacet
  facet normal 0 0 -1
    outer loop
      vertex -7.25 -2.25 0
      vertex -7.24786 2.1846 0
      vertex -7.24786 -2.1846 0
    endloop
  endfacet
  facet normal -0 0 -1
    outer loop
      vertex -7.24786 2.1846 0
      vertex -7.25 -2.25 0
      vertex -7.25 2.25 0
    endloop
  endfacet
  facet normal 0 0 -1
    outer loop
      vertex -5.38397 2.75 0
      vertex 5.38397 2.75 0
      vertex -5.35313 2.69229 0
    endloop
  endfacet
  facet normal 0 0 -1
    outer loop
      vertex 5.38397 2.75 0
      vertex -5.38397 2.75 0
      vertex 5.41853 2.80557 0
    endloop
  endfacet
  facet normal 0 0 -1
    outer loop
      vertex -5.41853 2.80557 0
      vertex 5.41853 2.80557 0
      vertex -5.38397 2.75 0
    endloop
  endfacet
  facet normal 0 0 -1
    outer loop
      vertex -5.45665 2.85876 0
      vertex 5.41853 2.80557 0
      vertex -5.41853 2.80557 0
    endloop
  endfacet
  facet normal 0 0 -1
    outer loop
      vertex 5.41853 2.80557 0
      vertex -5.45665 2.85876 0
      vertex 6.64456 7.93594 0
    endloop
  endfacet
  facet normal 0 0 -1
    outer loop
      vertex -6.63173 8.13173 0
      vertex 6.64456 7.93594 0
      vertex -5.45665 2.85876 0
    endloop
  endfacet
  facet normal 0 0 -1
    outer loop
      vertex -6.64456 8.32752 0
      vertex 6.63173 8.13173 0
      vertex -6.63494 8.22983 0
    endloop
  endfacet
  facet normal 0 0 -1
    outer loop
      vertex 6.63173 8.13173 0
      vertex -6.64456 8.32752 0
      vertex -2.06884 15.7144 0
    endloop
  endfacet
  facet normal 0 0 -1
    outer loop
      vertex -6.63494 8.22983 0
      vertex 6.63173 8.13173 0
      vertex -6.63173 8.13173 0
    endloop
  endfacet
  facet normal 0 0 -1
    outer loop
      vertex 6.64456 7.93594 0
      vertex -6.63173 8.13173 0
      vertex 6.63494 8.03362 0
    endloop
  endfacet
  facet normal 0 0 -1
    outer loop
      vertex 6.63494 8.03362 0
      vertex -6.63173 8.13173 0
      vertex 6.63173 8.13173 0
    endloop
  endfacet
  facet normal 0 0 -1
    outer loop
      vertex -6.63173 8.13173 0
      vertex -5.45665 2.85876 0
      vertex -5.49816 2.90935 0
    endloop
  endfacet
  facet normal 0 0 -1
    outer loop
      vertex -6.63173 8.13173 0
      vertex -5.49816 2.90935 0
      vertex -5.54289 2.95711 0
    endloop
  endfacet
  facet normal 0 0 -1
    outer loop
      vertex -6.63173 8.13173 0
      vertex -5.54289 2.95711 0
      vertex -5.59065 3.00184 0
    endloop
  endfacet
  facet normal 0 0 -1
    outer loop
      vertex -6.63173 8.13173 0
      vertex -5.59065 3.00184 0
      vertex -5.64124 3.04335 0
    endloop
  endfacet
  facet normal 0 0 -1
    outer loop
      vertex -6.63173 8.13173 0
      vertex -5.64124 3.04335 0
      vertex -5.69443 3.08147 0
    endloop
  endfacet
  facet normal 0 0 -1
    outer loop
      vertex -6.63173 8.13173 0
      vertex -5.69443 3.08147 0
      vertex -5.75 3.11602 0
    endloop
  endfacet
  facet normal 0 0 -1
    outer loop
      vertex -6.63173 8.13173 0
      vertex -5.75 3.11602 0
      vertex -5.80771 3.14687 0
    endloop
  endfacet
  facet normal 0 0 -1
    outer loop
      vertex -6.63173 8.13173 0
      vertex -5.80771 3.14687 0
      vertex -5.86732 3.17388 0
    endloop
  endfacet
  facet normal 0 0 -1
    outer loop
      vertex -6.63173 8.13173 0
      vertex -5.86732 3.17388 0
      vertex -5.92856 3.19693 0
    endloop
  endfacet
  facet normal 0 0 -1
    outer loop
      vertex -6.63173 8.13173 0
      vertex -5.92856 3.19693 0
      vertex -5.99118 3.21593 0
    endloop
  endfacet
  facet normal 0 0 -1
    outer loop
      vertex -6.63173 8.13173 0
      vertex -5.99118 3.21593 0
      vertex -6.05491 3.23078 0
    endloop
  endfacet
  facet normal 0 0 -1
    outer loop
      vertex -6.66055 8.42436 0
      vertex -2.06884 15.7144 0
      vertex -6.64456 8.32752 0
    endloop
  endfacet
  facet normal 0 0 -1
    outer loop
      vertex -6.63173 8.13173 0
      vertex -6.05491 3.23078 0
      vertex -6.11947 3.24144 0
    endloop
  endfacet
  facet normal 0 0 -1
    outer loop
      vertex -6.63173 8.13173 0
      vertex -6.11947 3.24144 0
      vertex -6.1846 3.24786 0
    endloop
  endfacet
  facet normal 0 0 -1
    outer loop
      vertex -6.63173 8.13173 0
      vertex -6.1846 3.24786 0
      vertex -6.25 3.25 0
    endloop
  endfacet
  facet normal 0 0 -1
    outer loop
      vertex -6.63173 8.13173 0
      vertex -6.25 3.25 0
      vertex -6.3154 3.24786 0
    endloop
  endfacet
  facet normal 0 0 -1
    outer loop
      vertex -6.63173 8.13173 0
      vertex -6.3154 3.24786 0
      vertex -6.38053 3.24144 0
    endloop
  endfacet
  facet normal 0 0 -1
    outer loop
      vertex -6.63173 8.13173 0
      vertex -6.38053 3.24144 0
      vertex -6.44509 3.23078 0
    endloop
  endfacet
  facet normal 0 0 -1
    outer loop
      vertex -6.63173 8.13173 0
      vertex -6.44509 3.23078 0
      vertex -6.50882 3.21593 0
    endloop
  endfacet
  facet normal 0 0 -1
    outer loop
      vertex -6.63173 8.13173 0
      vertex -6.50882 3.21593 0
      vertex -6.57144 3.19693 0
    endloop
  endfacet
  facet normal 0 0 -1
    outer loop
      vertex -6.68284 8.51996 0
      vertex -2.06884 15.7144 0
      vertex -6.66055 8.42436 0
    endloop
  endfacet
  facet normal 0 0 -1
    outer loop
      vertex -6.71133 8.61389 0
      vertex -2.06884 15.7144 0
      vertex -6.68284 8.51996 0
    endloop
  endfacet
  facet normal 0 0 -1
    outer loop
      vertex -2.06884 15.7144 0
      vertex -6.71133 8.61389 0
      vertex -3.09218 15.5454 0
    endloop
  endfacet
  facet normal 0 0 -1
    outer loop
      vertex -6.74591 8.70575 0
      vertex -3.09218 15.5454 0
      vertex -6.71133 8.61389 0
    endloop
  endfacet
  facet normal 0 0 -1
    outer loop
      vertex -6.78642 8.79516 0
      vertex -3.09218 15.5454 0
      vertex -6.74591 8.70575 0
    endloop
  endfacet
  facet normal 0 0 -1
    outer loop
      vertex -3.09218 15.5454 0
      vertex -6.78642 8.79516 0
      vertex -4.10228 15.3099 0
    endloop
  endfacet
  facet normal 0 0 -1
    outer loop
      vertex -6.83269 8.88173 0
      vertex -4.10228 15.3099 0
      vertex -6.78642 8.79516 0
    endloop
  endfacet
  facet normal 0 0 -1
    outer loop
      vertex -6.88452 8.96508 0
      vertex -4.10228 15.3099 0
      vertex -6.83269 8.88173 0
    endloop
  endfacet
  facet normal 0 0 -1
    outer loop
      vertex -4.10228 15.3099 0
      vertex -6.88452 8.96508 0
      vertex -5.09482 15.0088 0
    endloop
  endfacet
  facet normal 0 0 -1
    outer loop
      vertex -6.9417 9.04487 0
      vertex -5.09482 15.0088 0
      vertex -6.88452 8.96508 0
    endloop
  endfacet
  facet normal 0 0 -1
    outer loop
      vertex -7.00397 9.12075 0
      vertex -5.09482 15.0088 0
      vertex -6.9417 9.04487 0
    endloop
  endfacet
  facet normal 0 0 -1
    outer loop
      vertex -5.09482 15.0088 0
      vertex -7.00397 9.12075 0
      vertex -6.06553 14.6435 0
    endloop
  endfacet
  facet normal 0 0 -1
    outer loop
      vertex -7.07107 9.19239 0
      vertex -6.06553 14.6435 0
      vertex -7.00397 9.12075 0
    endloop
  endfacet
  facet normal 0 0 -1
    outer loop
      vertex -7.14271 9.25949 0
      vertex -6.06553 14.6435 0
      vertex -7.07107 9.19239 0
    endloop
  endfacet
  facet normal 0 0 -1
    outer loop
      vertex -7.21859 9.32176 0
      vertex -6.06553 14.6435 0
      vertex -7.14271 9.25949 0
    endloop
  endfacet
  facet normal 0 0 -1
    outer loop
      vertex -6.06553 14.6435 0
      vertex -7.21859 9.32176 0
      vertex -7.01027 14.2154 0
    endloop
  endfacet
  facet normal 0 0 -1
    outer loop
      vertex -7.29837 9.37893 0
      vertex -7.01027 14.2154 0
      vertex -7.21859 9.32176 0
    endloop
  endfacet
  facet normal 0 0 -1
    outer loop
      vertex -7.38173 9.43077 0
      vertex -7.01027 14.2154 0
      vertex -7.29837 9.37893 0
    endloop
  endfacet
  facet normal 0 0 -1
    outer loop
      vertex -7.46829 9.47704 0
      vertex -7.01027 14.2154 0
      vertex -7.38173 9.43077 0
    endloop
  endfacet
  facet normal 0 0 -1
    outer loop
      vertex -7.925 13.7265 0
      vertex -7.46829 9.47704 0
      vertex -7.5577 9.51755 0
    endloop
  endfacet
  facet normal 0 0 -1
    outer loop
      vertex -7.925 13.7265 0
      vertex -7.5577 9.51755 0
      vertex -7.64957 9.55212 0
    endloop
  endfacet
  facet normal 0 0 -1
    outer loop
      vertex -7.925 13.7265 0
      vertex -7.64957 9.55212 0
      vertex -7.7435 9.58062 0
    endloop
  endfacet
  facet normal 0 0 -1
    outer loop
      vertex -8.80579 13.1788 0
      vertex -7.7435 9.58062 0
      vertex -7.83909 9.60291 0
    endloop
  endfacet
  facet normal 0 0 -1
    outer loop
      vertex -7.46829 9.47704 0
      vertex -7.925 13.7265 0
      vertex -7.01027 14.2154 0
    endloop
  endfacet
  facet normal 0 0 -1
    outer loop
      vertex -8.80579 13.1788 0
      vertex -7.83909 9.60291 0
      vertex -7.93594 9.61889 0
    endloop
  endfacet
  facet normal 0 0 -1
    outer loop
      vertex -8.80579 13.1788 0
      vertex -7.93594 9.61889 0
      vertex -8.03362 9.62852 0
    endloop
  endfacet
  facet normal 0 0 -1
    outer loop
      vertex -8.80579 13.1788 0
      vertex -8.03362 9.62852 0
      vertex -8.13173 9.63173 0
    endloop
  endfacet
  facet normal 0 0 -1
    outer loop
      vertex -9.64887 12.5746 0
      vertex -8.13173 9.63173 0
      vertex -8.22983 9.62852 0
    endloop
  endfacet
  facet normal 0 0 -1
    outer loop
      vertex -9.64887 12.5746 0
      vertex -8.22983 9.62852 0
      vertex -8.32752 9.61889 0
    endloop
  endfacet
  facet normal 0 0 -1
    outer loop
      vertex -9.64887 12.5746 0
      vertex -8.32752 9.61889 0
      vertex -8.42436 9.60291 0
    endloop
  endfacet
  facet normal 0 0 -1
    outer loop
      vertex -9.64887 12.5746 0
      vertex -8.42436 9.60291 0
      vertex -8.51996 9.58062 0
    endloop
  endfacet
  facet normal 0 0 -1
    outer loop
      vertex -9.64887 12.5746 0
      vertex -8.51996 9.58062 0
      vertex -8.61389 9.55212 0
    endloop
  endfacet
  facet normal 0 0 -1
    outer loop
      vertex -10.4506 11.9167 0
      vertex -8.61389 9.55212 0
      vertex -8.70575 9.51755 0
    endloop
  endfacet
  facet normal 0 0 -1
    outer loop
      vertex -10.4506 11.9167 0
      vertex -8.70575 9.51755 0
      vertex -8.79516 9.47704 0
    endloop
  endfacet
  facet normal 0 0 -1
    outer loop
      vertex -7.7435 9.58062 0
      vertex -8.80579 13.1788 0
      vertex -7.925 13.7265 0
    endloop
  endfacet
  facet normal 0 0 -1
    outer loop
      vertex -10.4506 11.9167 0
      vertex -8.79516 9.47704 0
      vertex -8.88173 9.43077 0
    endloop
  endfacet
  facet normal 0 0 -1
    outer loop
      vertex -10.4506 11.9167 0
      vertex -8.88173 9.43077 0
      vertex -8.96508 9.37893 0
    endloop
  endfacet
  facet normal 0 0 -1
    outer loop
      vertex -10.4506 11.9167 0
      vertex -8.96508 9.37893 0
      vertex -9.04487 9.32176 0
    endloop
  endfacet
  facet normal 0 0 -1
    outer loop
      vertex -11.2076 11.2076 0
      vertex -9.04487 9.32176 0
      vertex -9.12075 9.25949 0
    endloop
  endfacet
  facet normal 0 0 -1
    outer loop
      vertex -11.2076 11.2076 0
      vertex -9.12075 9.25949 0
      vertex -9.19239 9.19239 0
    endloop
  endfacet
  facet normal 0 0 -1
    outer loop
      vertex -11.2076 11.2076 0
      vertex -9.19239 9.19239 0
      vertex -9.25949 9.12075 0
    endloop
  endfacet
  facet normal 0 0 -1
    outer loop
      vertex -11.2076 11.2076 0
      vertex -9.25949 9.12075 0
      vertex -9.32176 9.04487 0
    endloop
  endfacet
  facet normal 0 0 -1
    outer loop
      vertex -11.2076 11.2076 0
      vertex -9.32176 9.04487 0
      vertex -9.37893 8.96508 0
    endloop
  endfacet
  facet normal 0 0 -1
    outer loop
      vertex -11.9167 10.4506 0
      vertex -9.37893 8.96508 0
      vertex -9.43077 8.88173 0
    endloop
  endfacet
  facet normal 0 0 -1
    outer loop
      vertex -11.9167 10.4506 0
      vertex -9.43077 8.88173 0
      vertex -9.47704 8.79516 0
    endloop
  endfacet
  facet normal 0 0 -1
    outer loop
      vertex -11.9167 10.4506 0
      vertex -9.47704 8.79516 0
      vertex -9.51755 8.70575 0
    endloop
  endfacet
  facet normal 0 0 -1
    outer loop
      vertex -11.9167 10.4506 0
      vertex -9.51755 8.70575 0
      vertex -9.55212 8.61389 0
    endloop
  endfacet
  facet normal 0 0 -1
    outer loop
      vertex -12.5746 9.64887 0
      vertex -9.55212 8.61389 0
      vertex -9.58062 8.51996 0
    endloop
  endfacet
  facet normal 0 0 -1
    outer loop
      vertex -12.5746 9.64887 0
      vertex -9.58062 8.51996 0
      vertex -9.60291 8.42436 0
    endloop
  endfacet
  facet normal 0 0 -1
    outer loop
      vertex -8.13173 9.63173 0
      vertex -9.64887 12.5746 0
      vertex -8.80579 13.1788 0
    endloop
  endfacet
  facet normal 0 0 -1
    outer loop
      vertex -12.5746 9.64887 0
      vertex -9.60291 8.42436 0
      vertex -9.61889 8.32752 0
    endloop
  endfacet
  facet normal 0 0 -1
    outer loop
      vertex -12.5746 9.64887 0
      vertex -9.61889 8.32752 0
      vertex -9.62852 8.22983 0
    endloop
  endfacet
  facet normal 0 0 -1
    outer loop
      vertex -12.5746 9.64887 0
      vertex -9.62852 8.22983 0
      vertex -9.63173 8.13173 0
    endloop
  endfacet
  facet normal 0 0 -1
    outer loop
      vertex -9.60291 7.83909 0
      vertex -13.1788 8.80579 0
      vertex -9.61889 7.93594 0
    endloop
  endfacet
  facet normal 0 0 -1
    outer loop
      vertex -14.05 -2.2 0
      vertex -9.64887 -12.5746 0
      vertex -10.4506 -11.9167 0
    endloop
  endfacet
  facet normal 0 0 -1
    outer loop
      vertex -9.61889 7.93594 0
      vertex -13.1788 8.80579 0
      vertex -9.62852 8.03362 0
    endloop
  endfacet
  facet normal 0 0 -1
    outer loop
      vertex -14.05 -2.2 0
      vertex -10.4506 -11.9167 0
      vertex -11.2076 -11.2076 0
    endloop
  endfacet
  facet normal 0 0 -1
    outer loop
      vertex -8.61389 9.55212 0
      vertex -10.4506 11.9167 0
      vertex -9.64887 12.5746 0
    endloop
  endfacet
  facet normal 0 0 -1
    outer loop
      vertex -14.05 -2.2 0
      vertex -11.2076 -11.2076 0
      vertex -11.9167 -10.4506 0
    endloop
  endfacet
  facet normal 0 0 -1
    outer loop
      vertex -9.04487 9.32176 0
      vertex -11.2076 11.2076 0
      vertex -10.4506 11.9167 0
    endloop
  endfacet
  facet normal 0 0 -1
    outer loop
      vertex -14.05 -2.2 0
      vertex -11.9167 -10.4506 0
      vertex -12.5746 -9.64887 0
    endloop
  endfacet
  facet normal 0 0 -1
    outer loop
      vertex -9.37893 8.96508 0
      vertex -11.9167 10.4506 0
      vertex -11.2076 11.2076 0
    endloop
  endfacet
  facet normal 0 0 -1
    outer loop
      vertex -14.05 -2.2 0
      vertex -12.5746 -9.64887 0
      vertex -13.1788 -8.80579 0
    endloop
  endfacet
  facet normal 0 0 -1
    outer loop
      vertex -9.55212 8.61389 0
      vertex -12.5746 9.64887 0
      vertex -11.9167 10.4506 0
    endloop
  endfacet
  facet normal 0 0 -1
    outer loop
      vertex -14.05 -2.2 0
      vertex -13.1788 -8.80579 0
      vertex -13.7265 -7.925 0
    endloop
  endfacet
  facet normal 0 0 -1
    outer loop
      vertex -9.63173 8.13173 0
      vertex -13.1788 8.80579 0
      vertex -12.5746 9.64887 0
    endloop
  endfacet
  facet normal 0 0 -1
    outer loop
      vertex -9.62852 8.03362 0
      vertex -13.1788 8.80579 0
      vertex -9.63173 8.13173 0
    endloop
  endfacet
  facet normal 0 0 -1
    outer loop
      vertex -14.2154 -7.01027 0
      vertex -14.05 -2.2 0
      vertex -13.7265 -7.925 0
    endloop
  endfacet
  facet normal 0 0 -1
    outer loop
      vertex -14.6435 -6.06553 0
      vertex -14.05 -2.2 0
      vertex -14.2154 -7.01027 0
    endloop
  endfacet
  facet normal 0 0 -1
    outer loop
      vertex -15.0088 -5.09482 0
      vertex -14.05 -2.2 0
      vertex -14.6435 -6.06553 0
    endloop
  endfacet
  facet normal 0 0 -1
    outer loop
      vertex -15.3099 -4.10228 0
      vertex -14.05 -2.2 0
      vertex -15.0088 -5.09482 0
    endloop
  endfacet
  facet normal 0 0 -1
    outer loop
      vertex -15.5454 -3.09218 0
      vertex -14.05 -2.2 0
      vertex -15.3099 -4.10228 0
    endloop
  endfacet
  facet normal -0 0 -1
    outer loop
      vertex -14.05 -2.2 0
      vertex -15.5454 -3.09218 0
      vertex -15.6927 -2.2 0
    endloop
  endfacet
  facet normal 0 0 -1
    outer loop
      vertex -7.00397 -7.14271 0
      vertex -5.92856 -3.19693 0
      vertex -6.9417 -7.21859 0
    endloop
  endfacet
  facet normal 0 0 -1
    outer loop
      vertex -5.92856 -3.19693 0
      vertex -7.00397 -7.14271 0
      vertex -5.99118 -3.21593 0
    endloop
  endfacet
  facet normal 0 0 -1
    outer loop
      vertex -7.07107 -7.07107 0
      vertex -5.99118 -3.21593 0
      vertex -7.00397 -7.14271 0
    endloop
  endfacet
  facet normal 0 0 -1
    outer loop
      vertex -5.99118 -3.21593 0
      vertex -7.07107 -7.07107 0
      vertex -6.05491 -3.23078 0
    endloop
  endfacet
  facet normal 0 0 -1
    outer loop
      vertex -7.14271 -7.00397 0
      vertex -6.05491 -3.23078 0
      vertex -7.07107 -7.07107 0
    endloop
  endfacet
  facet normal 0 0 -1
    outer loop
      vertex -6.05491 -3.23078 0
      vertex -7.14271 -7.00397 0
      vertex -6.11947 -3.24144 0
    endloop
  endfacet
  facet normal 0 0 -1
    outer loop
      vertex -7.21859 -6.9417 0
      vertex -6.11947 -3.24144 0
      vertex -7.14271 -7.00397 0
    endloop
  endfacet
  facet normal 0 0 -1
    outer loop
      vertex -6.11947 -3.24144 0
      vertex -7.21859 -6.9417 0
      vertex -6.1846 -3.24786 0
    endloop
  endfacet
  facet normal 0 0 -1
    outer loop
      vertex -7.29837 -6.88452 0
      vertex -6.1846 -3.24786 0
      vertex -7.21859 -6.9417 0
    endloop
  endfacet
  facet normal 0 0 -1
    outer loop
      vertex -6.1846 -3.24786 0
      vertex -7.29837 -6.88452 0
      vertex -6.25 -3.25 0
    endloop
  endfacet
  facet normal 0 0 -1
    outer loop
      vertex -7.38173 -6.83269 0
      vertex -6.25 -3.25 0
      vertex -7.29837 -6.88452 0
    endloop
  endfacet
  facet normal -0 0 -1
    outer loop
      vertex -6.25 -3.25 0
      vertex -7.38173 -6.83269 0
      vertex -6.3154 -3.24786 0
    endloop
  endfacet
  facet normal -0 0 -1
    outer loop
      vertex -6.3154 -3.24786 0
      vertex -7.38173 -6.83269 0
      vertex -6.38053 -3.24144 0
    endloop
  endfacet
  facet normal 0 0 -1
    outer loop
      vertex -7.46829 -6.78642 0
      vertex -6.38053 -3.24144 0
      vertex -7.38173 -6.83269 0
    endloop
  endfacet
  facet normal -0 0 -1
    outer loop
      vertex -6.38053 -3.24144 0
      vertex -7.46829 -6.78642 0
      vertex -6.44509 -3.23078 0
    endloop
  endfacet
  facet normal 0 0 -1
    outer loop
      vertex -7.5577 -6.74591 0
      vertex -6.44509 -3.23078 0
      vertex -7.46829 -6.78642 0
    endloop
  endfacet
  facet normal -0 0 -1
    outer loop
      vertex -6.44509 -3.23078 0
      vertex -7.5577 -6.74591 0
      vertex -6.50882 -3.21593 0
    endloop
  endfacet
  facet normal 0 0 -1
    outer loop
      vertex -7.64957 -6.71133 0
      vertex -6.50882 -3.21593 0
      vertex -7.5577 -6.74591 0
    endloop
  endfacet
  facet normal -0 0 -1
    outer loop
      vertex -6.50882 -3.21593 0
      vertex -7.64957 -6.71133 0
      vertex -6.57144 -3.19693 0
    endloop
  endfacet
  facet normal 0 0 -1
    outer loop
      vertex -7.7435 -6.68284 0
      vertex -6.57144 -3.19693 0
      vertex -7.64957 -6.71133 0
    endloop
  endfacet
  facet normal -0 0 -1
    outer loop
      vertex -6.57144 -3.19693 0
      vertex -7.7435 -6.68284 0
      vertex -6.63268 -3.17388 0
    endloop
  endfacet
  facet normal 0 0 -1
    outer loop
      vertex -7.83909 -6.66055 0
      vertex -6.63268 -3.17388 0
      vertex -7.7435 -6.68284 0
    endloop
  endfacet
  facet normal -0 0 -1
    outer loop
      vertex -6.63268 -3.17388 0
      vertex -7.83909 -6.66055 0
      vertex -6.69229 -3.14687 0
    endloop
  endfacet
  facet normal 0 0 -1
    outer loop
      vertex -7.93594 -6.64456 0
      vertex -6.69229 -3.14687 0
      vertex -7.83909 -6.66055 0
    endloop
  endfacet
  facet normal -0 0 -1
    outer loop
      vertex -6.69229 -3.14687 0
      vertex -7.93594 -6.64456 0
      vertex -6.75 -3.11602 0
    endloop
  endfacet
  facet normal -0 0 -1
    outer loop
      vertex -6.75 -3.11602 0
      vertex -7.93594 -6.64456 0
      vertex -6.80557 -3.08147 0
    endloop
  endfacet
  facet normal 0 0 -1
    outer loop
      vertex -8.03362 -6.63494 0
      vertex -6.80557 -3.08147 0
      vertex -7.93594 -6.64456 0
    endloop
  endfacet
  facet normal -0 0 -1
    outer loop
      vertex -6.80557 -3.08147 0
      vertex -8.03362 -6.63494 0
      vertex -6.85876 -3.04335 0
    endloop
  endfacet
  facet normal 0 0 -1
    outer loop
      vertex -8.13173 -6.63173 0
      vertex -6.85876 -3.04335 0
      vertex -8.03362 -6.63494 0
    endloop
  endfacet
  facet normal -0 0 -1
    outer loop
      vertex -6.85876 -3.04335 0
      vertex -8.13173 -6.63173 0
      vertex -6.90935 -3.00184 0
    endloop
  endfacet
  facet normal 0 0 -1
    outer loop
      vertex -8.22983 -6.63494 0
      vertex -6.90935 -3.00184 0
      vertex -8.13173 -6.63173 0
    endloop
  endfacet
  facet normal -0 0 -1
    outer loop
      vertex -6.90935 -3.00184 0
      vertex -8.22983 -6.63494 0
      vertex -6.95711 -2.95711 0
    endloop
  endfacet
  facet normal 0 0 -1
    outer loop
      vertex -8.32752 -6.64456 0
      vertex -6.95711 -2.95711 0
      vertex -8.22983 -6.63494 0
    endloop
  endfacet
  facet normal 0 0 -1
    outer loop
      vertex -8.42436 -6.66055 0
      vertex -7.00184 -2.90935 0
      vertex -8.32752 -6.64456 0
    endloop
  endfacet
  facet normal -0 0 -1
    outer loop
      vertex -6.95711 -2.95711 0
      vertex -8.32752 -6.64456 0
      vertex -7.00184 -2.90935 0
    endloop
  endfacet
  facet normal 0 0 -1
    outer loop
      vertex 7.24144 2.38053 0
      vertex 14.05 2.2 0
      vertex 7.24786 2.3154 0
    endloop
  endfacet
  facet normal 0 0 -1
    outer loop
      vertex 14.6435 6.06553 0
      vertex 9.32176 7.21859 0
      vertex 14.2154 7.01027 0
    endloop
  endfacet
  facet normal 0 0 -1
    outer loop
      vertex 14.2154 7.01027 0
      vertex 9.47704 7.46829 0
      vertex 13.7265 7.925 0
    endloop
  endfacet
  facet normal 0 -0 -1
    outer loop
      vertex 9.47704 7.46829 0
      vertex 14.2154 7.01027 0
      vertex 9.43077 7.38173 0
    endloop
  endfacet
  facet normal 0 -0 -1
    outer loop
      vertex 7.25 2.25 0
      vertex 14.05 2.2 0
      vertex 7.24786 2.1846 0
    endloop
  endfacet
  facet normal 0 0 -1
    outer loop
      vertex 7.24786 2.3154 0
      vertex 14.05 2.2 0
      vertex 7.25 2.25 0
    endloop
  endfacet
  facet normal 0 -0 -1
    outer loop
      vertex 7.23078 2.05491 0
      vertex 14.05 2.2 0
      vertex 7.21593 1.99118 0
    endloop
  endfacet
  facet normal 0 -0 -1
    outer loop
      vertex 7.24144 2.11947 0
      vertex 14.05 2.2 0
      vertex 7.23078 2.05491 0
    endloop
  endfacet
  facet normal 0 0 -1
    outer loop
      vertex 7.14687 -1.80771 0
      vertex 14.05 -2.2 0
      vertex 7.17388 -1.86732 0
    endloop
  endfacet
  facet normal 0 0 -1
    outer loop
      vertex 14.05 2.2 0
      vertex 7.19693 1.92856 0
      vertex 7.21593 1.99118 0
    endloop
  endfacet
  facet normal 0 0 -1
    outer loop
      vertex 14.05 -2.2 0
      vertex 7.14687 -1.80771 0
      vertex 14.05 2.2 0
    endloop
  endfacet
  facet normal 0 0 -1
    outer loop
      vertex 14.05 2.2 0
      vertex 7.17388 1.86732 0
      vertex 7.19693 1.92856 0
    endloop
  endfacet
  facet normal 0 0 -1
    outer loop
      vertex 7.14687 1.80771 0
      vertex 14.05 2.2 0
      vertex 7.14687 -1.80771 0
    endloop
  endfacet
  facet normal 0 0 -1
    outer loop
      vertex 14.05 2.2 0
      vertex 7.14687 1.80771 0
      vertex 7.17388 1.86732 0
    endloop
  endfacet
  facet normal 0 0 -1
    outer loop
      vertex 7.11602 -1.75 0
      vertex 7.14687 1.80771 0
      vertex 7.14687 -1.80771 0
    endloop
  endfacet
  facet normal 0 0 -1
    outer loop
      vertex 7.11602 -1.75 0
      vertex 7.11602 1.75 0
      vertex 7.14687 1.80771 0
    endloop
  endfacet
  facet normal 0 0 -1
    outer loop
      vertex 7.08147 -1.69443 0
      vertex 7.11602 1.75 0
      vertex 7.11602 -1.75 0
    endloop
  endfacet
  facet normal 0 0 -1
    outer loop
      vertex 7.08147 -1.69443 0
      vertex 7.08147 1.69443 0
      vertex 7.11602 1.75 0
    endloop
  endfacet
  facet normal 0 0 -1
    outer loop
      vertex 7.04335 -1.64124 0
      vertex 7.08147 1.69443 0
      vertex 7.08147 -1.69443 0
    endloop
  endfacet
  facet normal 0 0 -1
    outer loop
      vertex 7.04335 -1.64124 0
      vertex 7.04335 1.64124 0
      vertex 7.08147 1.69443 0
    endloop
  endfacet
  facet normal 0 0 -1
    outer loop
      vertex 7.00184 -1.59065 0
      vertex 7.04335 1.64124 0
      vertex 7.04335 -1.64124 0
    endloop
  endfacet
  facet normal 0 0 -1
    outer loop
      vertex 7.00184 -1.59065 0
      vertex 7.00184 1.59065 0
      vertex 7.04335 1.64124 0
    endloop
  endfacet
  facet normal 0 0 -1
    outer loop
      vertex 6.95711 -1.54289 0
      vertex 7.00184 1.59065 0
      vertex 7.00184 -1.59065 0
    endloop
  endfacet
  facet normal 0 0 -1
    outer loop
      vertex 6.95711 -1.54289 0
      vertex 6.95711 1.54289 0
      vertex 7.00184 1.59065 0
    endloop
  endfacet
  facet normal 0 0 -1
    outer loop
      vertex 6.90935 -1.49816 0
      vertex 6.95711 1.54289 0
      vertex 6.95711 -1.54289 0
    endloop
  endfacet
  facet normal 0 0 -1
    outer loop
      vertex 6.90935 -1.49816 0
      vertex 6.90935 1.49816 0
      vertex 6.95711 1.54289 0
    endloop
  endfacet
  facet normal 0 0 -1
    outer loop
      vertex 6.85876 -1.45665 0
      vertex 6.90935 1.49816 0
      vertex 6.90935 -1.49816 0
    endloop
  endfacet
  facet normal 0 0 -1
    outer loop
      vertex 6.85876 -1.45665 0
      vertex 6.85876 1.45665 0
      vertex 6.90935 1.49816 0
    endloop
  endfacet
  facet normal 0 0 -1
    outer loop
      vertex 6.80557 -1.41853 0
      vertex 6.85876 1.45665 0
      vertex 6.85876 -1.45665 0
    endloop
  endfacet
  facet normal 0 0 -1
    outer loop
      vertex 6.80557 -1.41853 0
      vertex 6.80557 1.41853 0
      vertex 6.85876 1.45665 0
    endloop
  endfacet
  facet normal 0 0 -1
    outer loop
      vertex 6.75 -1.38397 0
      vertex 6.80557 1.41853 0
      vertex 6.80557 -1.41853 0
    endloop
  endfacet
  facet normal 0 0 -1
    outer loop
      vertex 6.75 -1.38397 0
      vertex 6.75 1.38397 0
      vertex 6.80557 1.41853 0
    endloop
  endfacet
  facet normal 0 0 -1
    outer loop
      vertex 6.69229 -1.35313 0
      vertex 6.75 1.38397 0
      vertex 6.75 -1.38397 0
    endloop
  endfacet
  facet normal 0 0 -1
    outer loop
      vertex 6.69229 -1.35313 0
      vertex 6.69229 1.35313 0
      vertex 6.75 1.38397 0
    endloop
  endfacet
  facet normal 0 0 -1
    outer loop
      vertex 6.63268 -1.32612 0
      vertex 6.69229 1.35313 0
      vertex 6.69229 -1.35313 0
    endloop
  endfacet
  facet normal 0 0 -1
    outer loop
      vertex 6.63268 -1.32612 0
      vertex 6.63268 1.32612 0
      vertex 6.69229 1.35313 0
    endloop
  endfacet
  facet normal 0 0 -1
    outer loop
      vertex 6.57144 -1.30307 0
      vertex 6.63268 1.32612 0
      vertex 6.63268 -1.32612 0
    endloop
  endfacet
  facet normal 0 0 -1
    outer loop
      vertex 6.57144 -1.30307 0
      vertex 6.57144 1.30307 0
      vertex 6.63268 1.32612 0
    endloop
  endfacet
  facet normal 0 0 -1
    outer loop
      vertex 6.50882 -1.28407 0
      vertex 6.57144 1.30307 0
      vertex 6.57144 -1.30307 0
    endloop
  endfacet
  facet normal 0 0 -1
    outer loop
      vertex 6.50882 -1.28407 0
      vertex 6.50882 1.28407 0
      vertex 6.57144 1.30307 0
    endloop
  endfacet
  facet normal 0 0 -1
    outer loop
      vertex 6.44509 -1.26921 0
      vertex 6.50882 1.28407 0
      vertex 6.50882 -1.28407 0
    endloop
  endfacet
  facet normal 0 0 -1
    outer loop
      vertex 6.44509 -1.26921 0
      vertex 6.44509 1.26921 0
      vertex 6.50882 1.28407 0
    endloop
  endfacet
  facet normal 0 0 -1
    outer loop
      vertex 6.38053 -1.25855 0
      vertex 6.44509 1.26921 0
      vertex 6.44509 -1.26921 0
    endloop
  endfacet
  facet normal 0 0 -1
    outer loop
      vertex 6.38053 -1.25855 0
      vertex 6.38053 1.25855 0
      vertex 6.44509 1.26921 0
    endloop
  endfacet
  facet normal 0 0 -1
    outer loop
      vertex 6.3154 -1.25214 0
      vertex 6.38053 1.25855 0
      vertex 6.38053 -1.25855 0
    endloop
  endfacet
  facet normal 0 0 -1
    outer loop
      vertex 6.3154 -1.25214 0
      vertex 6.3154 1.25214 0
      vertex 6.38053 1.25855 0
    endloop
  endfacet
  facet normal 0 0 -1
    outer loop
      vertex 6.25 -1.25 0
      vertex 6.3154 1.25214 0
      vertex 6.3154 -1.25214 0
    endloop
  endfacet
  facet normal 0 0 -1
    outer loop
      vertex 6.25 -1.25 0
      vertex 6.25 1.25 0
      vertex 6.3154 1.25214 0
    endloop
  endfacet
  facet normal 0 0 -1
    outer loop
      vertex 6.1846 -1.25214 0
      vertex 6.25 1.25 0
      vertex 6.25 -1.25 0
    endloop
  endfacet
  facet normal 0 0 -1
    outer loop
      vertex 6.1846 -1.25214 0
      vertex 6.1846 1.25214 0
      vertex 6.25 1.25 0
    endloop
  endfacet
  facet normal 0 0 -1
    outer loop
      vertex 6.11947 -1.25855 0
      vertex 6.1846 1.25214 0
      vertex 6.1846 -1.25214 0
    endloop
  endfacet
  facet normal 0 0 -1
    outer loop
      vertex 6.11947 -1.25855 0
      vertex 6.11947 1.25855 0
      vertex 6.1846 1.25214 0
    endloop
  endfacet
  facet normal 0 0 -1
    outer loop
      vertex 6.05491 -1.26921 0
      vertex 6.11947 1.25855 0
      vertex 6.11947 -1.25855 0
    endloop
  endfacet
  facet normal 0 0 -1
    outer loop
      vertex 6.05491 -1.26921 0
      vertex 6.05491 1.26921 0
      vertex 6.11947 1.25855 0
    endloop
  endfacet
  facet normal 0 0 -1
    outer loop
      vertex 5.99118 -1.28407 0
      vertex 6.05491 1.26921 0
      vertex 6.05491 -1.26921 0
    endloop
  endfacet
  facet normal 0 0 -1
    outer loop
      vertex 5.99118 -1.28407 0
      vertex 5.99118 1.28407 0
      vertex 6.05491 1.26921 0
    endloop
  endfacet
  facet normal 0 0 -1
    outer loop
      vertex 5.92856 -1.30307 0
      vertex 5.99118 1.28407 0
      vertex 5.99118 -1.28407 0
    endloop
  endfacet
  facet normal 0 0 -1
    outer loop
      vertex 5.92856 -1.30307 0
      vertex 5.92856 1.30307 0
      vertex 5.99118 1.28407 0
    endloop
  endfacet
  facet normal 0 0 -1
    outer loop
      vertex 5.86732 -1.32612 0
      vertex 5.92856 1.30307 0
      vertex 5.92856 -1.30307 0
    endloop
  endfacet
  facet normal 0 0 -1
    outer loop
      vertex 5.86732 -1.32612 0
      vertex 5.86732 1.32612 0
      vertex 5.92856 1.30307 0
    endloop
  endfacet
  facet normal 0 0 -1
    outer loop
      vertex 5.80771 -1.35313 0
      vertex 5.86732 1.32612 0
      vertex 5.86732 -1.32612 0
    endloop
  endfacet
  facet normal 0 0 -1
    outer loop
      vertex 5.80771 -1.35313 0
      vertex 5.80771 1.35313 0
      vertex 5.86732 1.32612 0
    endloop
  endfacet
  facet normal 0 0 -1
    outer loop
      vertex 5.75 -1.38397 0
      vertex 5.80771 1.35313 0
      vertex 5.80771 -1.35313 0
    endloop
  endfacet
  facet normal 0 0 -1
    outer loop
      vertex 5.75 -1.38397 0
      vertex 5.75 1.38397 0
      vertex 5.80771 1.35313 0
    endloop
  endfacet
  facet normal 0 0 -1
    outer loop
      vertex 5.69443 -1.41853 0
      vertex 5.75 1.38397 0
      vertex 5.75 -1.38397 0
    endloop
  endfacet
  facet normal 0 0 -1
    outer loop
      vertex 5.69443 -1.41853 0
      vertex 5.69443 1.41853 0
      vertex 5.75 1.38397 0
    endloop
  endfacet
  facet normal 0 0 -1
    outer loop
      vertex 5.64124 -1.45665 0
      vertex 5.69443 1.41853 0
      vertex 5.69443 -1.41853 0
    endloop
  endfacet
  facet normal 0 0 -1
    outer loop
      vertex 5.64124 -1.45665 0
      vertex 5.64124 1.45665 0
      vertex 5.69443 1.41853 0
    endloop
  endfacet
  facet normal 0 0 -1
    outer loop
      vertex 5.59065 -1.49816 0
      vertex 5.64124 1.45665 0
      vertex 5.64124 -1.45665 0
    endloop
  endfacet
  facet normal 0 0 -1
    outer loop
      vertex 5.59065 -1.49816 0
      vertex 5.59065 1.49816 0
      vertex 5.64124 1.45665 0
    endloop
  endfacet
  facet normal 0 0 -1
    outer loop
      vertex 5.54289 -1.54289 0
      vertex 5.59065 1.49816 0
      vertex 5.59065 -1.49816 0
    endloop
  endfacet
  facet normal 0 0 -1
    outer loop
      vertex 5.54289 -1.54289 0
      vertex 5.54289 1.54289 0
      vertex 5.59065 1.49816 0
    endloop
  endfacet
  facet normal 0 0 -1
    outer loop
      vertex 5.49816 -1.59065 0
      vertex 5.54289 1.54289 0
      vertex 5.54289 -1.54289 0
    endloop
  endfacet
  facet normal 0 0 -1
    outer loop
      vertex 5.49816 -1.59065 0
      vertex 5.49816 1.59065 0
      vertex 5.54289 1.54289 0
    endloop
  endfacet
  facet normal 0 0 -1
    outer loop
      vertex 5.45665 -1.64124 0
      vertex 5.49816 1.59065 0
      vertex 5.49816 -1.59065 0
    endloop
  endfacet
  facet normal 0 0 -1
    outer loop
      vertex 5.45665 -1.64124 0
      vertex 5.45665 1.64124 0
      vertex 5.49816 1.59065 0
    endloop
  endfacet
  facet normal 0 0 -1
    outer loop
      vertex 5.41853 -1.69443 0
      vertex 5.45665 1.64124 0
      vertex 5.45665 -1.64124 0
    endloop
  endfacet
  facet normal 0 0 -1
    outer loop
      vertex 5.41853 -1.69443 0
      vertex 5.41853 1.69443 0
      vertex 5.45665 1.64124 0
    endloop
  endfacet
  facet normal 0 0 -1
    outer loop
      vertex 5.38397 -1.75 0
      vertex 5.41853 1.69443 0
      vertex 5.41853 -1.69443 0
    endloop
  endfacet
  facet normal 0 0 -1
    outer loop
      vertex 5.38397 -1.75 0
      vertex 5.38397 1.75 0
      vertex 5.41853 1.69443 0
    endloop
  endfacet
  facet normal 0 0 -1
    outer loop
      vertex 5.35313 -1.80771 0
      vertex 5.38397 1.75 0
      vertex 5.38397 -1.75 0
    endloop
  endfacet
  facet normal 0 0 -1
    outer loop
      vertex 5.35313 -1.80771 0
      vertex 5.35313 1.80771 0
      vertex 5.38397 1.75 0
    endloop
  endfacet
  facet normal 0 0 -1
    outer loop
      vertex 5.32612 -1.86732 0
      vertex 5.35313 1.80771 0
      vertex 5.35313 -1.80771 0
    endloop
  endfacet
  facet normal 0 0 -1
    outer loop
      vertex 5.32612 -1.86732 0
      vertex 5.32612 1.86732 0
      vertex 5.35313 1.80771 0
    endloop
  endfacet
  facet normal 0 0 -1
    outer loop
      vertex 5.30307 -1.92856 0
      vertex 5.32612 1.86732 0
      vertex 5.32612 -1.86732 0
    endloop
  endfacet
  facet normal 0 0 -1
    outer loop
      vertex 5.30307 -1.92856 0
      vertex 5.30307 1.92856 0
      vertex 5.32612 1.86732 0
    endloop
  endfacet
  facet normal 0 0 -1
    outer loop
      vertex 5.28407 -1.99118 0
      vertex 5.30307 1.92856 0
      vertex 5.30307 -1.92856 0
    endloop
  endfacet
  facet normal 0 0 -1
    outer loop
      vertex 5.28407 -1.99118 0
      vertex 5.28407 1.99118 0
      vertex 5.30307 1.92856 0
    endloop
  endfacet
  facet normal 0 0 -1
    outer loop
      vertex 5.26921 -2.05491 0
      vertex 5.28407 1.99118 0
      vertex 5.28407 -1.99118 0
    endloop
  endfacet
  facet normal 0 0 -1
    outer loop
      vertex 5.26921 -2.05491 0
      vertex 5.26921 2.05491 0
      vertex 5.28407 1.99118 0
    endloop
  endfacet
  facet normal 0 0 -1
    outer loop
      vertex 5.25855 -2.11947 0
      vertex 5.26921 2.05491 0
      vertex 5.26921 -2.05491 0
    endloop
  endfacet
  facet normal 0 0 -1
    outer loop
      vertex 5.25855 -2.11947 0
      vertex 5.25855 2.11947 0
      vertex 5.26921 2.05491 0
    endloop
  endfacet
  facet normal 0 0 -1
    outer loop
      vertex 5.25214 -2.1846 0
      vertex 5.25855 2.11947 0
      vertex 5.25855 -2.11947 0
    endloop
  endfacet
  facet normal 0 0 -1
    outer loop
      vertex 5.25214 -2.1846 0
      vertex 5.25214 2.1846 0
      vertex 5.25855 2.11947 0
    endloop
  endfacet
  facet normal 0 0 -1
    outer loop
      vertex 5.25 -2.25 0
      vertex 5.25214 2.1846 0
      vertex 5.25214 -2.1846 0
    endloop
  endfacet
  facet normal -0 0 -1
    outer loop
      vertex 5.25214 2.1846 0
      vertex 5.25 -2.25 0
      vertex 5.25 2.25 0
    endloop
  endfacet
  facet normal 0 0 -1
    outer loop
      vertex 13.1788 -8.80579 0
      vertex 9.60291 -7.83909 0
      vertex 9.58062 -7.7435 0
    endloop
  endfacet
  facet normal 0 0 -1
    outer loop
      vertex 9.60291 8.42436 0
      vertex 12.5746 9.64887 0
      vertex 9.61889 8.32752 0
    endloop
  endfacet
  facet normal 0 0 -1
    outer loop
      vertex 9.62852 8.22983 0
      vertex 12.5746 9.64887 0
      vertex 9.63173 8.13173 0
    endloop
  endfacet
  facet normal 0 0 -1
    outer loop
      vertex 9.61889 8.32752 0
      vertex 12.5746 9.64887 0
      vertex 9.62852 8.22983 0
    endloop
  endfacet
  facet normal 0 0 -1
    outer loop
      vertex 13.7265 -7.925 0
      vertex 9.58062 -7.7435 0
      vertex 9.55212 -7.64957 0
    endloop
  endfacet
  facet normal -0 0 -1
    outer loop
      vertex 13.1788 8.80579 0
      vertex 9.63173 8.13173 0
      vertex 12.5746 9.64887 0
    endloop
  endfacet
  facet normal 0 0 -1
    outer loop
      vertex 13.7265 -7.925 0
      vertex 9.51755 -7.5577 0
      vertex 9.47704 -7.46829 0
    endloop
  endfacet
  facet normal 0 -0 -1
    outer loop
      vertex 9.63173 8.13173 0
      vertex 13.1788 8.80579 0
      vertex 9.62852 8.03362 0
    endloop
  endfacet
  facet normal 0 -0 -1
    outer loop
      vertex 9.61889 7.93594 0
      vertex 13.1788 8.80579 0
      vertex 9.60291 7.83909 0
    endloop
  endfacet
  facet normal 0 -0 -1
    outer loop
      vertex 9.62852 8.03362 0
      vertex 13.1788 8.80579 0
      vertex 9.61889 7.93594 0
    endloop
  endfacet
  facet normal 0 0 -1
    outer loop
      vertex 13.7265 -7.925 0
      vertex 9.47704 -7.46829 0
      vertex 9.43077 -7.38173 0
    endloop
  endfacet
  facet normal 0 -0 -1
    outer loop
      vertex 9.60291 7.83909 0
      vertex 13.1788 8.80579 0
      vertex 9.58062 7.7435 0
    endloop
  endfacet
  facet normal 0 0 -1
    outer loop
      vertex 13.7265 -7.925 0
      vertex 9.37893 -7.29837 0
      vertex 9.32176 -7.21859 0
    endloop
  endfacet
  facet normal -0 0 -1
    outer loop
      vertex 13.7265 7.925 0
      vertex 9.58062 7.7435 0
      vertex 13.1788 8.80579 0
    endloop
  endfacet
  facet normal 0 -0 -1
    outer loop
      vertex 9.55212 7.64957 0
      vertex 13.7265 7.925 0
      vertex 9.51755 7.5577 0
    endloop
  endfacet
  facet normal 0 -0 -1
    outer loop
      vertex 9.58062 7.7435 0
      vertex 13.7265 7.925 0
      vertex 9.55212 7.64957 0
    endloop
  endfacet
  facet normal 0 0 -1
    outer loop
      vertex 7.17388 -1.86732 0
      vertex 14.05 -2.2 0
      vertex 7.19693 -1.92856 0
    endloop
  endfacet
  facet normal 0 -0 -1
    outer loop
      vertex 9.51755 7.5577 0
      vertex 13.7265 7.925 0
      vertex 9.47704 7.46829 0
    endloop
  endfacet
  facet normal 0 0 -1
    outer loop
      vertex 13.7265 -7.925 0
      vertex 9.32176 -7.21859 0
      vertex 9.25949 -7.14271 0
    endloop
  endfacet
  facet normal 0 -0 -1
    outer loop
      vertex 7.24786 2.1846 0
      vertex 14.05 2.2 0
      vertex 7.24144 2.11947 0
    endloop
  endfacet
  facet normal 0 0 -1
    outer loop
      vertex 7.24144 -2.11947 0
      vertex 14.05 -2.2 0
      vertex 7.24786 -2.1846 0
    endloop
  endfacet
  facet normal -0 0 -1
    outer loop
      vertex 14.6435 -6.06553 0
      vertex 9.19239 -7.07107 0
      vertex 14.05 -2.2 0
    endloop
  endfacet
  facet normal 0 0 -1
    outer loop
      vertex 14.05 -2.2 0
      vertex 9.19239 -7.07107 0
      vertex 9.12075 -7.00397 0
    endloop
  endfacet
  facet normal 0 0 -1
    outer loop
      vertex 7.23078 -2.05491 0
      vertex 14.05 -2.2 0
      vertex 7.24144 -2.11947 0
    endloop
  endfacet
  facet normal 0 0 -1
    outer loop
      vertex 9.04487 -6.9417 0
      vertex 14.05 -2.2 0
      vertex 9.12075 -7.00397 0
    endloop
  endfacet
  facet normal 0 -0 -1
    outer loop
      vertex 9.43077 7.38173 0
      vertex 14.2154 7.01027 0
      vertex 9.37893 7.29837 0
    endloop
  endfacet
  facet normal 0 0 -1
    outer loop
      vertex 8.96508 -6.88452 0
      vertex 14.05 -2.2 0
      vertex 9.04487 -6.9417 0
    endloop
  endfacet
  facet normal 0 -0 -1
    outer loop
      vertex 9.37893 7.29837 0
      vertex 14.2154 7.01027 0
      vertex 9.32176 7.21859 0
    endloop
  endfacet
  facet normal 0 0 -1
    outer loop
      vertex 8.88173 -6.83269 0
      vertex 14.05 -2.2 0
      vertex 8.96508 -6.88452 0
    endloop
  endfacet
  facet normal 0 0 -1
    outer loop
      vertex 7.23078 2.44509 0
      vertex 14.05 2.2 0
      vertex 7.24144 2.38053 0
    endloop
  endfacet
  facet normal 0 0 -1
    outer loop
      vertex 7.19693 -2.57144 0
      vertex 14.05 -2.2 0
      vertex 8.88173 -6.83269 0
    endloop
  endfacet
  facet normal 0 -0 -1
    outer loop
      vertex 9.32176 7.21859 0
      vertex 14.6435 6.06553 0
      vertex 9.25949 7.14271 0
    endloop
  endfacet
  facet normal 0 0 -1
    outer loop
      vertex 7.19693 -2.57144 0
      vertex 8.88173 -6.83269 0
      vertex 8.79516 -6.78642 0
    endloop
  endfacet
  facet normal 0 -0 -1
    outer loop
      vertex 9.19239 7.07107 0
      vertex 14.05 2.2 0
      vertex 9.12075 7.00397 0
    endloop
  endfacet
  facet normal 0 0 -1
    outer loop
      vertex 7.17388 -2.63268 0
      vertex 8.79516 -6.78642 0
      vertex 8.70575 -6.74591 0
    endloop
  endfacet
  facet normal 0 0 -1
    outer loop
      vertex 14.05 2.2 0
      vertex 9.04487 6.9417 0
      vertex 9.12075 7.00397 0
    endloop
  endfacet
  facet normal 0 0 -1
    outer loop
      vertex 7.14687 -2.69229 0
      vertex 8.70575 -6.74591 0
      vertex 8.61389 -6.71133 0
    endloop
  endfacet
  facet normal 0 0 -1
    outer loop
      vertex 7.21593 2.50882 0
      vertex 14.05 2.2 0
      vertex 7.23078 2.44509 0
    endloop
  endfacet
  facet normal 0 0 -1
    outer loop
      vertex 7.11602 -2.75 0
      vertex 8.61389 -6.71133 0
      vertex 8.51996 -6.68284 0
    endloop
  endfacet
  facet normal 0 0 -1
    outer loop
      vertex 14.05 2.2 0
      vertex 8.96508 6.88452 0
      vertex 9.04487 6.9417 0
    endloop
  endfacet
  facet normal 0 0 -1
    outer loop
      vertex 7.04335 -2.85876 0
      vertex 8.51996 -6.68284 0
      vertex 8.42436 -6.66055 0
    endloop
  endfacet
  facet normal 0 0 -1
    outer loop
      vertex 7.19693 2.57144 0
      vertex 14.05 2.2 0
      vertex 7.21593 2.50882 0
    endloop
  endfacet
  facet normal 0 0 -1
    outer loop
      vertex 7.00184 -2.90935 0
      vertex 8.42436 -6.66055 0
      vertex 8.32752 -6.64456 0
    endloop
  endfacet
  facet normal 0 0 -1
    outer loop
      vertex 14.05 2.2 0
      vertex 8.88173 6.83269 0
      vertex 8.96508 6.88452 0
    endloop
  endfacet
  facet normal 0 0 -1
    outer loop
      vertex 6.95711 -2.95711 0
      vertex 8.32752 -6.64456 0
      vertex 8.22983 -6.63494 0
    endloop
  endfacet
  facet normal 0 0 -1
    outer loop
      vertex 14.05 2.2 0
      vertex 7.19693 2.57144 0
      vertex 8.88173 6.83269 0
    endloop
  endfacet
  facet normal 0 0 -1
    outer loop
      vertex 6.90935 -3.00184 0
      vertex 8.22983 -6.63494 0
      vertex 8.13173 -6.63173 0
    endloop
  endfacet
  facet normal 0 0 -1
    outer loop
      vertex 8.88173 6.83269 0
      vertex 7.19693 2.57144 0
      vertex 8.79516 6.78642 0
    endloop
  endfacet
  facet normal 0 0 -1
    outer loop
      vertex 6.85876 -3.04335 0
      vertex 8.13173 -6.63173 0
      vertex 8.03362 -6.63494 0
    endloop
  endfacet
  facet normal 0 0 -1
    outer loop
      vertex 7.17388 2.63268 0
      vertex 8.79516 6.78642 0
      vertex 7.19693 2.57144 0
    endloop
  endfacet
  facet normal 0 0 -1
    outer loop
      vertex 6.80557 -3.08147 0
      vertex 8.03362 -6.63494 0
      vertex 7.93594 -6.64456 0
    endloop
  endfacet
  facet normal 0 0 -1
    outer loop
      vertex 8.79516 6.78642 0
      vertex 7.17388 2.63268 0
      vertex 8.70575 6.74591 0
    endloop
  endfacet
  facet normal 0 0 -1
    outer loop
      vertex 6.69229 -3.14687 0
      vertex 7.93594 -6.64456 0
      vertex 7.83909 -6.66055 0
    endloop
  endfacet
  facet normal 0 0 -1
    outer loop
      vertex 7.14687 2.69229 0
      vertex 8.70575 6.74591 0
      vertex 7.17388 2.63268 0
    endloop
  endfacet
  facet normal 0 0 -1
    outer loop
      vertex 6.63268 -3.17388 0
      vertex 7.83909 -6.66055 0
      vertex 7.7435 -6.68284 0
    endloop
  endfacet
  facet normal 0 0 -1
    outer loop
      vertex 8.70575 6.74591 0
      vertex 7.14687 2.69229 0
      vertex 8.61389 6.71133 0
    endloop
  endfacet
  facet normal 0 0 -1
    outer loop
      vertex 6.57144 -3.19693 0
      vertex 7.7435 -6.68284 0
      vertex 7.64957 -6.71133 0
    endloop
  endfacet
  facet normal 0 0 -1
    outer loop
      vertex 7.11602 2.75 0
      vertex 8.61389 6.71133 0
      vertex 7.14687 2.69229 0
    endloop
  endfacet
  facet normal 0 0 -1
    outer loop
      vertex 6.50882 -3.21593 0
      vertex 7.64957 -6.71133 0
      vertex 7.5577 -6.74591 0
    endloop
  endfacet
  facet normal 0 0 -1
    outer loop
      vertex 8.61389 6.71133 0
      vertex 7.11602 2.75 0
      vertex 8.51996 6.68284 0
    endloop
  endfacet
  facet normal 0 0 -1
    outer loop
      vertex 6.50882 -3.21593 0
      vertex 7.5577 -6.74591 0
      vertex 7.46829 -6.78642 0
    endloop
  endfacet
  facet normal 0 0 -1
    outer loop
      vertex 7.08147 2.80557 0
      vertex 8.51996 6.68284 0
      vertex 7.11602 2.75 0
    endloop
  endfacet
  facet normal 0 0 -1
    outer loop
      vertex 6.50882 -3.21593 0
      vertex 7.46829 -6.78642 0
      vertex 7.38173 -6.83269 0
    endloop
  endfacet
  facet normal 0 0 -1
    outer loop
      vertex 7.04335 2.85876 0
      vertex 8.51996 6.68284 0
      vertex 7.08147 2.80557 0
    endloop
  endfacet
  facet normal 0 0 -1
    outer loop
      vertex 6.50882 -3.21593 0
      vertex 7.38173 -6.83269 0
      vertex 7.29837 -6.88452 0
    endloop
  endfacet
  facet normal 0 0 -1
    outer loop
      vertex 8.51996 6.68284 0
      vertex 7.04335 2.85876 0
      vertex 8.42436 6.66055 0
    endloop
  endfacet
  facet normal 0 0 -1
    outer loop
      vertex 7.00184 2.90935 0
      vertex 8.42436 6.66055 0
      vertex 7.04335 2.85876 0
    endloop
  endfacet
  facet normal 0 0 -1
    outer loop
      vertex 7.24786 -2.1846 0
      vertex 14.05 -2.2 0
      vertex 7.25 -2.25 0
    endloop
  endfacet
  facet normal 0 0 -1
    outer loop
      vertex 14.05 -2.2 0
      vertex 7.24144 -2.38053 0
      vertex 7.24786 -2.3154 0
    endloop
  endfacet
  facet normal 0 0 -1
    outer loop
      vertex 14.05 -2.2 0
      vertex 7.23078 -2.44509 0
      vertex 7.24144 -2.38053 0
    endloop
  endfacet
  facet normal 0 0 -1
    outer loop
      vertex 6.50882 -3.21593 0
      vertex 7.29837 -6.88452 0
      vertex 7.21859 -6.9417 0
    endloop
  endfacet
  facet normal 0 0 -1
    outer loop
      vertex 14.05 -2.2 0
      vertex 7.21593 -2.50882 0
      vertex 7.23078 -2.44509 0
    endloop
  endfacet
  facet normal 0 0 -1
    outer loop
      vertex 14.05 -2.2 0
      vertex 7.19693 -2.57144 0
      vertex 7.21593 -2.50882 0
    endloop
  endfacet
  facet normal 0 0 -1
    outer loop
      vertex 8.79516 -6.78642 0
      vertex 7.17388 -2.63268 0
      vertex 7.19693 -2.57144 0
    endloop
  endfacet
  facet normal 0 0 -1
    outer loop
      vertex 8.70575 -6.74591 0
      vertex 7.14687 -2.69229 0
      vertex 7.17388 -2.63268 0
    endloop
  endfacet
  facet normal 0 0 -1
    outer loop
      vertex 6.50882 -3.21593 0
      vertex 7.21859 -6.9417 0
      vertex 7.14271 -7.00397 0
    endloop
  endfacet
  facet normal 0 0 -1
    outer loop
      vertex 8.61389 -6.71133 0
      vertex 7.11602 -2.75 0
      vertex 7.14687 -2.69229 0
    endloop
  endfacet
  facet normal 0 0 -1
    outer loop
      vertex 8.51996 -6.68284 0
      vertex 7.08147 -2.80557 0
      vertex 7.11602 -2.75 0
    endloop
  endfacet
  facet normal 0 0 -1
    outer loop
      vertex 6.50882 -3.21593 0
      vertex 7.14271 -7.00397 0
      vertex 7.07107 -7.07107 0
    endloop
  endfacet
  facet normal 0 0 -1
    outer loop
      vertex 8.51996 -6.68284 0
      vertex 7.04335 -2.85876 0
      vertex 7.08147 -2.80557 0
    endloop
  endfacet
  facet normal 0 0 -1
    outer loop
      vertex 6.50882 -3.21593 0
      vertex 7.07107 -7.07107 0
      vertex 7.00397 -7.14271 0
    endloop
  endfacet
  facet normal 0 0 -1
    outer loop
      vertex 8.42436 -6.66055 0
      vertex 7.00184 -2.90935 0
      vertex 7.04335 -2.85876 0
    endloop
  endfacet
  facet normal 0 0 -1
    outer loop
      vertex 8.32752 -6.64456 0
      vertex 6.95711 -2.95711 0
      vertex 7.00184 -2.90935 0
    endloop
  endfacet
  facet normal 0 0 -1
    outer loop
      vertex 6.50882 -3.21593 0
      vertex 7.00397 -7.14271 0
      vertex 6.9417 -7.21859 0
    endloop
  endfacet
  facet normal 0 0 -1
    outer loop
      vertex 8.22983 -6.63494 0
      vertex 6.90935 -3.00184 0
      vertex 6.95711 -2.95711 0
    endloop
  endfacet
  facet normal 0 0 -1
    outer loop
      vertex 6.50882 -3.21593 0
      vertex 6.9417 -7.21859 0
      vertex 6.88452 -7.29837 0
    endloop
  endfacet
  facet normal 0 0 -1
    outer loop
      vertex 8.13173 -6.63173 0
      vertex 6.85876 -3.04335 0
      vertex 6.90935 -3.00184 0
    endloop
  endfacet
  facet normal 0 0 -1
    outer loop
      vertex 6.50882 -3.21593 0
      vertex 6.88452 -7.29837 0
      vertex 6.83269 -7.38173 0
    endloop
  endfacet
  facet normal 0 0 -1
    outer loop
      vertex 8.03362 -6.63494 0
      vertex 6.80557 -3.08147 0
      vertex 6.85876 -3.04335 0
    endloop
  endfacet
  facet normal 0 0 -1
    outer loop
      vertex 6.50882 -3.21593 0
      vertex 6.83269 -7.38173 0
      vertex 6.78642 -7.46829 0
    endloop
  endfacet
  facet normal 0 0 -1
    outer loop
      vertex 7.93594 -6.64456 0
      vertex 6.75 -3.11602 0
      vertex 6.80557 -3.08147 0
    endloop
  endfacet
  facet normal 0 0 -1
    outer loop
      vertex 6.50882 -3.21593 0
      vertex 6.78642 -7.46829 0
      vertex 6.74591 -7.5577 0
    endloop
  endfacet
  facet normal 0 0 -1
    outer loop
      vertex 6.50882 -3.21593 0
      vertex 6.74591 -7.5577 0
      vertex 6.71133 -7.64957 0
    endloop
  endfacet
  facet normal 0 0 -1
    outer loop
      vertex 7.93594 -6.64456 0
      vertex 6.69229 -3.14687 0
      vertex 6.75 -3.11602 0
    endloop
  endfacet
  facet normal 0 0 -1
    outer loop
      vertex 6.50882 -3.21593 0
      vertex 6.71133 -7.64957 0
      vertex 6.68284 -7.7435 0
    endloop
  endfacet
  facet normal 0 0 -1
    outer loop
      vertex 6.50882 -3.21593 0
      vertex 6.68284 -7.7435 0
      vertex 6.66055 -7.83909 0
    endloop
  endfacet
  facet normal 0 0 -1
    outer loop
      vertex 6.50882 -3.21593 0
      vertex 6.66055 -7.83909 0
      vertex 6.64456 -7.93594 0
    endloop
  endfacet
  facet normal 0 0 -1
    outer loop
      vertex 6.50882 -3.21593 0
      vertex 6.64456 -7.93594 0
      vertex 6.63494 -8.03362 0
    endloop
  endfacet
  facet normal 0 0 -1
    outer loop
      vertex 7.83909 -6.66055 0
      vertex 6.63268 -3.17388 0
      vertex 6.69229 -3.14687 0
    endloop
  endfacet
  facet normal 0 0 -1
    outer loop
      vertex -6.63494 -8.03362 0
      vertex 6.63494 -8.03362 0
      vertex 6.63173 -8.13173 0
    endloop
  endfacet
  facet normal 0 0 -1
    outer loop
      vertex 7.7435 -6.68284 0
      vertex 6.57144 -3.19693 0
      vertex 6.63268 -3.17388 0
    endloop
  endfacet
  facet normal 0 0 -1
    outer loop
      vertex 9.58062 8.51996 0
      vertex 12.5746 9.64887 0
      vertex 9.60291 8.42436 0
    endloop
  endfacet
  facet normal 0 0 -1
    outer loop
      vertex 9.55212 8.61389 0
      vertex 12.5746 9.64887 0
      vertex 9.58062 8.51996 0
    endloop
  endfacet
  facet normal -0 0 -1
    outer loop
      vertex 12.5746 9.64887 0
      vertex 9.55212 8.61389 0
      vertex 11.9167 10.4506 0
    endloop
  endfacet
  facet normal 0 0 -1
    outer loop
      vertex 9.51755 8.70575 0
      vertex 11.9167 10.4506 0
      vertex 9.55212 8.61389 0
    endloop
  endfacet
  facet normal 0 0 -1
    outer loop
      vertex 9.47704 8.79516 0
      vertex 11.9167 10.4506 0
      vertex 9.51755 8.70575 0
    endloop
  endfacet
  facet normal 0 0 -1
    outer loop
      vertex 9.43077 8.88173 0
      vertex 11.9167 10.4506 0
      vertex 9.47704 8.79516 0
    endloop
  endfacet
  facet normal 0 0 -1
    outer loop
      vertex 9.37893 8.96508 0
      vertex 11.9167 10.4506 0
      vertex 9.43077 8.88173 0
    endloop
  endfacet
  facet normal -0 0 -1
    outer loop
      vertex 11.9167 10.4506 0
      vertex 9.37893 8.96508 0
      vertex 11.2076 11.2076 0
    endloop
  endfacet
  facet normal 0 0 -1
    outer loop
      vertex 9.32176 9.04487 0
      vertex 11.2076 11.2076 0
      vertex 9.37893 8.96508 0
    endloop
  endfacet
  facet normal 0 0 -1
    outer loop
      vertex 9.25949 9.12075 0
      vertex 11.2076 11.2076 0
      vertex 9.32176 9.04487 0
    endloop
  endfacet
  facet normal 0 0 -1
    outer loop
      vertex 9.19239 9.19239 0
      vertex 11.2076 11.2076 0
      vertex 9.25949 9.12075 0
    endloop
  endfacet
  facet normal 0 0 -1
    outer loop
      vertex 9.12075 9.25949 0
      vertex 11.2076 11.2076 0
      vertex 9.19239 9.19239 0
    endloop
  endfacet
  facet normal 0 0 -1
    outer loop
      vertex 9.04487 9.32176 0
      vertex 11.2076 11.2076 0
      vertex 9.12075 9.25949 0
    endloop
  endfacet
  facet normal -0 0 -1
    outer loop
      vertex 11.2076 11.2076 0
      vertex 9.04487 9.32176 0
      vertex 10.4506 11.9167 0
    endloop
  endfacet
  facet normal 0 0 -1
    outer loop
      vertex 8.96508 9.37893 0
      vertex 10.4506 11.9167 0
      vertex 9.04487 9.32176 0
    endloop
  endfacet
  facet normal 0 0 -1
    outer loop
      vertex 8.88173 9.43077 0
      vertex 10.4506 11.9167 0
      vertex 8.96508 9.37893 0
    endloop
  endfacet
  facet normal 0 0 -1
    outer loop
      vertex 8.79516 9.47704 0
      vertex 10.4506 11.9167 0
      vertex 8.88173 9.43077 0
    endloop
  endfacet
  facet normal 0 0 -1
    outer loop
      vertex 8.70575 9.51755 0
      vertex 10.4506 11.9167 0
      vertex 8.79516 9.47704 0
    endloop
  endfacet
  facet normal 0 0 -1
    outer loop
      vertex 8.61389 9.55212 0
      vertex 10.4506 11.9167 0
      vertex 8.70575 9.51755 0
    endloop
  endfacet
  facet normal -0 0 -1
    outer loop
      vertex 10.4506 11.9167 0
      vertex 8.61389 9.55212 0
      vertex 9.64887 12.5746 0
    endloop
  endfacet
  facet normal 0 0 -1
    outer loop
      vertex 8.51996 9.58062 0
      vertex 9.64887 12.5746 0
      vertex 8.61389 9.55212 0
    endloop
  endfacet
  facet normal 0 0 -1
    outer loop
      vertex 8.42436 9.60291 0
      vertex 9.64887 12.5746 0
      vertex 8.51996 9.58062 0
    endloop
  endfacet
  facet normal 0 0 -1
    outer loop
      vertex 8.32752 9.61889 0
      vertex 9.64887 12.5746 0
      vertex 8.42436 9.60291 0
    endloop
  endfacet
  facet normal 0 0 -1
    outer loop
      vertex 8.22983 9.62852 0
      vertex 9.64887 12.5746 0
      vertex 8.32752 9.61889 0
    endloop
  endfacet
  facet normal 0 0 -1
    outer loop
      vertex 8.13173 9.63173 0
      vertex 9.64887 12.5746 0
      vertex 8.22983 9.62852 0
    endloop
  endfacet
  facet normal -0 0 -1
    outer loop
      vertex 9.64887 12.5746 0
      vertex 8.13173 9.63173 0
      vertex 8.80579 13.1788 0
    endloop
  endfacet
  facet normal 0 0 -1
    outer loop
      vertex 8.03362 9.62852 0
      vertex 8.80579 13.1788 0
      vertex 8.13173 9.63173 0
    endloop
  endfacet
  facet normal 0 0 -1
    outer loop
      vertex 7.93594 9.61889 0
      vertex 8.80579 13.1788 0
      vertex 8.03362 9.62852 0
    endloop
  endfacet
  facet normal 0 0 -1
    outer loop
      vertex 7.83909 9.60291 0
      vertex 8.80579 13.1788 0
      vertex 7.93594 9.61889 0
    endloop
  endfacet
  facet normal 0 0 -1
    outer loop
      vertex 7.7435 9.58062 0
      vertex 8.80579 13.1788 0
      vertex 7.83909 9.60291 0
    endloop
  endfacet
  facet normal -0 0 -1
    outer loop
      vertex 8.80579 13.1788 0
      vertex 7.7435 9.58062 0
      vertex 7.925 13.7265 0
    endloop
  endfacet
  facet normal 0 0 -1
    outer loop
      vertex 7.64957 9.55212 0
      vertex 7.925 13.7265 0
      vertex 7.7435 9.58062 0
    endloop
  endfacet
  facet normal 0 0 -1
    outer loop
      vertex 7.5577 9.51755 0
      vertex 7.925 13.7265 0
      vertex 7.64957 9.55212 0
    endloop
  endfacet
  facet normal 0 0 -1
    outer loop
      vertex 7.46829 9.47704 0
      vertex 7.925 13.7265 0
      vertex 7.5577 9.51755 0
    endloop
  endfacet
  facet normal 0 0 -1
    outer loop
      vertex 7.01027 14.2154 0
      vertex 7.46829 9.47704 0
      vertex 7.38173 9.43077 0
    endloop
  endfacet
  facet normal 0 0 -1
    outer loop
      vertex 7.01027 14.2154 0
      vertex 7.38173 9.43077 0
      vertex 7.29837 9.37893 0
    endloop
  endfacet
  facet normal 0 0 -1
    outer loop
      vertex 7.01027 14.2154 0
      vertex 7.29837 9.37893 0
      vertex 7.21859 9.32176 0
    endloop
  endfacet
  facet normal 0 0 -1
    outer loop
      vertex 6.06553 14.6435 0
      vertex 7.21859 9.32176 0
      vertex 7.14271 9.25949 0
    endloop
  endfacet
  facet normal 0 0 -1
    outer loop
      vertex 6.06553 14.6435 0
      vertex 7.14271 9.25949 0
      vertex 7.07107 9.19239 0
    endloop
  endfacet
  facet normal 0 0 -1
    outer loop
      vertex 7.46829 9.47704 0
      vertex 7.01027 14.2154 0
      vertex 7.925 13.7265 0
    endloop
  endfacet
  facet normal 0 0 -1
    outer loop
      vertex 6.06553 14.6435 0
      vertex 7.07107 9.19239 0
      vertex 7.00397 9.12075 0
    endloop
  endfacet
  facet normal 0 0 -1
    outer loop
      vertex 5.09482 15.0088 0
      vertex 7.00397 9.12075 0
      vertex 6.9417 9.04487 0
    endloop
  endfacet
  facet normal 0 0 -1
    outer loop
      vertex 5.09482 15.0088 0
      vertex 6.9417 9.04487 0
      vertex 6.88452 8.96508 0
    endloop
  endfacet
  facet normal 0 0 -1
    outer loop
      vertex 4.10228 15.3099 0
      vertex 6.88452 8.96508 0
      vertex 6.83269 8.88173 0
    endloop
  endfacet
  facet normal 0 0 -1
    outer loop
      vertex 4.10228 15.3099 0
      vertex 6.83269 8.88173 0
      vertex 6.78642 8.79516 0
    endloop
  endfacet
  facet normal 0 0 -1
    outer loop
      vertex 3.09218 15.5454 0
      vertex 6.78642 8.79516 0
      vertex 6.74591 8.70575 0
    endloop
  endfacet
  facet normal 0 0 -1
    outer loop
      vertex 3.09218 15.5454 0
      vertex 6.74591 8.70575 0
      vertex 6.71133 8.61389 0
    endloop
  endfacet
  facet normal 0 0 -1
    outer loop
      vertex 2.06884 15.7144 0
      vertex 6.71133 8.61389 0
      vertex 6.68284 8.51996 0
    endloop
  endfacet
  facet normal 0 0 -1
    outer loop
      vertex 1.03664 15.8161 0
      vertex 6.68284 8.51996 0
      vertex 6.66055 8.42436 0
    endloop
  endfacet
  facet normal 0 0 -1
    outer loop
      vertex 1.03664 15.8161 0
      vertex 6.66055 8.42436 0
      vertex 6.64456 8.32752 0
    endloop
  endfacet
  facet normal 0 0 -1
    outer loop
      vertex 0 15.85 0
      vertex 6.64456 8.32752 0
      vertex 6.63494 8.22983 0
    endloop
  endfacet
  facet normal 0 0 -1
    outer loop
      vertex 5.86732 3.17388 0
      vertex 6.9417 7.21859 0
      vertex 5.92856 3.19693 0
    endloop
  endfacet
  facet normal 0 0 -1
    outer loop
      vertex 5.80771 3.14687 0
      vertex 6.9417 7.21859 0
      vertex 5.86732 3.17388 0
    endloop
  endfacet
  facet normal -0 0 -1
    outer loop
      vertex 6.9417 7.21859 0
      vertex 5.80771 3.14687 0
      vertex 6.88452 7.29837 0
    endloop
  endfacet
  facet normal 0 0 -1
    outer loop
      vertex 5.75 3.11602 0
      vertex 6.88452 7.29837 0
      vertex 5.80771 3.14687 0
    endloop
  endfacet
  facet normal -0 0 -1
    outer loop
      vertex 6.88452 7.29837 0
      vertex 5.75 3.11602 0
      vertex 6.83269 7.38173 0
    endloop
  endfacet
  facet normal 0 0 -1
    outer loop
      vertex 5.69443 3.08147 0
      vertex 6.83269 7.38173 0
      vertex 5.75 3.11602 0
    endloop
  endfacet
  facet normal -0 0 -1
    outer loop
      vertex 6.83269 7.38173 0
      vertex 5.69443 3.08147 0
      vertex 6.78642 7.46829 0
    endloop
  endfacet
  facet normal 0 0 -1
    outer loop
      vertex 5.64124 3.04335 0
      vertex 6.78642 7.46829 0
      vertex 5.69443 3.08147 0
    endloop
  endfacet
  facet normal -0 0 -1
    outer loop
      vertex 6.78642 7.46829 0
      vertex 5.64124 3.04335 0
      vertex 6.74591 7.5577 0
    endloop
  endfacet
  facet normal 0 0 -1
    outer loop
      vertex 5.59065 3.00184 0
      vertex 6.74591 7.5577 0
      vertex 5.64124 3.04335 0
    endloop
  endfacet
  facet normal -0 0 -1
    outer loop
      vertex 6.74591 7.5577 0
      vertex 5.59065 3.00184 0
      vertex 6.71133 7.64957 0
    endloop
  endfacet
  facet normal 0 0 -1
    outer loop
      vertex 5.54289 2.95711 0
      vertex 6.71133 7.64957 0
      vertex 5.59065 3.00184 0
    endloop
  endfacet
  facet normal 0 0 -1
    outer loop
      vertex 7.21859 9.32176 0
      vertex 6.06553 14.6435 0
      vertex 7.01027 14.2154 0
    endloop
  endfacet
  facet normal -0 0 -1
    outer loop
      vertex 6.71133 7.64957 0
      vertex 5.54289 2.95711 0
      vertex 6.68284 7.7435 0
    endloop
  endfacet
  facet normal 0 0 -1
    outer loop
      vertex 5.49816 2.90935 0
      vertex 6.68284 7.7435 0
      vertex 5.54289 2.95711 0
    endloop
  endfacet
  facet normal -0 0 -1
    outer loop
      vertex 6.68284 7.7435 0
      vertex 5.49816 2.90935 0
      vertex 6.66055 7.83909 0
    endloop
  endfacet
  facet normal 0 0 -1
    outer loop
      vertex 5.45665 2.85876 0
      vertex 6.66055 7.83909 0
      vertex 5.49816 2.90935 0
    endloop
  endfacet
  facet normal -0 0 -1
    outer loop
      vertex 6.66055 7.83909 0
      vertex 5.45665 2.85876 0
      vertex 6.64456 7.93594 0
    endloop
  endfacet
  facet normal 0 0 -1
    outer loop
      vertex 5.41853 2.80557 0
      vertex 6.64456 7.93594 0
      vertex 5.45665 2.85876 0
    endloop
  endfacet
  facet normal 0 0 -1
    outer loop
      vertex -5.30307 2.57144 0
      vertex 5.30307 2.57144 0
      vertex -5.28407 2.50882 0
    endloop
  endfacet
  facet normal 0 0 -1
    outer loop
      vertex 5.30307 2.57144 0
      vertex -5.30307 2.57144 0
      vertex 5.32612 2.63268 0
    endloop
  endfacet
  facet normal 0 0 -1
    outer loop
      vertex -5.32612 2.63268 0
      vertex 5.32612 2.63268 0
      vertex -5.30307 2.57144 0
    endloop
  endfacet
  facet normal 0 0 -1
    outer loop
      vertex 5.32612 2.63268 0
      vertex -5.32612 2.63268 0
      vertex 5.35313 2.69229 0
    endloop
  endfacet
  facet normal 0 0 -1
    outer loop
      vertex 5.28407 2.50882 0
      vertex -5.28407 2.50882 0
      vertex 5.30307 2.57144 0
    endloop
  endfacet
  facet normal 0 0 -1
    outer loop
      vertex -5.28407 2.50882 0
      vertex 5.28407 2.50882 0
      vertex -5.26921 2.44509 0
    endloop
  endfacet
  facet normal 0 0 -1
    outer loop
      vertex 5.26921 2.44509 0
      vertex -5.26921 2.44509 0
      vertex 5.28407 2.50882 0
    endloop
  endfacet
  facet normal 0 0 -1
    outer loop
      vertex 5.25855 2.38053 0
      vertex -5.25855 2.38053 0
      vertex 5.26921 2.44509 0
    endloop
  endfacet
  facet normal 0 0 -1
    outer loop
      vertex -5.25855 2.38053 0
      vertex 5.25855 2.38053 0
      vertex -5.25214 2.3154 0
    endloop
  endfacet
  facet normal 0 0 -1
    outer loop
      vertex 5.25214 2.3154 0
      vertex -5.25214 2.3154 0
      vertex 5.25855 2.38053 0
    endloop
  endfacet
  facet normal 0 0 -1
    outer loop
      vertex -5.25214 2.3154 0
      vertex 5.25214 2.3154 0
      vertex -5.25 2.25 0
    endloop
  endfacet
  facet normal 0 0 -1
    outer loop
      vertex 5.25 2.25 0
      vertex -5.25 2.25 0
      vertex 5.25214 2.3154 0
    endloop
  endfacet
  facet normal 0 0 -1
    outer loop
      vertex 7.00397 9.12075 0
      vertex 5.09482 15.0088 0
      vertex 6.06553 14.6435 0
    endloop
  endfacet
  facet normal 0 0 -1
    outer loop
      vertex -5.25855 -2.11947 0
      vertex 5.25 -2.25 0
      vertex -5.25214 -2.1846 0
    endloop
  endfacet
  facet normal 0 0 -1
    outer loop
      vertex 5.26921 -2.44509 0
      vertex -5.26921 -2.44509 0
      vertex 5.25855 -2.38053 0
    endloop
  endfacet
  facet normal 0 -0 -1
    outer loop
      vertex -5.35313 -2.69229 0
      vertex 5.35313 -2.69229 0
      vertex -5.38397 -2.75 0
    endloop
  endfacet
  facet normal 0 0 -1
    outer loop
      vertex -5.26921 2.44509 0
      vertex 5.26921 2.44509 0
      vertex -5.25855 2.38053 0
    endloop
  endfacet
  facet normal 0 0 -1
    outer loop
      vertex 5.35313 -2.69229 0
      vertex -5.35313 -2.69229 0
      vertex 5.32612 -2.63268 0
    endloop
  endfacet
  facet normal 0 0 -1
    outer loop
      vertex 6.88452 8.96508 0
      vertex 4.10228 15.3099 0
      vertex 5.09482 15.0088 0
    endloop
  endfacet
  facet normal 0 -0 -1
    outer loop
      vertex -5.32612 -2.63268 0
      vertex 5.32612 -2.63268 0
      vertex -5.35313 -2.69229 0
    endloop
  endfacet
  facet normal 0 0 -1
    outer loop
      vertex 6.78642 8.79516 0
      vertex 3.09218 15.5454 0
      vertex 4.10228 15.3099 0
    endloop
  endfacet
  facet normal 0 0 -1
    outer loop
      vertex 5.45665 -2.85876 0
      vertex -5.45665 -2.85876 0
      vertex 5.41853 -2.80557 0
    endloop
  endfacet
  facet normal 0 0 -1
    outer loop
      vertex 6.71133 8.61389 0
      vertex 2.06884 15.7144 0
      vertex 3.09218 15.5454 0
    endloop
  endfacet
  facet normal 0 0 -1
    outer loop
      vertex 6.64456 -8.32752 0
      vertex -6.64456 -8.32752 0
      vertex 6.63494 -8.22983 0
    endloop
  endfacet
  facet normal 0 0 -1
    outer loop
      vertex 6.68284 8.51996 0
      vertex 1.03664 15.8161 0
      vertex 2.06884 15.7144 0
    endloop
  endfacet
  facet normal 0 0 -1
    outer loop
      vertex -6.64456 -8.32752 0
      vertex 0 -15.85 0
      vertex -1.03664 -15.8161 0
    endloop
  endfacet
  facet normal 0 0 -1
    outer loop
      vertex 6.64456 8.32752 0
      vertex 0 15.85 0
      vertex 1.03664 15.8161 0
    endloop
  endfacet
  facet normal 0 0 -1
    outer loop
      vertex -6.68284 -8.51996 0
      vertex -1.03664 -15.8161 0
      vertex -2.06884 -15.7144 0
    endloop
  endfacet
  facet normal 0 0 -1
    outer loop
      vertex 6.63494 8.22983 0
      vertex -1.03664 15.8161 0
      vertex 0 15.85 0
    endloop
  endfacet
  facet normal 0 0 -1
    outer loop
      vertex -6.71133 -8.61389 0
      vertex -2.06884 -15.7144 0
      vertex -3.09218 -15.5454 0
    endloop
  endfacet
  facet normal 0 0 -1
    outer loop
      vertex 6.63494 8.22983 0
      vertex -2.06884 15.7144 0
      vertex -1.03664 15.8161 0
    endloop
  endfacet
  facet normal 0 0 -1
    outer loop
      vertex -6.78642 -8.79516 0
      vertex -3.09218 -15.5454 0
      vertex -4.10228 -15.3099 0
    endloop
  endfacet
  facet normal 0 0 -1
    outer loop
      vertex 6.63173 8.13173 0
      vertex -2.06884 15.7144 0
      vertex 6.63494 8.22983 0
    endloop
  endfacet
  facet normal 0 0 -1
    outer loop
      vertex -6.88452 -8.96508 0
      vertex -4.10228 -15.3099 0
      vertex -5.09482 -15.0088 0
    endloop
  endfacet
  facet normal 0 0 -1
    outer loop
      vertex -5.35313 2.69229 0
      vertex 5.35313 2.69229 0
      vertex -5.32612 2.63268 0
    endloop
  endfacet
  facet normal 0 0 -1
    outer loop
      vertex 5.35313 2.69229 0
      vertex -5.35313 2.69229 0
      vertex 5.38397 2.75 0
    endloop
  endfacet
  facet normal 0 0 -1
    outer loop
      vertex -5.25214 -2.1846 0
      vertex 5.25 -2.25 0
      vertex -5.25 -2.25 0
    endloop
  endfacet
  facet normal 0 -0 -1
    outer loop
      vertex -5.25 -2.25 0
      vertex 5.25 -2.25 0
      vertex -5.25214 -2.3154 0
    endloop
  endfacet
  facet normal 0 0 -1
    outer loop
      vertex 5.25214 -2.3154 0
      vertex -5.25214 -2.3154 0
      vertex 5.25 -2.25 0
    endloop
  endfacet
  facet normal 0 -0 -1
    outer loop
      vertex -5.25214 -2.3154 0
      vertex 5.25214 -2.3154 0
      vertex -5.25855 -2.38053 0
    endloop
  endfacet
  facet normal 0 0 -1
    outer loop
      vertex 5.25855 -2.38053 0
      vertex -5.25855 -2.38053 0
      vertex 5.25214 -2.3154 0
    endloop
  endfacet
  facet normal 0 -0 -1
    outer loop
      vertex -5.25855 -2.38053 0
      vertex 5.25855 -2.38053 0
      vertex -5.26921 -2.44509 0
    endloop
  endfacet
  facet normal 0 -0 -1
    outer loop
      vertex -5.26921 -2.44509 0
      vertex 5.26921 -2.44509 0
      vertex -5.28407 -2.50882 0
    endloop
  endfacet
  facet normal 0 0 -1
    outer loop
      vertex 5.32612 -2.63268 0
      vertex -5.32612 -2.63268 0
      vertex 5.30307 -2.57144 0
    endloop
  endfacet
  facet normal 0 0 -1
    outer loop
      vertex 5.28407 -2.50882 0
      vertex -5.28407 -2.50882 0
      vertex 5.26921 -2.44509 0
    endloop
  endfacet
  facet normal 0 -0 -1
    outer loop
      vertex -5.30307 -2.57144 0
      vertex 5.30307 -2.57144 0
      vertex -5.32612 -2.63268 0
    endloop
  endfacet
  facet normal 0 -0 -1
    outer loop
      vertex -5.28407 -2.50882 0
      vertex 5.28407 -2.50882 0
      vertex -5.30307 -2.57144 0
    endloop
  endfacet
  facet normal 0 0 -1
    outer loop
      vertex 5.30307 -2.57144 0
      vertex -5.30307 -2.57144 0
      vertex 5.28407 -2.50882 0
    endloop
  endfacet
  facet normal -0 0 -1
    outer loop
      vertex 5.41853 -2.80557 0
      vertex -5.45665 -2.85876 0
      vertex -5.41853 -2.80557 0
    endloop
  endfacet
  facet normal 0 0 -1
    outer loop
      vertex -6.66055 -7.83909 0
      vertex -5.45665 -2.85876 0
      vertex -6.64456 -7.93594 0
    endloop
  endfacet
  facet normal 0 0 -1
    outer loop
      vertex -5.45665 -2.85876 0
      vertex -6.66055 -7.83909 0
      vertex -5.49816 -2.90935 0
    endloop
  endfacet
  facet normal 0 0 -1
    outer loop
      vertex -6.68284 -7.7435 0
      vertex -5.49816 -2.90935 0
      vertex -6.66055 -7.83909 0
    endloop
  endfacet
  facet normal 0 0 -1
    outer loop
      vertex -5.49816 -2.90935 0
      vertex -6.68284 -7.7435 0
      vertex -5.54289 -2.95711 0
    endloop
  endfacet
  facet normal 0 0 -1
    outer loop
      vertex -6.71133 -7.64957 0
      vertex -5.54289 -2.95711 0
      vertex -6.68284 -7.7435 0
    endloop
  endfacet
  facet normal 0 0 -1
    outer loop
      vertex -5.54289 -2.95711 0
      vertex -6.71133 -7.64957 0
      vertex -5.59065 -3.00184 0
    endloop
  endfacet
  facet normal 0 0 -1
    outer loop
      vertex -6.74591 -7.5577 0
      vertex -5.59065 -3.00184 0
      vertex -6.71133 -7.64957 0
    endloop
  endfacet
  facet normal 0 0 -1
    outer loop
      vertex -5.59065 -3.00184 0
      vertex -6.74591 -7.5577 0
      vertex -5.64124 -3.04335 0
    endloop
  endfacet
  facet normal 0 0 -1
    outer loop
      vertex -7.00397 -9.12075 0
      vertex -5.09482 -15.0088 0
      vertex -6.06553 -14.6435 0
    endloop
  endfacet
  facet normal 0 0 -1
    outer loop
      vertex -6.78642 -7.46829 0
      vertex -5.64124 -3.04335 0
      vertex -6.74591 -7.5577 0
    endloop
  endfacet
  facet normal 0 0 -1
    outer loop
      vertex -5.64124 -3.04335 0
      vertex -6.78642 -7.46829 0
      vertex -5.69443 -3.08147 0
    endloop
  endfacet
  facet normal 0 0 -1
    outer loop
      vertex -6.83269 -7.38173 0
      vertex -5.69443 -3.08147 0
      vertex -6.78642 -7.46829 0
    endloop
  endfacet
  facet normal 0 0 -1
    outer loop
      vertex -5.69443 -3.08147 0
      vertex -6.83269 -7.38173 0
      vertex -5.75 -3.11602 0
    endloop
  endfacet
  facet normal 0 0 -1
    outer loop
      vertex -6.88452 -7.29837 0
      vertex -5.75 -3.11602 0
      vertex -6.83269 -7.38173 0
    endloop
  endfacet
  facet normal 0 0 -1
    outer loop
      vertex -5.75 -3.11602 0
      vertex -6.88452 -7.29837 0
      vertex -5.80771 -3.14687 0
    endloop
  endfacet
  facet normal 0 0 -1
    outer loop
      vertex -6.9417 -7.21859 0
      vertex -5.80771 -3.14687 0
      vertex -6.88452 -7.29837 0
    endloop
  endfacet
  facet normal 0 0 -1
    outer loop
      vertex -5.80771 -3.14687 0
      vertex -6.9417 -7.21859 0
      vertex -5.86732 -3.17388 0
    endloop
  endfacet
  facet normal 0 0 -1
    outer loop
      vertex -5.86732 -3.17388 0
      vertex -6.9417 -7.21859 0
      vertex -5.92856 -3.19693 0
    endloop
  endfacet
  facet normal 0 0 -1
    outer loop
      vertex 6.63494 -8.22983 0
      vertex -6.63494 -8.22983 0
      vertex -6.63173 -8.13173 0
    endloop
  endfacet
  facet normal -0 0 -1
    outer loop
      vertex 6.63494 -8.22983 0
      vertex -6.64456 -8.32752 0
      vertex -6.63494 -8.22983 0
    endloop
  endfacet
  facet normal 0 0 -1
    outer loop
      vertex -1.03664 -15.8161 0
      vertex -6.66055 -8.42436 0
      vertex -6.64456 -8.32752 0
    endloop
  endfacet
  facet normal 0 0 -1
    outer loop
      vertex -1.03664 -15.8161 0
      vertex -6.68284 -8.51996 0
      vertex -6.66055 -8.42436 0
    endloop
  endfacet
  facet normal 0 0 -1
    outer loop
      vertex -2.06884 -15.7144 0
      vertex -6.71133 -8.61389 0
      vertex -6.68284 -8.51996 0
    endloop
  endfacet
  facet normal 0 0 -1
    outer loop
      vertex -3.09218 -15.5454 0
      vertex -6.74591 -8.70575 0
      vertex -6.71133 -8.61389 0
    endloop
  endfacet
  facet normal 0 0 -1
    outer loop
      vertex -3.09218 -15.5454 0
      vertex -6.78642 -8.79516 0
      vertex -6.74591 -8.70575 0
    endloop
  endfacet
  facet normal 0 0 -1
    outer loop
      vertex -4.10228 -15.3099 0
      vertex -6.83269 -8.88173 0
      vertex -6.78642 -8.79516 0
    endloop
  endfacet
  facet normal 0 0 -1
    outer loop
      vertex -4.10228 -15.3099 0
      vertex -6.88452 -8.96508 0
      vertex -6.83269 -8.88173 0
    endloop
  endfacet
  facet normal 0 0 -1
    outer loop
      vertex -5.09482 -15.0088 0
      vertex -6.9417 -9.04487 0
      vertex -6.88452 -8.96508 0
    endloop
  endfacet
  facet normal 0 0 -1
    outer loop
      vertex -5.09482 -15.0088 0
      vertex -7.00397 -9.12075 0
      vertex -6.9417 -9.04487 0
    endloop
  endfacet
  facet normal 0 0 -1
    outer loop
      vertex -7.21859 -9.32176 0
      vertex -6.06553 -14.6435 0
      vertex -7.01027 -14.2154 0
    endloop
  endfacet
  facet normal 0 0 -1
    outer loop
      vertex -6.06553 -14.6435 0
      vertex -7.07107 -9.19239 0
      vertex -7.00397 -9.12075 0
    endloop
  endfacet
  facet normal 0 0 -1
    outer loop
      vertex -6.06553 -14.6435 0
      vertex -7.14271 -9.25949 0
      vertex -7.07107 -9.19239 0
    endloop
  endfacet
  facet normal 0 0 -1
    outer loop
      vertex -6.06553 -14.6435 0
      vertex -7.21859 -9.32176 0
      vertex -7.14271 -9.25949 0
    endloop
  endfacet
  facet normal 0 0 -1
    outer loop
      vertex -7.01027 -14.2154 0
      vertex -7.29837 -9.37893 0
      vertex -7.21859 -9.32176 0
    endloop
  endfacet
  facet normal 0 0 -1
    outer loop
      vertex -7.01027 -14.2154 0
      vertex -7.38173 -9.43077 0
      vertex -7.29837 -9.37893 0
    endloop
  endfacet
  facet normal 0 0 -1
    outer loop
      vertex -7.01027 -14.2154 0
      vertex -7.46829 -9.47704 0
      vertex -7.38173 -9.43077 0
    endloop
  endfacet
  facet normal 0 0 -1
    outer loop
      vertex -7.925 -13.7265 0
      vertex -7.46829 -9.47704 0
      vertex -7.01027 -14.2154 0
    endloop
  endfacet
  facet normal 0 0 -1
    outer loop
      vertex -7.46829 -9.47704 0
      vertex -7.925 -13.7265 0
      vertex -7.5577 -9.51755 0
    endloop
  endfacet
  facet normal 0 0 -1
    outer loop
      vertex -7.5577 -9.51755 0
      vertex -7.925 -13.7265 0
      vertex -7.64957 -9.55212 0
    endloop
  endfacet
  facet normal 0 0 -1
    outer loop
      vertex -7.64957 -9.55212 0
      vertex -7.925 -13.7265 0
      vertex -7.7435 -9.58062 0
    endloop
  endfacet
  facet normal 0 0 -1
    outer loop
      vertex -8.80579 -13.1788 0
      vertex -7.7435 -9.58062 0
      vertex -7.925 -13.7265 0
    endloop
  endfacet
  facet normal 0 0 -1
    outer loop
      vertex -7.7435 -9.58062 0
      vertex -8.80579 -13.1788 0
      vertex -7.83909 -9.60291 0
    endloop
  endfacet
  facet normal 0 0 -1
    outer loop
      vertex -7.83909 -9.60291 0
      vertex -8.80579 -13.1788 0
      vertex -7.93594 -9.61889 0
    endloop
  endfacet
  facet normal 0 0 -1
    outer loop
      vertex -7.93594 -9.61889 0
      vertex -8.80579 -13.1788 0
      vertex -8.03362 -9.62852 0
    endloop
  endfacet
  facet normal 0 0 -1
    outer loop
      vertex -8.03362 -9.62852 0
      vertex -8.80579 -13.1788 0
      vertex -8.13173 -9.63173 0
    endloop
  endfacet
  facet normal 0 0 -1
    outer loop
      vertex -9.64887 -12.5746 0
      vertex -8.13173 -9.63173 0
      vertex -8.80579 -13.1788 0
    endloop
  endfacet
  facet normal -0 0 -1
    outer loop
      vertex -8.13173 -9.63173 0
      vertex -9.64887 -12.5746 0
      vertex -8.22983 -9.62852 0
    endloop
  endfacet
  facet normal -0 0 -1
    outer loop
      vertex -8.22983 -9.62852 0
      vertex -9.64887 -12.5746 0
      vertex -8.32752 -9.61889 0
    endloop
  endfacet
  facet normal -0 0 -1
    outer loop
      vertex -8.32752 -9.61889 0
      vertex -9.64887 -12.5746 0
      vertex -8.42436 -9.60291 0
    endloop
  endfacet
  facet normal -0 0 -1
    outer loop
      vertex -8.42436 -9.60291 0
      vertex -9.64887 -12.5746 0
      vertex -8.51996 -9.58062 0
    endloop
  endfacet
  facet normal -0 0 -1
    outer loop
      vertex -8.51996 -9.58062 0
      vertex -9.64887 -12.5746 0
      vertex -8.61389 -9.55212 0
    endloop
  endfacet
  facet normal -0 0 -1
    outer loop
      vertex -8.61389 -9.55212 0
      vertex -9.64887 -12.5746 0
      vertex -8.70575 -9.51755 0
    endloop
  endfacet
  facet normal -0 0 -1
    outer loop
      vertex -8.70575 -9.51755 0
      vertex -9.64887 -12.5746 0
      vertex -8.79516 -9.47704 0
    endloop
  endfacet
  facet normal -0 0 -1
    outer loop
      vertex -8.79516 -9.47704 0
      vertex -9.64887 -12.5746 0
      vertex -8.88173 -9.43077 0
    endloop
  endfacet
  facet normal -0 0 -1
    outer loop
      vertex -8.88173 -9.43077 0
      vertex -9.64887 -12.5746 0
      vertex -8.96508 -9.37893 0
    endloop
  endfacet
  facet normal -0 0 -1
    outer loop
      vertex -8.96508 -9.37893 0
      vertex -9.64887 -12.5746 0
      vertex -9.04487 -9.32176 0
    endloop
  endfacet
  facet normal -0 0 -1
    outer loop
      vertex -9.04487 -9.32176 0
      vertex -9.64887 -12.5746 0
      vertex -9.12075 -9.25949 0
    endloop
  endfacet
  facet normal -0 0 -1
    outer loop
      vertex -9.12075 -9.25949 0
      vertex -9.64887 -12.5746 0
      vertex -9.19239 -9.19239 0
    endloop
  endfacet
  facet normal -0 0 -1
    outer loop
      vertex -9.19239 -9.19239 0
      vertex -9.64887 -12.5746 0
      vertex -9.25949 -9.12075 0
    endloop
  endfacet
  facet normal -0 0 -1
    outer loop
      vertex -9.25949 -9.12075 0
      vertex -9.64887 -12.5746 0
      vertex -9.32176 -9.04487 0
    endloop
  endfacet
  facet normal -0 0 -1
    outer loop
      vertex -9.32176 -9.04487 0
      vertex -9.64887 -12.5746 0
      vertex -9.37893 -8.96508 0
    endloop
  endfacet
  facet normal -0 0 -1
    outer loop
      vertex -9.37893 -8.96508 0
      vertex -9.64887 -12.5746 0
      vertex -9.43077 -8.88173 0
    endloop
  endfacet
  facet normal -0 0 -1
    outer loop
      vertex -9.43077 -8.88173 0
      vertex -9.64887 -12.5746 0
      vertex -9.47704 -8.79516 0
    endloop
  endfacet
  facet normal -0 0 -1
    outer loop
      vertex -9.47704 -8.79516 0
      vertex -9.64887 -12.5746 0
      vertex -9.51755 -8.70575 0
    endloop
  endfacet
  facet normal -0 0 -1
    outer loop
      vertex -9.51755 -8.70575 0
      vertex -9.64887 -12.5746 0
      vertex -9.55212 -8.61389 0
    endloop
  endfacet
  facet normal -0 0 -1
    outer loop
      vertex -9.55212 -8.61389 0
      vertex -9.64887 -12.5746 0
      vertex -9.58062 -8.51996 0
    endloop
  endfacet
  facet normal 0 0 -1
    outer loop
      vertex -9.62852 -8.22983 0
      vertex -14.05 -2.2 0
      vertex -9.63173 -8.13173 0
    endloop
  endfacet
  facet normal 0 0 -1
    outer loop
      vertex -9.61889 -8.32752 0
      vertex -14.05 -2.2 0
      vertex -9.62852 -8.22983 0
    endloop
  endfacet
  facet normal 0 0 -1
    outer loop
      vertex -9.60291 -8.42436 0
      vertex -14.05 -2.2 0
      vertex -9.61889 -8.32752 0
    endloop
  endfacet
  facet normal 0 0 -1
    outer loop
      vertex -14.05 -2.2 0
      vertex -9.60291 -8.42436 0
      vertex -9.64887 -12.5746 0
    endloop
  endfacet
  facet normal -0 0 -1
    outer loop
      vertex -9.58062 -8.51996 0
      vertex -9.64887 -12.5746 0
      vertex -9.60291 -8.42436 0
    endloop
  endfacet
  facet normal 0 0 -1
    outer loop
      vertex 8.42436 6.66055 0
      vertex 7.00184 2.90935 0
      vertex 8.32752 6.64456 0
    endloop
  endfacet
  facet normal 0 0 -1
    outer loop
      vertex 6.95711 2.95711 0
      vertex 8.32752 6.64456 0
      vertex 7.00184 2.90935 0
    endloop
  endfacet
  facet normal 0 0 -1
    outer loop
      vertex 8.32752 6.64456 0
      vertex 6.95711 2.95711 0
      vertex 8.22983 6.63494 0
    endloop
  endfacet
  facet normal 0 0 -1
    outer loop
      vertex 6.90935 3.00184 0
      vertex 8.22983 6.63494 0
      vertex 6.95711 2.95711 0
    endloop
  endfacet
  facet normal 0 0 -1
    outer loop
      vertex 8.22983 6.63494 0
      vertex 6.90935 3.00184 0
      vertex 8.13173 6.63173 0
    endloop
  endfacet
  facet normal 0 0 -1
    outer loop
      vertex 6.85876 3.04335 0
      vertex 8.13173 6.63173 0
      vertex 6.90935 3.00184 0
    endloop
  endfacet
  facet normal -0 0 -1
    outer loop
      vertex 8.13173 6.63173 0
      vertex 6.85876 3.04335 0
      vertex 8.03362 6.63494 0
    endloop
  endfacet
  facet normal 0 0 -1
    outer loop
      vertex 6.80557 3.08147 0
      vertex 8.03362 6.63494 0
      vertex 6.85876 3.04335 0
    endloop
  endfacet
  facet normal -0 0 -1
    outer loop
      vertex 8.03362 6.63494 0
      vertex 6.80557 3.08147 0
      vertex 7.93594 6.64456 0
    endloop
  endfacet
  facet normal 0 0 -1
    outer loop
      vertex 6.75 3.11602 0
      vertex 7.93594 6.64456 0
      vertex 6.80557 3.08147 0
    endloop
  endfacet
  facet normal 0 0 -1
    outer loop
      vertex 6.69229 3.14687 0
      vertex 7.93594 6.64456 0
      vertex 6.75 3.11602 0
    endloop
  endfacet
  facet normal -0 0 -1
    outer loop
      vertex 7.93594 6.64456 0
      vertex 6.69229 3.14687 0
      vertex 7.83909 6.66055 0
    endloop
  endfacet
  facet normal 0 0 -1
    outer loop
      vertex 6.63268 3.17388 0
      vertex 7.83909 6.66055 0
      vertex 6.69229 3.14687 0
    endloop
  endfacet
  facet normal -0 0 -1
    outer loop
      vertex 7.83909 6.66055 0
      vertex 6.63268 3.17388 0
      vertex 7.7435 6.68284 0
    endloop
  endfacet
  facet normal 0 0 -1
    outer loop
      vertex 6.57144 3.19693 0
      vertex 7.7435 6.68284 0
      vertex 6.63268 3.17388 0
    endloop
  endfacet
  facet normal -0 0 -1
    outer loop
      vertex 7.7435 6.68284 0
      vertex 6.57144 3.19693 0
      vertex 7.64957 6.71133 0
    endloop
  endfacet
  facet normal 0 0 -1
    outer loop
      vertex 6.50882 3.21593 0
      vertex 7.64957 6.71133 0
      vertex 6.57144 3.19693 0
    endloop
  endfacet
  facet normal -0 0 -1
    outer loop
      vertex 7.64957 6.71133 0
      vertex 6.50882 3.21593 0
      vertex 7.5577 6.74591 0
    endloop
  endfacet
  facet normal 0 0 -1
    outer loop
      vertex 6.44509 3.23078 0
      vertex 7.5577 6.74591 0
      vertex 6.50882 3.21593 0
    endloop
  endfacet
  facet normal -0 0 -1
    outer loop
      vertex 7.5577 6.74591 0
      vertex 6.44509 3.23078 0
      vertex 7.46829 6.78642 0
    endloop
  endfacet
  facet normal 0 0 -1
    outer loop
      vertex 6.38053 3.24144 0
      vertex 7.46829 6.78642 0
      vertex 6.44509 3.23078 0
    endloop
  endfacet
  facet normal -0 0 -1
    outer loop
      vertex 7.46829 6.78642 0
      vertex 6.38053 3.24144 0
      vertex 7.38173 6.83269 0
    endloop
  endfacet
  facet normal 0 0 -1
    outer loop
      vertex 6.3154 3.24786 0
      vertex 7.38173 6.83269 0
      vertex 6.38053 3.24144 0
    endloop
  endfacet
  facet normal 0 0 -1
    outer loop
      vertex 6.25 3.25 0
      vertex 7.38173 6.83269 0
      vertex 6.3154 3.24786 0
    endloop
  endfacet
  facet normal -0 0 -1
    outer loop
      vertex 7.38173 6.83269 0
      vertex 6.25 3.25 0
      vertex 7.29837 6.88452 0
    endloop
  endfacet
  facet normal 0 0 -1
    outer loop
      vertex 6.1846 3.24786 0
      vertex 7.29837 6.88452 0
      vertex 6.25 3.25 0
    endloop
  endfacet
  facet normal -0 0 -1
    outer loop
      vertex 7.29837 6.88452 0
      vertex 6.1846 3.24786 0
      vertex 7.21859 6.9417 0
    endloop
  endfacet
  facet normal 0 0 -1
    outer loop
      vertex 6.11947 3.24144 0
      vertex 7.21859 6.9417 0
      vertex 6.1846 3.24786 0
    endloop
  endfacet
  facet normal -0 0 -1
    outer loop
      vertex 7.21859 6.9417 0
      vertex 6.11947 3.24144 0
      vertex 7.14271 7.00397 0
    endloop
  endfacet
  facet normal 0 0 -1
    outer loop
      vertex 6.05491 3.23078 0
      vertex 7.14271 7.00397 0
      vertex 6.11947 3.24144 0
    endloop
  endfacet
  facet normal -0 0 -1
    outer loop
      vertex 7.14271 7.00397 0
      vertex 6.05491 3.23078 0
      vertex 7.07107 7.07107 0
    endloop
  endfacet
  facet normal 0 0 -1
    outer loop
      vertex 5.99118 3.21593 0
      vertex 7.07107 7.07107 0
      vertex 6.05491 3.23078 0
    endloop
  endfacet
  facet normal -0 0 -1
    outer loop
      vertex 7.07107 7.07107 0
      vertex 5.99118 3.21593 0
      vertex 7.00397 7.14271 0
    endloop
  endfacet
  facet normal 0 0 -1
    outer loop
      vertex 5.92856 3.19693 0
      vertex 7.00397 7.14271 0
      vertex 5.99118 3.21593 0
    endloop
  endfacet
  facet normal -0 0 -1
    outer loop
      vertex 7.00397 7.14271 0
      vertex 5.92856 3.19693 0
      vertex 6.9417 7.21859 0
    endloop
  endfacet
  facet normal -1 0 0
    outer loop
      vertex 6.45 1.27036 2.5
      vertex 6.45 -1.27036 2.5
      vertex 6.45 1.27036 3.5
    endloop
  endfacet
  facet normal -1 0 0
    outer loop
      vertex 6.45 1.27036 3.5
      vertex 6.45 1.6 3.7
      vertex 6.45 1.6 3.5
    endloop
  endfacet
  facet normal -1 0 0
    outer loop
      vertex 6.45 -1.27036 3.5
      vertex 6.45 1.27036 3.5
      vertex 6.45 -1.27036 2.5
    endloop
  endfacet
  facet normal -1 0 0
    outer loop
      vertex 6.45 1.27036 3.5
      vertex 6.45 -1.27036 3.5
      vertex 6.45 1.6 3.7
    endloop
  endfacet
  facet normal -1 0 0
    outer loop
      vertex 6.45 -1.6 3.7
      vertex 6.45 -1.27036 3.5
      vertex 6.45 -1.6 3.5
    endloop
  endfacet
  facet normal -1 0 0
    outer loop
      vertex 6.45 -1.27036 3.5
      vertex 6.45 -1.6 3.7
      vertex 6.45 1.6 3.7
    endloop
  endfacet
  facet normal 0 1 0
    outer loop
      vertex 7.85 1.6 3.7
      vertex 7.00951 1.6 3.5
      vertex 6.45 1.6 3.7
    endloop
  endfacet
  facet normal 0 1 -0
    outer loop
      vertex 7.85 1.6 2.5
      vertex 7.00951 1.6 3.5
      vertex 7.85 1.6 3.7
    endloop
  endfacet
  facet normal 0 1 0
    outer loop
      vertex 7.00951 1.6 3.5
      vertex 7.85 1.6 2.5
      vertex 7.00951 1.6 2.5
    endloop
  endfacet
  facet normal 0 1 0
    outer loop
      vertex 6.45 1.6 3.7
      vertex 7.00951 1.6 3.5
      vertex 6.45 1.6 3.5
    endloop
  endfacet
  facet normal 0 -1 0
    outer loop
      vertex 7.00951 -1.6 3.5
      vertex 6.45 -1.6 3.7
      vertex 6.45 -1.6 3.5
    endloop
  endfacet
  facet normal 0 -1 0
    outer loop
      vertex 6.45 -1.6 3.7
      vertex 7.00951 -1.6 3.5
      vertex 7.85 -1.6 3.7
    endloop
  endfacet
  facet normal 0 -1 0
    outer loop
      vertex 7.85 -1.6 2.5
      vertex 7.00951 -1.6 3.5
      vertex 7.00951 -1.6 2.5
    endloop
  endfacet
  facet normal 0 -1 0
    outer loop
      vertex 7.00951 -1.6 3.5
      vertex 7.85 -1.6 2.5
      vertex 7.85 -1.6 3.7
    endloop
  endfacet
  facet normal -0 0 1
    outer loop
      vertex -1.6 7.85 3.7
      vertex 1.6 6.45 3.7
      vertex 1.6 7.85 3.7
    endloop
  endfacet
  facet normal 0 0 1
    outer loop
      vertex 1.6 6.45 3.7
      vertex -1.6 7.85 3.7
      vertex -1.6 6.45 3.7
    endloop
  endfacet
  facet normal 0 -1 0
    outer loop
      vertex -1.6 6.45 2.5
      vertex 1.6 6.45 3.7
      vertex -1.6 6.45 3.7
    endloop
  endfacet
  facet normal 0 -1 -0
    outer loop
      vertex 1.6 6.45 3.7
      vertex -1.6 6.45 2.5
      vertex 1.6 6.45 2.5
    endloop
  endfacet
  facet normal -1 0 0
    outer loop
      vertex -1.6 6.45 2.5
      vertex -1.6 7.85 3.7
      vertex -1.6 7.85 2.5
    endloop
  endfacet
  facet normal -1 -0 0
    outer loop
      vertex -1.6 7.85 3.7
      vertex -1.6 6.45 2.5
      vertex -1.6 6.45 3.7
    endloop
  endfacet
  facet normal 1 -0 0
    outer loop
      vertex 1.6 6.45 3.7
      vertex 1.6 7.85 2.5
      vertex 1.6 7.85 3.7
    endloop
  endfacet
  facet normal 1 0 0
    outer loop
      vertex 1.6 7.85 2.5
      vertex 1.6 6.45 3.7
      vertex 1.6 6.45 2.5
    endloop
  endfacet
  facet normal 0 1 -0
    outer loop
      vertex 1.6 7.85 2.5
      vertex -1.6 7.85 3.7
      vertex 1.6 7.85 3.7
    endloop
  endfacet
  facet normal 0 1 0
    outer loop
      vertex -1.6 7.85 3.7
      vertex 1.6 7.85 2.5
      vertex -1.6 7.85 2.5
    endloop
  endfacet
  facet normal -0 0 1
    outer loop
      vertex -7.85 1.6 3.7
      vertex -6.45 -1.6 3.7
      vertex -6.45 1.6 3.7
    endloop
  endfacet
  facet normal 0 0 1
    outer loop
      vertex -6.45 -1.6 3.7
      vertex -7.85 1.6 3.7
      vertex -7.85 -1.6 3.7
    endloop
  endfacet
  facet normal 1 0 0
    outer loop
      vertex -6.45 1.6 3.7
      vertex -6.45 1.27036 3.5
      vertex -6.45 1.6 3.5
    endloop
  endfacet
  facet normal 1 0 0
    outer loop
      vertex -6.45 1.27036 3.5
      vertex -6.45 -1.27036 3.5
      vertex -6.45 1.27036 2.5
    endloop
  endfacet
  facet normal 1 0 0
    outer loop
      vertex -6.45 1.6 3.7
      vertex -6.45 -1.27036 3.5
      vertex -6.45 1.27036 3.5
    endloop
  endfacet
  facet normal 1 -0 0
    outer loop
      vertex -6.45 -1.6 3.7
      vertex -6.45 -1.27036 3.5
      vertex -6.45 1.6 3.7
    endloop
  endfacet
  facet normal 1 0 0
    outer loop
      vertex -6.45 -1.27036 3.5
      vertex -6.45 -1.6 3.7
      vertex -6.45 -1.6 3.5
    endloop
  endfacet
  facet normal 1 0 0
    outer loop
      vertex -6.45 1.27036 2.5
      vertex -6.45 -1.27036 3.5
      vertex -6.45 -1.27036 2.5
    endloop
  endfacet
  facet normal 0 1 0
    outer loop
      vertex -7.00951 1.6 3.5
      vertex -6.45 1.6 3.7
      vertex -6.45 1.6 3.5
    endloop
  endfacet
  facet normal 0 1 0
    outer loop
      vertex -6.45 1.6 3.7
      vertex -7.00951 1.6 3.5
      vertex -7.85 1.6 3.7
    endloop
  endfacet
  facet normal 0 1 0
    outer loop
      vertex -7.85 1.6 2.5
      vertex -7.00951 1.6 3.5
      vertex -7.00951 1.6 2.5
    endloop
  endfacet
  facet normal 0 1 0
    outer loop
      vertex -7.00951 1.6 3.5
      vertex -7.85 1.6 2.5
      vertex -7.85 1.6 3.7
    endloop
  endfacet
  facet normal 0 -1 0
    outer loop
      vertex -7.85 -1.6 3.7
      vertex -7.00951 -1.6 3.5
      vertex -6.45 -1.6 3.7
    endloop
  endfacet
  facet normal 0 -1 0
    outer loop
      vertex -7.85 -1.6 2.5
      vertex -7.00951 -1.6 3.5
      vertex -7.85 -1.6 3.7
    endloop
  endfacet
  facet normal 0 -1 -0
    outer loop
      vertex -7.00951 -1.6 3.5
      vertex -7.85 -1.6 2.5
      vertex -7.00951 -1.6 2.5
    endloop
  endfacet
  facet normal 0 -1 -0
    outer loop
      vertex -6.45 -1.6 3.7
      vertex -7.00951 -1.6 3.5
      vertex -6.45 -1.6 3.5
    endloop
  endfacet
  facet normal -1 0 0
    outer loop
      vertex -7.85 -1.6 2.5
      vertex -7.85 1.6 3.7
      vertex -7.85 1.6 2.5
    endloop
  endfacet
  facet normal -1 -0 0
    outer loop
      vertex -7.85 1.6 3.7
      vertex -7.85 -1.6 2.5
      vertex -7.85 -1.6 3.7
    endloop
  endfacet
  facet normal 0 -1 0
    outer loop
      vertex -1.6 -7.85 2.5
      vertex 1.6 -7.85 3.7
      vertex -1.6 -7.85 3.7
    endloop
  endfacet
  facet normal 0 -1 -0
    outer loop
      vertex 1.6 -7.85 3.7
      vertex -1.6 -7.85 2.5
      vertex 1.6 -7.85 2.5
    endloop
  endfacet
  facet normal -0 0 1
    outer loop
      vertex -1.6 -6.45 3.7
      vertex 1.6 -7.85 3.7
      vertex 1.6 -6.45 3.7
    endloop
  endfacet
  facet normal 0 0 1
    outer loop
      vertex 1.6 -7.85 3.7
      vertex -1.6 -6.45 3.7
      vertex -1.6 -7.85 3.7
    endloop
  endfacet
  facet normal 0 1 -0
    outer loop
      vertex 1.6 -6.45 2.5
      vertex -1.6 -6.45 3.7
      vertex 1.6 -6.45 3.7
    endloop
  endfacet
  facet normal 0 1 0
    outer loop
      vertex -1.6 -6.45 3.7
      vertex 1.6 -6.45 2.5
      vertex -1.6 -6.45 2.5
    endloop
  endfacet
  facet normal 1 -0 0
    outer loop
      vertex 1.6 -7.85 3.7
      vertex 1.6 -6.45 2.5
      vertex 1.6 -6.45 3.7
    endloop
  endfacet
  facet normal 1 0 0
    outer loop
      vertex 1.6 -6.45 2.5
      vertex 1.6 -7.85 3.7
      vertex 1.6 -7.85 2.5
    endloop
  endfacet
  facet normal -1 0 0
    outer loop
      vertex -1.6 -7.85 2.5
      vertex -1.6 -6.45 3.7
      vertex -1.6 -6.45 2.5
    endloop
  endfacet
  facet normal -1 -0 0
    outer loop
      vertex -1.6 -6.45 3.7
      vertex -1.6 -7.85 2.5
      vertex -1.6 -7.85 3.7
    endloop
  endfacet
  facet normal 0.986643 0.162896 0
    outer loop
      vertex 15.6927 2.2 2.5
      vertex 15.5454 3.09218 0
      vertex 15.5454 3.09218 2.5
    endloop
  endfacet
  facet normal 0.986643 0.162896 0
    outer loop
      vertex 15.5454 3.09218 0
      vertex 15.6927 2.2 2.5
      vertex 15.6927 2.2 0
    endloop
  endfacet
  facet normal 0.973882 0.227056 0
    outer loop
      vertex 15.5454 3.09218 2.5
      vertex 15.3099 4.10228 0
      vertex 15.3099 4.10228 2.5
    endloop
  endfacet
  facet normal 0.973882 0.227056 0
    outer loop
      vertex 15.3099 4.10228 0
      vertex 15.5454 3.09218 2.5
      vertex 15.5454 3.09218 0
    endloop
  endfacet
  facet normal 0 0 1
    outer loop
      vertex 14.05 2.2 2.5
      vertex 15.5454 3.09218 2.5
      vertex 15.3099 4.10228 2.5
    endloop
  endfacet
  facet normal 0 0 1
    outer loop
      vertex 14.05 2.2 2.5
      vertex 15.3099 4.10228 2.5
      vertex 15.0088 5.09482 2.5
    endloop
  endfacet
  facet normal 0 0 1
    outer loop
      vertex 14.05 2.2 2.5
      vertex 15.0088 5.09482 2.5
      vertex 14.6435 6.06553 2.5
    endloop
  endfacet
  facet normal 0 0 1
    outer loop
      vertex 9.25949 7.14271 2.5
      vertex 14.6435 6.06553 2.5
      vertex 14.2154 7.01027 2.5
    endloop
  endfacet
  facet normal 0 0 1
    outer loop
      vertex 15.5454 3.09218 2.5
      vertex 14.05 2.2 2.5
      vertex 15.6927 2.2 2.5
    endloop
  endfacet
  facet normal 0 0 1
    outer loop
      vertex 14.6435 6.06553 2.5
      vertex 9.25949 7.14271 2.5
      vertex 9.19239 7.07107 2.5
    endloop
  endfacet
  facet normal -0 0 1
    outer loop
      vertex 9.25949 7.14271 2.5
      vertex 14.2154 7.01027 2.5
      vertex 13.7265 7.925 2.5
    endloop
  endfacet
  facet normal -0 0 1
    outer loop
      vertex 14.05 -2.2 2.5
      vertex 15.5454 -3.09218 2.5
      vertex 15.6927 -2.2 2.5
    endloop
  endfacet
  facet normal 0 0 1
    outer loop
      vertex 15.5454 -3.09218 2.5
      vertex 14.05 -2.2 2.5
      vertex 15.3099 -4.10228 2.5
    endloop
  endfacet
  facet normal 0 0 1
    outer loop
      vertex 15.3099 -4.10228 2.5
      vertex 14.05 -2.2 2.5
      vertex 15.0088 -5.09482 2.5
    endloop
  endfacet
  facet normal 0 0 1
    outer loop
      vertex 15.0088 -5.09482 2.5
      vertex 14.05 -2.2 2.5
      vertex 14.6435 -6.06553 2.5
    endloop
  endfacet
  facet normal 0 0 1
    outer loop
      vertex 9.19239 -7.07107 2.5
      vertex 14.6435 -6.06553 2.5
      vertex 14.05 -2.2 2.5
    endloop
  endfacet
  facet normal 0 -0 1
    outer loop
      vertex 9.25949 -7.14271 2.5
      vertex 14.6435 -6.06553 2.5
      vertex 9.19239 -7.07107 2.5
    endloop
  endfacet
  facet normal 0 0 1
    outer loop
      vertex 14.05 2.2 2.5
      vertex 7.85 1.6 2.5
      vertex 14.05 -2.2 2.5
    endloop
  endfacet
  facet normal 0 0 1
    outer loop
      vertex 9.58062 7.7435 2.5
      vertex 13.7265 7.925 2.5
      vertex 13.1788 8.80579 2.5
    endloop
  endfacet
  facet normal -0 0 1
    outer loop
      vertex 7.85 -1.6 2.5
      vertex 14.05 -2.2 2.5
      vertex 7.85 1.6 2.5
    endloop
  endfacet
  facet normal 0 0 1
    outer loop
      vertex 9.63173 8.13173 2.5
      vertex 13.1788 8.80579 2.5
      vertex 12.5746 9.64887 2.5
    endloop
  endfacet
  facet normal 0 -0 1
    outer loop
      vertex 8.88173 -6.83269 2.5
      vertex 14.05 -2.2 2.5
      vertex 7.85 -1.6 2.5
    endloop
  endfacet
  facet normal 0 0 1
    outer loop
      vertex 9.55212 8.61389 2.5
      vertex 12.5746 9.64887 2.5
      vertex 11.9167 10.4506 2.5
    endloop
  endfacet
  facet normal 0 -0 1
    outer loop
      vertex 9.19239 -7.07107 2.5
      vertex 14.05 -2.2 2.5
      vertex 9.12075 -7.00397 2.5
    endloop
  endfacet
  facet normal 0 0 1
    outer loop
      vertex 9.37893 8.96508 2.5
      vertex 11.9167 10.4506 2.5
      vertex 11.2076 11.2076 2.5
    endloop
  endfacet
  facet normal 0 0 1
    outer loop
      vertex 13.7265 7.925 2.5
      vertex 9.55212 7.64957 2.5
      vertex 9.51755 7.5577 2.5
    endloop
  endfacet
  facet normal 0 0 1
    outer loop
      vertex 9.04487 9.32176 2.5
      vertex 11.2076 11.2076 2.5
      vertex 10.4506 11.9167 2.5
    endloop
  endfacet
  facet normal 0 0 1
    outer loop
      vertex 13.1788 8.80579 2.5
      vertex 9.61889 7.93594 2.5
      vertex 9.60291 7.83909 2.5
    endloop
  endfacet
  facet normal 0 0 1
    outer loop
      vertex 8.61389 9.55212 2.5
      vertex 10.4506 11.9167 2.5
      vertex 9.64887 12.5746 2.5
    endloop
  endfacet
  facet normal 0 0 1
    outer loop
      vertex 13.1788 8.80579 2.5
      vertex 9.63173 8.13173 2.5
      vertex 9.62852 8.03362 2.5
    endloop
  endfacet
  facet normal 0 0 1
    outer loop
      vertex 13.1788 8.80579 2.5
      vertex 9.62852 8.03362 2.5
      vertex 9.61889 7.93594 2.5
    endloop
  endfacet
  facet normal 0 0 1
    outer loop
      vertex 12.5746 9.64887 2.5
      vertex 9.62852 8.22983 2.5
      vertex 9.63173 8.13173 2.5
    endloop
  endfacet
  facet normal 0 0 1
    outer loop
      vertex 12.5746 9.64887 2.5
      vertex 9.61889 8.32752 2.5
      vertex 9.62852 8.22983 2.5
    endloop
  endfacet
  facet normal 0 0 1
    outer loop
      vertex 12.5746 9.64887 2.5
      vertex 9.60291 8.42436 2.5
      vertex 9.61889 8.32752 2.5
    endloop
  endfacet
  facet normal 0 0 1
    outer loop
      vertex 12.5746 9.64887 2.5
      vertex 9.58062 8.51996 2.5
      vertex 9.60291 8.42436 2.5
    endloop
  endfacet
  facet normal 0 0 1
    outer loop
      vertex 12.5746 9.64887 2.5
      vertex 9.55212 8.61389 2.5
      vertex 9.58062 8.51996 2.5
    endloop
  endfacet
  facet normal 0 0 1
    outer loop
      vertex 11.9167 10.4506 2.5
      vertex 9.51755 8.70575 2.5
      vertex 9.55212 8.61389 2.5
    endloop
  endfacet
  facet normal 0 0 1
    outer loop
      vertex 11.9167 10.4506 2.5
      vertex 9.47704 8.79516 2.5
      vertex 9.51755 8.70575 2.5
    endloop
  endfacet
  facet normal 0 0 1
    outer loop
      vertex 11.9167 10.4506 2.5
      vertex 9.43077 8.88173 2.5
      vertex 9.47704 8.79516 2.5
    endloop
  endfacet
  facet normal 0 0 1
    outer loop
      vertex 11.9167 10.4506 2.5
      vertex 9.37893 8.96508 2.5
      vertex 9.43077 8.88173 2.5
    endloop
  endfacet
  facet normal 0 0 1
    outer loop
      vertex 11.2076 11.2076 2.5
      vertex 9.32176 9.04487 2.5
      vertex 9.37893 8.96508 2.5
    endloop
  endfacet
  facet normal 0 0 1
    outer loop
      vertex 11.2076 11.2076 2.5
      vertex 9.25949 9.12075 2.5
      vertex 9.32176 9.04487 2.5
    endloop
  endfacet
  facet normal 0 0 1
    outer loop
      vertex 11.2076 11.2076 2.5
      vertex 9.19239 9.19239 2.5
      vertex 9.25949 9.12075 2.5
    endloop
  endfacet
  facet normal 0 0 1
    outer loop
      vertex 11.2076 11.2076 2.5
      vertex 9.12075 9.25949 2.5
      vertex 9.19239 9.19239 2.5
    endloop
  endfacet
  facet normal 0 0 1
    outer loop
      vertex 11.2076 11.2076 2.5
      vertex 9.04487 9.32176 2.5
      vertex 9.12075 9.25949 2.5
    endloop
  endfacet
  facet normal 0 0 1
    outer loop
      vertex 10.4506 11.9167 2.5
      vertex 8.96508 9.37893 2.5
      vertex 9.04487 9.32176 2.5
    endloop
  endfacet
  facet normal 0 0 1
    outer loop
      vertex 10.4506 11.9167 2.5
      vertex 8.88173 9.43077 2.5
      vertex 8.96508 9.37893 2.5
    endloop
  endfacet
  facet normal 0 0 1
    outer loop
      vertex 8.13173 9.63173 2.5
      vertex 9.64887 12.5746 2.5
      vertex 8.80579 13.1788 2.5
    endloop
  endfacet
  facet normal 0 0 1
    outer loop
      vertex 10.4506 11.9167 2.5
      vertex 8.79516 9.47704 2.5
      vertex 8.88173 9.43077 2.5
    endloop
  endfacet
  facet normal 0 0 1
    outer loop
      vertex 10.4506 11.9167 2.5
      vertex 8.70575 9.51755 2.5
      vertex 8.79516 9.47704 2.5
    endloop
  endfacet
  facet normal 0 0 1
    outer loop
      vertex 10.4506 11.9167 2.5
      vertex 8.61389 9.55212 2.5
      vertex 8.70575 9.51755 2.5
    endloop
  endfacet
  facet normal 0 0 1
    outer loop
      vertex 9.64887 12.5746 2.5
      vertex 8.51996 9.58062 2.5
      vertex 8.61389 9.55212 2.5
    endloop
  endfacet
  facet normal 0 0 1
    outer loop
      vertex 9.64887 12.5746 2.5
      vertex 8.42436 9.60291 2.5
      vertex 8.51996 9.58062 2.5
    endloop
  endfacet
  facet normal 0 0 1
    outer loop
      vertex 9.64887 12.5746 2.5
      vertex 8.32752 9.61889 2.5
      vertex 8.42436 9.60291 2.5
    endloop
  endfacet
  facet normal 0 0 1
    outer loop
      vertex 9.64887 12.5746 2.5
      vertex 8.22983 9.62852 2.5
      vertex 8.32752 9.61889 2.5
    endloop
  endfacet
  facet normal 0 0 1
    outer loop
      vertex 9.64887 12.5746 2.5
      vertex 8.13173 9.63173 2.5
      vertex 8.22983 9.62852 2.5
    endloop
  endfacet
  facet normal 0 0 1
    outer loop
      vertex 8.80579 13.1788 2.5
      vertex 8.03362 9.62852 2.5
      vertex 8.13173 9.63173 2.5
    endloop
  endfacet
  facet normal 0 0 1
    outer loop
      vertex 8.80579 13.1788 2.5
      vertex 7.93594 9.61889 2.5
      vertex 8.03362 9.62852 2.5
    endloop
  endfacet
  facet normal 0 0 1
    outer loop
      vertex 7.7435 9.58062 2.5
      vertex 8.80579 13.1788 2.5
      vertex 7.925 13.7265 2.5
    endloop
  endfacet
  facet normal 0 0 1
    outer loop
      vertex 8.80579 13.1788 2.5
      vertex 7.83909 9.60291 2.5
      vertex 7.93594 9.61889 2.5
    endloop
  endfacet
  facet normal 0 0 1
    outer loop
      vertex 8.80579 13.1788 2.5
      vertex 7.7435 9.58062 2.5
      vertex 7.83909 9.60291 2.5
    endloop
  endfacet
  facet normal 0 0 1
    outer loop
      vertex 7.925 13.7265 2.5
      vertex 7.64957 9.55212 2.5
      vertex 7.7435 9.58062 2.5
    endloop
  endfacet
  facet normal 0 0 1
    outer loop
      vertex 7.925 13.7265 2.5
      vertex 7.5577 9.51755 2.5
      vertex 7.64957 9.55212 2.5
    endloop
  endfacet
  facet normal 0 0 1
    outer loop
      vertex 7.925 13.7265 2.5
      vertex 7.46829 9.47704 2.5
      vertex 7.5577 9.51755 2.5
    endloop
  endfacet
  facet normal 0 0 1
    outer loop
      vertex 7.01027 14.2154 2.5
      vertex 7.46829 9.47704 2.5
      vertex 7.925 13.7265 2.5
    endloop
  endfacet
  facet normal 0 0 1
    outer loop
      vertex 7.46829 9.47704 2.5
      vertex 7.01027 14.2154 2.5
      vertex 7.38173 9.43077 2.5
    endloop
  endfacet
  facet normal 0 0 1
    outer loop
      vertex 7.38173 9.43077 2.5
      vertex 7.01027 14.2154 2.5
      vertex 7.29837 9.37893 2.5
    endloop
  endfacet
  facet normal 0 0 1
    outer loop
      vertex 7.29837 9.37893 2.5
      vertex 7.01027 14.2154 2.5
      vertex 7.21859 9.32176 2.5
    endloop
  endfacet
  facet normal 0 0 1
    outer loop
      vertex 6.06553 14.6435 2.5
      vertex 7.21859 9.32176 2.5
      vertex 7.01027 14.2154 2.5
    endloop
  endfacet
  facet normal 0 0 1
    outer loop
      vertex 7.21859 9.32176 2.5
      vertex 6.06553 14.6435 2.5
      vertex 7.14271 9.25949 2.5
    endloop
  endfacet
  facet normal 0 0 1
    outer loop
      vertex 7.14271 9.25949 2.5
      vertex 6.06553 14.6435 2.5
      vertex 7.07107 9.19239 2.5
    endloop
  endfacet
  facet normal 0 0 1
    outer loop
      vertex 7.07107 9.19239 2.5
      vertex 6.06553 14.6435 2.5
      vertex 7.00397 9.12075 2.5
    endloop
  endfacet
  facet normal 0 0 1
    outer loop
      vertex 5.09482 15.0088 2.5
      vertex 7.00397 9.12075 2.5
      vertex 6.06553 14.6435 2.5
    endloop
  endfacet
  facet normal 0 0 1
    outer loop
      vertex 7.00397 9.12075 2.5
      vertex 5.09482 15.0088 2.5
      vertex 6.9417 9.04487 2.5
    endloop
  endfacet
  facet normal 0 0 1
    outer loop
      vertex 6.9417 9.04487 2.5
      vertex 5.09482 15.0088 2.5
      vertex 6.88452 8.96508 2.5
    endloop
  endfacet
  facet normal 0 0 1
    outer loop
      vertex 1.6 7.85 2.5
      vertex 6.88452 8.96508 2.5
      vertex 5.09482 15.0088 2.5
    endloop
  endfacet
  facet normal 0 0 1
    outer loop
      vertex 6.88452 8.96508 2.5
      vertex 1.6 7.85 2.5
      vertex 6.83269 8.88173 2.5
    endloop
  endfacet
  facet normal 0 0 1
    outer loop
      vertex 6.83269 8.88173 2.5
      vertex 1.6 7.85 2.5
      vertex 6.78642 8.79516 2.5
    endloop
  endfacet
  facet normal 0 0 1
    outer loop
      vertex 6.78642 8.79516 2.5
      vertex 1.6 7.85 2.5
      vertex 6.74591 8.70575 2.5
    endloop
  endfacet
  facet normal 0 0 1
    outer loop
      vertex 6.74591 8.70575 2.5
      vertex 1.6 7.85 2.5
      vertex 6.71133 8.61389 2.5
    endloop
  endfacet
  facet normal 0 0 1
    outer loop
      vertex 6.71133 8.61389 2.5
      vertex 1.6 7.85 2.5
      vertex 6.68284 8.51996 2.5
    endloop
  endfacet
  facet normal 0 0 1
    outer loop
      vertex 7.38173 6.83269 2.5
      vertex 6.50882 3.21593 2.5
      vertex 6.57144 3.19693 2.5
    endloop
  endfacet
  facet normal 0 0 1
    outer loop
      vertex 6.63494 8.03362 2.5
      vertex 6.44509 3.23078 2.5
      vertex 6.50882 3.21593 2.5
    endloop
  endfacet
  facet normal 0 0 1
    outer loop
      vertex 1.6 7.85 2.5
      vertex 6.63173 8.13173 2.5
      vertex 6.63494 8.22983 2.5
    endloop
  endfacet
  facet normal 0 0 1
    outer loop
      vertex 6.63494 8.03362 2.5
      vertex 6.38053 3.24144 2.5
      vertex 6.44509 3.23078 2.5
    endloop
  endfacet
  facet normal 0 0 1
    outer loop
      vertex 6.63494 8.03362 2.5
      vertex 6.3154 3.24786 2.5
      vertex 6.38053 3.24144 2.5
    endloop
  endfacet
  facet normal 0 0 1
    outer loop
      vertex 6.68284 8.51996 2.5
      vertex 1.6 7.85 2.5
      vertex 6.66055 8.42436 2.5
    endloop
  endfacet
  facet normal 0 0 1
    outer loop
      vertex 6.63494 8.03362 2.5
      vertex 1.6 7.85 2.5
      vertex 1.6 6.45 2.5
    endloop
  endfacet
  facet normal 0 0 1
    outer loop
      vertex 6.63494 8.03362 2.5
      vertex 6.25 3.25 2.5
      vertex 6.3154 3.24786 2.5
    endloop
  endfacet
  facet normal 0 0 1
    outer loop
      vertex 6.63494 8.03362 2.5
      vertex 6.1846 3.24786 2.5
      vertex 6.25 3.25 2.5
    endloop
  endfacet
  facet normal 0 0 1
    outer loop
      vertex 6.66055 8.42436 2.5
      vertex 1.6 7.85 2.5
      vertex 6.64456 8.32752 2.5
    endloop
  endfacet
  facet normal 0 0 1
    outer loop
      vertex 6.63494 8.03362 2.5
      vertex 6.11947 3.24144 2.5
      vertex 6.1846 3.24786 2.5
    endloop
  endfacet
  facet normal 0 -0 1
    outer loop
      vertex 5.80771 3.14687 2.5
      vertex 6.63494 8.03362 2.5
      vertex 1.6 6.45 2.5
    endloop
  endfacet
  facet normal 0 0 1
    outer loop
      vertex 6.63494 8.03362 2.5
      vertex 6.05491 3.23078 2.5
      vertex 6.11947 3.24144 2.5
    endloop
  endfacet
  facet normal 0 0 1
    outer loop
      vertex 6.63494 8.03362 2.5
      vertex 5.99118 3.21593 2.5
      vertex 6.05491 3.23078 2.5
    endloop
  endfacet
  facet normal 0 0 1
    outer loop
      vertex 6.63494 8.03362 2.5
      vertex 5.92856 3.19693 2.5
      vertex 5.99118 3.21593 2.5
    endloop
  endfacet
  facet normal 0 0 1
    outer loop
      vertex 6.63494 8.03362 2.5
      vertex 5.86732 3.17388 2.5
      vertex 5.92856 3.19693 2.5
    endloop
  endfacet
  facet normal 0 0 1
    outer loop
      vertex 6.63494 8.03362 2.5
      vertex 5.80771 3.14687 2.5
      vertex 5.86732 3.17388 2.5
    endloop
  endfacet
  facet normal 0 0 1
    outer loop
      vertex 5.80771 3.14687 2.5
      vertex 1.6 6.45 2.5
      vertex 5.75 3.11602 2.5
    endloop
  endfacet
  facet normal 0 0 1
    outer loop
      vertex 5.75 3.11602 2.5
      vertex 1.6 6.45 2.5
      vertex 5.69443 3.08147 2.5
    endloop
  endfacet
  facet normal 0 0 1
    outer loop
      vertex 5.69443 3.08147 2.5
      vertex 1.6 6.45 2.5
      vertex 5.64124 3.04335 2.5
    endloop
  endfacet
  facet normal 0 0 1
    outer loop
      vertex 5.64124 3.04335 2.5
      vertex 1.6 6.45 2.5
      vertex 5.59065 3.00184 2.5
    endloop
  endfacet
  facet normal 0 0 1
    outer loop
      vertex 5.59065 3.00184 2.5
      vertex 1.6 6.45 2.5
      vertex 5.54289 2.95711 2.5
    endloop
  endfacet
  facet normal 0 0 1
    outer loop
      vertex 5.54289 2.95711 2.5
      vertex 1.6 6.45 2.5
      vertex 5.49816 2.90935 2.5
    endloop
  endfacet
  facet normal 0 0 1
    outer loop
      vertex 5.49816 2.90935 2.5
      vertex 1.6 6.45 2.5
      vertex 5.45665 2.85876 2.5
    endloop
  endfacet
  facet normal 0 0 1
    outer loop
      vertex 5.45665 2.85876 2.5
      vertex 1.6 6.45 2.5
      vertex 5.41853 2.80557 2.5
    endloop
  endfacet
  facet normal 0 0 1
    outer loop
      vertex 5.41853 2.80557 2.5
      vertex 1.6 6.45 2.5
      vertex 5.38397 2.75 2.5
    endloop
  endfacet
  facet normal 0 0 1
    outer loop
      vertex 5.38397 2.75 2.5
      vertex 1.6 6.45 2.5
      vertex 5.35313 2.69229 2.5
    endloop
  endfacet
  facet normal 0 0 1
    outer loop
      vertex 5.35313 2.69229 2.5
      vertex 1.6 6.45 2.5
      vertex 5.32612 2.63268 2.5
    endloop
  endfacet
  facet normal 0 0 1
    outer loop
      vertex 5.32612 2.63268 2.5
      vertex 1.6 6.45 2.5
      vertex 5.30307 2.57144 2.5
    endloop
  endfacet
  facet normal 0 0 1
    outer loop
      vertex 5.30307 2.57144 2.5
      vertex 1.6 6.45 2.5
      vertex 5.28407 2.50882 2.5
    endloop
  endfacet
  facet normal 0 0 1
    outer loop
      vertex 5.28407 2.50882 2.5
      vertex 1.6 6.45 2.5
      vertex 5.26921 2.44509 2.5
    endloop
  endfacet
  facet normal 0 0 1
    outer loop
      vertex 5.25855 2.38053 2.5
      vertex 1.6 6.45 2.5
      vertex 5.25214 2.3154 2.5
    endloop
  endfacet
  facet normal 0 0 1
    outer loop
      vertex 5.26921 2.44509 2.5
      vertex 1.6 6.45 2.5
      vertex 5.25855 2.38053 2.5
    endloop
  endfacet
  facet normal 0 0 1
    outer loop
      vertex 6.64456 8.32752 2.5
      vertex 1.6 7.85 2.5
      vertex 6.63494 8.22983 2.5
    endloop
  endfacet
  facet normal 0 0 1
    outer loop
      vertex -9.19239 -7.07107 2.5
      vertex -14.6435 -6.06553 2.5
      vertex -9.25949 -7.14271 2.5
    endloop
  endfacet
  facet normal 0 0 1
    outer loop
      vertex -9.25949 -7.14271 2.5
      vertex -14.2154 -7.01027 2.5
      vertex -13.7265 -7.925 2.5
    endloop
  endfacet
  facet normal 0 0 1
    outer loop
      vertex -9.25949 -7.14271 2.5
      vertex -14.6435 -6.06553 2.5
      vertex -14.2154 -7.01027 2.5
    endloop
  endfacet
  facet normal 0 0 1
    outer loop
      vertex -14.05 -2.2 2.5
      vertex -15.0088 -5.09482 2.5
      vertex -14.6435 -6.06553 2.5
    endloop
  endfacet
  facet normal 0 0 1
    outer loop
      vertex -14.05 -2.2 2.5
      vertex -15.3099 -4.10228 2.5
      vertex -15.0088 -5.09482 2.5
    endloop
  endfacet
  facet normal 0 0 1
    outer loop
      vertex -14.05 -2.2 2.5
      vertex -15.5454 -3.09218 2.5
      vertex -15.3099 -4.10228 2.5
    endloop
  endfacet
  facet normal 0 -0 1
    outer loop
      vertex -15.5454 -3.09218 2.5
      vertex -14.05 -2.2 2.5
      vertex -15.6927 -2.2 2.5
    endloop
  endfacet
  facet normal 0 0 1
    outer loop
      vertex -7.7435 -6.68284 2.5
      vertex -6.57144 -3.19693 2.5
      vertex -6.63268 -3.17388 2.5
    endloop
  endfacet
  facet normal 0 0 1
    outer loop
      vertex -6.57144 -3.19693 2.5
      vertex -6.63494 -8.03362 2.5
      vertex -6.63173 -8.13173 2.5
    endloop
  endfacet
  facet normal 0 0 1
    outer loop
      vertex -6.57144 -3.19693 2.5
      vertex -6.64456 -7.93594 2.5
      vertex -6.63494 -8.03362 2.5
    endloop
  endfacet
  facet normal 0 0 1
    outer loop
      vertex -6.57144 -3.19693 2.5
      vertex -6.66055 -7.83909 2.5
      vertex -6.64456 -7.93594 2.5
    endloop
  endfacet
  facet normal 0 0 1
    outer loop
      vertex -6.57144 -3.19693 2.5
      vertex -6.68284 -7.7435 2.5
      vertex -6.66055 -7.83909 2.5
    endloop
  endfacet
  facet normal 0 0 1
    outer loop
      vertex -7.83909 -6.66055 2.5
      vertex -6.63268 -3.17388 2.5
      vertex -6.69229 -3.14687 2.5
    endloop
  endfacet
  facet normal 0 0 1
    outer loop
      vertex -6.57144 -3.19693 2.5
      vertex -6.71133 -7.64957 2.5
      vertex -6.68284 -7.7435 2.5
    endloop
  endfacet
  facet normal 0 0 1
    outer loop
      vertex -6.57144 -3.19693 2.5
      vertex -6.74591 -7.5577 2.5
      vertex -6.71133 -7.64957 2.5
    endloop
  endfacet
  facet normal 0 0 1
    outer loop
      vertex -7.93594 -6.64456 2.5
      vertex -6.69229 -3.14687 2.5
      vertex -6.75 -3.11602 2.5
    endloop
  endfacet
  facet normal 0 0 1
    outer loop
      vertex -6.57144 -3.19693 2.5
      vertex -6.78642 -7.46829 2.5
      vertex -6.74591 -7.5577 2.5
    endloop
  endfacet
  facet normal 0 0 1
    outer loop
      vertex -7.93594 -6.64456 2.5
      vertex -6.75 -3.11602 2.5
      vertex -6.80557 -3.08147 2.5
    endloop
  endfacet
  facet normal 0 0 1
    outer loop
      vertex -6.57144 -3.19693 2.5
      vertex -6.83269 -7.38173 2.5
      vertex -6.78642 -7.46829 2.5
    endloop
  endfacet
  facet normal 0 0 1
    outer loop
      vertex -8.03362 -6.63494 2.5
      vertex -6.80557 -3.08147 2.5
      vertex -6.85876 -3.04335 2.5
    endloop
  endfacet
  facet normal 0 0 1
    outer loop
      vertex -6.57144 -3.19693 2.5
      vertex -6.88452 -7.29837 2.5
      vertex -6.83269 -7.38173 2.5
    endloop
  endfacet
  facet normal 0 0 1
    outer loop
      vertex -8.13173 -6.63173 2.5
      vertex -6.85876 -3.04335 2.5
      vertex -6.90935 -3.00184 2.5
    endloop
  endfacet
  facet normal 0 0 1
    outer loop
      vertex -6.57144 -3.19693 2.5
      vertex -6.9417 -7.21859 2.5
      vertex -6.88452 -7.29837 2.5
    endloop
  endfacet
  facet normal 0 0 1
    outer loop
      vertex -8.22983 -6.63494 2.5
      vertex -6.90935 -3.00184 2.5
      vertex -6.95711 -2.95711 2.5
    endloop
  endfacet
  facet normal 0 0 1
    outer loop
      vertex -8.32752 -6.64456 2.5
      vertex -6.95711 -2.95711 2.5
      vertex -7.00184 -2.90935 2.5
    endloop
  endfacet
  facet normal 0 0 1
    outer loop
      vertex -6.57144 -3.19693 2.5
      vertex -7.00397 -7.14271 2.5
      vertex -6.9417 -7.21859 2.5
    endloop
  endfacet
  facet normal 0 0 1
    outer loop
      vertex -8.42436 -6.66055 2.5
      vertex -7.00184 -2.90935 2.5
      vertex -7.04335 -2.85876 2.5
    endloop
  endfacet
  facet normal 0 0 1
    outer loop
      vertex -6.57144 -3.19693 2.5
      vertex -7.07107 -7.07107 2.5
      vertex -7.00397 -7.14271 2.5
    endloop
  endfacet
  facet normal 0 0 1
    outer loop
      vertex -8.51996 -6.68284 2.5
      vertex -7.04335 -2.85876 2.5
      vertex -7.08147 -2.80557 2.5
    endloop
  endfacet
  facet normal 0 0 1
    outer loop
      vertex -8.51996 -6.68284 2.5
      vertex -7.08147 -2.80557 2.5
      vertex -7.11602 -2.75 2.5
    endloop
  endfacet
  facet normal 0 0 1
    outer loop
      vertex -6.57144 -3.19693 2.5
      vertex -7.14271 -7.00397 2.5
      vertex -7.07107 -7.07107 2.5
    endloop
  endfacet
  facet normal 0 0 1
    outer loop
      vertex -8.61389 -6.71133 2.5
      vertex -7.11602 -2.75 2.5
      vertex -7.14687 -2.69229 2.5
    endloop
  endfacet
  facet normal 0 0 1
    outer loop
      vertex -8.70575 -6.74591 2.5
      vertex -7.14687 -2.69229 2.5
      vertex -7.17388 -2.63268 2.5
    endloop
  endfacet
  facet normal 0 0 1
    outer loop
      vertex -7.85 -1.6 2.5
      vertex -7.17388 -2.63268 2.5
      vertex -7.19693 -2.57144 2.5
    endloop
  endfacet
  facet normal 0 0 1
    outer loop
      vertex -7.85 -1.6 2.5
      vertex -7.19693 -2.57144 2.5
      vertex -7.21593 -2.50882 2.5
    endloop
  endfacet
  facet normal 0 0 1
    outer loop
      vertex -6.57144 -3.19693 2.5
      vertex -7.21859 -6.9417 2.5
      vertex -7.14271 -7.00397 2.5
    endloop
  endfacet
  facet normal 0 0 1
    outer loop
      vertex -7.85 -1.6 2.5
      vertex -7.21593 -2.50882 2.5
      vertex -7.23078 -2.44509 2.5
    endloop
  endfacet
  facet normal 0 0 1
    outer loop
      vertex -7.85 -1.6 2.5
      vertex -7.23078 -2.44509 2.5
      vertex -7.24144 -2.38053 2.5
    endloop
  endfacet
  facet normal 0 0 1
    outer loop
      vertex -7.85 -1.6 2.5
      vertex -7.24144 -2.38053 2.5
      vertex -7.24786 -2.3154 2.5
    endloop
  endfacet
  facet normal 0 0 1
    outer loop
      vertex -7.85 -1.6 2.5
      vertex -7.24786 -2.3154 2.5
      vertex -7.25 -2.25 2.5
    endloop
  endfacet
  facet normal 0 0 1
    outer loop
      vertex -6.57144 -3.19693 2.5
      vertex -7.29837 -6.88452 2.5
      vertex -7.21859 -6.9417 2.5
    endloop
  endfacet
  facet normal 0 0 1
    outer loop
      vertex 5.25 2.25 2.5
      vertex -5.25855 2.11947 2.5
      vertex -5.26921 2.05491 2.5
    endloop
  endfacet
  facet normal 0 0 1
    outer loop
      vertex 5.25 -2.25 2.5
      vertex -5.25214 -2.1846 2.5
      vertex -5.25 -2.25 2.5
    endloop
  endfacet
  facet normal 0 0 1
    outer loop
      vertex -5.28407 1.99118 2.5
      vertex 5.25 2.25 2.5
      vertex -5.26921 2.05491 2.5
    endloop
  endfacet
  facet normal 0 0 1
    outer loop
      vertex 5.25 -2.25 2.5
      vertex -5.25855 -2.11947 2.5
      vertex -5.25214 -2.1846 2.5
    endloop
  endfacet
  facet normal 0 0 1
    outer loop
      vertex -5.30307 1.92856 2.5
      vertex 5.25 2.25 2.5
      vertex -5.28407 1.99118 2.5
    endloop
  endfacet
  facet normal 0 0 1
    outer loop
      vertex 5.25 -2.25 2.5
      vertex -5.26921 -2.05491 2.5
      vertex -5.25855 -2.11947 2.5
    endloop
  endfacet
  facet normal 0 0 1
    outer loop
      vertex 5.25 2.25 2.5
      vertex -5.30307 1.92856 2.5
      vertex 5.25 -2.25 2.5
    endloop
  endfacet
  facet normal 0 0 1
    outer loop
      vertex 5.25 -2.25 2.5
      vertex -5.28407 -1.99118 2.5
      vertex -5.26921 -2.05491 2.5
    endloop
  endfacet
  facet normal -0 0 1
    outer loop
      vertex -5.30307 -1.92856 2.5
      vertex 5.25 -2.25 2.5
      vertex -5.30307 1.92856 2.5
    endloop
  endfacet
  facet normal 0 0 1
    outer loop
      vertex 5.25 -2.25 2.5
      vertex -5.30307 -1.92856 2.5
      vertex -5.28407 -1.99118 2.5
    endloop
  endfacet
  facet normal -0 0 1
    outer loop
      vertex -5.32612 1.86732 2.5
      vertex -5.30307 -1.92856 2.5
      vertex -5.30307 1.92856 2.5
    endloop
  endfacet
  facet normal 0 0 1
    outer loop
      vertex -5.32612 1.86732 2.5
      vertex -5.32612 -1.86732 2.5
      vertex -5.30307 -1.92856 2.5
    endloop
  endfacet
  facet normal -0 0 1
    outer loop
      vertex -5.35313 1.80771 2.5
      vertex -5.32612 -1.86732 2.5
      vertex -5.32612 1.86732 2.5
    endloop
  endfacet
  facet normal 0 0 1
    outer loop
      vertex -5.35313 1.80771 2.5
      vertex -5.35313 -1.80771 2.5
      vertex -5.32612 -1.86732 2.5
    endloop
  endfacet
  facet normal -0 0 1
    outer loop
      vertex -5.38397 1.75 2.5
      vertex -5.35313 -1.80771 2.5
      vertex -5.35313 1.80771 2.5
    endloop
  endfacet
  facet normal 0 0 1
    outer loop
      vertex -5.38397 1.75 2.5
      vertex -5.38397 -1.75 2.5
      vertex -5.35313 -1.80771 2.5
    endloop
  endfacet
  facet normal -0 0 1
    outer loop
      vertex -5.41853 1.69443 2.5
      vertex -5.38397 -1.75 2.5
      vertex -5.38397 1.75 2.5
    endloop
  endfacet
  facet normal 0 0 1
    outer loop
      vertex -5.41853 1.69443 2.5
      vertex -5.41853 -1.69443 2.5
      vertex -5.38397 -1.75 2.5
    endloop
  endfacet
  facet normal -0 0 1
    outer loop
      vertex -5.45665 1.64124 2.5
      vertex -5.41853 -1.69443 2.5
      vertex -5.41853 1.69443 2.5
    endloop
  endfacet
  facet normal 0 0 1
    outer loop
      vertex -5.45665 1.64124 2.5
      vertex -5.45665 -1.64124 2.5
      vertex -5.41853 -1.69443 2.5
    endloop
  endfacet
  facet normal -0 0 1
    outer loop
      vertex -5.49816 1.59065 2.5
      vertex -5.45665 -1.64124 2.5
      vertex -5.45665 1.64124 2.5
    endloop
  endfacet
  facet normal 0 0 1
    outer loop
      vertex -5.49816 1.59065 2.5
      vertex -5.49816 -1.59065 2.5
      vertex -5.45665 -1.64124 2.5
    endloop
  endfacet
  facet normal -0 0 1
    outer loop
      vertex -5.54289 1.54289 2.5
      vertex -5.49816 -1.59065 2.5
      vertex -5.49816 1.59065 2.5
    endloop
  endfacet
  facet normal 0 0 1
    outer loop
      vertex -5.54289 1.54289 2.5
      vertex -5.54289 -1.54289 2.5
      vertex -5.49816 -1.59065 2.5
    endloop
  endfacet
  facet normal -0 0 1
    outer loop
      vertex -5.59065 1.49816 2.5
      vertex -5.54289 -1.54289 2.5
      vertex -5.54289 1.54289 2.5
    endloop
  endfacet
  facet normal 0 0 1
    outer loop
      vertex -5.59065 1.49816 2.5
      vertex -5.59065 -1.49816 2.5
      vertex -5.54289 -1.54289 2.5
    endloop
  endfacet
  facet normal -0 0 1
    outer loop
      vertex -5.64124 1.45665 2.5
      vertex -5.59065 -1.49816 2.5
      vertex -5.59065 1.49816 2.5
    endloop
  endfacet
  facet normal 0 0 1
    outer loop
      vertex -5.64124 1.45665 2.5
      vertex -5.64124 -1.45665 2.5
      vertex -5.59065 -1.49816 2.5
    endloop
  endfacet
  facet normal -0 0 1
    outer loop
      vertex -5.69443 1.41853 2.5
      vertex -5.64124 -1.45665 2.5
      vertex -5.64124 1.45665 2.5
    endloop
  endfacet
  facet normal 0 0 1
    outer loop
      vertex -5.69443 1.41853 2.5
      vertex -5.69443 -1.41853 2.5
      vertex -5.64124 -1.45665 2.5
    endloop
  endfacet
  facet normal -0 0 1
    outer loop
      vertex -5.75 1.38397 2.5
      vertex -5.69443 -1.41853 2.5
      vertex -5.69443 1.41853 2.5
    endloop
  endfacet
  facet normal 0 0 1
    outer loop
      vertex -5.75 1.38397 2.5
      vertex -5.75 -1.38397 2.5
      vertex -5.69443 -1.41853 2.5
    endloop
  endfacet
  facet normal -0 0 1
    outer loop
      vertex -5.80771 1.35313 2.5
      vertex -5.75 -1.38397 2.5
      vertex -5.75 1.38397 2.5
    endloop
  endfacet
  facet normal 0 0 1
    outer loop
      vertex -5.80771 1.35313 2.5
      vertex -5.80771 -1.35313 2.5
      vertex -5.75 -1.38397 2.5
    endloop
  endfacet
  facet normal -0 0 1
    outer loop
      vertex -5.86732 1.32612 2.5
      vertex -5.80771 -1.35313 2.5
      vertex -5.80771 1.35313 2.5
    endloop
  endfacet
  facet normal 0 0 1
    outer loop
      vertex -5.86732 1.32612 2.5
      vertex -5.86732 -1.32612 2.5
      vertex -5.80771 -1.35313 2.5
    endloop
  endfacet
  facet normal -0 0 1
    outer loop
      vertex -5.92856 1.30307 2.5
      vertex -5.86732 -1.32612 2.5
      vertex -5.86732 1.32612 2.5
    endloop
  endfacet
  facet normal 0 0 1
    outer loop
      vertex -5.92856 1.30307 2.5
      vertex -5.92856 -1.30307 2.5
      vertex -5.86732 -1.32612 2.5
    endloop
  endfacet
  facet normal -0 0 1
    outer loop
      vertex -5.99118 1.28407 2.5
      vertex -5.92856 -1.30307 2.5
      vertex -5.92856 1.30307 2.5
    endloop
  endfacet
  facet normal 0 0 1
    outer loop
      vertex -5.99118 1.28407 2.5
      vertex -5.99118 -1.28407 2.5
      vertex -5.92856 -1.30307 2.5
    endloop
  endfacet
  facet normal -0 0 1
    outer loop
      vertex -6.05491 1.26921 2.5
      vertex -5.99118 -1.28407 2.5
      vertex -5.99118 1.28407 2.5
    endloop
  endfacet
  facet normal 0 0 1
    outer loop
      vertex -6.05491 1.26921 2.5
      vertex -6.05491 -1.26921 2.5
      vertex -5.99118 -1.28407 2.5
    endloop
  endfacet
  facet normal -0 0 1
    outer loop
      vertex -6.11947 1.25855 2.5
      vertex -6.05491 -1.26921 2.5
      vertex -6.05491 1.26921 2.5
    endloop
  endfacet
  facet normal 0 0 1
    outer loop
      vertex -6.11947 1.25855 2.5
      vertex -6.11947 -1.25855 2.5
      vertex -6.05491 -1.26921 2.5
    endloop
  endfacet
  facet normal -0 0 1
    outer loop
      vertex -6.1846 1.25214 2.5
      vertex -6.11947 -1.25855 2.5
      vertex -6.11947 1.25855 2.5
    endloop
  endfacet
  facet normal 0 0 1
    outer loop
      vertex -6.1846 1.25214 2.5
      vertex -6.1846 -1.25214 2.5
      vertex -6.11947 -1.25855 2.5
    endloop
  endfacet
  facet normal -0 0 1
    outer loop
      vertex -6.25 1.25 2.5
      vertex -6.1846 -1.25214 2.5
      vertex -6.1846 1.25214 2.5
    endloop
  endfacet
  facet normal 0 0 1
    outer loop
      vertex -6.25 1.25 2.5
      vertex -6.25 -1.25 2.5
      vertex -6.1846 -1.25214 2.5
    endloop
  endfacet
  facet normal 0 0 1
    outer loop
      vertex -6.3154 1.25214 2.5
      vertex -6.25 -1.25 2.5
      vertex -6.25 1.25 2.5
    endloop
  endfacet
  facet normal 0 0 1
    outer loop
      vertex -6.3154 1.25214 2.5
      vertex -6.3154 -1.25214 2.5
      vertex -6.25 -1.25 2.5
    endloop
  endfacet
  facet normal 0 0 1
    outer loop
      vertex -6.38053 1.25855 2.5
      vertex -6.3154 -1.25214 2.5
      vertex -6.3154 1.25214 2.5
    endloop
  endfacet
  facet normal 0 0 1
    outer loop
      vertex -6.38053 1.25855 2.5
      vertex -6.38053 -1.25855 2.5
      vertex -6.3154 -1.25214 2.5
    endloop
  endfacet
  facet normal 0 0 1
    outer loop
      vertex -6.44509 1.26921 2.5
      vertex -6.38053 -1.25855 2.5
      vertex -6.38053 1.25855 2.5
    endloop
  endfacet
  facet normal 0 0 1
    outer loop
      vertex -6.44509 1.26921 2.5
      vertex -6.44509 -1.26921 2.5
      vertex -6.38053 -1.25855 2.5
    endloop
  endfacet
  facet normal 0 0 1
    outer loop
      vertex -6.45 1.27036 2.5
      vertex -6.44509 -1.26921 2.5
      vertex -6.44509 1.26921 2.5
    endloop
  endfacet
  facet normal 0 0 1
    outer loop
      vertex -6.44509 -1.26921 2.5
      vertex -6.45 1.27036 2.5
      vertex -6.45 -1.27036 2.5
    endloop
  endfacet
  facet normal -0 0 1
    outer loop
      vertex -5.25214 -2.3154 2.5
      vertex -1.6 -6.45 2.5
      vertex -5.25 -2.25 2.5
    endloop
  endfacet
  facet normal -0 0 1
    outer loop
      vertex -5.25855 -2.38053 2.5
      vertex -1.6 -6.45 2.5
      vertex -5.25214 -2.3154 2.5
    endloop
  endfacet
  facet normal -0 0 1
    outer loop
      vertex -5.26921 -2.44509 2.5
      vertex -1.6 -6.45 2.5
      vertex -5.25855 -2.38053 2.5
    endloop
  endfacet
  facet normal -0 0 1
    outer loop
      vertex -5.28407 -2.50882 2.5
      vertex -1.6 -6.45 2.5
      vertex -5.26921 -2.44509 2.5
    endloop
  endfacet
  facet normal -0 0 1
    outer loop
      vertex -5.30307 -2.57144 2.5
      vertex -1.6 -6.45 2.5
      vertex -5.28407 -2.50882 2.5
    endloop
  endfacet
  facet normal -0 0 1
    outer loop
      vertex -5.32612 -2.63268 2.5
      vertex -1.6 -6.45 2.5
      vertex -5.30307 -2.57144 2.5
    endloop
  endfacet
  facet normal -0 0 1
    outer loop
      vertex -5.35313 -2.69229 2.5
      vertex -1.6 -6.45 2.5
      vertex -5.32612 -2.63268 2.5
    endloop
  endfacet
  facet normal -0 0 1
    outer loop
      vertex -5.38397 -2.75 2.5
      vertex -1.6 -6.45 2.5
      vertex -5.35313 -2.69229 2.5
    endloop
  endfacet
  facet normal -0 0 1
    outer loop
      vertex -5.41853 -2.80557 2.5
      vertex -1.6 -6.45 2.5
      vertex -5.38397 -2.75 2.5
    endloop
  endfacet
  facet normal -0 0 1
    outer loop
      vertex -5.45665 -2.85876 2.5
      vertex -1.6 -6.45 2.5
      vertex -5.41853 -2.80557 2.5
    endloop
  endfacet
  facet normal -0 0 1
    outer loop
      vertex -5.49816 -2.90935 2.5
      vertex -1.6 -6.45 2.5
      vertex -5.45665 -2.85876 2.5
    endloop
  endfacet
  facet normal -0 0 1
    outer loop
      vertex -5.54289 -2.95711 2.5
      vertex -1.6 -6.45 2.5
      vertex -5.49816 -2.90935 2.5
    endloop
  endfacet
  facet normal -0 0 1
    outer loop
      vertex -5.59065 -3.00184 2.5
      vertex -1.6 -6.45 2.5
      vertex -5.54289 -2.95711 2.5
    endloop
  endfacet
  facet normal -0 0 1
    outer loop
      vertex -5.64124 -3.04335 2.5
      vertex -1.6 -6.45 2.5
      vertex -5.59065 -3.00184 2.5
    endloop
  endfacet
  facet normal -0 0 1
    outer loop
      vertex -5.69443 -3.08147 2.5
      vertex -1.6 -6.45 2.5
      vertex -5.64124 -3.04335 2.5
    endloop
  endfacet
  facet normal -0 0 1
    outer loop
      vertex -5.75 -3.11602 2.5
      vertex -1.6 -6.45 2.5
      vertex -5.69443 -3.08147 2.5
    endloop
  endfacet
  facet normal -0 0 1
    outer loop
      vertex -5.80771 -3.14687 2.5
      vertex -1.6 -6.45 2.5
      vertex -5.75 -3.11602 2.5
    endloop
  endfacet
  facet normal 0 0 1
    outer loop
      vertex -1.6 -6.45 2.5
      vertex -5.80771 -3.14687 2.5
      vertex -6.63173 -8.13173 2.5
    endloop
  endfacet
  facet normal 0 0 1
    outer loop
      vertex -6.63173 -8.13173 2.5
      vertex -5.80771 -3.14687 2.5
      vertex -5.86732 -3.17388 2.5
    endloop
  endfacet
  facet normal 0 0 1
    outer loop
      vertex -6.63173 -8.13173 2.5
      vertex -5.86732 -3.17388 2.5
      vertex -5.92856 -3.19693 2.5
    endloop
  endfacet
  facet normal 0 0 1
    outer loop
      vertex -6.63173 -8.13173 2.5
      vertex -5.92856 -3.19693 2.5
      vertex -5.99118 -3.21593 2.5
    endloop
  endfacet
  facet normal 0 0 1
    outer loop
      vertex -6.63173 -8.13173 2.5
      vertex -5.99118 -3.21593 2.5
      vertex -6.05491 -3.23078 2.5
    endloop
  endfacet
  facet normal 0 0 1
    outer loop
      vertex -6.63494 -8.22983 2.5
      vertex -1.6 -6.45 2.5
      vertex -6.63173 -8.13173 2.5
    endloop
  endfacet
  facet normal 0 0 1
    outer loop
      vertex -6.63173 -8.13173 2.5
      vertex -6.05491 -3.23078 2.5
      vertex -6.11947 -3.24144 2.5
    endloop
  endfacet
  facet normal 0 0 1
    outer loop
      vertex -6.63173 -8.13173 2.5
      vertex -6.11947 -3.24144 2.5
      vertex -6.1846 -3.24786 2.5
    endloop
  endfacet
  facet normal 0 0 1
    outer loop
      vertex -6.63173 -8.13173 2.5
      vertex -6.1846 -3.24786 2.5
      vertex -6.25 -3.25 2.5
    endloop
  endfacet
  facet normal 0 0 1
    outer loop
      vertex -6.63173 -8.13173 2.5
      vertex -6.25 -3.25 2.5
      vertex -6.3154 -3.24786 2.5
    endloop
  endfacet
  facet normal 0 0 1
    outer loop
      vertex -6.63173 -8.13173 2.5
      vertex -6.3154 -3.24786 2.5
      vertex -6.38053 -3.24144 2.5
    endloop
  endfacet
  facet normal 0 0 1
    outer loop
      vertex -6.63173 -8.13173 2.5
      vertex -6.38053 -3.24144 2.5
      vertex -6.44509 -3.23078 2.5
    endloop
  endfacet
  facet normal 0 0 1
    outer loop
      vertex -6.63173 -8.13173 2.5
      vertex -6.44509 -3.23078 2.5
      vertex -6.50882 -3.21593 2.5
    endloop
  endfacet
  facet normal 0 0 1
    outer loop
      vertex -6.63173 -8.13173 2.5
      vertex -6.50882 -3.21593 2.5
      vertex -6.57144 -3.19693 2.5
    endloop
  endfacet
  facet normal 0 0 1
    outer loop
      vertex -6.64456 -8.32752 2.5
      vertex -1.6 -6.45 2.5
      vertex -6.63494 -8.22983 2.5
    endloop
  endfacet
  facet normal 0 0 1
    outer loop
      vertex -6.66055 -8.42436 2.5
      vertex -1.6 -6.45 2.5
      vertex -6.64456 -8.32752 2.5
    endloop
  endfacet
  facet normal 0 0 1
    outer loop
      vertex -6.68284 -8.51996 2.5
      vertex -1.6 -6.45 2.5
      vertex -6.66055 -8.42436 2.5
    endloop
  endfacet
  facet normal 0 0 1
    outer loop
      vertex -6.71133 -8.61389 2.5
      vertex -1.6 -6.45 2.5
      vertex -6.68284 -8.51996 2.5
    endloop
  endfacet
  facet normal 0 0 1
    outer loop
      vertex -6.74591 -8.70575 2.5
      vertex -1.6 -6.45 2.5
      vertex -6.71133 -8.61389 2.5
    endloop
  endfacet
  facet normal 0 0 1
    outer loop
      vertex -6.78642 -8.79516 2.5
      vertex -1.6 -6.45 2.5
      vertex -6.74591 -8.70575 2.5
    endloop
  endfacet
  facet normal 0 0 1
    outer loop
      vertex -1.6 -6.45 2.5
      vertex -6.78642 -8.79516 2.5
      vertex -5.09482 -15.0088 2.5
    endloop
  endfacet
  facet normal -0 0 1
    outer loop
      vertex -6.83269 -8.88173 2.5
      vertex -5.09482 -15.0088 2.5
      vertex -6.78642 -8.79516 2.5
    endloop
  endfacet
  facet normal -0 0 1
    outer loop
      vertex -6.88452 -8.96508 2.5
      vertex -5.09482 -15.0088 2.5
      vertex -6.83269 -8.88173 2.5
    endloop
  endfacet
  facet normal -0 0 1
    outer loop
      vertex -6.9417 -9.04487 2.5
      vertex -5.09482 -15.0088 2.5
      vertex -6.88452 -8.96508 2.5
    endloop
  endfacet
  facet normal -0 0 1
    outer loop
      vertex -7.00397 -9.12075 2.5
      vertex -5.09482 -15.0088 2.5
      vertex -6.9417 -9.04487 2.5
    endloop
  endfacet
  facet normal 0 0 1
    outer loop
      vertex -5.09482 -15.0088 2.5
      vertex -7.00397 -9.12075 2.5
      vertex -6.06553 -14.6435 2.5
    endloop
  endfacet
  facet normal -0 0 1
    outer loop
      vertex -7.07107 -9.19239 2.5
      vertex -6.06553 -14.6435 2.5
      vertex -7.00397 -9.12075 2.5
    endloop
  endfacet
  facet normal -0 0 1
    outer loop
      vertex -7.14271 -9.25949 2.5
      vertex -6.06553 -14.6435 2.5
      vertex -7.07107 -9.19239 2.5
    endloop
  endfacet
  facet normal -0 0 1
    outer loop
      vertex -7.21859 -9.32176 2.5
      vertex -6.06553 -14.6435 2.5
      vertex -7.14271 -9.25949 2.5
    endloop
  endfacet
  facet normal 0 0 1
    outer loop
      vertex -6.06553 -14.6435 2.5
      vertex -7.21859 -9.32176 2.5
      vertex -7.01027 -14.2154 2.5
    endloop
  endfacet
  facet normal -0 0 1
    outer loop
      vertex -7.29837 -9.37893 2.5
      vertex -7.01027 -14.2154 2.5
      vertex -7.21859 -9.32176 2.5
    endloop
  endfacet
  facet normal -0 0 1
    outer loop
      vertex -7.38173 -9.43077 2.5
      vertex -7.01027 -14.2154 2.5
      vertex -7.29837 -9.37893 2.5
    endloop
  endfacet
  facet normal -0 0 1
    outer loop
      vertex -7.46829 -9.47704 2.5
      vertex -7.01027 -14.2154 2.5
      vertex -7.38173 -9.43077 2.5
    endloop
  endfacet
  facet normal 0 0 1
    outer loop
      vertex -7.925 -13.7265 2.5
      vertex -7.46829 -9.47704 2.5
      vertex -7.5577 -9.51755 2.5
    endloop
  endfacet
  facet normal 0 0 1
    outer loop
      vertex -7.925 -13.7265 2.5
      vertex -7.5577 -9.51755 2.5
      vertex -7.64957 -9.55212 2.5
    endloop
  endfacet
  facet normal 0 0 1
    outer loop
      vertex -7.925 -13.7265 2.5
      vertex -7.64957 -9.55212 2.5
      vertex -7.7435 -9.58062 2.5
    endloop
  endfacet
  facet normal 0 0 1
    outer loop
      vertex -8.80579 -13.1788 2.5
      vertex -7.7435 -9.58062 2.5
      vertex -7.83909 -9.60291 2.5
    endloop
  endfacet
  facet normal 0 0 1
    outer loop
      vertex -7.46829 -9.47704 2.5
      vertex -7.925 -13.7265 2.5
      vertex -7.01027 -14.2154 2.5
    endloop
  endfacet
  facet normal 0 0 1
    outer loop
      vertex -8.80579 -13.1788 2.5
      vertex -7.83909 -9.60291 2.5
      vertex -7.93594 -9.61889 2.5
    endloop
  endfacet
  facet normal 0 0 1
    outer loop
      vertex -8.80579 -13.1788 2.5
      vertex -7.93594 -9.61889 2.5
      vertex -8.03362 -9.62852 2.5
    endloop
  endfacet
  facet normal 0 0 1
    outer loop
      vertex -8.80579 -13.1788 2.5
      vertex -8.03362 -9.62852 2.5
      vertex -8.13173 -9.63173 2.5
    endloop
  endfacet
  facet normal 0 0 1
    outer loop
      vertex -9.64887 -12.5746 2.5
      vertex -8.13173 -9.63173 2.5
      vertex -8.22983 -9.62852 2.5
    endloop
  endfacet
  facet normal 0 0 1
    outer loop
      vertex -9.64887 -12.5746 2.5
      vertex -8.22983 -9.62852 2.5
      vertex -8.32752 -9.61889 2.5
    endloop
  endfacet
  facet normal 0 0 1
    outer loop
      vertex -9.64887 -12.5746 2.5
      vertex -8.32752 -9.61889 2.5
      vertex -8.42436 -9.60291 2.5
    endloop
  endfacet
  facet normal 0 0 1
    outer loop
      vertex -9.64887 -12.5746 2.5
      vertex -8.42436 -9.60291 2.5
      vertex -8.51996 -9.58062 2.5
    endloop
  endfacet
  facet normal 0 0 1
    outer loop
      vertex -9.64887 -12.5746 2.5
      vertex -8.51996 -9.58062 2.5
      vertex -8.61389 -9.55212 2.5
    endloop
  endfacet
  facet normal 0 0 1
    outer loop
      vertex -10.4506 -11.9167 2.5
      vertex -8.61389 -9.55212 2.5
      vertex -8.70575 -9.51755 2.5
    endloop
  endfacet
  facet normal 0 0 1
    outer loop
      vertex -10.4506 -11.9167 2.5
      vertex -8.70575 -9.51755 2.5
      vertex -8.79516 -9.47704 2.5
    endloop
  endfacet
  facet normal 0 0 1
    outer loop
      vertex -7.7435 -9.58062 2.5
      vertex -8.80579 -13.1788 2.5
      vertex -7.925 -13.7265 2.5
    endloop
  endfacet
  facet normal 0 0 1
    outer loop
      vertex -10.4506 -11.9167 2.5
      vertex -8.79516 -9.47704 2.5
      vertex -8.88173 -9.43077 2.5
    endloop
  endfacet
  facet normal 0 0 1
    outer loop
      vertex -10.4506 -11.9167 2.5
      vertex -8.88173 -9.43077 2.5
      vertex -8.96508 -9.37893 2.5
    endloop
  endfacet
  facet normal 0 0 1
    outer loop
      vertex -10.4506 -11.9167 2.5
      vertex -8.96508 -9.37893 2.5
      vertex -9.04487 -9.32176 2.5
    endloop
  endfacet
  facet normal 0 0 1
    outer loop
      vertex -11.2076 -11.2076 2.5
      vertex -9.04487 -9.32176 2.5
      vertex -9.12075 -9.25949 2.5
    endloop
  endfacet
  facet normal 0 0 1
    outer loop
      vertex -11.2076 -11.2076 2.5
      vertex -9.12075 -9.25949 2.5
      vertex -9.19239 -9.19239 2.5
    endloop
  endfacet
  facet normal 0 0 1
    outer loop
      vertex -11.2076 -11.2076 2.5
      vertex -9.19239 -9.19239 2.5
      vertex -9.25949 -9.12075 2.5
    endloop
  endfacet
  facet normal 0 0 1
    outer loop
      vertex -11.2076 -11.2076 2.5
      vertex -9.25949 -9.12075 2.5
      vertex -9.32176 -9.04487 2.5
    endloop
  endfacet
  facet normal 0 0 1
    outer loop
      vertex -11.2076 -11.2076 2.5
      vertex -9.32176 -9.04487 2.5
      vertex -9.37893 -8.96508 2.5
    endloop
  endfacet
  facet normal 0 0 1
    outer loop
      vertex -11.9167 -10.4506 2.5
      vertex -9.37893 -8.96508 2.5
      vertex -9.43077 -8.88173 2.5
    endloop
  endfacet
  facet normal 0 0 1
    outer loop
      vertex -11.9167 -10.4506 2.5
      vertex -9.43077 -8.88173 2.5
      vertex -9.47704 -8.79516 2.5
    endloop
  endfacet
  facet normal 0 0 1
    outer loop
      vertex -11.9167 -10.4506 2.5
      vertex -9.47704 -8.79516 2.5
      vertex -9.51755 -8.70575 2.5
    endloop
  endfacet
  facet normal 0 0 1
    outer loop
      vertex -11.9167 -10.4506 2.5
      vertex -9.51755 -8.70575 2.5
      vertex -9.55212 -8.61389 2.5
    endloop
  endfacet
  facet normal 0 0 1
    outer loop
      vertex -12.5746 -9.64887 2.5
      vertex -9.55212 -8.61389 2.5
      vertex -9.58062 -8.51996 2.5
    endloop
  endfacet
  facet normal 0 0 1
    outer loop
      vertex -12.5746 -9.64887 2.5
      vertex -9.58062 -8.51996 2.5
      vertex -9.60291 -8.42436 2.5
    endloop
  endfacet
  facet normal 0 0 1
    outer loop
      vertex -8.13173 -9.63173 2.5
      vertex -9.64887 -12.5746 2.5
      vertex -8.80579 -13.1788 2.5
    endloop
  endfacet
  facet normal 0 0 1
    outer loop
      vertex -12.5746 -9.64887 2.5
      vertex -9.60291 -8.42436 2.5
      vertex -9.61889 -8.32752 2.5
    endloop
  endfacet
  facet normal 0 0 1
    outer loop
      vertex -12.5746 -9.64887 2.5
      vertex -9.61889 -8.32752 2.5
      vertex -9.62852 -8.22983 2.5
    endloop
  endfacet
  facet normal 0 0 1
    outer loop
      vertex -12.5746 -9.64887 2.5
      vertex -9.62852 -8.22983 2.5
      vertex -9.63173 -8.13173 2.5
    endloop
  endfacet
  facet normal 0 0 1
    outer loop
      vertex -9.60291 -7.83909 2.5
      vertex -13.1788 -8.80579 2.5
      vertex -9.61889 -7.93594 2.5
    endloop
  endfacet
  facet normal 0 0 1
    outer loop
      vertex -14.05 2.2 2.5
      vertex -9.64887 12.5746 2.5
      vertex -10.4506 11.9167 2.5
    endloop
  endfacet
  facet normal 0 0 1
    outer loop
      vertex -9.61889 -7.93594 2.5
      vertex -13.1788 -8.80579 2.5
      vertex -9.62852 -8.03362 2.5
    endloop
  endfacet
  facet normal 0 0 1
    outer loop
      vertex -14.05 2.2 2.5
      vertex -10.4506 11.9167 2.5
      vertex -11.2076 11.2076 2.5
    endloop
  endfacet
  facet normal 0 0 1
    outer loop
      vertex -8.61389 -9.55212 2.5
      vertex -10.4506 -11.9167 2.5
      vertex -9.64887 -12.5746 2.5
    endloop
  endfacet
  facet normal 0 0 1
    outer loop
      vertex -14.05 2.2 2.5
      vertex -11.2076 11.2076 2.5
      vertex -11.9167 10.4506 2.5
    endloop
  endfacet
  facet normal 0 0 1
    outer loop
      vertex -9.04487 -9.32176 2.5
      vertex -11.2076 -11.2076 2.5
      vertex -10.4506 -11.9167 2.5
    endloop
  endfacet
  facet normal 0 0 1
    outer loop
      vertex -14.05 2.2 2.5
      vertex -11.9167 10.4506 2.5
      vertex -12.5746 9.64887 2.5
    endloop
  endfacet
  facet normal 0 0 1
    outer loop
      vertex -9.37893 -8.96508 2.5
      vertex -11.9167 -10.4506 2.5
      vertex -11.2076 -11.2076 2.5
    endloop
  endfacet
  facet normal 0 0 1
    outer loop
      vertex -14.05 2.2 2.5
      vertex -12.5746 9.64887 2.5
      vertex -13.1788 8.80579 2.5
    endloop
  endfacet
  facet normal 0 0 1
    outer loop
      vertex -9.55212 -8.61389 2.5
      vertex -12.5746 -9.64887 2.5
      vertex -11.9167 -10.4506 2.5
    endloop
  endfacet
  facet normal 0 0 1
    outer loop
      vertex -14.05 2.2 2.5
      vertex -13.1788 8.80579 2.5
      vertex -13.7265 7.925 2.5
    endloop
  endfacet
  facet normal 0 0 1
    outer loop
      vertex -9.63173 -8.13173 2.5
      vertex -13.1788 -8.80579 2.5
      vertex -12.5746 -9.64887 2.5
    endloop
  endfacet
  facet normal 0 0 1
    outer loop
      vertex -9.62852 -8.03362 2.5
      vertex -13.1788 -8.80579 2.5
      vertex -9.63173 -8.13173 2.5
    endloop
  endfacet
  facet normal -0 0 1
    outer loop
      vertex -14.2154 7.01027 2.5
      vertex -14.05 2.2 2.5
      vertex -13.7265 7.925 2.5
    endloop
  endfacet
  facet normal -0 0 1
    outer loop
      vertex -14.6435 6.06553 2.5
      vertex -14.05 2.2 2.5
      vertex -14.2154 7.01027 2.5
    endloop
  endfacet
  facet normal -0 0 1
    outer loop
      vertex -15.0088 5.09482 2.5
      vertex -14.05 2.2 2.5
      vertex -14.6435 6.06553 2.5
    endloop
  endfacet
  facet normal -0 0 1
    outer loop
      vertex -15.3099 4.10228 2.5
      vertex -14.05 2.2 2.5
      vertex -15.0088 5.09482 2.5
    endloop
  endfacet
  facet normal -0 0 1
    outer loop
      vertex -15.5454 3.09218 2.5
      vertex -14.05 2.2 2.5
      vertex -15.3099 4.10228 2.5
    endloop
  endfacet
  facet normal 0 0 1
    outer loop
      vertex -14.05 2.2 2.5
      vertex -15.5454 3.09218 2.5
      vertex -15.6927 2.2 2.5
    endloop
  endfacet
  facet normal -0 0 1
    outer loop
      vertex -7.00397 7.14271 2.5
      vertex -5.92856 3.19693 2.5
      vertex -6.9417 7.21859 2.5
    endloop
  endfacet
  facet normal 0 0 1
    outer loop
      vertex -5.92856 3.19693 2.5
      vertex -7.00397 7.14271 2.5
      vertex -5.99118 3.21593 2.5
    endloop
  endfacet
  facet normal -0 0 1
    outer loop
      vertex -7.07107 7.07107 2.5
      vertex -5.99118 3.21593 2.5
      vertex -7.00397 7.14271 2.5
    endloop
  endfacet
  facet normal 0 0 1
    outer loop
      vertex -5.99118 3.21593 2.5
      vertex -7.07107 7.07107 2.5
      vertex -6.05491 3.23078 2.5
    endloop
  endfacet
  facet normal -0 0 1
    outer loop
      vertex -7.14271 7.00397 2.5
      vertex -6.05491 3.23078 2.5
      vertex -7.07107 7.07107 2.5
    endloop
  endfacet
  facet normal 0 0 1
    outer loop
      vertex -6.05491 3.23078 2.5
      vertex -7.14271 7.00397 2.5
      vertex -6.11947 3.24144 2.5
    endloop
  endfacet
  facet normal -0 0 1
    outer loop
      vertex -7.21859 6.9417 2.5
      vertex -6.11947 3.24144 2.5
      vertex -7.14271 7.00397 2.5
    endloop
  endfacet
  facet normal 0 0 1
    outer loop
      vertex -6.11947 3.24144 2.5
      vertex -7.21859 6.9417 2.5
      vertex -6.1846 3.24786 2.5
    endloop
  endfacet
  facet normal -0 0 1
    outer loop
      vertex -7.29837 6.88452 2.5
      vertex -6.1846 3.24786 2.5
      vertex -7.21859 6.9417 2.5
    endloop
  endfacet
  facet normal 0 0 1
    outer loop
      vertex -6.1846 3.24786 2.5
      vertex -7.29837 6.88452 2.5
      vertex -6.25 3.25 2.5
    endloop
  endfacet
  facet normal -0 0 1
    outer loop
      vertex -7.38173 6.83269 2.5
      vertex -6.25 3.25 2.5
      vertex -7.29837 6.88452 2.5
    endloop
  endfacet
  facet normal 0 0 1
    outer loop
      vertex -6.25 3.25 2.5
      vertex -7.38173 6.83269 2.5
      vertex -6.3154 3.24786 2.5
    endloop
  endfacet
  facet normal 0 0 1
    outer loop
      vertex -6.3154 3.24786 2.5
      vertex -7.38173 6.83269 2.5
      vertex -6.38053 3.24144 2.5
    endloop
  endfacet
  facet normal -0 0 1
    outer loop
      vertex -7.46829 6.78642 2.5
      vertex -6.38053 3.24144 2.5
      vertex -7.38173 6.83269 2.5
    endloop
  endfacet
  facet normal 0 0 1
    outer loop
      vertex -6.38053 3.24144 2.5
      vertex -7.46829 6.78642 2.5
      vertex -6.44509 3.23078 2.5
    endloop
  endfacet
  facet normal -0 0 1
    outer loop
      vertex -7.5577 6.74591 2.5
      vertex -6.44509 3.23078 2.5
      vertex -7.46829 6.78642 2.5
    endloop
  endfacet
  facet normal 0 0 1
    outer loop
      vertex -6.44509 3.23078 2.5
      vertex -7.5577 6.74591 2.5
      vertex -6.50882 3.21593 2.5
    endloop
  endfacet
  facet normal -0 0 1
    outer loop
      vertex -7.64957 6.71133 2.5
      vertex -6.50882 3.21593 2.5
      vertex -7.5577 6.74591 2.5
    endloop
  endfacet
  facet normal 0 0 1
    outer loop
      vertex -6.50882 3.21593 2.5
      vertex -7.64957 6.71133 2.5
      vertex -6.57144 3.19693 2.5
    endloop
  endfacet
  facet normal -0 0 1
    outer loop
      vertex -7.7435 6.68284 2.5
      vertex -6.57144 3.19693 2.5
      vertex -7.64957 6.71133 2.5
    endloop
  endfacet
  facet normal 0 0 1
    outer loop
      vertex -6.57144 3.19693 2.5
      vertex -7.7435 6.68284 2.5
      vertex -6.63268 3.17388 2.5
    endloop
  endfacet
  facet normal -0 0 1
    outer loop
      vertex -7.83909 6.66055 2.5
      vertex -6.63268 3.17388 2.5
      vertex -7.7435 6.68284 2.5
    endloop
  endfacet
  facet normal 0 0 1
    outer loop
      vertex -6.63268 3.17388 2.5
      vertex -7.83909 6.66055 2.5
      vertex -6.69229 3.14687 2.5
    endloop
  endfacet
  facet normal -0 0 1
    outer loop
      vertex -7.93594 6.64456 2.5
      vertex -6.69229 3.14687 2.5
      vertex -7.83909 6.66055 2.5
    endloop
  endfacet
  facet normal 0 0 1
    outer loop
      vertex -6.69229 3.14687 2.5
      vertex -7.93594 6.64456 2.5
      vertex -6.75 3.11602 2.5
    endloop
  endfacet
  facet normal 0 0 1
    outer loop
      vertex -6.75 3.11602 2.5
      vertex -7.93594 6.64456 2.5
      vertex -6.80557 3.08147 2.5
    endloop
  endfacet
  facet normal -0 0 1
    outer loop
      vertex -8.03362 6.63494 2.5
      vertex -6.80557 3.08147 2.5
      vertex -7.93594 6.64456 2.5
    endloop
  endfacet
  facet normal 0 0 1
    outer loop
      vertex -6.80557 3.08147 2.5
      vertex -8.03362 6.63494 2.5
      vertex -6.85876 3.04335 2.5
    endloop
  endfacet
  facet normal -0 0 1
    outer loop
      vertex -8.13173 6.63173 2.5
      vertex -6.85876 3.04335 2.5
      vertex -8.03362 6.63494 2.5
    endloop
  endfacet
  facet normal 0 0 1
    outer loop
      vertex -6.85876 3.04335 2.5
      vertex -8.13173 6.63173 2.5
      vertex -6.90935 3.00184 2.5
    endloop
  endfacet
  facet normal 0 0 1
    outer loop
      vertex -8.22983 6.63494 2.5
      vertex -6.90935 3.00184 2.5
      vertex -8.13173 6.63173 2.5
    endloop
  endfacet
  facet normal 0 0 1
    outer loop
      vertex -6.90935 3.00184 2.5
      vertex -8.22983 6.63494 2.5
      vertex -6.95711 2.95711 2.5
    endloop
  endfacet
  facet normal 0 0 1
    outer loop
      vertex -8.32752 6.64456 2.5
      vertex -6.95711 2.95711 2.5
      vertex -8.22983 6.63494 2.5
    endloop
  endfacet
  facet normal 0 0 1
    outer loop
      vertex -6.95711 2.95711 2.5
      vertex -8.32752 6.64456 2.5
      vertex -7.00184 2.90935 2.5
    endloop
  endfacet
  facet normal 0 0 1
    outer loop
      vertex -8.42436 6.66055 2.5
      vertex -7.00184 2.90935 2.5
      vertex -8.32752 6.64456 2.5
    endloop
  endfacet
  facet normal 0 0 1
    outer loop
      vertex -7.00184 2.90935 2.5
      vertex -8.42436 6.66055 2.5
      vertex -7.04335 2.85876 2.5
    endloop
  endfacet
  facet normal 0 0 1
    outer loop
      vertex -8.51996 6.68284 2.5
      vertex -7.04335 2.85876 2.5
      vertex -8.42436 6.66055 2.5
    endloop
  endfacet
  facet normal 0 0 1
    outer loop
      vertex -7.04335 2.85876 2.5
      vertex -8.51996 6.68284 2.5
      vertex -7.08147 2.80557 2.5
    endloop
  endfacet
  facet normal 0 0 1
    outer loop
      vertex -7.08147 2.80557 2.5
      vertex -8.51996 6.68284 2.5
      vertex -7.11602 2.75 2.5
    endloop
  endfacet
  facet normal 0 0 1
    outer loop
      vertex -8.61389 6.71133 2.5
      vertex -7.11602 2.75 2.5
      vertex -8.51996 6.68284 2.5
    endloop
  endfacet
  facet normal 0 0 1
    outer loop
      vertex -7.11602 2.75 2.5
      vertex -8.61389 6.71133 2.5
      vertex -7.14687 2.69229 2.5
    endloop
  endfacet
  facet normal 0 0 1
    outer loop
      vertex -8.70575 6.74591 2.5
      vertex -7.14687 2.69229 2.5
      vertex -8.61389 6.71133 2.5
    endloop
  endfacet
  facet normal 0 0 1
    outer loop
      vertex -7.04335 1.64124 2.5
      vertex -7.85 1.6 2.5
      vertex -7.00951 1.6 2.5
    endloop
  endfacet
  facet normal 0 0 1
    outer loop
      vertex -7.08147 1.69443 2.5
      vertex -7.85 1.6 2.5
      vertex -7.04335 1.64124 2.5
    endloop
  endfacet
  facet normal 0 0 1
    outer loop
      vertex -7.11602 1.75 2.5
      vertex -7.85 1.6 2.5
      vertex -7.08147 1.69443 2.5
    endloop
  endfacet
  facet normal 0 0 1
    outer loop
      vertex -7.14687 1.80771 2.5
      vertex -7.85 1.6 2.5
      vertex -7.11602 1.75 2.5
    endloop
  endfacet
  facet normal 0 0 1
    outer loop
      vertex -7.17388 1.86732 2.5
      vertex -7.85 1.6 2.5
      vertex -7.14687 1.80771 2.5
    endloop
  endfacet
  facet normal 0 0 1
    outer loop
      vertex -7.19693 1.92856 2.5
      vertex -7.85 1.6 2.5
      vertex -7.17388 1.86732 2.5
    endloop
  endfacet
  facet normal 0 0 1
    outer loop
      vertex -7.21593 1.99118 2.5
      vertex -7.85 1.6 2.5
      vertex -7.19693 1.92856 2.5
    endloop
  endfacet
  facet normal 0 0 1
    outer loop
      vertex -7.23078 2.05491 2.5
      vertex -7.85 1.6 2.5
      vertex -7.21593 1.99118 2.5
    endloop
  endfacet
  facet normal 0 0 1
    outer loop
      vertex -7.24144 2.11947 2.5
      vertex -7.85 1.6 2.5
      vertex -7.23078 2.05491 2.5
    endloop
  endfacet
  facet normal 0 0 1
    outer loop
      vertex -7.14687 2.69229 2.5
      vertex -8.70575 6.74591 2.5
      vertex -7.17388 2.63268 2.5
    endloop
  endfacet
  facet normal 0 -0 1
    outer loop
      vertex -7.85 1.6 2.5
      vertex -7.17388 2.63268 2.5
      vertex -8.79516 6.78642 2.5
    endloop
  endfacet
  facet normal 0 0 1
    outer loop
      vertex -8.79516 6.78642 2.5
      vertex -7.17388 2.63268 2.5
      vertex -8.70575 6.74591 2.5
    endloop
  endfacet
  facet normal 0 0 1
    outer loop
      vertex -6.57144 -3.19693 2.5
      vertex -7.38173 -6.83269 2.5
      vertex -7.29837 -6.88452 2.5
    endloop
  endfacet
  facet normal 0 0 1
    outer loop
      vertex -6.57144 -3.19693 2.5
      vertex -7.46829 -6.78642 2.5
      vertex -7.38173 -6.83269 2.5
    endloop
  endfacet
  facet normal 0 0 1
    outer loop
      vertex -7.85 -1.6 2.5
      vertex -7.25 -2.25 2.5
      vertex -7.24786 -2.1846 2.5
    endloop
  endfacet
  facet normal 0 0 1
    outer loop
      vertex -6.57144 -3.19693 2.5
      vertex -7.5577 -6.74591 2.5
      vertex -7.46829 -6.78642 2.5
    endloop
  endfacet
  facet normal 0 0 1
    outer loop
      vertex -6.57144 -3.19693 2.5
      vertex -7.64957 -6.71133 2.5
      vertex -7.5577 -6.74591 2.5
    endloop
  endfacet
  facet normal 0 0 1
    outer loop
      vertex -6.57144 -3.19693 2.5
      vertex -7.7435 -6.68284 2.5
      vertex -7.64957 -6.71133 2.5
    endloop
  endfacet
  facet normal 0 0 1
    outer loop
      vertex -7.85 -1.6 2.5
      vertex -7.24786 -2.1846 2.5
      vertex -7.24144 -2.11947 2.5
    endloop
  endfacet
  facet normal 0 0 1
    outer loop
      vertex -6.63268 -3.17388 2.5
      vertex -7.83909 -6.66055 2.5
      vertex -7.7435 -6.68284 2.5
    endloop
  endfacet
  facet normal -0 0 1
    outer loop
      vertex -7.85 -1.6 2.5
      vertex -7.04335 -1.64124 2.5
      vertex -7.00951 -1.6 2.5
    endloop
  endfacet
  facet normal 0 0 1
    outer loop
      vertex -7.85 -1.6 2.5
      vertex -7.08147 -1.69443 2.5
      vertex -7.04335 -1.64124 2.5
    endloop
  endfacet
  facet normal 0 0 1
    outer loop
      vertex -7.85 -1.6 2.5
      vertex -7.11602 -1.75 2.5
      vertex -7.08147 -1.69443 2.5
    endloop
  endfacet
  facet normal 0 0 1
    outer loop
      vertex -7.85 -1.6 2.5
      vertex -7.14687 -1.80771 2.5
      vertex -7.11602 -1.75 2.5
    endloop
  endfacet
  facet normal 0 0 1
    outer loop
      vertex -7.85 -1.6 2.5
      vertex -7.17388 -1.86732 2.5
      vertex -7.14687 -1.80771 2.5
    endloop
  endfacet
  facet normal 0 0 1
    outer loop
      vertex -7.85 -1.6 2.5
      vertex -7.19693 -1.92856 2.5
      vertex -7.17388 -1.86732 2.5
    endloop
  endfacet
  facet normal 0 0 1
    outer loop
      vertex -7.85 -1.6 2.5
      vertex -7.21593 -1.99118 2.5
      vertex -7.19693 -1.92856 2.5
    endloop
  endfacet
  facet normal 0 0 1
    outer loop
      vertex -7.85 -1.6 2.5
      vertex -7.23078 -2.05491 2.5
      vertex -7.21593 -1.99118 2.5
    endloop
  endfacet
  facet normal 0 0 1
    outer loop
      vertex -7.85 -1.6 2.5
      vertex -7.24144 -2.11947 2.5
      vertex -7.23078 -2.05491 2.5
    endloop
  endfacet
  facet normal 0 0 1
    outer loop
      vertex -7.17388 -2.63268 2.5
      vertex -7.85 -1.6 2.5
      vertex -8.79516 -6.78642 2.5
    endloop
  endfacet
  facet normal 0 0 1
    outer loop
      vertex -7.17388 2.63268 2.5
      vertex -7.85 1.6 2.5
      vertex -7.19693 2.57144 2.5
    endloop
  endfacet
  facet normal 0 0 1
    outer loop
      vertex -6.69229 -3.14687 2.5
      vertex -7.93594 -6.64456 2.5
      vertex -7.83909 -6.66055 2.5
    endloop
  endfacet
  facet normal 0 0 1
    outer loop
      vertex -7.21593 2.50882 2.5
      vertex -7.85 1.6 2.5
      vertex -7.23078 2.44509 2.5
    endloop
  endfacet
  facet normal 0 0 1
    outer loop
      vertex -6.80557 -3.08147 2.5
      vertex -8.03362 -6.63494 2.5
      vertex -7.93594 -6.64456 2.5
    endloop
  endfacet
  facet normal 0 0 1
    outer loop
      vertex -7.23078 2.44509 2.5
      vertex -7.85 1.6 2.5
      vertex -7.24144 2.38053 2.5
    endloop
  endfacet
  facet normal 0 0 1
    outer loop
      vertex -6.85876 -3.04335 2.5
      vertex -8.13173 -6.63173 2.5
      vertex -8.03362 -6.63494 2.5
    endloop
  endfacet
  facet normal 0 0 1
    outer loop
      vertex -7.24786 2.3154 2.5
      vertex -7.85 1.6 2.5
      vertex -7.25 2.25 2.5
    endloop
  endfacet
  facet normal 0 0 1
    outer loop
      vertex -6.90935 -3.00184 2.5
      vertex -8.22983 -6.63494 2.5
      vertex -8.13173 -6.63173 2.5
    endloop
  endfacet
  facet normal 0 0 1
    outer loop
      vertex -7.24786 2.1846 2.5
      vertex -7.85 1.6 2.5
      vertex -7.24144 2.11947 2.5
    endloop
  endfacet
  facet normal 0 0 1
    outer loop
      vertex -6.95711 -2.95711 2.5
      vertex -8.32752 -6.64456 2.5
      vertex -8.22983 -6.63494 2.5
    endloop
  endfacet
  facet normal 0 0 1
    outer loop
      vertex -7.25 2.25 2.5
      vertex -7.85 1.6 2.5
      vertex -7.24786 2.1846 2.5
    endloop
  endfacet
  facet normal 0 0 1
    outer loop
      vertex -7.00184 -2.90935 2.5
      vertex -8.42436 -6.66055 2.5
      vertex -8.32752 -6.64456 2.5
    endloop
  endfacet
  facet normal 0 0 1
    outer loop
      vertex -7.24144 2.38053 2.5
      vertex -7.85 1.6 2.5
      vertex -7.24786 2.3154 2.5
    endloop
  endfacet
  facet normal 0 0 1
    outer loop
      vertex -7.04335 -2.85876 2.5
      vertex -8.51996 -6.68284 2.5
      vertex -8.42436 -6.66055 2.5
    endloop
  endfacet
  facet normal 0 0 1
    outer loop
      vertex -7.19693 2.57144 2.5
      vertex -7.85 1.6 2.5
      vertex -7.21593 2.50882 2.5
    endloop
  endfacet
  facet normal 0 0 1
    outer loop
      vertex -7.11602 -2.75 2.5
      vertex -8.61389 -6.71133 2.5
      vertex -8.51996 -6.68284 2.5
    endloop
  endfacet
  facet normal 0 0 1
    outer loop
      vertex -8.88173 6.83269 2.5
      vertex -7.85 1.6 2.5
      vertex -8.79516 6.78642 2.5
    endloop
  endfacet
  facet normal 0 0 1
    outer loop
      vertex -7.14687 -2.69229 2.5
      vertex -8.70575 -6.74591 2.5
      vertex -8.61389 -6.71133 2.5
    endloop
  endfacet
  facet normal 0 0 1
    outer loop
      vertex -14.05 2.2 2.5
      vertex -8.88173 6.83269 2.5
      vertex -8.96508 6.88452 2.5
    endloop
  endfacet
  facet normal 0 0 1
    outer loop
      vertex -7.17388 -2.63268 2.5
      vertex -8.79516 -6.78642 2.5
      vertex -8.70575 -6.74591 2.5
    endloop
  endfacet
  facet normal 0 0 1
    outer loop
      vertex -14.05 2.2 2.5
      vertex -8.96508 6.88452 2.5
      vertex -9.04487 6.9417 2.5
    endloop
  endfacet
  facet normal 0 0 1
    outer loop
      vertex -7.85 -1.6 2.5
      vertex -8.88173 -6.83269 2.5
      vertex -8.79516 -6.78642 2.5
    endloop
  endfacet
  facet normal 0 0 1
    outer loop
      vertex -14.05 2.2 2.5
      vertex -9.04487 6.9417 2.5
      vertex -9.12075 7.00397 2.5
    endloop
  endfacet
  facet normal -0 0 1
    outer loop
      vertex -14.05 -2.2 2.5
      vertex -8.88173 -6.83269 2.5
      vertex -7.85 -1.6 2.5
    endloop
  endfacet
  facet normal 0 0 1
    outer loop
      vertex -14.05 2.2 2.5
      vertex -9.12075 7.00397 2.5
      vertex -9.19239 7.07107 2.5
    endloop
  endfacet
  facet normal 0 0 1
    outer loop
      vertex -8.88173 -6.83269 2.5
      vertex -14.05 -2.2 2.5
      vertex -8.96508 -6.88452 2.5
    endloop
  endfacet
  facet normal 0 0 1
    outer loop
      vertex -14.05 2.2 2.5
      vertex -9.19239 7.07107 2.5
      vertex -9.25949 7.14271 2.5
    endloop
  endfacet
  facet normal 0 0 1
    outer loop
      vertex -8.96508 -6.88452 2.5
      vertex -14.05 -2.2 2.5
      vertex -9.04487 -6.9417 2.5
    endloop
  endfacet
  facet normal 0 0 1
    outer loop
      vertex -14.05 2.2 2.5
      vertex -9.25949 7.14271 2.5
      vertex -9.32176 7.21859 2.5
    endloop
  endfacet
  facet normal 0 0 1
    outer loop
      vertex -9.04487 -6.9417 2.5
      vertex -14.05 -2.2 2.5
      vertex -9.12075 -7.00397 2.5
    endloop
  endfacet
  facet normal 0 0 1
    outer loop
      vertex -14.05 2.2 2.5
      vertex -9.32176 7.21859 2.5
      vertex -9.37893 7.29837 2.5
    endloop
  endfacet
  facet normal 0 0 1
    outer loop
      vertex -14.05 -2.2 2.5
      vertex -7.85 -1.6 2.5
      vertex -14.05 2.2 2.5
    endloop
  endfacet
  facet normal 0 0 1
    outer loop
      vertex -14.05 2.2 2.5
      vertex -9.37893 7.29837 2.5
      vertex -9.43077 7.38173 2.5
    endloop
  endfacet
  facet normal 0 0 1
    outer loop
      vertex -14.05 -2.2 2.5
      vertex -9.19239 -7.07107 2.5
      vertex -9.12075 -7.00397 2.5
    endloop
  endfacet
  facet normal 0 0 1
    outer loop
      vertex -14.05 2.2 2.5
      vertex -9.43077 7.38173 2.5
      vertex -9.47704 7.46829 2.5
    endloop
  endfacet
  facet normal -0 0 1
    outer loop
      vertex -14.6435 -6.06553 2.5
      vertex -9.19239 -7.07107 2.5
      vertex -14.05 -2.2 2.5
    endloop
  endfacet
  facet normal 0 0 1
    outer loop
      vertex -8.88173 6.83269 2.5
      vertex -14.05 2.2 2.5
      vertex -7.85 1.6 2.5
    endloop
  endfacet
  facet normal 0 0 1
    outer loop
      vertex -9.25949 -7.14271 2.5
      vertex -13.7265 -7.925 2.5
      vertex -9.32176 -7.21859 2.5
    endloop
  endfacet
  facet normal 0 0 1
    outer loop
      vertex -7.85 1.6 2.5
      vertex -14.05 2.2 2.5
      vertex -7.85 -1.6 2.5
    endloop
  endfacet
  facet normal 0 0 1
    outer loop
      vertex -9.32176 -7.21859 2.5
      vertex -13.7265 -7.925 2.5
      vertex -9.37893 -7.29837 2.5
    endloop
  endfacet
  facet normal 0 0 1
    outer loop
      vertex -14.05 2.2 2.5
      vertex -9.47704 7.46829 2.5
      vertex -9.51755 7.5577 2.5
    endloop
  endfacet
  facet normal 0 0 1
    outer loop
      vertex -9.37893 -7.29837 2.5
      vertex -13.7265 -7.925 2.5
      vertex -9.43077 -7.38173 2.5
    endloop
  endfacet
  facet normal 0 0 1
    outer loop
      vertex -14.05 2.2 2.5
      vertex -9.51755 7.5577 2.5
      vertex -9.55212 7.64957 2.5
    endloop
  endfacet
  facet normal 0 0 1
    outer loop
      vertex -9.43077 -7.38173 2.5
      vertex -13.7265 -7.925 2.5
      vertex -9.47704 -7.46829 2.5
    endloop
  endfacet
  facet normal 0 0 1
    outer loop
      vertex -14.05 2.2 2.5
      vertex -9.55212 7.64957 2.5
      vertex -9.58062 7.7435 2.5
    endloop
  endfacet
  facet normal 0 0 1
    outer loop
      vertex -9.47704 -7.46829 2.5
      vertex -13.7265 -7.925 2.5
      vertex -9.51755 -7.5577 2.5
    endloop
  endfacet
  facet normal 0 0 1
    outer loop
      vertex -14.05 2.2 2.5
      vertex -9.58062 7.7435 2.5
      vertex -9.60291 7.83909 2.5
    endloop
  endfacet
  facet normal 0 0 1
    outer loop
      vertex -9.51755 -7.5577 2.5
      vertex -13.7265 -7.925 2.5
      vertex -9.55212 -7.64957 2.5
    endloop
  endfacet
  facet normal 0 0 1
    outer loop
      vertex -14.05 2.2 2.5
      vertex -9.60291 7.83909 2.5
      vertex -9.61889 7.93594 2.5
    endloop
  endfacet
  facet normal 0 0 1
    outer loop
      vertex -9.55212 -7.64957 2.5
      vertex -13.7265 -7.925 2.5
      vertex -9.58062 -7.7435 2.5
    endloop
  endfacet
  facet normal 0 0 1
    outer loop
      vertex -14.05 2.2 2.5
      vertex -9.61889 7.93594 2.5
      vertex -9.62852 8.03362 2.5
    endloop
  endfacet
  facet normal 0 -0 1
    outer loop
      vertex -13.1788 -8.80579 2.5
      vertex -9.58062 -7.7435 2.5
      vertex -13.7265 -7.925 2.5
    endloop
  endfacet
  facet normal 0 0 1
    outer loop
      vertex -14.05 2.2 2.5
      vertex -9.62852 8.03362 2.5
      vertex -9.63173 8.13173 2.5
    endloop
  endfacet
  facet normal 0 0 1
    outer loop
      vertex -9.58062 -7.7435 2.5
      vertex -13.1788 -8.80579 2.5
      vertex -9.60291 -7.83909 2.5
    endloop
  endfacet
  facet normal 0 0 1
    outer loop
      vertex -5.25855 2.11947 2.5
      vertex -1.6 6.45 2.5
      vertex -5.25214 2.1846 2.5
    endloop
  endfacet
  facet normal -0 0 1
    outer loop
      vertex -1.6 6.45 2.5
      vertex -5.25855 2.11947 2.5
      vertex 1.6 6.45 2.5
    endloop
  endfacet
  facet normal 0 0 1
    outer loop
      vertex 5.25214 -2.3154 2.5
      vertex 1.6 -6.45 2.5
      vertex 5.25855 -2.38053 2.5
    endloop
  endfacet
  facet normal 0 0 1
    outer loop
      vertex 1.6 -7.85 2.5
      vertex 5.25855 -2.38053 2.5
      vertex 1.6 -6.45 2.5
    endloop
  endfacet
  facet normal 0 0 1
    outer loop
      vertex 5.25855 -2.38053 2.5
      vertex 1.6 -7.85 2.5
      vertex 2.06884 -15.7144 2.5
    endloop
  endfacet
  facet normal 0 0 1
    outer loop
      vertex 1.6 -7.85 2.5
      vertex 1.03664 -15.8161 2.5
      vertex 2.06884 -15.7144 2.5
    endloop
  endfacet
  facet normal 0 0 1
    outer loop
      vertex 1.6 -7.85 2.5
      vertex 0 -15.85 2.5
      vertex 1.03664 -15.8161 2.5
    endloop
  endfacet
  facet normal -0 0 1
    outer loop
      vertex -1.6 -7.85 2.5
      vertex 0 -15.85 2.5
      vertex 1.6 -7.85 2.5
    endloop
  endfacet
  facet normal 0 0 1
    outer loop
      vertex 0 -15.85 2.5
      vertex -1.6 -7.85 2.5
      vertex -1.03664 -15.8161 2.5
    endloop
  endfacet
  facet normal 0 0 1
    outer loop
      vertex -1.6 -7.85 2.5
      vertex -2.06884 -15.7144 2.5
      vertex -1.03664 -15.8161 2.5
    endloop
  endfacet
  facet normal 0 0 1
    outer loop
      vertex -1.6 -6.45 2.5
      vertex -2.06884 -15.7144 2.5
      vertex -1.6 -7.85 2.5
    endloop
  endfacet
  facet normal 0 0 1
    outer loop
      vertex -6.71133 8.61389 2.5
      vertex -2.06884 15.7144 2.5
      vertex -3.09218 15.5454 2.5
    endloop
  endfacet
  facet normal 0 0 1
    outer loop
      vertex 5.25 -2.25 2.5
      vertex -5.25 -2.25 2.5
      vertex -1.6 -6.45 2.5
    endloop
  endfacet
  facet normal 0 0 1
    outer loop
      vertex -6.78642 8.79516 2.5
      vertex -3.09218 15.5454 2.5
      vertex -4.10228 15.3099 2.5
    endloop
  endfacet
  facet normal 0 0 1
    outer loop
      vertex -1.6 -6.45 2.5
      vertex -3.09218 -15.5454 2.5
      vertex -2.06884 -15.7144 2.5
    endloop
  endfacet
  facet normal 0 0 1
    outer loop
      vertex -6.88452 8.96508 2.5
      vertex -4.10228 15.3099 2.5
      vertex -5.09482 15.0088 2.5
    endloop
  endfacet
  facet normal 0 0 1
    outer loop
      vertex -1.6 -6.45 2.5
      vertex -4.10228 -15.3099 2.5
      vertex -3.09218 -15.5454 2.5
    endloop
  endfacet
  facet normal 0 0 1
    outer loop
      vertex -1.6 -6.45 2.5
      vertex -5.09482 -15.0088 2.5
      vertex -4.10228 -15.3099 2.5
    endloop
  endfacet
  facet normal 0 0 1
    outer loop
      vertex 5.25 -2.25 2.5
      vertex -1.6 -6.45 2.5
      vertex 1.6 -6.45 2.5
    endloop
  endfacet
  facet normal 0 -0 1
    outer loop
      vertex -5.25 2.25 2.5
      vertex -1.6 6.45 2.5
      vertex -5.25214 2.3154 2.5
    endloop
  endfacet
  facet normal 0 0 1
    outer loop
      vertex -2.06884 15.7144 2.5
      vertex -5.26921 2.44509 2.5
      vertex -5.25855 2.38053 2.5
    endloop
  endfacet
  facet normal 0 0 1
    outer loop
      vertex -2.06884 15.7144 2.5
      vertex -5.28407 2.50882 2.5
      vertex -5.26921 2.44509 2.5
    endloop
  endfacet
  facet normal 0 0 1
    outer loop
      vertex -2.06884 15.7144 2.5
      vertex -5.30307 2.57144 2.5
      vertex -5.28407 2.50882 2.5
    endloop
  endfacet
  facet normal 0 0 1
    outer loop
      vertex -2.06884 15.7144 2.5
      vertex -5.32612 2.63268 2.5
      vertex -5.30307 2.57144 2.5
    endloop
  endfacet
  facet normal 0 0 1
    outer loop
      vertex -2.06884 15.7144 2.5
      vertex -5.35313 2.69229 2.5
      vertex -5.32612 2.63268 2.5
    endloop
  endfacet
  facet normal 0 0 1
    outer loop
      vertex -6.63494 8.03362 2.5
      vertex -2.06884 15.7144 2.5
      vertex -6.63173 8.13173 2.5
    endloop
  endfacet
  facet normal 0 0 1
    outer loop
      vertex -2.06884 15.7144 2.5
      vertex -5.38397 2.75 2.5
      vertex -5.35313 2.69229 2.5
    endloop
  endfacet
  facet normal 0 0 1
    outer loop
      vertex -2.06884 15.7144 2.5
      vertex -6.63494 8.03362 2.5
      vertex -5.38397 2.75 2.5
    endloop
  endfacet
  facet normal 0 0 1
    outer loop
      vertex -5.38397 2.75 2.5
      vertex -6.63494 8.03362 2.5
      vertex -5.41853 2.80557 2.5
    endloop
  endfacet
  facet normal -0 0 1
    outer loop
      vertex -6.64456 7.93594 2.5
      vertex -5.41853 2.80557 2.5
      vertex -6.63494 8.03362 2.5
    endloop
  endfacet
  facet normal 0 0 1
    outer loop
      vertex -5.41853 2.80557 2.5
      vertex -6.64456 7.93594 2.5
      vertex -5.45665 2.85876 2.5
    endloop
  endfacet
  facet normal -0 0 1
    outer loop
      vertex -6.66055 7.83909 2.5
      vertex -5.45665 2.85876 2.5
      vertex -6.64456 7.93594 2.5
    endloop
  endfacet
  facet normal 0 0 1
    outer loop
      vertex -5.45665 2.85876 2.5
      vertex -6.66055 7.83909 2.5
      vertex -5.49816 2.90935 2.5
    endloop
  endfacet
  facet normal -0 0 1
    outer loop
      vertex -6.68284 7.7435 2.5
      vertex -5.49816 2.90935 2.5
      vertex -6.66055 7.83909 2.5
    endloop
  endfacet
  facet normal 0 0 1
    outer loop
      vertex -5.49816 2.90935 2.5
      vertex -6.68284 7.7435 2.5
      vertex -5.54289 2.95711 2.5
    endloop
  endfacet
  facet normal -0 0 1
    outer loop
      vertex -6.71133 7.64957 2.5
      vertex -5.54289 2.95711 2.5
      vertex -6.68284 7.7435 2.5
    endloop
  endfacet
  facet normal 0 0 1
    outer loop
      vertex -5.54289 2.95711 2.5
      vertex -6.71133 7.64957 2.5
      vertex -5.59065 3.00184 2.5
    endloop
  endfacet
  facet normal -0 0 1
    outer loop
      vertex -6.74591 7.5577 2.5
      vertex -5.59065 3.00184 2.5
      vertex -6.71133 7.64957 2.5
    endloop
  endfacet
  facet normal 0 0 1
    outer loop
      vertex -5.59065 3.00184 2.5
      vertex -6.74591 7.5577 2.5
      vertex -5.64124 3.04335 2.5
    endloop
  endfacet
  facet normal 0 0 1
    outer loop
      vertex -7.00397 9.12075 2.5
      vertex -5.09482 15.0088 2.5
      vertex -6.06553 14.6435 2.5
    endloop
  endfacet
  facet normal -0 0 1
    outer loop
      vertex -6.78642 7.46829 2.5
      vertex -5.64124 3.04335 2.5
      vertex -6.74591 7.5577 2.5
    endloop
  endfacet
  facet normal 0 0 1
    outer loop
      vertex -5.64124 3.04335 2.5
      vertex -6.78642 7.46829 2.5
      vertex -5.69443 3.08147 2.5
    endloop
  endfacet
  facet normal -0 0 1
    outer loop
      vertex -6.83269 7.38173 2.5
      vertex -5.69443 3.08147 2.5
      vertex -6.78642 7.46829 2.5
    endloop
  endfacet
  facet normal 0 0 1
    outer loop
      vertex -5.69443 3.08147 2.5
      vertex -6.83269 7.38173 2.5
      vertex -5.75 3.11602 2.5
    endloop
  endfacet
  facet normal -0 0 1
    outer loop
      vertex -6.88452 7.29837 2.5
      vertex -5.75 3.11602 2.5
      vertex -6.83269 7.38173 2.5
    endloop
  endfacet
  facet normal 0 0 1
    outer loop
      vertex -5.75 3.11602 2.5
      vertex -6.88452 7.29837 2.5
      vertex -5.80771 3.14687 2.5
    endloop
  endfacet
  facet normal -0 0 1
    outer loop
      vertex -6.9417 7.21859 2.5
      vertex -5.80771 3.14687 2.5
      vertex -6.88452 7.29837 2.5
    endloop
  endfacet
  facet normal 0 0 1
    outer loop
      vertex -5.80771 3.14687 2.5
      vertex -6.9417 7.21859 2.5
      vertex -5.86732 3.17388 2.5
    endloop
  endfacet
  facet normal 0 0 1
    outer loop
      vertex -5.86732 3.17388 2.5
      vertex -6.9417 7.21859 2.5
      vertex -5.92856 3.19693 2.5
    endloop
  endfacet
  facet normal 0 0 1
    outer loop
      vertex -2.06884 15.7144 2.5
      vertex -6.63494 8.22983 2.5
      vertex -6.63173 8.13173 2.5
    endloop
  endfacet
  facet normal 0 0 1
    outer loop
      vertex -2.06884 15.7144 2.5
      vertex -6.64456 8.32752 2.5
      vertex -6.63494 8.22983 2.5
    endloop
  endfacet
  facet normal 0 0 1
    outer loop
      vertex -2.06884 15.7144 2.5
      vertex -6.66055 8.42436 2.5
      vertex -6.64456 8.32752 2.5
    endloop
  endfacet
  facet normal 0 0 1
    outer loop
      vertex -2.06884 15.7144 2.5
      vertex -6.68284 8.51996 2.5
      vertex -6.66055 8.42436 2.5
    endloop
  endfacet
  facet normal 0 0 1
    outer loop
      vertex -2.06884 15.7144 2.5
      vertex -6.71133 8.61389 2.5
      vertex -6.68284 8.51996 2.5
    endloop
  endfacet
  facet normal 0 0 1
    outer loop
      vertex -3.09218 15.5454 2.5
      vertex -6.74591 8.70575 2.5
      vertex -6.71133 8.61389 2.5
    endloop
  endfacet
  facet normal 0 0 1
    outer loop
      vertex -3.09218 15.5454 2.5
      vertex -6.78642 8.79516 2.5
      vertex -6.74591 8.70575 2.5
    endloop
  endfacet
  facet normal 0 0 1
    outer loop
      vertex -4.10228 15.3099 2.5
      vertex -6.83269 8.88173 2.5
      vertex -6.78642 8.79516 2.5
    endloop
  endfacet
  facet normal 0 0 1
    outer loop
      vertex -4.10228 15.3099 2.5
      vertex -6.88452 8.96508 2.5
      vertex -6.83269 8.88173 2.5
    endloop
  endfacet
  facet normal 0 0 1
    outer loop
      vertex -5.09482 15.0088 2.5
      vertex -6.9417 9.04487 2.5
      vertex -6.88452 8.96508 2.5
    endloop
  endfacet
  facet normal 0 0 1
    outer loop
      vertex -5.09482 15.0088 2.5
      vertex -7.00397 9.12075 2.5
      vertex -6.9417 9.04487 2.5
    endloop
  endfacet
  facet normal 0 0 1
    outer loop
      vertex -7.21859 9.32176 2.5
      vertex -6.06553 14.6435 2.5
      vertex -7.01027 14.2154 2.5
    endloop
  endfacet
  facet normal 0 0 1
    outer loop
      vertex -6.06553 14.6435 2.5
      vertex -7.07107 9.19239 2.5
      vertex -7.00397 9.12075 2.5
    endloop
  endfacet
  facet normal 0 0 1
    outer loop
      vertex -6.06553 14.6435 2.5
      vertex -7.14271 9.25949 2.5
      vertex -7.07107 9.19239 2.5
    endloop
  endfacet
  facet normal 0 0 1
    outer loop
      vertex -6.06553 14.6435 2.5
      vertex -7.21859 9.32176 2.5
      vertex -7.14271 9.25949 2.5
    endloop
  endfacet
  facet normal 0 0 1
    outer loop
      vertex -7.01027 14.2154 2.5
      vertex -7.29837 9.37893 2.5
      vertex -7.21859 9.32176 2.5
    endloop
  endfacet
  facet normal 0 0 1
    outer loop
      vertex -7.01027 14.2154 2.5
      vertex -7.38173 9.43077 2.5
      vertex -7.29837 9.37893 2.5
    endloop
  endfacet
  facet normal 0 0 1
    outer loop
      vertex -7.01027 14.2154 2.5
      vertex -7.46829 9.47704 2.5
      vertex -7.38173 9.43077 2.5
    endloop
  endfacet
  facet normal -0 0 1
    outer loop
      vertex -7.925 13.7265 2.5
      vertex -7.46829 9.47704 2.5
      vertex -7.01027 14.2154 2.5
    endloop
  endfacet
  facet normal 0 0 1
    outer loop
      vertex -7.46829 9.47704 2.5
      vertex -7.925 13.7265 2.5
      vertex -7.5577 9.51755 2.5
    endloop
  endfacet
  facet normal 0 0 1
    outer loop
      vertex -7.5577 9.51755 2.5
      vertex -7.925 13.7265 2.5
      vertex -7.64957 9.55212 2.5
    endloop
  endfacet
  facet normal 0 0 1
    outer loop
      vertex -7.64957 9.55212 2.5
      vertex -7.925 13.7265 2.5
      vertex -7.7435 9.58062 2.5
    endloop
  endfacet
  facet normal -0 0 1
    outer loop
      vertex -8.80579 13.1788 2.5
      vertex -7.7435 9.58062 2.5
      vertex -7.925 13.7265 2.5
    endloop
  endfacet
  facet normal 0 0 1
    outer loop
      vertex -7.7435 9.58062 2.5
      vertex -8.80579 13.1788 2.5
      vertex -7.83909 9.60291 2.5
    endloop
  endfacet
  facet normal 0 0 1
    outer loop
      vertex -7.83909 9.60291 2.5
      vertex -8.80579 13.1788 2.5
      vertex -7.93594 9.61889 2.5
    endloop
  endfacet
  facet normal 0 0 1
    outer loop
      vertex -7.93594 9.61889 2.5
      vertex -8.80579 13.1788 2.5
      vertex -8.03362 9.62852 2.5
    endloop
  endfacet
  facet normal 0 0 1
    outer loop
      vertex -8.03362 9.62852 2.5
      vertex -8.80579 13.1788 2.5
      vertex -8.13173 9.63173 2.5
    endloop
  endfacet
  facet normal -0 0 1
    outer loop
      vertex -9.64887 12.5746 2.5
      vertex -8.13173 9.63173 2.5
      vertex -8.80579 13.1788 2.5
    endloop
  endfacet
  facet normal 0 0 1
    outer loop
      vertex -8.13173 9.63173 2.5
      vertex -9.64887 12.5746 2.5
      vertex -8.22983 9.62852 2.5
    endloop
  endfacet
  facet normal 0 0 1
    outer loop
      vertex -8.22983 9.62852 2.5
      vertex -9.64887 12.5746 2.5
      vertex -8.32752 9.61889 2.5
    endloop
  endfacet
  facet normal 0 0 1
    outer loop
      vertex -8.32752 9.61889 2.5
      vertex -9.64887 12.5746 2.5
      vertex -8.42436 9.60291 2.5
    endloop
  endfacet
  facet normal 0 0 1
    outer loop
      vertex -8.42436 9.60291 2.5
      vertex -9.64887 12.5746 2.5
      vertex -8.51996 9.58062 2.5
    endloop
  endfacet
  facet normal 0 0 1
    outer loop
      vertex -8.51996 9.58062 2.5
      vertex -9.64887 12.5746 2.5
      vertex -8.61389 9.55212 2.5
    endloop
  endfacet
  facet normal 0 0 1
    outer loop
      vertex -8.61389 9.55212 2.5
      vertex -9.64887 12.5746 2.5
      vertex -8.70575 9.51755 2.5
    endloop
  endfacet
  facet normal 0 0 1
    outer loop
      vertex -8.70575 9.51755 2.5
      vertex -9.64887 12.5746 2.5
      vertex -8.79516 9.47704 2.5
    endloop
  endfacet
  facet normal 0 0 1
    outer loop
      vertex -8.79516 9.47704 2.5
      vertex -9.64887 12.5746 2.5
      vertex -8.88173 9.43077 2.5
    endloop
  endfacet
  facet normal 0 0 1
    outer loop
      vertex -8.88173 9.43077 2.5
      vertex -9.64887 12.5746 2.5
      vertex -8.96508 9.37893 2.5
    endloop
  endfacet
  facet normal 0 0 1
    outer loop
      vertex -8.96508 9.37893 2.5
      vertex -9.64887 12.5746 2.5
      vertex -9.04487 9.32176 2.5
    endloop
  endfacet
  facet normal 0 0 1
    outer loop
      vertex -9.04487 9.32176 2.5
      vertex -9.64887 12.5746 2.5
      vertex -9.12075 9.25949 2.5
    endloop
  endfacet
  facet normal 0 0 1
    outer loop
      vertex -9.12075 9.25949 2.5
      vertex -9.64887 12.5746 2.5
      vertex -9.19239 9.19239 2.5
    endloop
  endfacet
  facet normal 0 0 1
    outer loop
      vertex -9.19239 9.19239 2.5
      vertex -9.64887 12.5746 2.5
      vertex -9.25949 9.12075 2.5
    endloop
  endfacet
  facet normal 0 0 1
    outer loop
      vertex -9.25949 9.12075 2.5
      vertex -9.64887 12.5746 2.5
      vertex -9.32176 9.04487 2.5
    endloop
  endfacet
  facet normal 0 0 1
    outer loop
      vertex -9.32176 9.04487 2.5
      vertex -9.64887 12.5746 2.5
      vertex -9.37893 8.96508 2.5
    endloop
  endfacet
  facet normal 0 0 1
    outer loop
      vertex -9.37893 8.96508 2.5
      vertex -9.64887 12.5746 2.5
      vertex -9.43077 8.88173 2.5
    endloop
  endfacet
  facet normal 0 0 1
    outer loop
      vertex -9.43077 8.88173 2.5
      vertex -9.64887 12.5746 2.5
      vertex -9.47704 8.79516 2.5
    endloop
  endfacet
  facet normal 0 0 1
    outer loop
      vertex -9.47704 8.79516 2.5
      vertex -9.64887 12.5746 2.5
      vertex -9.51755 8.70575 2.5
    endloop
  endfacet
  facet normal 0 0 1
    outer loop
      vertex -9.51755 8.70575 2.5
      vertex -9.64887 12.5746 2.5
      vertex -9.55212 8.61389 2.5
    endloop
  endfacet
  facet normal 0 0 1
    outer loop
      vertex -9.55212 8.61389 2.5
      vertex -9.64887 12.5746 2.5
      vertex -9.58062 8.51996 2.5
    endloop
  endfacet
  facet normal 0 0 1
    outer loop
      vertex -9.62852 8.22983 2.5
      vertex -14.05 2.2 2.5
      vertex -9.63173 8.13173 2.5
    endloop
  endfacet
  facet normal 0 0 1
    outer loop
      vertex -9.61889 8.32752 2.5
      vertex -14.05 2.2 2.5
      vertex -9.62852 8.22983 2.5
    endloop
  endfacet
  facet normal 0 0 1
    outer loop
      vertex -9.60291 8.42436 2.5
      vertex -14.05 2.2 2.5
      vertex -9.61889 8.32752 2.5
    endloop
  endfacet
  facet normal 0 0 1
    outer loop
      vertex -14.05 2.2 2.5
      vertex -9.60291 8.42436 2.5
      vertex -9.64887 12.5746 2.5
    endloop
  endfacet
  facet normal 0 0 1
    outer loop
      vertex -9.58062 8.51996 2.5
      vertex -9.64887 12.5746 2.5
      vertex -9.60291 8.42436 2.5
    endloop
  endfacet
  facet normal -0 0 1
    outer loop
      vertex 6.44509 1.26921 2.5
      vertex 6.45 -1.27036 2.5
      vertex 6.45 1.27036 2.5
    endloop
  endfacet
  facet normal 0 0 1
    outer loop
      vertex 6.44509 1.26921 2.5
      vertex 6.44509 -1.26921 2.5
      vertex 6.45 -1.27036 2.5
    endloop
  endfacet
  facet normal -0 0 1
    outer loop
      vertex 6.38053 1.25855 2.5
      vertex 6.44509 -1.26921 2.5
      vertex 6.44509 1.26921 2.5
    endloop
  endfacet
  facet normal 0 0 1
    outer loop
      vertex 6.38053 1.25855 2.5
      vertex 6.38053 -1.25855 2.5
      vertex 6.44509 -1.26921 2.5
    endloop
  endfacet
  facet normal -0 0 1
    outer loop
      vertex 6.3154 1.25214 2.5
      vertex 6.38053 -1.25855 2.5
      vertex 6.38053 1.25855 2.5
    endloop
  endfacet
  facet normal 0 0 1
    outer loop
      vertex 6.3154 1.25214 2.5
      vertex 6.3154 -1.25214 2.5
      vertex 6.38053 -1.25855 2.5
    endloop
  endfacet
  facet normal -0 0 1
    outer loop
      vertex 6.25 1.25 2.5
      vertex 6.3154 -1.25214 2.5
      vertex 6.3154 1.25214 2.5
    endloop
  endfacet
  facet normal 0 0 1
    outer loop
      vertex 6.25 1.25 2.5
      vertex 6.25 -1.25 2.5
      vertex 6.3154 -1.25214 2.5
    endloop
  endfacet
  facet normal 0 0 1
    outer loop
      vertex 6.1846 1.25214 2.5
      vertex 6.25 -1.25 2.5
      vertex 6.25 1.25 2.5
    endloop
  endfacet
  facet normal 0 0 1
    outer loop
      vertex 6.1846 1.25214 2.5
      vertex 6.1846 -1.25214 2.5
      vertex 6.25 -1.25 2.5
    endloop
  endfacet
  facet normal 0 0 1
    outer loop
      vertex 6.11947 1.25855 2.5
      vertex 6.1846 -1.25214 2.5
      vertex 6.1846 1.25214 2.5
    endloop
  endfacet
  facet normal 0 0 1
    outer loop
      vertex 6.11947 1.25855 2.5
      vertex 6.11947 -1.25855 2.5
      vertex 6.1846 -1.25214 2.5
    endloop
  endfacet
  facet normal 0 0 1
    outer loop
      vertex 6.05491 1.26921 2.5
      vertex 6.11947 -1.25855 2.5
      vertex 6.11947 1.25855 2.5
    endloop
  endfacet
  facet normal 0 0 1
    outer loop
      vertex 6.05491 1.26921 2.5
      vertex 6.05491 -1.26921 2.5
      vertex 6.11947 -1.25855 2.5
    endloop
  endfacet
  facet normal 0 0 1
    outer loop
      vertex 5.99118 1.28407 2.5
      vertex 6.05491 -1.26921 2.5
      vertex 6.05491 1.26921 2.5
    endloop
  endfacet
  facet normal 0 0 1
    outer loop
      vertex 5.99118 1.28407 2.5
      vertex 5.99118 -1.28407 2.5
      vertex 6.05491 -1.26921 2.5
    endloop
  endfacet
  facet normal 0 0 1
    outer loop
      vertex 5.92856 1.30307 2.5
      vertex 5.99118 -1.28407 2.5
      vertex 5.99118 1.28407 2.5
    endloop
  endfacet
  facet normal 0 0 1
    outer loop
      vertex 5.92856 1.30307 2.5
      vertex 5.92856 -1.30307 2.5
      vertex 5.99118 -1.28407 2.5
    endloop
  endfacet
  facet normal 0 0 1
    outer loop
      vertex 5.86732 1.32612 2.5
      vertex 5.92856 -1.30307 2.5
      vertex 5.92856 1.30307 2.5
    endloop
  endfacet
  facet normal 0 0 1
    outer loop
      vertex 5.86732 1.32612 2.5
      vertex 5.86732 -1.32612 2.5
      vertex 5.92856 -1.30307 2.5
    endloop
  endfacet
  facet normal 0 0 1
    outer loop
      vertex 5.80771 1.35313 2.5
      vertex 5.86732 -1.32612 2.5
      vertex 5.86732 1.32612 2.5
    endloop
  endfacet
  facet normal 0 0 1
    outer loop
      vertex 5.80771 1.35313 2.5
      vertex 5.80771 -1.35313 2.5
      vertex 5.86732 -1.32612 2.5
    endloop
  endfacet
  facet normal 0 0 1
    outer loop
      vertex 5.75 1.38397 2.5
      vertex 5.80771 -1.35313 2.5
      vertex 5.80771 1.35313 2.5
    endloop
  endfacet
  facet normal 0 0 1
    outer loop
      vertex 5.75 1.38397 2.5
      vertex 5.75 -1.38397 2.5
      vertex 5.80771 -1.35313 2.5
    endloop
  endfacet
  facet normal 0 0 1
    outer loop
      vertex 5.69443 1.41853 2.5
      vertex 5.75 -1.38397 2.5
      vertex 5.75 1.38397 2.5
    endloop
  endfacet
  facet normal 0 0 1
    outer loop
      vertex 5.69443 1.41853 2.5
      vertex 5.69443 -1.41853 2.5
      vertex 5.75 -1.38397 2.5
    endloop
  endfacet
  facet normal 0 0 1
    outer loop
      vertex 5.64124 1.45665 2.5
      vertex 5.69443 -1.41853 2.5
      vertex 5.69443 1.41853 2.5
    endloop
  endfacet
  facet normal 0 0 1
    outer loop
      vertex 5.64124 1.45665 2.5
      vertex 5.64124 -1.45665 2.5
      vertex 5.69443 -1.41853 2.5
    endloop
  endfacet
  facet normal 0 0 1
    outer loop
      vertex 5.59065 1.49816 2.5
      vertex 5.64124 -1.45665 2.5
      vertex 5.64124 1.45665 2.5
    endloop
  endfacet
  facet normal 0 0 1
    outer loop
      vertex 5.59065 1.49816 2.5
      vertex 5.59065 -1.49816 2.5
      vertex 5.64124 -1.45665 2.5
    endloop
  endfacet
  facet normal 0 0 1
    outer loop
      vertex 5.54289 1.54289 2.5
      vertex 5.59065 -1.49816 2.5
      vertex 5.59065 1.49816 2.5
    endloop
  endfacet
  facet normal 0 0 1
    outer loop
      vertex 5.54289 1.54289 2.5
      vertex 5.54289 -1.54289 2.5
      vertex 5.59065 -1.49816 2.5
    endloop
  endfacet
  facet normal 0 0 1
    outer loop
      vertex 5.49816 1.59065 2.5
      vertex 5.54289 -1.54289 2.5
      vertex 5.54289 1.54289 2.5
    endloop
  endfacet
  facet normal 0 0 1
    outer loop
      vertex 5.49816 1.59065 2.5
      vertex 5.49816 -1.59065 2.5
      vertex 5.54289 -1.54289 2.5
    endloop
  endfacet
  facet normal 0 0 1
    outer loop
      vertex 5.45665 1.64124 2.5
      vertex 5.49816 -1.59065 2.5
      vertex 5.49816 1.59065 2.5
    endloop
  endfacet
  facet normal 0 0 1
    outer loop
      vertex 5.45665 1.64124 2.5
      vertex 5.45665 -1.64124 2.5
      vertex 5.49816 -1.59065 2.5
    endloop
  endfacet
  facet normal 0 0 1
    outer loop
      vertex 5.41853 1.69443 2.5
      vertex 5.45665 -1.64124 2.5
      vertex 5.45665 1.64124 2.5
    endloop
  endfacet
  facet normal 0 0 1
    outer loop
      vertex 5.41853 1.69443 2.5
      vertex 5.41853 -1.69443 2.5
      vertex 5.45665 -1.64124 2.5
    endloop
  endfacet
  facet normal 0 0 1
    outer loop
      vertex 5.38397 1.75 2.5
      vertex 5.41853 -1.69443 2.5
      vertex 5.41853 1.69443 2.5
    endloop
  endfacet
  facet normal 0 0 1
    outer loop
      vertex 5.38397 1.75 2.5
      vertex 5.38397 -1.75 2.5
      vertex 5.41853 -1.69443 2.5
    endloop
  endfacet
  facet normal 0 0 1
    outer loop
      vertex 5.35313 1.80771 2.5
      vertex 5.38397 -1.75 2.5
      vertex 5.38397 1.75 2.5
    endloop
  endfacet
  facet normal 0 0 1
    outer loop
      vertex 5.35313 1.80771 2.5
      vertex 5.35313 -1.80771 2.5
      vertex 5.38397 -1.75 2.5
    endloop
  endfacet
  facet normal 0 0 1
    outer loop
      vertex 5.32612 1.86732 2.5
      vertex 5.35313 -1.80771 2.5
      vertex 5.35313 1.80771 2.5
    endloop
  endfacet
  facet normal 0 0 1
    outer loop
      vertex 5.32612 1.86732 2.5
      vertex 5.32612 -1.86732 2.5
      vertex 5.35313 -1.80771 2.5
    endloop
  endfacet
  facet normal 0 0 1
    outer loop
      vertex 5.30307 1.92856 2.5
      vertex 5.32612 -1.86732 2.5
      vertex 5.32612 1.86732 2.5
    endloop
  endfacet
  facet normal 0 0 1
    outer loop
      vertex 5.30307 1.92856 2.5
      vertex 5.30307 -1.92856 2.5
      vertex 5.32612 -1.86732 2.5
    endloop
  endfacet
  facet normal 0 0 1
    outer loop
      vertex 5.28407 1.99118 2.5
      vertex 5.30307 -1.92856 2.5
      vertex 5.30307 1.92856 2.5
    endloop
  endfacet
  facet normal 0 0 1
    outer loop
      vertex 5.28407 1.99118 2.5
      vertex 5.28407 -1.99118 2.5
      vertex 5.30307 -1.92856 2.5
    endloop
  endfacet
  facet normal 0 0 1
    outer loop
      vertex 5.26921 2.05491 2.5
      vertex 5.28407 -1.99118 2.5
      vertex 5.28407 1.99118 2.5
    endloop
  endfacet
  facet normal 0 0 1
    outer loop
      vertex 5.26921 2.05491 2.5
      vertex 5.26921 -2.05491 2.5
      vertex 5.28407 -1.99118 2.5
    endloop
  endfacet
  facet normal 0 0 1
    outer loop
      vertex 5.25855 2.11947 2.5
      vertex 5.26921 -2.05491 2.5
      vertex 5.26921 2.05491 2.5
    endloop
  endfacet
  facet normal 0 0 1
    outer loop
      vertex 5.25855 2.11947 2.5
      vertex 5.25855 -2.11947 2.5
      vertex 5.26921 -2.05491 2.5
    endloop
  endfacet
  facet normal 0 0 1
    outer loop
      vertex 5.25214 2.1846 2.5
      vertex 5.25855 -2.11947 2.5
      vertex 5.25855 2.11947 2.5
    endloop
  endfacet
  facet normal 0 0 1
    outer loop
      vertex 5.25214 2.1846 2.5
      vertex 5.25214 -2.1846 2.5
      vertex 5.25855 -2.11947 2.5
    endloop
  endfacet
  facet normal 0 0 1
    outer loop
      vertex 5.25 2.25 2.5
      vertex 5.25214 -2.1846 2.5
      vertex 5.25214 2.1846 2.5
    endloop
  endfacet
  facet normal 0 0 1
    outer loop
      vertex 5.25214 -2.1846 2.5
      vertex 5.25 2.25 2.5
      vertex 5.25 -2.25 2.5
    endloop
  endfacet
  facet normal 0 0 1
    outer loop
      vertex 7.85 1.6 2.5
      vertex 7.24786 2.3154 2.5
      vertex 7.25 2.25 2.5
    endloop
  endfacet
  facet normal 0 0 1
    outer loop
      vertex 7.38173 6.83269 2.5
      vertex 7.24144 2.38053 2.5
      vertex 7.24786 2.3154 2.5
    endloop
  endfacet
  facet normal 0 0 1
    outer loop
      vertex 7.38173 6.83269 2.5
      vertex 7.23078 2.44509 2.5
      vertex 7.24144 2.38053 2.5
    endloop
  endfacet
  facet normal 0 0 1
    outer loop
      vertex 6.50882 3.21593 2.5
      vertex 7.29837 6.88452 2.5
      vertex 7.21859 6.9417 2.5
    endloop
  endfacet
  facet normal 0 0 1
    outer loop
      vertex 7.38173 6.83269 2.5
      vertex 7.21593 2.50882 2.5
      vertex 7.23078 2.44509 2.5
    endloop
  endfacet
  facet normal 0 0 1
    outer loop
      vertex 7.38173 6.83269 2.5
      vertex 7.19693 2.57144 2.5
      vertex 7.21593 2.50882 2.5
    endloop
  endfacet
  facet normal 0 0 1
    outer loop
      vertex 7.38173 6.83269 2.5
      vertex 7.17388 2.63268 2.5
      vertex 7.19693 2.57144 2.5
    endloop
  endfacet
  facet normal 0 0 1
    outer loop
      vertex 7.38173 6.83269 2.5
      vertex 7.14687 2.69229 2.5
      vertex 7.17388 2.63268 2.5
    endloop
  endfacet
  facet normal 0 0 1
    outer loop
      vertex 6.50882 3.21593 2.5
      vertex 7.21859 6.9417 2.5
      vertex 7.14271 7.00397 2.5
    endloop
  endfacet
  facet normal 0 0 1
    outer loop
      vertex 7.38173 6.83269 2.5
      vertex 7.11602 2.75 2.5
      vertex 7.14687 2.69229 2.5
    endloop
  endfacet
  facet normal 0 0 1
    outer loop
      vertex 7.38173 6.83269 2.5
      vertex 7.08147 2.80557 2.5
      vertex 7.11602 2.75 2.5
    endloop
  endfacet
  facet normal 0 0 1
    outer loop
      vertex 6.50882 3.21593 2.5
      vertex 7.14271 7.00397 2.5
      vertex 7.07107 7.07107 2.5
    endloop
  endfacet
  facet normal 0 0 1
    outer loop
      vertex 7.38173 6.83269 2.5
      vertex 7.04335 2.85876 2.5
      vertex 7.08147 2.80557 2.5
    endloop
  endfacet
  facet normal 0 0 1
    outer loop
      vertex 6.50882 3.21593 2.5
      vertex 7.07107 7.07107 2.5
      vertex 7.00397 7.14271 2.5
    endloop
  endfacet
  facet normal 0 0 1
    outer loop
      vertex 7.38173 6.83269 2.5
      vertex 7.00184 2.90935 2.5
      vertex 7.04335 2.85876 2.5
    endloop
  endfacet
  facet normal 0 0 1
    outer loop
      vertex 7.38173 6.83269 2.5
      vertex 6.95711 2.95711 2.5
      vertex 7.00184 2.90935 2.5
    endloop
  endfacet
  facet normal 0 0 1
    outer loop
      vertex 6.50882 3.21593 2.5
      vertex 7.00397 7.14271 2.5
      vertex 6.9417 7.21859 2.5
    endloop
  endfacet
  facet normal 0 0 1
    outer loop
      vertex 7.38173 6.83269 2.5
      vertex 6.90935 3.00184 2.5
      vertex 6.95711 2.95711 2.5
    endloop
  endfacet
  facet normal 0 0 1
    outer loop
      vertex 6.50882 3.21593 2.5
      vertex 6.9417 7.21859 2.5
      vertex 6.88452 7.29837 2.5
    endloop
  endfacet
  facet normal 0 0 1
    outer loop
      vertex 7.38173 6.83269 2.5
      vertex 6.85876 3.04335 2.5
      vertex 6.90935 3.00184 2.5
    endloop
  endfacet
  facet normal 0 0 1
    outer loop
      vertex 6.50882 3.21593 2.5
      vertex 6.88452 7.29837 2.5
      vertex 6.83269 7.38173 2.5
    endloop
  endfacet
  facet normal 0 0 1
    outer loop
      vertex 7.38173 6.83269 2.5
      vertex 6.80557 3.08147 2.5
      vertex 6.85876 3.04335 2.5
    endloop
  endfacet
  facet normal 0 0 1
    outer loop
      vertex 6.50882 3.21593 2.5
      vertex 6.83269 7.38173 2.5
      vertex 6.78642 7.46829 2.5
    endloop
  endfacet
  facet normal 0 0 1
    outer loop
      vertex 7.38173 6.83269 2.5
      vertex 6.75 3.11602 2.5
      vertex 6.80557 3.08147 2.5
    endloop
  endfacet
  facet normal 0 0 1
    outer loop
      vertex 6.50882 3.21593 2.5
      vertex 6.78642 7.46829 2.5
      vertex 6.74591 7.5577 2.5
    endloop
  endfacet
  facet normal 0 0 1
    outer loop
      vertex 6.50882 3.21593 2.5
      vertex 6.74591 7.5577 2.5
      vertex 6.71133 7.64957 2.5
    endloop
  endfacet
  facet normal 0 0 1
    outer loop
      vertex 7.38173 6.83269 2.5
      vertex 6.69229 3.14687 2.5
      vertex 6.75 3.11602 2.5
    endloop
  endfacet
  facet normal 0 0 1
    outer loop
      vertex 6.50882 3.21593 2.5
      vertex 6.71133 7.64957 2.5
      vertex 6.68284 7.7435 2.5
    endloop
  endfacet
  facet normal 0 0 1
    outer loop
      vertex 6.50882 3.21593 2.5
      vertex 6.68284 7.7435 2.5
      vertex 6.66055 7.83909 2.5
    endloop
  endfacet
  facet normal 0 0 1
    outer loop
      vertex 6.50882 3.21593 2.5
      vertex 6.66055 7.83909 2.5
      vertex 6.64456 7.93594 2.5
    endloop
  endfacet
  facet normal 0 0 1
    outer loop
      vertex 6.50882 3.21593 2.5
      vertex 6.64456 7.93594 2.5
      vertex 6.63494 8.03362 2.5
    endloop
  endfacet
  facet normal 0 0 1
    outer loop
      vertex 7.38173 6.83269 2.5
      vertex 6.63268 3.17388 2.5
      vertex 6.69229 3.14687 2.5
    endloop
  endfacet
  facet normal 0 0 1
    outer loop
      vertex 1.6 7.85 2.5
      vertex 6.63494 8.03362 2.5
      vertex 6.63173 8.13173 2.5
    endloop
  endfacet
  facet normal 0 0 1
    outer loop
      vertex 7.38173 6.83269 2.5
      vertex 6.57144 3.19693 2.5
      vertex 6.63268 3.17388 2.5
    endloop
  endfacet
  facet normal 0 0 1
    outer loop
      vertex 13.1788 8.80579 2.5
      vertex 9.60291 7.83909 2.5
      vertex 9.58062 7.7435 2.5
    endloop
  endfacet
  facet normal -0 0 1
    outer loop
      vertex 9.60291 -8.42436 2.5
      vertex 12.5746 -9.64887 2.5
      vertex 9.61889 -8.32752 2.5
    endloop
  endfacet
  facet normal -0 0 1
    outer loop
      vertex 9.62852 -8.22983 2.5
      vertex 12.5746 -9.64887 2.5
      vertex 9.63173 -8.13173 2.5
    endloop
  endfacet
  facet normal -0 0 1
    outer loop
      vertex 9.61889 -8.32752 2.5
      vertex 12.5746 -9.64887 2.5
      vertex 9.62852 -8.22983 2.5
    endloop
  endfacet
  facet normal 0 0 1
    outer loop
      vertex 13.7265 7.925 2.5
      vertex 9.58062 7.7435 2.5
      vertex 9.55212 7.64957 2.5
    endloop
  endfacet
  facet normal 0 0 1
    outer loop
      vertex 13.1788 -8.80579 2.5
      vertex 9.63173 -8.13173 2.5
      vertex 12.5746 -9.64887 2.5
    endloop
  endfacet
  facet normal 0 0 1
    outer loop
      vertex 13.7265 7.925 2.5
      vertex 9.51755 7.5577 2.5
      vertex 9.47704 7.46829 2.5
    endloop
  endfacet
  facet normal -0 -0 1
    outer loop
      vertex 9.63173 -8.13173 2.5
      vertex 13.1788 -8.80579 2.5
      vertex 9.62852 -8.03362 2.5
    endloop
  endfacet
  facet normal -0 -0 1
    outer loop
      vertex 9.61889 -7.93594 2.5
      vertex 13.1788 -8.80579 2.5
      vertex 9.60291 -7.83909 2.5
    endloop
  endfacet
  facet normal -0 -0 1
    outer loop
      vertex 9.62852 -8.03362 2.5
      vertex 13.1788 -8.80579 2.5
      vertex 9.61889 -7.93594 2.5
    endloop
  endfacet
  facet normal 0 0 1
    outer loop
      vertex 13.7265 7.925 2.5
      vertex 9.47704 7.46829 2.5
      vertex 9.43077 7.38173 2.5
    endloop
  endfacet
  facet normal -0 -0 1
    outer loop
      vertex 9.60291 -7.83909 2.5
      vertex 13.1788 -8.80579 2.5
      vertex 9.58062 -7.7435 2.5
    endloop
  endfacet
  facet normal 0 0 1
    outer loop
      vertex 14.6435 -6.06553 2.5
      vertex 9.32176 -7.21859 2.5
      vertex 14.2154 -7.01027 2.5
    endloop
  endfacet
  facet normal 0 0 1
    outer loop
      vertex 13.7265 -7.925 2.5
      vertex 9.58062 -7.7435 2.5
      vertex 13.1788 -8.80579 2.5
    endloop
  endfacet
  facet normal 0 0 1
    outer loop
      vertex 13.7265 7.925 2.5
      vertex 9.43077 7.38173 2.5
      vertex 9.37893 7.29837 2.5
    endloop
  endfacet
  facet normal 0 -0 1
    outer loop
      vertex 9.47704 -7.46829 2.5
      vertex 14.2154 -7.01027 2.5
      vertex 9.43077 -7.38173 2.5
    endloop
  endfacet
  facet normal 0 0 1
    outer loop
      vertex 13.7265 7.925 2.5
      vertex 9.37893 7.29837 2.5
      vertex 9.32176 7.21859 2.5
    endloop
  endfacet
  facet normal -0 -0 1
    outer loop
      vertex 9.55212 -7.64957 2.5
      vertex 13.7265 -7.925 2.5
      vertex 9.51755 -7.5577 2.5
    endloop
  endfacet
  facet normal 0 0 1
    outer loop
      vertex 13.7265 7.925 2.5
      vertex 9.32176 7.21859 2.5
      vertex 9.25949 7.14271 2.5
    endloop
  endfacet
  facet normal -0 -0 1
    outer loop
      vertex 9.58062 -7.7435 2.5
      vertex 13.7265 -7.925 2.5
      vertex 9.55212 -7.64957 2.5
    endloop
  endfacet
  facet normal 0 0 1
    outer loop
      vertex 14.6435 6.06553 2.5
      vertex 9.19239 7.07107 2.5
      vertex 14.05 2.2 2.5
    endloop
  endfacet
  facet normal -0 -0 1
    outer loop
      vertex 9.51755 -7.5577 2.5
      vertex 13.7265 -7.925 2.5
      vertex 9.47704 -7.46829 2.5
    endloop
  endfacet
  facet normal 0 0 1
    outer loop
      vertex 14.05 2.2 2.5
      vertex 9.19239 7.07107 2.5
      vertex 9.12075 7.00397 2.5
    endloop
  endfacet
  facet normal 0 0 1
    outer loop
      vertex 14.2154 -7.01027 2.5
      vertex 9.47704 -7.46829 2.5
      vertex 13.7265 -7.925 2.5
    endloop
  endfacet
  facet normal -0 0 1
    outer loop
      vertex 9.04487 6.9417 2.5
      vertex 14.05 2.2 2.5
      vertex 9.12075 7.00397 2.5
    endloop
  endfacet
  facet normal 0 -0 1
    outer loop
      vertex 9.43077 -7.38173 2.5
      vertex 14.2154 -7.01027 2.5
      vertex 9.37893 -7.29837 2.5
    endloop
  endfacet
  facet normal -0 0 1
    outer loop
      vertex 8.96508 6.88452 2.5
      vertex 14.05 2.2 2.5
      vertex 9.04487 6.9417 2.5
    endloop
  endfacet
  facet normal 0 -0 1
    outer loop
      vertex 9.37893 -7.29837 2.5
      vertex 14.2154 -7.01027 2.5
      vertex 9.32176 -7.21859 2.5
    endloop
  endfacet
  facet normal -0 0 1
    outer loop
      vertex 8.88173 6.83269 2.5
      vertex 14.05 2.2 2.5
      vertex 8.96508 6.88452 2.5
    endloop
  endfacet
  facet normal 0 -0 1
    outer loop
      vertex 9.32176 -7.21859 2.5
      vertex 14.6435 -6.06553 2.5
      vertex 9.25949 -7.14271 2.5
    endloop
  endfacet
  facet normal 0 0 1
    outer loop
      vertex 14.05 2.2 2.5
      vertex 8.88173 6.83269 2.5
      vertex 7.85 1.6 2.5
    endloop
  endfacet
  facet normal 0 0 1
    outer loop
      vertex 14.05 -2.2 2.5
      vertex 9.04487 -6.9417 2.5
      vertex 9.12075 -7.00397 2.5
    endloop
  endfacet
  facet normal 0 0 1
    outer loop
      vertex 7.85 1.6 2.5
      vertex 8.88173 6.83269 2.5
      vertex 8.79516 6.78642 2.5
    endloop
  endfacet
  facet normal 0 0 1
    outer loop
      vertex 14.05 -2.2 2.5
      vertex 8.96508 -6.88452 2.5
      vertex 9.04487 -6.9417 2.5
    endloop
  endfacet
  facet normal 0 0 1
    outer loop
      vertex 7.85 1.6 2.5
      vertex 8.79516 6.78642 2.5
      vertex 8.70575 6.74591 2.5
    endloop
  endfacet
  facet normal 0 0 1
    outer loop
      vertex 14.05 -2.2 2.5
      vertex 8.88173 -6.83269 2.5
      vertex 8.96508 -6.88452 2.5
    endloop
  endfacet
  facet normal 0 0 1
    outer loop
      vertex 7.24786 2.3154 2.5
      vertex 8.70575 6.74591 2.5
      vertex 8.61389 6.71133 2.5
    endloop
  endfacet
  facet normal 0 0 1
    outer loop
      vertex 8.88173 -6.83269 2.5
      vertex 7.85 -1.6 2.5
      vertex 8.79516 -6.78642 2.5
    endloop
  endfacet
  facet normal 0 0 1
    outer loop
      vertex 7.24786 2.3154 2.5
      vertex 8.61389 6.71133 2.5
      vertex 8.51996 6.68284 2.5
    endloop
  endfacet
  facet normal -0 0 1
    outer loop
      vertex 7.17388 -2.63268 2.5
      vertex 8.79516 -6.78642 2.5
      vertex 7.85 -1.6 2.5
    endloop
  endfacet
  facet normal 0 0 1
    outer loop
      vertex 7.24786 2.3154 2.5
      vertex 8.51996 6.68284 2.5
      vertex 8.42436 6.66055 2.5
    endloop
  endfacet
  facet normal 0 0 1
    outer loop
      vertex 8.79516 -6.78642 2.5
      vertex 7.17388 -2.63268 2.5
      vertex 8.70575 -6.74591 2.5
    endloop
  endfacet
  facet normal 0 0 1
    outer loop
      vertex 7.24786 2.3154 2.5
      vertex 8.42436 6.66055 2.5
      vertex 8.32752 6.64456 2.5
    endloop
  endfacet
  facet normal -0 0 1
    outer loop
      vertex 7.14687 -2.69229 2.5
      vertex 8.70575 -6.74591 2.5
      vertex 7.17388 -2.63268 2.5
    endloop
  endfacet
  facet normal 0 0 1
    outer loop
      vertex 7.24786 2.3154 2.5
      vertex 8.32752 6.64456 2.5
      vertex 8.22983 6.63494 2.5
    endloop
  endfacet
  facet normal 0 0 1
    outer loop
      vertex 8.70575 -6.74591 2.5
      vertex 7.14687 -2.69229 2.5
      vertex 8.61389 -6.71133 2.5
    endloop
  endfacet
  facet normal 0 0 1
    outer loop
      vertex 7.24786 2.3154 2.5
      vertex 8.22983 6.63494 2.5
      vertex 8.13173 6.63173 2.5
    endloop
  endfacet
  facet normal -0 0 1
    outer loop
      vertex 7.11602 -2.75 2.5
      vertex 8.61389 -6.71133 2.5
      vertex 7.14687 -2.69229 2.5
    endloop
  endfacet
  facet normal 0 0 1
    outer loop
      vertex 7.24786 2.3154 2.5
      vertex 8.13173 6.63173 2.5
      vertex 8.03362 6.63494 2.5
    endloop
  endfacet
  facet normal 0 0 1
    outer loop
      vertex 8.61389 -6.71133 2.5
      vertex 7.11602 -2.75 2.5
      vertex 8.51996 -6.68284 2.5
    endloop
  endfacet
  facet normal 0 0 1
    outer loop
      vertex 7.24786 2.3154 2.5
      vertex 8.03362 6.63494 2.5
      vertex 7.93594 6.64456 2.5
    endloop
  endfacet
  facet normal -0 0 1
    outer loop
      vertex 7.08147 -2.80557 2.5
      vertex 8.51996 -6.68284 2.5
      vertex 7.11602 -2.75 2.5
    endloop
  endfacet
  facet normal -0 0 1
    outer loop
      vertex 7.04335 -2.85876 2.5
      vertex 8.51996 -6.68284 2.5
      vertex 7.08147 -2.80557 2.5
    endloop
  endfacet
  facet normal 0 0 1
    outer loop
      vertex 7.24786 2.3154 2.5
      vertex 7.93594 6.64456 2.5
      vertex 7.83909 6.66055 2.5
    endloop
  endfacet
  facet normal 0 0 1
    outer loop
      vertex 7.24786 2.3154 2.5
      vertex 7.83909 6.66055 2.5
      vertex 7.7435 6.68284 2.5
    endloop
  endfacet
  facet normal 0 0 1
    outer loop
      vertex 7.24786 2.3154 2.5
      vertex 7.7435 6.68284 2.5
      vertex 7.64957 6.71133 2.5
    endloop
  endfacet
  facet normal 0 0 1
    outer loop
      vertex 7.24786 2.3154 2.5
      vertex 7.64957 6.71133 2.5
      vertex 7.5577 6.74591 2.5
    endloop
  endfacet
  facet normal 0 0 1
    outer loop
      vertex 7.24786 2.3154 2.5
      vertex 7.5577 6.74591 2.5
      vertex 7.46829 6.78642 2.5
    endloop
  endfacet
  facet normal 0 0 1
    outer loop
      vertex 7.24786 2.3154 2.5
      vertex 7.46829 6.78642 2.5
      vertex 7.38173 6.83269 2.5
    endloop
  endfacet
  facet normal 0 0 1
    outer loop
      vertex 6.50882 3.21593 2.5
      vertex 7.38173 6.83269 2.5
      vertex 7.29837 6.88452 2.5
    endloop
  endfacet
  facet normal 0 0 1
    outer loop
      vertex 8.70575 6.74591 2.5
      vertex 7.24786 2.3154 2.5
      vertex 7.85 1.6 2.5
    endloop
  endfacet
  facet normal -0 0 1
    outer loop
      vertex 7.24786 2.1846 2.5
      vertex 7.85 1.6 2.5
      vertex 7.25 2.25 2.5
    endloop
  endfacet
  facet normal -0 0 1
    outer loop
      vertex 7.24144 2.11947 2.5
      vertex 7.85 1.6 2.5
      vertex 7.24786 2.1846 2.5
    endloop
  endfacet
  facet normal -0 0 1
    outer loop
      vertex 7.23078 2.05491 2.5
      vertex 7.85 1.6 2.5
      vertex 7.24144 2.11947 2.5
    endloop
  endfacet
  facet normal -0 0 1
    outer loop
      vertex 7.21593 1.99118 2.5
      vertex 7.85 1.6 2.5
      vertex 7.23078 2.05491 2.5
    endloop
  endfacet
  facet normal -0 0 1
    outer loop
      vertex 7.19693 1.92856 2.5
      vertex 7.85 1.6 2.5
      vertex 7.21593 1.99118 2.5
    endloop
  endfacet
  facet normal -0 0 1
    outer loop
      vertex 7.17388 1.86732 2.5
      vertex 7.85 1.6 2.5
      vertex 7.19693 1.92856 2.5
    endloop
  endfacet
  facet normal -0 0 1
    outer loop
      vertex 7.14687 1.80771 2.5
      vertex 7.85 1.6 2.5
      vertex 7.17388 1.86732 2.5
    endloop
  endfacet
  facet normal -0 0 1
    outer loop
      vertex 7.11602 1.75 2.5
      vertex 7.85 1.6 2.5
      vertex 7.14687 1.80771 2.5
    endloop
  endfacet
  facet normal -0 0 1
    outer loop
      vertex 7.08147 1.69443 2.5
      vertex 7.85 1.6 2.5
      vertex 7.11602 1.75 2.5
    endloop
  endfacet
  facet normal -0 0 1
    outer loop
      vertex 7.04335 1.64124 2.5
      vertex 7.85 1.6 2.5
      vertex 7.08147 1.69443 2.5
    endloop
  endfacet
  facet normal 0 0 1
    outer loop
      vertex 7.85 1.6 2.5
      vertex 7.04335 1.64124 2.5
      vertex 7.00951 1.6 2.5
    endloop
  endfacet
  facet normal -0 0 1
    outer loop
      vertex 9.58062 -8.51996 2.5
      vertex 12.5746 -9.64887 2.5
      vertex 9.60291 -8.42436 2.5
    endloop
  endfacet
  facet normal -0 0 1
    outer loop
      vertex 9.55212 -8.61389 2.5
      vertex 12.5746 -9.64887 2.5
      vertex 9.58062 -8.51996 2.5
    endloop
  endfacet
  facet normal 0 0 1
    outer loop
      vertex 12.5746 -9.64887 2.5
      vertex 9.55212 -8.61389 2.5
      vertex 11.9167 -10.4506 2.5
    endloop
  endfacet
  facet normal -0 0 1
    outer loop
      vertex 9.51755 -8.70575 2.5
      vertex 11.9167 -10.4506 2.5
      vertex 9.55212 -8.61389 2.5
    endloop
  endfacet
  facet normal -0 0 1
    outer loop
      vertex 9.47704 -8.79516 2.5
      vertex 11.9167 -10.4506 2.5
      vertex 9.51755 -8.70575 2.5
    endloop
  endfacet
  facet normal -0 0 1
    outer loop
      vertex 9.43077 -8.88173 2.5
      vertex 11.9167 -10.4506 2.5
      vertex 9.47704 -8.79516 2.5
    endloop
  endfacet
  facet normal -0 0 1
    outer loop
      vertex 9.37893 -8.96508 2.5
      vertex 11.9167 -10.4506 2.5
      vertex 9.43077 -8.88173 2.5
    endloop
  endfacet
  facet normal 0 0 1
    outer loop
      vertex 11.9167 -10.4506 2.5
      vertex 9.37893 -8.96508 2.5
      vertex 11.2076 -11.2076 2.5
    endloop
  endfacet
  facet normal -0 0 1
    outer loop
      vertex 9.32176 -9.04487 2.5
      vertex 11.2076 -11.2076 2.5
      vertex 9.37893 -8.96508 2.5
    endloop
  endfacet
  facet normal -0 0 1
    outer loop
      vertex 9.25949 -9.12075 2.5
      vertex 11.2076 -11.2076 2.5
      vertex 9.32176 -9.04487 2.5
    endloop
  endfacet
  facet normal -0 0 1
    outer loop
      vertex 9.19239 -9.19239 2.5
      vertex 11.2076 -11.2076 2.5
      vertex 9.25949 -9.12075 2.5
    endloop
  endfacet
  facet normal -0 0 1
    outer loop
      vertex 9.12075 -9.25949 2.5
      vertex 11.2076 -11.2076 2.5
      vertex 9.19239 -9.19239 2.5
    endloop
  endfacet
  facet normal -0 0 1
    outer loop
      vertex 9.04487 -9.32176 2.5
      vertex 11.2076 -11.2076 2.5
      vertex 9.12075 -9.25949 2.5
    endloop
  endfacet
  facet normal 0 0 1
    outer loop
      vertex 11.2076 -11.2076 2.5
      vertex 9.04487 -9.32176 2.5
      vertex 10.4506 -11.9167 2.5
    endloop
  endfacet
  facet normal -0 0 1
    outer loop
      vertex 8.96508 -9.37893 2.5
      vertex 10.4506 -11.9167 2.5
      vertex 9.04487 -9.32176 2.5
    endloop
  endfacet
  facet normal -0 0 1
    outer loop
      vertex 8.88173 -9.43077 2.5
      vertex 10.4506 -11.9167 2.5
      vertex 8.96508 -9.37893 2.5
    endloop
  endfacet
  facet normal -0 0 1
    outer loop
      vertex 8.79516 -9.47704 2.5
      vertex 10.4506 -11.9167 2.5
      vertex 8.88173 -9.43077 2.5
    endloop
  endfacet
  facet normal -0 0 1
    outer loop
      vertex 8.70575 -9.51755 2.5
      vertex 10.4506 -11.9167 2.5
      vertex 8.79516 -9.47704 2.5
    endloop
  endfacet
  facet normal -0 0 1
    outer loop
      vertex 8.61389 -9.55212 2.5
      vertex 10.4506 -11.9167 2.5
      vertex 8.70575 -9.51755 2.5
    endloop
  endfacet
  facet normal 0 0 1
    outer loop
      vertex 10.4506 -11.9167 2.5
      vertex 8.61389 -9.55212 2.5
      vertex 9.64887 -12.5746 2.5
    endloop
  endfacet
  facet normal -0 0 1
    outer loop
      vertex 8.51996 -9.58062 2.5
      vertex 9.64887 -12.5746 2.5
      vertex 8.61389 -9.55212 2.5
    endloop
  endfacet
  facet normal -0 0 1
    outer loop
      vertex 8.42436 -9.60291 2.5
      vertex 9.64887 -12.5746 2.5
      vertex 8.51996 -9.58062 2.5
    endloop
  endfacet
  facet normal -0 0 1
    outer loop
      vertex 8.32752 -9.61889 2.5
      vertex 9.64887 -12.5746 2.5
      vertex 8.42436 -9.60291 2.5
    endloop
  endfacet
  facet normal -0 0 1
    outer loop
      vertex 8.22983 -9.62852 2.5
      vertex 9.64887 -12.5746 2.5
      vertex 8.32752 -9.61889 2.5
    endloop
  endfacet
  facet normal -0 0 1
    outer loop
      vertex 8.13173 -9.63173 2.5
      vertex 9.64887 -12.5746 2.5
      vertex 8.22983 -9.62852 2.5
    endloop
  endfacet
  facet normal 0 0 1
    outer loop
      vertex 9.64887 -12.5746 2.5
      vertex 8.13173 -9.63173 2.5
      vertex 8.80579 -13.1788 2.5
    endloop
  endfacet
  facet normal 0 0 1
    outer loop
      vertex 8.03362 -9.62852 2.5
      vertex 8.80579 -13.1788 2.5
      vertex 8.13173 -9.63173 2.5
    endloop
  endfacet
  facet normal 0 0 1
    outer loop
      vertex 7.93594 -9.61889 2.5
      vertex 8.80579 -13.1788 2.5
      vertex 8.03362 -9.62852 2.5
    endloop
  endfacet
  facet normal 0 0 1
    outer loop
      vertex 7.83909 -9.60291 2.5
      vertex 8.80579 -13.1788 2.5
      vertex 7.93594 -9.61889 2.5
    endloop
  endfacet
  facet normal 0 0 1
    outer loop
      vertex 7.7435 -9.58062 2.5
      vertex 8.80579 -13.1788 2.5
      vertex 7.83909 -9.60291 2.5
    endloop
  endfacet
  facet normal 0 0 1
    outer loop
      vertex 8.80579 -13.1788 2.5
      vertex 7.7435 -9.58062 2.5
      vertex 7.925 -13.7265 2.5
    endloop
  endfacet
  facet normal 0 0 1
    outer loop
      vertex 7.64957 -9.55212 2.5
      vertex 7.925 -13.7265 2.5
      vertex 7.7435 -9.58062 2.5
    endloop
  endfacet
  facet normal 0 0 1
    outer loop
      vertex 7.5577 -9.51755 2.5
      vertex 7.925 -13.7265 2.5
      vertex 7.64957 -9.55212 2.5
    endloop
  endfacet
  facet normal 0 0 1
    outer loop
      vertex 7.46829 -9.47704 2.5
      vertex 7.925 -13.7265 2.5
      vertex 7.5577 -9.51755 2.5
    endloop
  endfacet
  facet normal 0 0 1
    outer loop
      vertex 7.01027 -14.2154 2.5
      vertex 7.46829 -9.47704 2.5
      vertex 7.38173 -9.43077 2.5
    endloop
  endfacet
  facet normal 0 0 1
    outer loop
      vertex 7.01027 -14.2154 2.5
      vertex 7.38173 -9.43077 2.5
      vertex 7.29837 -9.37893 2.5
    endloop
  endfacet
  facet normal 0 0 1
    outer loop
      vertex 7.01027 -14.2154 2.5
      vertex 7.29837 -9.37893 2.5
      vertex 7.21859 -9.32176 2.5
    endloop
  endfacet
  facet normal 0 0 1
    outer loop
      vertex 6.06553 -14.6435 2.5
      vertex 7.21859 -9.32176 2.5
      vertex 7.14271 -9.25949 2.5
    endloop
  endfacet
  facet normal 0 0 1
    outer loop
      vertex 6.06553 -14.6435 2.5
      vertex 7.14271 -9.25949 2.5
      vertex 7.07107 -9.19239 2.5
    endloop
  endfacet
  facet normal 0 0 1
    outer loop
      vertex 7.46829 -9.47704 2.5
      vertex 7.01027 -14.2154 2.5
      vertex 7.925 -13.7265 2.5
    endloop
  endfacet
  facet normal 0 0 1
    outer loop
      vertex 6.06553 -14.6435 2.5
      vertex 7.07107 -9.19239 2.5
      vertex 7.00397 -9.12075 2.5
    endloop
  endfacet
  facet normal 0 0 1
    outer loop
      vertex 5.09482 -15.0088 2.5
      vertex 7.00397 -9.12075 2.5
      vertex 6.9417 -9.04487 2.5
    endloop
  endfacet
  facet normal 0 0 1
    outer loop
      vertex 5.09482 -15.0088 2.5
      vertex 6.9417 -9.04487 2.5
      vertex 6.88452 -8.96508 2.5
    endloop
  endfacet
  facet normal 0 0 1
    outer loop
      vertex 4.10228 -15.3099 2.5
      vertex 6.88452 -8.96508 2.5
      vertex 6.83269 -8.88173 2.5
    endloop
  endfacet
  facet normal 0 0 1
    outer loop
      vertex 4.10228 -15.3099 2.5
      vertex 6.83269 -8.88173 2.5
      vertex 6.78642 -8.79516 2.5
    endloop
  endfacet
  facet normal 0 0 1
    outer loop
      vertex 3.09218 -15.5454 2.5
      vertex 6.78642 -8.79516 2.5
      vertex 6.74591 -8.70575 2.5
    endloop
  endfacet
  facet normal 0 0 1
    outer loop
      vertex 3.09218 -15.5454 2.5
      vertex 6.74591 -8.70575 2.5
      vertex 6.71133 -8.61389 2.5
    endloop
  endfacet
  facet normal 0 0 1
    outer loop
      vertex 2.06884 -15.7144 2.5
      vertex 6.71133 -8.61389 2.5
      vertex 6.68284 -8.51996 2.5
    endloop
  endfacet
  facet normal 0 0 1
    outer loop
      vertex 2.06884 -15.7144 2.5
      vertex 6.68284 -8.51996 2.5
      vertex 6.66055 -8.42436 2.5
    endloop
  endfacet
  facet normal 0 0 1
    outer loop
      vertex 2.06884 -15.7144 2.5
      vertex 6.66055 -8.42436 2.5
      vertex 6.64456 -8.32752 2.5
    endloop
  endfacet
  facet normal 0 0 1
    outer loop
      vertex 2.06884 -15.7144 2.5
      vertex 6.64456 -8.32752 2.5
      vertex 6.63494 -8.22983 2.5
    endloop
  endfacet
  facet normal 0 0 1
    outer loop
      vertex 5.86732 -3.17388 2.5
      vertex 6.9417 -7.21859 2.5
      vertex 5.92856 -3.19693 2.5
    endloop
  endfacet
  facet normal 0 0 1
    outer loop
      vertex 5.80771 -3.14687 2.5
      vertex 6.9417 -7.21859 2.5
      vertex 5.86732 -3.17388 2.5
    endloop
  endfacet
  facet normal 0 0 1
    outer loop
      vertex 6.9417 -7.21859 2.5
      vertex 5.80771 -3.14687 2.5
      vertex 6.88452 -7.29837 2.5
    endloop
  endfacet
  facet normal 0 0 1
    outer loop
      vertex 5.75 -3.11602 2.5
      vertex 6.88452 -7.29837 2.5
      vertex 5.80771 -3.14687 2.5
    endloop
  endfacet
  facet normal 0 0 1
    outer loop
      vertex 6.88452 -7.29837 2.5
      vertex 5.75 -3.11602 2.5
      vertex 6.83269 -7.38173 2.5
    endloop
  endfacet
  facet normal 0 0 1
    outer loop
      vertex 5.69443 -3.08147 2.5
      vertex 6.83269 -7.38173 2.5
      vertex 5.75 -3.11602 2.5
    endloop
  endfacet
  facet normal 0 0 1
    outer loop
      vertex 6.83269 -7.38173 2.5
      vertex 5.69443 -3.08147 2.5
      vertex 6.78642 -7.46829 2.5
    endloop
  endfacet
  facet normal 0 0 1
    outer loop
      vertex 5.64124 -3.04335 2.5
      vertex 6.78642 -7.46829 2.5
      vertex 5.69443 -3.08147 2.5
    endloop
  endfacet
  facet normal 0 0 1
    outer loop
      vertex 6.78642 -7.46829 2.5
      vertex 5.64124 -3.04335 2.5
      vertex 6.74591 -7.5577 2.5
    endloop
  endfacet
  facet normal 0 0 1
    outer loop
      vertex 5.59065 -3.00184 2.5
      vertex 6.74591 -7.5577 2.5
      vertex 5.64124 -3.04335 2.5
    endloop
  endfacet
  facet normal 0 0 1
    outer loop
      vertex 6.74591 -7.5577 2.5
      vertex 5.59065 -3.00184 2.5
      vertex 6.71133 -7.64957 2.5
    endloop
  endfacet
  facet normal 0 0 1
    outer loop
      vertex 5.54289 -2.95711 2.5
      vertex 6.71133 -7.64957 2.5
      vertex 5.59065 -3.00184 2.5
    endloop
  endfacet
  facet normal 0 0 1
    outer loop
      vertex 7.21859 -9.32176 2.5
      vertex 6.06553 -14.6435 2.5
      vertex 7.01027 -14.2154 2.5
    endloop
  endfacet
  facet normal 0 0 1
    outer loop
      vertex 6.71133 -7.64957 2.5
      vertex 5.54289 -2.95711 2.5
      vertex 6.68284 -7.7435 2.5
    endloop
  endfacet
  facet normal 0 0 1
    outer loop
      vertex 5.49816 -2.90935 2.5
      vertex 6.68284 -7.7435 2.5
      vertex 5.54289 -2.95711 2.5
    endloop
  endfacet
  facet normal 0 0 1
    outer loop
      vertex 6.68284 -7.7435 2.5
      vertex 5.49816 -2.90935 2.5
      vertex 6.66055 -7.83909 2.5
    endloop
  endfacet
  facet normal 0 0 1
    outer loop
      vertex 5.45665 -2.85876 2.5
      vertex 6.66055 -7.83909 2.5
      vertex 5.49816 -2.90935 2.5
    endloop
  endfacet
  facet normal 0 0 1
    outer loop
      vertex 6.66055 -7.83909 2.5
      vertex 5.45665 -2.85876 2.5
      vertex 6.64456 -7.93594 2.5
    endloop
  endfacet
  facet normal 0 0 1
    outer loop
      vertex 5.41853 -2.80557 2.5
      vertex 6.64456 -7.93594 2.5
      vertex 5.45665 -2.85876 2.5
    endloop
  endfacet
  facet normal 0 0 1
    outer loop
      vertex 6.64456 -7.93594 2.5
      vertex 5.41853 -2.80557 2.5
      vertex 6.63494 -8.03362 2.5
    endloop
  endfacet
  facet normal 0 0 1
    outer loop
      vertex 5.38397 -2.75 2.5
      vertex 6.63494 -8.03362 2.5
      vertex 5.41853 -2.80557 2.5
    endloop
  endfacet
  facet normal 0 0 1
    outer loop
      vertex 2.06884 -15.7144 2.5
      vertex 6.63494 -8.03362 2.5
      vertex 5.38397 -2.75 2.5
    endloop
  endfacet
  facet normal 0 0 1
    outer loop
      vertex 6.63494 -8.03362 2.5
      vertex 2.06884 -15.7144 2.5
      vertex 6.63173 -8.13173 2.5
    endloop
  endfacet
  facet normal 0 0 1
    outer loop
      vertex 6.63173 -8.13173 2.5
      vertex 2.06884 -15.7144 2.5
      vertex 6.63494 -8.22983 2.5
    endloop
  endfacet
  facet normal 0 0 1
    outer loop
      vertex 2.06884 -15.7144 2.5
      vertex 5.38397 -2.75 2.5
      vertex 5.35313 -2.69229 2.5
    endloop
  endfacet
  facet normal 0 0 1
    outer loop
      vertex 2.06884 -15.7144 2.5
      vertex 5.35313 -2.69229 2.5
      vertex 5.32612 -2.63268 2.5
    endloop
  endfacet
  facet normal 0 0 1
    outer loop
      vertex 2.06884 -15.7144 2.5
      vertex 5.32612 -2.63268 2.5
      vertex 5.30307 -2.57144 2.5
    endloop
  endfacet
  facet normal 0 0 1
    outer loop
      vertex 2.06884 -15.7144 2.5
      vertex 5.30307 -2.57144 2.5
      vertex 5.28407 -2.50882 2.5
    endloop
  endfacet
  facet normal 0 0 1
    outer loop
      vertex 2.06884 -15.7144 2.5
      vertex 5.28407 -2.50882 2.5
      vertex 5.26921 -2.44509 2.5
    endloop
  endfacet
  facet normal 0 0 1
    outer loop
      vertex 2.06884 -15.7144 2.5
      vertex 5.26921 -2.44509 2.5
      vertex 5.25855 -2.38053 2.5
    endloop
  endfacet
  facet normal 0 0 1
    outer loop
      vertex 5.25 -2.25 2.5
      vertex 1.6 -6.45 2.5
      vertex 5.25214 -2.3154 2.5
    endloop
  endfacet
  facet normal 0 0 1
    outer loop
      vertex 7.00397 -9.12075 2.5
      vertex 5.09482 -15.0088 2.5
      vertex 6.06553 -14.6435 2.5
    endloop
  endfacet
  facet normal 0 0 1
    outer loop
      vertex -5.25855 2.11947 2.5
      vertex 5.25 2.25 2.5
      vertex 1.6 6.45 2.5
    endloop
  endfacet
  facet normal 0 0 1
    outer loop
      vertex 5.25214 2.3154 2.5
      vertex 1.6 6.45 2.5
      vertex 5.25 2.25 2.5
    endloop
  endfacet
  facet normal 0 0 1
    outer loop
      vertex 1.6 7.85 2.5
      vertex 5.09482 15.0088 2.5
      vertex 4.10228 15.3099 2.5
    endloop
  endfacet
  facet normal 0 0 1
    outer loop
      vertex -5.25214 2.1846 2.5
      vertex -1.6 6.45 2.5
      vertex -5.25 2.25 2.5
    endloop
  endfacet
  facet normal 0 0 1
    outer loop
      vertex 1.6 7.85 2.5
      vertex 4.10228 15.3099 2.5
      vertex 3.09218 15.5454 2.5
    endloop
  endfacet
  facet normal 0 0 1
    outer loop
      vertex 6.88452 -8.96508 2.5
      vertex 4.10228 -15.3099 2.5
      vertex 5.09482 -15.0088 2.5
    endloop
  endfacet
  facet normal 0 0 1
    outer loop
      vertex 1.6 7.85 2.5
      vertex 3.09218 15.5454 2.5
      vertex 2.06884 15.7144 2.5
    endloop
  endfacet
  facet normal 0 0 1
    outer loop
      vertex 6.78642 -8.79516 2.5
      vertex 3.09218 -15.5454 2.5
      vertex 4.10228 -15.3099 2.5
    endloop
  endfacet
  facet normal 0 0 1
    outer loop
      vertex 6.71133 -8.61389 2.5
      vertex 2.06884 -15.7144 2.5
      vertex 3.09218 -15.5454 2.5
    endloop
  endfacet
  facet normal 0 0 1
    outer loop
      vertex 1.03664 15.8161 2.5
      vertex 1.6 7.85 2.5
      vertex 2.06884 15.7144 2.5
    endloop
  endfacet
  facet normal 0 0 1
    outer loop
      vertex 0 15.85 2.5
      vertex 1.6 7.85 2.5
      vertex 1.03664 15.8161 2.5
    endloop
  endfacet
  facet normal 0 0 1
    outer loop
      vertex -1.6 7.85 2.5
      vertex 0 15.85 2.5
      vertex -1.03664 15.8161 2.5
    endloop
  endfacet
  facet normal 0 0 1
    outer loop
      vertex 0 15.85 2.5
      vertex -1.6 7.85 2.5
      vertex 1.6 7.85 2.5
    endloop
  endfacet
  facet normal 0 0 1
    outer loop
      vertex -5.25855 2.38053 2.5
      vertex -1.6 7.85 2.5
      vertex -2.06884 15.7144 2.5
    endloop
  endfacet
  facet normal 0 0 1
    outer loop
      vertex -1.6 7.85 2.5
      vertex -5.25855 2.38053 2.5
      vertex -1.6 6.45 2.5
    endloop
  endfacet
  facet normal 0 -0 1
    outer loop
      vertex -5.25214 2.3154 2.5
      vertex -1.6 6.45 2.5
      vertex -5.25855 2.38053 2.5
    endloop
  endfacet
  facet normal -0 0 1
    outer loop
      vertex -2.06884 15.7144 2.5
      vertex -1.6 7.85 2.5
      vertex -1.03664 15.8161 2.5
    endloop
  endfacet
  facet normal 0 0 1
    outer loop
      vertex 8.51996 -6.68284 2.5
      vertex 7.04335 -2.85876 2.5
      vertex 8.42436 -6.66055 2.5
    endloop
  endfacet
  facet normal -0 0 1
    outer loop
      vertex 7.00184 -2.90935 2.5
      vertex 8.42436 -6.66055 2.5
      vertex 7.04335 -2.85876 2.5
    endloop
  endfacet
  facet normal 0 0 1
    outer loop
      vertex 8.42436 -6.66055 2.5
      vertex 7.00184 -2.90935 2.5
      vertex 8.32752 -6.64456 2.5
    endloop
  endfacet
  facet normal -0 0 1
    outer loop
      vertex 6.95711 -2.95711 2.5
      vertex 8.32752 -6.64456 2.5
      vertex 7.00184 -2.90935 2.5
    endloop
  endfacet
  facet normal -0 0 1
    outer loop
      vertex 6.90935 -3.00184 2.5
      vertex 8.22983 -6.63494 2.5
      vertex 6.95711 -2.95711 2.5
    endloop
  endfacet
  facet normal 0 0 1
    outer loop
      vertex 8.22983 -6.63494 2.5
      vertex 6.90935 -3.00184 2.5
      vertex 8.13173 -6.63173 2.5
    endloop
  endfacet
  facet normal -0 0 1
    outer loop
      vertex 6.85876 -3.04335 2.5
      vertex 8.13173 -6.63173 2.5
      vertex 6.90935 -3.00184 2.5
    endloop
  endfacet
  facet normal 0 0 1
    outer loop
      vertex 8.13173 -6.63173 2.5
      vertex 6.85876 -3.04335 2.5
      vertex 8.03362 -6.63494 2.5
    endloop
  endfacet
  facet normal 0 0 1
    outer loop
      vertex 7.24786 -2.3154 2.5
      vertex 7.85 -1.6 2.5
      vertex 7.25 -2.25 2.5
    endloop
  endfacet
  facet normal 0 0 1
    outer loop
      vertex 7.85 -1.6 2.5
      vertex 7.24786 -2.1846 2.5
      vertex 7.25 -2.25 2.5
    endloop
  endfacet
  facet normal 0 0 1
    outer loop
      vertex 7.85 -1.6 2.5
      vertex 7.24144 -2.11947 2.5
      vertex 7.24786 -2.1846 2.5
    endloop
  endfacet
  facet normal 0 0 1
    outer loop
      vertex 7.85 -1.6 2.5
      vertex 7.23078 -2.05491 2.5
      vertex 7.24144 -2.11947 2.5
    endloop
  endfacet
  facet normal 0 0 1
    outer loop
      vertex 7.85 -1.6 2.5
      vertex 7.21593 -1.99118 2.5
      vertex 7.23078 -2.05491 2.5
    endloop
  endfacet
  facet normal 0 0 1
    outer loop
      vertex 7.85 -1.6 2.5
      vertex 7.19693 -1.92856 2.5
      vertex 7.21593 -1.99118 2.5
    endloop
  endfacet
  facet normal 0 0 1
    outer loop
      vertex 7.85 -1.6 2.5
      vertex 7.17388 -1.86732 2.5
      vertex 7.19693 -1.92856 2.5
    endloop
  endfacet
  facet normal 0 0 1
    outer loop
      vertex 7.85 -1.6 2.5
      vertex 7.14687 -1.80771 2.5
      vertex 7.17388 -1.86732 2.5
    endloop
  endfacet
  facet normal 0 0 1
    outer loop
      vertex 7.85 -1.6 2.5
      vertex 7.11602 -1.75 2.5
      vertex 7.14687 -1.80771 2.5
    endloop
  endfacet
  facet normal 0 0 1
    outer loop
      vertex 7.85 -1.6 2.5
      vertex 7.08147 -1.69443 2.5
      vertex 7.11602 -1.75 2.5
    endloop
  endfacet
  facet normal 0 0 1
    outer loop
      vertex 7.85 -1.6 2.5
      vertex 7.04335 -1.64124 2.5
      vertex 7.08147 -1.69443 2.5
    endloop
  endfacet
  facet normal 0 -0 1
    outer loop
      vertex 7.04335 -1.64124 2.5
      vertex 7.85 -1.6 2.5
      vertex 7.00951 -1.6 2.5
    endloop
  endfacet
  facet normal 0 0 1
    outer loop
      vertex 7.24144 -2.38053 2.5
      vertex 7.85 -1.6 2.5
      vertex 7.24786 -2.3154 2.5
    endloop
  endfacet
  facet normal 0 0 1
    outer loop
      vertex 7.23078 -2.44509 2.5
      vertex 7.85 -1.6 2.5
      vertex 7.24144 -2.38053 2.5
    endloop
  endfacet
  facet normal 0 0 1
    outer loop
      vertex 7.21593 -2.50882 2.5
      vertex 7.85 -1.6 2.5
      vertex 7.23078 -2.44509 2.5
    endloop
  endfacet
  facet normal 0 0 1
    outer loop
      vertex 7.19693 -2.57144 2.5
      vertex 7.85 -1.6 2.5
      vertex 7.21593 -2.50882 2.5
    endloop
  endfacet
  facet normal 0 0 1
    outer loop
      vertex 7.17388 -2.63268 2.5
      vertex 7.85 -1.6 2.5
      vertex 7.19693 -2.57144 2.5
    endloop
  endfacet
  facet normal 0 0 1
    outer loop
      vertex 8.32752 -6.64456 2.5
      vertex 6.95711 -2.95711 2.5
      vertex 8.22983 -6.63494 2.5
    endloop
  endfacet
  facet normal -0 0 1
    outer loop
      vertex 6.80557 -3.08147 2.5
      vertex 8.03362 -6.63494 2.5
      vertex 6.85876 -3.04335 2.5
    endloop
  endfacet
  facet normal 0 0 1
    outer loop
      vertex 8.03362 -6.63494 2.5
      vertex 6.80557 -3.08147 2.5
      vertex 7.93594 -6.64456 2.5
    endloop
  endfacet
  facet normal -0 0 1
    outer loop
      vertex 6.75 -3.11602 2.5
      vertex 7.93594 -6.64456 2.5
      vertex 6.80557 -3.08147 2.5
    endloop
  endfacet
  facet normal -0 0 1
    outer loop
      vertex 6.69229 -3.14687 2.5
      vertex 7.93594 -6.64456 2.5
      vertex 6.75 -3.11602 2.5
    endloop
  endfacet
  facet normal 0 0 1
    outer loop
      vertex 7.93594 -6.64456 2.5
      vertex 6.69229 -3.14687 2.5
      vertex 7.83909 -6.66055 2.5
    endloop
  endfacet
  facet normal -0 0 1
    outer loop
      vertex 6.63268 -3.17388 2.5
      vertex 7.83909 -6.66055 2.5
      vertex 6.69229 -3.14687 2.5
    endloop
  endfacet
  facet normal 0 0 1
    outer loop
      vertex 7.83909 -6.66055 2.5
      vertex 6.63268 -3.17388 2.5
      vertex 7.7435 -6.68284 2.5
    endloop
  endfacet
  facet normal -0 0 1
    outer loop
      vertex 6.57144 -3.19693 2.5
      vertex 7.7435 -6.68284 2.5
      vertex 6.63268 -3.17388 2.5
    endloop
  endfacet
  facet normal 0 0 1
    outer loop
      vertex 7.7435 -6.68284 2.5
      vertex 6.57144 -3.19693 2.5
      vertex 7.64957 -6.71133 2.5
    endloop
  endfacet
  facet normal -0 0 1
    outer loop
      vertex 6.50882 -3.21593 2.5
      vertex 7.64957 -6.71133 2.5
      vertex 6.57144 -3.19693 2.5
    endloop
  endfacet
  facet normal 0 0 1
    outer loop
      vertex 7.64957 -6.71133 2.5
      vertex 6.50882 -3.21593 2.5
      vertex 7.5577 -6.74591 2.5
    endloop
  endfacet
  facet normal -0 0 1
    outer loop
      vertex 6.44509 -3.23078 2.5
      vertex 7.5577 -6.74591 2.5
      vertex 6.50882 -3.21593 2.5
    endloop
  endfacet
  facet normal 0 0 1
    outer loop
      vertex 7.5577 -6.74591 2.5
      vertex 6.44509 -3.23078 2.5
      vertex 7.46829 -6.78642 2.5
    endloop
  endfacet
  facet normal -0 0 1
    outer loop
      vertex 6.38053 -3.24144 2.5
      vertex 7.46829 -6.78642 2.5
      vertex 6.44509 -3.23078 2.5
    endloop
  endfacet
  facet normal 0 0 1
    outer loop
      vertex 7.46829 -6.78642 2.5
      vertex 6.38053 -3.24144 2.5
      vertex 7.38173 -6.83269 2.5
    endloop
  endfacet
  facet normal -0 0 1
    outer loop
      vertex 6.3154 -3.24786 2.5
      vertex 7.38173 -6.83269 2.5
      vertex 6.38053 -3.24144 2.5
    endloop
  endfacet
  facet normal -0 0 1
    outer loop
      vertex 6.25 -3.25 2.5
      vertex 7.38173 -6.83269 2.5
      vertex 6.3154 -3.24786 2.5
    endloop
  endfacet
  facet normal 0 0 1
    outer loop
      vertex 7.38173 -6.83269 2.5
      vertex 6.25 -3.25 2.5
      vertex 7.29837 -6.88452 2.5
    endloop
  endfacet
  facet normal 0 0 1
    outer loop
      vertex 6.1846 -3.24786 2.5
      vertex 7.29837 -6.88452 2.5
      vertex 6.25 -3.25 2.5
    endloop
  endfacet
  facet normal 0 0 1
    outer loop
      vertex 7.29837 -6.88452 2.5
      vertex 6.1846 -3.24786 2.5
      vertex 7.21859 -6.9417 2.5
    endloop
  endfacet
  facet normal 0 0 1
    outer loop
      vertex 6.11947 -3.24144 2.5
      vertex 7.21859 -6.9417 2.5
      vertex 6.1846 -3.24786 2.5
    endloop
  endfacet
  facet normal 0 0 1
    outer loop
      vertex 7.21859 -6.9417 2.5
      vertex 6.11947 -3.24144 2.5
      vertex 7.14271 -7.00397 2.5
    endloop
  endfacet
  facet normal 0 0 1
    outer loop
      vertex 6.05491 -3.23078 2.5
      vertex 7.14271 -7.00397 2.5
      vertex 6.11947 -3.24144 2.5
    endloop
  endfacet
  facet normal 0 0 1
    outer loop
      vertex 7.14271 -7.00397 2.5
      vertex 6.05491 -3.23078 2.5
      vertex 7.07107 -7.07107 2.5
    endloop
  endfacet
  facet normal 0 0 1
    outer loop
      vertex 5.99118 -3.21593 2.5
      vertex 7.07107 -7.07107 2.5
      vertex 6.05491 -3.23078 2.5
    endloop
  endfacet
  facet normal 0 0 1
    outer loop
      vertex 7.07107 -7.07107 2.5
      vertex 5.99118 -3.21593 2.5
      vertex 7.00397 -7.14271 2.5
    endloop
  endfacet
  facet normal 0 0 1
    outer loop
      vertex 5.92856 -3.19693 2.5
      vertex 7.00397 -7.14271 2.5
      vertex 5.99118 -3.21593 2.5
    endloop
  endfacet
  facet normal 0 0 1
    outer loop
      vertex 7.00397 -7.14271 2.5
      vertex 5.92856 -3.19693 2.5
      vertex 6.9417 -7.21859 2.5
    endloop
  endfacet
  facet normal 0.0980526 0.995181 -0
    outer loop
      vertex 2.06884 15.7144 0
      vertex 1.03664 15.8161 2.5
      vertex 2.06884 15.7144 2.5
    endloop
  endfacet
  facet normal 0.0980526 0.995181 0
    outer loop
      vertex 1.03664 15.8161 2.5
      vertex 2.06884 15.7144 0
      vertex 1.03664 15.8161 0
    endloop
  endfacet
  facet normal 0.986643 -0.162896 0
    outer loop
      vertex 15.5454 -3.09218 2.5
      vertex 15.6927 -2.2 0
      vertex 15.6927 -2.2 2.5
    endloop
  endfacet
  facet normal 0.986643 -0.162896 0
    outer loop
      vertex 15.6927 -2.2 0
      vertex 15.5454 -3.09218 2.5
      vertex 15.5454 -3.09218 0
    endloop
  endfacet
  facet normal 0.162939 -0.986636 0
    outer loop
      vertex 2.06884 -15.7144 0
      vertex 3.09218 -15.5454 2.5
      vertex 2.06884 -15.7144 2.5
    endloop
  endfacet
  facet normal 0.162939 -0.986636 0
    outer loop
      vertex 3.09218 -15.5454 2.5
      vertex 2.06884 -15.7144 0
      vertex 3.09218 -15.5454 0
    endloop
  endfacet
  facet normal -0.582514 0.81282 0
    outer loop
      vertex -8.80579 13.1788 0
      vertex -9.64887 12.5746 2.5
      vertex -8.80579 13.1788 2.5
    endloop
  endfacet
  facet normal -0.582514 0.81282 0
    outer loop
      vertex -9.64887 12.5746 2.5
      vertex -8.80579 13.1788 0
      vertex -9.64887 12.5746 0
    endloop
  endfacet
  facet normal 0.471372 0.881935 -0
    outer loop
      vertex 7.925 13.7265 0
      vertex 7.01027 14.2154 2.5
      vertex 7.925 13.7265 2.5
    endloop
  endfacet
  facet normal 0.471372 0.881935 0
    outer loop
      vertex 7.01027 14.2154 2.5
      vertex 7.925 13.7265 0
      vertex 7.01027 14.2154 0
    endloop
  endfacet
  facet normal -0.72982 -0.68364 0
    outer loop
      vertex -11.2076 -11.2076 0
      vertex -11.9167 -10.4506 2.5
      vertex -11.9167 -10.4506 0
    endloop
  endfacet
  facet normal -0.72982 -0.68364 0
    outer loop
      vertex -11.9167 -10.4506 2.5
      vertex -11.2076 -11.2076 0
      vertex -11.2076 -11.2076 2.5
    endloop
  endfacet
  facet normal -0.72982 0.68364 0
    outer loop
      vertex -11.9167 10.4506 0
      vertex -11.2076 11.2076 2.5
      vertex -11.2076 11.2076 0
    endloop
  endfacet
  facet normal -0.72982 0.68364 0
    outer loop
      vertex -11.2076 11.2076 2.5
      vertex -11.9167 10.4506 0
      vertex -11.9167 10.4506 2.5
    endloop
  endfacet
  facet normal -0.986643 0.162896 0
    outer loop
      vertex -15.6927 2.2 0
      vertex -15.5454 3.09218 2.5
      vertex -15.5454 3.09218 0
    endloop
  endfacet
  facet normal -0.986643 0.162896 0
    outer loop
      vertex -15.5454 3.09218 2.5
      vertex -15.6927 2.2 0
      vertex -15.6927 2.2 2.5
    endloop
  endfacet
  facet normal 0.528061 0.849207 -0
    outer loop
      vertex 8.80579 13.1788 0
      vertex 7.925 13.7265 2.5
      vertex 8.80579 13.1788 2.5
    endloop
  endfacet
  facet normal 0.528061 0.849207 0
    outer loop
      vertex 7.925 13.7265 2.5
      vertex 8.80579 13.1788 0
      vertex 7.925 13.7265 0
    endloop
  endfacet
  facet normal -0.528061 -0.849207 0
    outer loop
      vertex -8.80579 -13.1788 0
      vertex -7.925 -13.7265 2.5
      vertex -8.80579 -13.1788 2.5
    endloop
  endfacet
  facet normal -0.528061 -0.849207 -0
    outer loop
      vertex -7.925 -13.7265 2.5
      vertex -8.80579 -13.1788 0
      vertex -7.925 -13.7265 0
    endloop
  endfacet
  facet normal 0.352208 0.935922 -0
    outer loop
      vertex 6.06553 14.6435 0
      vertex 5.09482 15.0088 2.5
      vertex 6.06553 14.6435 2.5
    endloop
  endfacet
  facet normal 0.352208 0.935922 0
    outer loop
      vertex 5.09482 15.0088 2.5
      vertex 6.06553 14.6435 0
      vertex 5.09482 15.0088 0
    endloop
  endfacet
  facet normal 0.290299 -0.956936 0
    outer loop
      vertex 4.10228 -15.3099 0
      vertex 5.09482 -15.0088 2.5
      vertex 4.10228 -15.3099 2.5
    endloop
  endfacet
  facet normal 0.290299 -0.956936 0
    outer loop
      vertex 5.09482 -15.0088 2.5
      vertex 4.10228 -15.3099 0
      vertex 5.09482 -15.0088 0
    endloop
  endfacet
  facet normal -0.162939 -0.986636 0
    outer loop
      vertex -3.09218 -15.5454 0
      vertex -2.06884 -15.7144 2.5
      vertex -3.09218 -15.5454 2.5
    endloop
  endfacet
  facet normal -0.162939 -0.986636 -0
    outer loop
      vertex -2.06884 -15.7144 2.5
      vertex -3.09218 -15.5454 0
      vertex -2.06884 -15.7144 0
    endloop
  endfacet
  facet normal -0.528061 0.849207 0
    outer loop
      vertex -7.925 13.7265 0
      vertex -8.80579 13.1788 2.5
      vertex -7.925 13.7265 2.5
    endloop
  endfacet
  facet normal -0.528061 0.849207 0
    outer loop
      vertex -8.80579 13.1788 2.5
      vertex -7.925 13.7265 0
      vertex -8.80579 13.1788 0
    endloop
  endfacet
  facet normal 0.849207 -0.528061 0
    outer loop
      vertex 13.1788 -8.80579 2.5
      vertex 13.7265 -7.925 0
      vertex 13.7265 -7.925 2.5
    endloop
  endfacet
  facet normal 0.849207 -0.528061 0
    outer loop
      vertex 13.7265 -7.925 0
      vertex 13.1788 -8.80579 2.5
      vertex 13.1788 -8.80579 0
    endloop
  endfacet
  facet normal 0.81282 0.582514 0
    outer loop
      vertex 13.1788 8.80579 2.5
      vertex 12.5746 9.64887 0
      vertex 12.5746 9.64887 2.5
    endloop
  endfacet
  facet normal 0.81282 0.582514 0
    outer loop
      vertex 12.5746 9.64887 0
      vertex 13.1788 8.80579 2.5
      vertex 13.1788 8.80579 0
    endloop
  endfacet
  facet normal 0.634357 -0.77304 0
    outer loop
      vertex 9.64887 -12.5746 0
      vertex 10.4506 -11.9167 2.5
      vertex 9.64887 -12.5746 2.5
    endloop
  endfacet
  facet normal 0.634357 -0.77304 0
    outer loop
      vertex 10.4506 -11.9167 2.5
      vertex 9.64887 -12.5746 0
      vertex 10.4506 -11.9167 0
    endloop
  endfacet
  facet normal 0.81282 -0.582514 0
    outer loop
      vertex 12.5746 -9.64887 2.5
      vertex 13.1788 -8.80579 0
      vertex 13.1788 -8.80579 2.5
    endloop
  endfacet
  facet normal 0.81282 -0.582514 0
    outer loop
      vertex 13.1788 -8.80579 0
      vertex 12.5746 -9.64887 2.5
      vertex 12.5746 -9.64887 0
    endloop
  endfacet
  facet normal 0.72982 -0.68364 0
    outer loop
      vertex 11.2076 -11.2076 2.5
      vertex 11.9167 -10.4506 0
      vertex 11.9167 -10.4506 2.5
    endloop
  endfacet
  facet normal 0.72982 -0.68364 0
    outer loop
      vertex 11.9167 -10.4506 0
      vertex 11.2076 -11.2076 2.5
      vertex 11.2076 -11.2076 0
    endloop
  endfacet
  facet normal -0.290299 -0.956936 0
    outer loop
      vertex -5.09482 -15.0088 0
      vertex -4.10228 -15.3099 2.5
      vertex -5.09482 -15.0088 2.5
    endloop
  endfacet
  facet normal -0.290299 -0.956936 -0
    outer loop
      vertex -4.10228 -15.3099 2.5
      vertex -5.09482 -15.0088 0
      vertex -4.10228 -15.3099 0
    endloop
  endfacet
  facet normal 0.849207 0.528061 0
    outer loop
      vertex 13.7265 7.925 2.5
      vertex 13.1788 8.80579 0
      vertex 13.1788 8.80579 2.5
    endloop
  endfacet
  facet normal 0.849207 0.528061 0
    outer loop
      vertex 13.1788 8.80579 0
      vertex 13.7265 7.925 2.5
      vertex 13.7265 7.925 0
    endloop
  endfacet
  facet normal 0.881935 0.471372 0
    outer loop
      vertex 14.2154 7.01027 2.5
      vertex 13.7265 7.925 0
      vertex 13.7265 7.925 2.5
    endloop
  endfacet
  facet normal 0.881935 0.471372 0
    outer loop
      vertex 13.7265 7.925 0
      vertex 14.2154 7.01027 2.5
      vertex 14.2154 7.01027 0
    endloop
  endfacet
  facet normal -0.634357 0.77304 0
    outer loop
      vertex -9.64887 12.5746 0
      vertex -10.4506 11.9167 2.5
      vertex -9.64887 12.5746 2.5
    endloop
  endfacet
  facet normal -0.634357 0.77304 0
    outer loop
      vertex -10.4506 11.9167 2.5
      vertex -9.64887 12.5746 0
      vertex -10.4506 11.9167 0
    endloop
  endfacet
  facet normal -0.412742 0.910848 0
    outer loop
      vertex -6.06553 14.6435 0
      vertex -7.01027 14.2154 2.5
      vertex -6.06553 14.6435 2.5
    endloop
  endfacet
  facet normal -0.412742 0.910848 0
    outer loop
      vertex -7.01027 14.2154 2.5
      vertex -6.06553 14.6435 0
      vertex -7.01027 14.2154 0
    endloop
  endfacet
  facet normal -0.0980526 0.995181 0
    outer loop
      vertex -1.03664 15.8161 0
      vertex -2.06884 15.7144 2.5
      vertex -1.03664 15.8161 2.5
    endloop
  endfacet
  facet normal -0.0980526 0.995181 0
    outer loop
      vertex -2.06884 15.7144 2.5
      vertex -1.03664 15.8161 0
      vertex -2.06884 15.7144 0
    endloop
  endfacet
  facet normal 0.77304 -0.634357 0
    outer loop
      vertex 11.9167 -10.4506 2.5
      vertex 12.5746 -9.64887 0
      vertex 12.5746 -9.64887 2.5
    endloop
  endfacet
  facet normal 0.77304 -0.634357 0
    outer loop
      vertex 12.5746 -9.64887 0
      vertex 11.9167 -10.4506 2.5
      vertex 11.9167 -10.4506 0
    endloop
  endfacet
  facet normal -0.0326843 0.999466 0
    outer loop
      vertex 0 15.85 0
      vertex -1.03664 15.8161 2.5
      vertex 0 15.85 2.5
    endloop
  endfacet
  facet normal -0.0326843 0.999466 0
    outer loop
      vertex -1.03664 15.8161 2.5
      vertex 0 15.85 0
      vertex -1.03664 15.8161 0
    endloop
  endfacet
  facet normal -0.412742 -0.910848 0
    outer loop
      vertex -7.01027 -14.2154 0
      vertex -6.06553 -14.6435 2.5
      vertex -7.01027 -14.2154 2.5
    endloop
  endfacet
  facet normal -0.412742 -0.910848 -0
    outer loop
      vertex -6.06553 -14.6435 2.5
      vertex -7.01027 -14.2154 0
      vertex -6.06553 -14.6435 0
    endloop
  endfacet
  facet normal 0.881935 -0.471372 0
    outer loop
      vertex 13.7265 -7.925 2.5
      vertex 14.2154 -7.01027 0
      vertex 14.2154 -7.01027 2.5
    endloop
  endfacet
  facet normal 0.881935 -0.471372 0
    outer loop
      vertex 14.2154 -7.01027 0
      vertex 13.7265 -7.925 2.5
      vertex 13.7265 -7.925 0
    endloop
  endfacet
  facet normal -0.0326843 -0.999466 0
    outer loop
      vertex -1.03664 -15.8161 0
      vertex 0 -15.85 2.5
      vertex -1.03664 -15.8161 2.5
    endloop
  endfacet
  facet normal -0.0326843 -0.999466 -0
    outer loop
      vertex 0 -15.85 2.5
      vertex -1.03664 -15.8161 0
      vertex 0 -15.85 0
    endloop
  endfacet
  facet normal 0.352208 -0.935922 0
    outer loop
      vertex 5.09482 -15.0088 0
      vertex 6.06553 -14.6435 2.5
      vertex 5.09482 -15.0088 2.5
    endloop
  endfacet
  facet normal 0.352208 -0.935922 0
    outer loop
      vertex 6.06553 -14.6435 2.5
      vertex 5.09482 -15.0088 0
      vertex 6.06553 -14.6435 0
    endloop
  endfacet
  facet normal 0.162939 0.986636 -0
    outer loop
      vertex 3.09218 15.5454 0
      vertex 2.06884 15.7144 2.5
      vertex 3.09218 15.5454 2.5
    endloop
  endfacet
  facet normal 0.162939 0.986636 0
    outer loop
      vertex 2.06884 15.7144 2.5
      vertex 3.09218 15.5454 0
      vertex 2.06884 15.7144 0
    endloop
  endfacet
  facet normal 0.0980526 -0.995181 0
    outer loop
      vertex 1.03664 -15.8161 0
      vertex 2.06884 -15.7144 2.5
      vertex 1.03664 -15.8161 2.5
    endloop
  endfacet
  facet normal 0.0980526 -0.995181 0
    outer loop
      vertex 2.06884 -15.7144 2.5
      vertex 1.03664 -15.8161 0
      vertex 2.06884 -15.7144 0
    endloop
  endfacet
  facet normal -0.352208 0.935922 0
    outer loop
      vertex -5.09482 15.0088 0
      vertex -6.06553 14.6435 2.5
      vertex -5.09482 15.0088 2.5
    endloop
  endfacet
  facet normal -0.352208 0.935922 0
    outer loop
      vertex -6.06553 14.6435 2.5
      vertex -5.09482 15.0088 0
      vertex -6.06553 14.6435 0
    endloop
  endfacet
  facet normal -0.935922 0.352208 0
    outer loop
      vertex -15.0088 5.09482 0
      vertex -14.6435 6.06553 2.5
      vertex -14.6435 6.06553 0
    endloop
  endfacet
  facet normal -0.935922 0.352208 0
    outer loop
      vertex -14.6435 6.06553 2.5
      vertex -15.0088 5.09482 0
      vertex -15.0088 5.09482 2.5
    endloop
  endfacet
  facet normal -0.956936 0.290299 0
    outer loop
      vertex -15.3099 4.10228 0
      vertex -15.0088 5.09482 2.5
      vertex -15.0088 5.09482 0
    endloop
  endfacet
  facet normal -0.956936 0.290299 0
    outer loop
      vertex -15.0088 5.09482 2.5
      vertex -15.3099 4.10228 0
      vertex -15.3099 4.10228 2.5
    endloop
  endfacet
  facet normal 0.0326843 -0.999466 0
    outer loop
      vertex 0 -15.85 0
      vertex 1.03664 -15.8161 2.5
      vertex 0 -15.85 2.5
    endloop
  endfacet
  facet normal 0.0326843 -0.999466 0
    outer loop
      vertex 1.03664 -15.8161 2.5
      vertex 0 -15.85 0
      vertex 1.03664 -15.8161 0
    endloop
  endfacet
  facet normal 0.582514 -0.81282 0
    outer loop
      vertex 8.80579 -13.1788 0
      vertex 9.64887 -12.5746 2.5
      vertex 8.80579 -13.1788 2.5
    endloop
  endfacet
  facet normal 0.582514 -0.81282 0
    outer loop
      vertex 9.64887 -12.5746 2.5
      vertex 8.80579 -13.1788 0
      vertex 9.64887 -12.5746 0
    endloop
  endfacet
  facet normal 0.72982 0.68364 0
    outer loop
      vertex 11.9167 10.4506 2.5
      vertex 11.2076 11.2076 0
      vertex 11.2076 11.2076 2.5
    endloop
  endfacet
  facet normal 0.72982 0.68364 0
    outer loop
      vertex 11.2076 11.2076 0
      vertex 11.9167 10.4506 2.5
      vertex 11.9167 10.4506 0
    endloop
  endfacet
  facet normal 0.0326843 0.999466 -0
    outer loop
      vertex 1.03664 15.8161 0
      vertex 0 15.85 2.5
      vertex 1.03664 15.8161 2.5
    endloop
  endfacet
  facet normal 0.0326843 0.999466 0
    outer loop
      vertex 0 15.85 2.5
      vertex 1.03664 15.8161 0
      vertex 0 15.85 0
    endloop
  endfacet
  facet normal 0.412742 0.910848 -0
    outer loop
      vertex 7.01027 14.2154 0
      vertex 6.06553 14.6435 2.5
      vertex 7.01027 14.2154 2.5
    endloop
  endfacet
  facet normal 0.412742 0.910848 0
    outer loop
      vertex 6.06553 14.6435 2.5
      vertex 7.01027 14.2154 0
      vertex 6.06553 14.6435 0
    endloop
  endfacet
  facet normal -0.986643 -0.162896 0
    outer loop
      vertex -15.5454 -3.09218 0
      vertex -15.6927 -2.2 2.5
      vertex -15.6927 -2.2 0
    endloop
  endfacet
  facet normal -0.986643 -0.162896 0
    outer loop
      vertex -15.6927 -2.2 2.5
      vertex -15.5454 -3.09218 0
      vertex -15.5454 -3.09218 2.5
    endloop
  endfacet
  facet normal 0.582514 0.81282 -0
    outer loop
      vertex 9.64887 12.5746 0
      vertex 8.80579 13.1788 2.5
      vertex 9.64887 12.5746 2.5
    endloop
  endfacet
  facet normal 0.582514 0.81282 0
    outer loop
      vertex 8.80579 13.1788 2.5
      vertex 9.64887 12.5746 0
      vertex 8.80579 13.1788 0
    endloop
  endfacet
  facet normal 0.956936 0.290299 0
    outer loop
      vertex 15.3099 4.10228 2.5
      vertex 15.0088 5.09482 0
      vertex 15.0088 5.09482 2.5
    endloop
  endfacet
  facet normal 0.956936 0.290299 0
    outer loop
      vertex 15.0088 5.09482 0
      vertex 15.3099 4.10228 2.5
      vertex 15.3099 4.10228 0
    endloop
  endfacet
  facet normal -0.227056 0.973882 0
    outer loop
      vertex -3.09218 15.5454 0
      vertex -4.10228 15.3099 2.5
      vertex -3.09218 15.5454 2.5
    endloop
  endfacet
  facet normal -0.227056 0.973882 0
    outer loop
      vertex -4.10228 15.3099 2.5
      vertex -3.09218 15.5454 0
      vertex -4.10228 15.3099 0
    endloop
  endfacet
  facet normal 0.227056 -0.973882 0
    outer loop
      vertex 3.09218 -15.5454 0
      vertex 4.10228 -15.3099 2.5
      vertex 3.09218 -15.5454 2.5
    endloop
  endfacet
  facet normal 0.227056 -0.973882 0
    outer loop
      vertex 4.10228 -15.3099 2.5
      vertex 3.09218 -15.5454 0
      vertex 4.10228 -15.3099 0
    endloop
  endfacet
  facet normal 0.412742 -0.910848 0
    outer loop
      vertex 6.06553 -14.6435 0
      vertex 7.01027 -14.2154 2.5
      vertex 6.06553 -14.6435 2.5
    endloop
  endfacet
  facet normal 0.412742 -0.910848 0
    outer loop
      vertex 7.01027 -14.2154 2.5
      vertex 6.06553 -14.6435 0
      vertex 7.01027 -14.2154 0
    endloop
  endfacet
  facet normal -0.77304 0.634357 0
    outer loop
      vertex -12.5746 9.64887 0
      vertex -11.9167 10.4506 2.5
      vertex -11.9167 10.4506 0
    endloop
  endfacet
  facet normal -0.77304 0.634357 0
    outer loop
      vertex -11.9167 10.4506 2.5
      vertex -12.5746 9.64887 0
      vertex -12.5746 9.64887 2.5
    endloop
  endfacet
  facet normal 0.935922 0.352208 0
    outer loop
      vertex 15.0088 5.09482 2.5
      vertex 14.6435 6.06553 0
      vertex 14.6435 6.06553 2.5
    endloop
  endfacet
  facet normal 0.935922 0.352208 0
    outer loop
      vertex 14.6435 6.06553 0
      vertex 15.0088 5.09482 2.5
      vertex 15.0088 5.09482 0
    endloop
  endfacet
  facet normal -0.471372 0.881935 0
    outer loop
      vertex -7.01027 14.2154 0
      vertex -7.925 13.7265 2.5
      vertex -7.01027 14.2154 2.5
    endloop
  endfacet
  facet normal -0.471372 0.881935 0
    outer loop
      vertex -7.925 13.7265 2.5
      vertex -7.01027 14.2154 0
      vertex -7.925 13.7265 0
    endloop
  endfacet
  facet normal -0.290299 0.956936 0
    outer loop
      vertex -4.10228 15.3099 0
      vertex -5.09482 15.0088 2.5
      vertex -4.10228 15.3099 2.5
    endloop
  endfacet
  facet normal -0.290299 0.956936 0
    outer loop
      vertex -5.09482 15.0088 2.5
      vertex -4.10228 15.3099 0
      vertex -5.09482 15.0088 0
    endloop
  endfacet
  facet normal -0.68364 -0.72982 0
    outer loop
      vertex -11.2076 -11.2076 0
      vertex -10.4506 -11.9167 2.5
      vertex -11.2076 -11.2076 2.5
    endloop
  endfacet
  facet normal -0.68364 -0.72982 -0
    outer loop
      vertex -10.4506 -11.9167 2.5
      vertex -11.2076 -11.2076 0
      vertex -10.4506 -11.9167 0
    endloop
  endfacet
  facet normal 0.227056 0.973882 -0
    outer loop
      vertex 4.10228 15.3099 0
      vertex 3.09218 15.5454 2.5
      vertex 4.10228 15.3099 2.5
    endloop
  endfacet
  facet normal 0.227056 0.973882 0
    outer loop
      vertex 3.09218 15.5454 2.5
      vertex 4.10228 15.3099 0
      vertex 3.09218 15.5454 0
    endloop
  endfacet
  facet normal -0.910848 0.412742 0
    outer loop
      vertex -14.6435 6.06553 0
      vertex -14.2154 7.01027 2.5
      vertex -14.2154 7.01027 0
    endloop
  endfacet
  facet normal -0.910848 0.412742 0
    outer loop
      vertex -14.2154 7.01027 2.5
      vertex -14.6435 6.06553 0
      vertex -14.6435 6.06553 2.5
    endloop
  endfacet
  facet normal -0.162939 0.986636 0
    outer loop
      vertex -2.06884 15.7144 0
      vertex -3.09218 15.5454 2.5
      vertex -2.06884 15.7144 2.5
    endloop
  endfacet
  facet normal -0.162939 0.986636 0
    outer loop
      vertex -3.09218 15.5454 2.5
      vertex -2.06884 15.7144 0
      vertex -3.09218 15.5454 0
    endloop
  endfacet
  facet normal 0.528061 -0.849207 0
    outer loop
      vertex 7.925 -13.7265 0
      vertex 8.80579 -13.1788 2.5
      vertex 7.925 -13.7265 2.5
    endloop
  endfacet
  facet normal 0.528061 -0.849207 0
    outer loop
      vertex 8.80579 -13.1788 2.5
      vertex 7.925 -13.7265 0
      vertex 8.80579 -13.1788 0
    endloop
  endfacet
  facet normal -0.935922 -0.352208 0
    outer loop
      vertex -14.6435 -6.06553 0
      vertex -15.0088 -5.09482 2.5
      vertex -15.0088 -5.09482 0
    endloop
  endfacet
  facet normal -0.935922 -0.352208 0
    outer loop
      vertex -15.0088 -5.09482 2.5
      vertex -14.6435 -6.06553 0
      vertex -14.6435 -6.06553 2.5
    endloop
  endfacet
  facet normal 0.77304 0.634357 0
    outer loop
      vertex 12.5746 9.64887 2.5
      vertex 11.9167 10.4506 0
      vertex 11.9167 10.4506 2.5
    endloop
  endfacet
  facet normal 0.77304 0.634357 0
    outer loop
      vertex 11.9167 10.4506 0
      vertex 12.5746 9.64887 2.5
      vertex 12.5746 9.64887 0
    endloop
  endfacet
  facet normal 0.935922 -0.352208 0
    outer loop
      vertex 14.6435 -6.06553 2.5
      vertex 15.0088 -5.09482 0
      vertex 15.0088 -5.09482 2.5
    endloop
  endfacet
  facet normal 0.935922 -0.352208 0
    outer loop
      vertex 15.0088 -5.09482 0
      vertex 14.6435 -6.06553 2.5
      vertex 14.6435 -6.06553 0
    endloop
  endfacet
  facet normal 0.634357 0.77304 -0
    outer loop
      vertex 10.4506 11.9167 0
      vertex 9.64887 12.5746 2.5
      vertex 10.4506 11.9167 2.5
    endloop
  endfacet
  facet normal 0.634357 0.77304 0
    outer loop
      vertex 9.64887 12.5746 2.5
      vertex 10.4506 11.9167 0
      vertex 9.64887 12.5746 0
    endloop
  endfacet
  facet normal -0.849207 0.528061 0
    outer loop
      vertex -13.7265 7.925 0
      vertex -13.1788 8.80579 2.5
      vertex -13.1788 8.80579 0
    endloop
  endfacet
  facet normal -0.849207 0.528061 0
    outer loop
      vertex -13.1788 8.80579 2.5
      vertex -13.7265 7.925 0
      vertex -13.7265 7.925 2.5
    endloop
  endfacet
  facet normal 0.290299 0.956936 -0
    outer loop
      vertex 5.09482 15.0088 0
      vertex 4.10228 15.3099 2.5
      vertex 5.09482 15.0088 2.5
    endloop
  endfacet
  facet normal 0.290299 0.956936 0
    outer loop
      vertex 4.10228 15.3099 2.5
      vertex 5.09482 15.0088 0
      vertex 4.10228 15.3099 0
    endloop
  endfacet
  facet normal 0.471372 -0.881935 0
    outer loop
      vertex 7.01027 -14.2154 0
      vertex 7.925 -13.7265 2.5
      vertex 7.01027 -14.2154 2.5
    endloop
  endfacet
  facet normal 0.471372 -0.881935 0
    outer loop
      vertex 7.925 -13.7265 2.5
      vertex 7.01027 -14.2154 0
      vertex 7.925 -13.7265 0
    endloop
  endfacet
  facet normal 0.973882 -0.227056 0
    outer loop
      vertex 15.3099 -4.10228 2.5
      vertex 15.5454 -3.09218 0
      vertex 15.5454 -3.09218 2.5
    endloop
  endfacet
  facet normal 0.973882 -0.227056 0
    outer loop
      vertex 15.5454 -3.09218 0
      vertex 15.3099 -4.10228 2.5
      vertex 15.3099 -4.10228 0
    endloop
  endfacet
  facet normal 0.910848 0.412742 0
    outer loop
      vertex 14.6435 6.06553 2.5
      vertex 14.2154 7.01027 0
      vertex 14.2154 7.01027 2.5
    endloop
  endfacet
  facet normal 0.910848 0.412742 0
    outer loop
      vertex 14.2154 7.01027 0
      vertex 14.6435 6.06553 2.5
      vertex 14.6435 6.06553 0
    endloop
  endfacet
  facet normal -0.582514 -0.81282 0
    outer loop
      vertex -9.64887 -12.5746 0
      vertex -8.80579 -13.1788 2.5
      vertex -9.64887 -12.5746 2.5
    endloop
  endfacet
  facet normal -0.582514 -0.81282 -0
    outer loop
      vertex -8.80579 -13.1788 2.5
      vertex -9.64887 -12.5746 0
      vertex -8.80579 -13.1788 0
    endloop
  endfacet
  facet normal 0.956936 -0.290299 0
    outer loop
      vertex 15.0088 -5.09482 2.5
      vertex 15.3099 -4.10228 0
      vertex 15.3099 -4.10228 2.5
    endloop
  endfacet
  facet normal 0.956936 -0.290299 0
    outer loop
      vertex 15.3099 -4.10228 0
      vertex 15.0088 -5.09482 2.5
      vertex 15.0088 -5.09482 0
    endloop
  endfacet
  facet normal -0.471372 -0.881935 0
    outer loop
      vertex -7.925 -13.7265 0
      vertex -7.01027 -14.2154 2.5
      vertex -7.925 -13.7265 2.5
    endloop
  endfacet
  facet normal -0.471372 -0.881935 -0
    outer loop
      vertex -7.01027 -14.2154 2.5
      vertex -7.925 -13.7265 0
      vertex -7.01027 -14.2154 0
    endloop
  endfacet
  facet normal -0.973882 0.227056 0
    outer loop
      vertex -15.5454 3.09218 0
      vertex -15.3099 4.10228 2.5
      vertex -15.3099 4.10228 0
    endloop
  endfacet
  facet normal -0.973882 0.227056 0
    outer loop
      vertex -15.3099 4.10228 2.5
      vertex -15.5454 3.09218 0
      vertex -15.5454 3.09218 2.5
    endloop
  endfacet
  facet normal -0.68364 0.72982 0
    outer loop
      vertex -10.4506 11.9167 0
      vertex -11.2076 11.2076 2.5
      vertex -10.4506 11.9167 2.5
    endloop
  endfacet
  facet normal -0.68364 0.72982 0
    outer loop
      vertex -11.2076 11.2076 2.5
      vertex -10.4506 11.9167 0
      vertex -11.2076 11.2076 0
    endloop
  endfacet
  facet normal -0.881935 -0.471372 0
    outer loop
      vertex -13.7265 -7.925 0
      vertex -14.2154 -7.01027 2.5
      vertex -14.2154 -7.01027 0
    endloop
  endfacet
  facet normal -0.881935 -0.471372 0
    outer loop
      vertex -14.2154 -7.01027 2.5
      vertex -13.7265 -7.925 0
      vertex -13.7265 -7.925 2.5
    endloop
  endfacet
  facet normal -0.910848 -0.412742 0
    outer loop
      vertex -14.2154 -7.01027 0
      vertex -14.6435 -6.06553 2.5
      vertex -14.6435 -6.06553 0
    endloop
  endfacet
  facet normal -0.910848 -0.412742 0
    outer loop
      vertex -14.6435 -6.06553 2.5
      vertex -14.2154 -7.01027 0
      vertex -14.2154 -7.01027 2.5
    endloop
  endfacet
  facet normal -0.634357 -0.77304 0
    outer loop
      vertex -10.4506 -11.9167 0
      vertex -9.64887 -12.5746 2.5
      vertex -10.4506 -11.9167 2.5
    endloop
  endfacet
  facet normal -0.634357 -0.77304 -0
    outer loop
      vertex -9.64887 -12.5746 2.5
      vertex -10.4506 -11.9167 0
      vertex -9.64887 -12.5746 0
    endloop
  endfacet
  facet normal 0.910848 -0.412742 0
    outer loop
      vertex 14.2154 -7.01027 2.5
      vertex 14.6435 -6.06553 0
      vertex 14.6435 -6.06553 2.5
    endloop
  endfacet
  facet normal 0.910848 -0.412742 0
    outer loop
      vertex 14.6435 -6.06553 0
      vertex 14.2154 -7.01027 2.5
      vertex 14.2154 -7.01027 0
    endloop
  endfacet
  facet normal 0.68364 -0.72982 0
    outer loop
      vertex 10.4506 -11.9167 0
      vertex 11.2076 -11.2076 2.5
      vertex 10.4506 -11.9167 2.5
    endloop
  endfacet
  facet normal 0.68364 -0.72982 0
    outer loop
      vertex 11.2076 -11.2076 2.5
      vertex 10.4506 -11.9167 0
      vertex 11.2076 -11.2076 0
    endloop
  endfacet
  facet normal -0.973882 -0.227056 0
    outer loop
      vertex -15.3099 -4.10228 0
      vertex -15.5454 -3.09218 2.5
      vertex -15.5454 -3.09218 0
    endloop
  endfacet
  facet normal -0.973882 -0.227056 0
    outer loop
      vertex -15.5454 -3.09218 2.5
      vertex -15.3099 -4.10228 0
      vertex -15.3099 -4.10228 2.5
    endloop
  endfacet
  facet normal -0.81282 -0.582514 0
    outer loop
      vertex -12.5746 -9.64887 0
      vertex -13.1788 -8.80579 2.5
      vertex -13.1788 -8.80579 0
    endloop
  endfacet
  facet normal -0.81282 -0.582514 0
    outer loop
      vertex -13.1788 -8.80579 2.5
      vertex -12.5746 -9.64887 0
      vertex -12.5746 -9.64887 2.5
    endloop
  endfacet
  facet normal -0.77304 -0.634357 0
    outer loop
      vertex -11.9167 -10.4506 0
      vertex -12.5746 -9.64887 2.5
      vertex -12.5746 -9.64887 0
    endloop
  endfacet
  facet normal -0.77304 -0.634357 0
    outer loop
      vertex -12.5746 -9.64887 2.5
      vertex -11.9167 -10.4506 0
      vertex -11.9167 -10.4506 2.5
    endloop
  endfacet
  facet normal 0.68364 0.72982 -0
    outer loop
      vertex 11.2076 11.2076 0
      vertex 10.4506 11.9167 2.5
      vertex 11.2076 11.2076 2.5
    endloop
  endfacet
  facet normal 0.68364 0.72982 0
    outer loop
      vertex 10.4506 11.9167 2.5
      vertex 11.2076 11.2076 0
      vertex 10.4506 11.9167 0
    endloop
  endfacet
  facet normal -0.881935 0.471372 0
    outer loop
      vertex -14.2154 7.01027 0
      vertex -13.7265 7.925 2.5
      vertex -13.7265 7.925 0
    endloop
  endfacet
  facet normal -0.881935 0.471372 0
    outer loop
      vertex -13.7265 7.925 2.5
      vertex -14.2154 7.01027 0
      vertex -14.2154 7.01027 2.5
    endloop
  endfacet
  facet normal -0.0980526 -0.995181 0
    outer loop
      vertex -2.06884 -15.7144 0
      vertex -1.03664 -15.8161 2.5
      vertex -2.06884 -15.7144 2.5
    endloop
  endfacet
  facet normal -0.0980526 -0.995181 -0
    outer loop
      vertex -1.03664 -15.8161 2.5
      vertex -2.06884 -15.7144 0
      vertex -1.03664 -15.8161 0
    endloop
  endfacet
  facet normal -0.352208 -0.935922 0
    outer loop
      vertex -6.06553 -14.6435 0
      vertex -5.09482 -15.0088 2.5
      vertex -6.06553 -14.6435 2.5
    endloop
  endfacet
  facet normal -0.352208 -0.935922 -0
    outer loop
      vertex -5.09482 -15.0088 2.5
      vertex -6.06553 -14.6435 0
      vertex -5.09482 -15.0088 0
    endloop
  endfacet
  facet normal -0.849207 -0.528061 0
    outer loop
      vertex -13.1788 -8.80579 0
      vertex -13.7265 -7.925 2.5
      vertex -13.7265 -7.925 0
    endloop
  endfacet
  facet normal -0.849207 -0.528061 0
    outer loop
      vertex -13.7265 -7.925 2.5
      vertex -13.1788 -8.80579 0
      vertex -13.1788 -8.80579 2.5
    endloop
  endfacet
  facet normal -0.81282 0.582514 0
    outer loop
      vertex -13.1788 8.80579 0
      vertex -12.5746 9.64887 2.5
      vertex -12.5746 9.64887 0
    endloop
  endfacet
  facet normal -0.81282 0.582514 0
    outer loop
      vertex -12.5746 9.64887 2.5
      vertex -13.1788 8.80579 0
      vertex -13.1788 8.80579 2.5
    endloop
  endfacet
  facet normal -0.956936 -0.290299 0
    outer loop
      vertex -15.0088 -5.09482 0
      vertex -15.3099 -4.10228 2.5
      vertex -15.3099 -4.10228 0
    endloop
  endfacet
  facet normal -0.956936 -0.290299 0
    outer loop
      vertex -15.3099 -4.10228 2.5
      vertex -15.0088 -5.09482 0
      vertex -15.0088 -5.09482 2.5
    endloop
  endfacet
  facet normal -0.227056 -0.973882 0
    outer loop
      vertex -4.10228 -15.3099 0
      vertex -3.09218 -15.5454 2.5
      vertex -4.10228 -15.3099 2.5
    endloop
  endfacet
  facet normal -0.227056 -0.973882 -0
    outer loop
      vertex -3.09218 -15.5454 2.5
      vertex -4.10228 -15.3099 0
      vertex -3.09218 -15.5454 0
    endloop
  endfacet
  facet normal -0.995192 -0.0979453 0
    outer loop
      vertex -5.25214 -2.1846 0
      vertex -5.25855 -2.11947 2.5
      vertex -5.25855 -2.11947 0
    endloop
  endfacet
  facet normal -0.995192 -0.0979453 0
    outer loop
      vertex -5.25855 -2.11947 2.5
      vertex -5.25214 -2.1846 0
      vertex -5.25214 -2.1846 2.5
    endloop
  endfacet
  facet normal -0.999465 -0.0327042 0
    outer loop
      vertex -5.25 -2.25 0
      vertex -5.25214 -2.1846 2.5
      vertex -5.25214 -2.1846 0
    endloop
  endfacet
  facet normal -0.999465 -0.0327042 0
    outer loop
      vertex -5.25214 -2.1846 2.5
      vertex -5.25 -2.25 0
      vertex -5.25 -2.25 2.5
    endloop
  endfacet
  facet normal -0.0327042 0.999465 0
    outer loop
      vertex -6.1846 -3.24786 0
      vertex -6.25 -3.25 2.5
      vertex -6.1846 -3.24786 2.5
    endloop
  endfacet
  facet normal -0.0327042 0.999465 0
    outer loop
      vertex -6.25 -3.25 2.5
      vertex -6.1846 -3.24786 0
      vertex -6.25 -3.25 0
    endloop
  endfacet
  facet normal -0.582524 0.812814 0
    outer loop
      vertex -5.64124 -3.04335 0
      vertex -5.69443 -3.08147 2.5
      vertex -5.64124 -3.04335 2.5
    endloop
  endfacet
  facet normal -0.582524 0.812814 0
    outer loop
      vertex -5.69443 -3.08147 2.5
      vertex -5.64124 -3.04335 0
      vertex -5.69443 -3.08147 0
    endloop
  endfacet
  facet normal -0.935901 0.352262 0
    outer loop
      vertex -5.32612 -2.63268 0
      vertex -5.30307 -2.57144 2.5
      vertex -5.30307 -2.57144 0
    endloop
  endfacet
  facet normal -0.935901 0.352262 0
    outer loop
      vertex -5.30307 -2.57144 2.5
      vertex -5.32612 -2.63268 0
      vertex -5.32612 -2.63268 2.5
    endloop
  endfacet
  facet normal -0.471437 0.8819 0
    outer loop
      vertex -5.75 -3.11602 0
      vertex -5.80771 -3.14687 2.5
      vertex -5.75 -3.11602 2.5
    endloop
  endfacet
  facet normal -0.471437 0.8819 0
    outer loop
      vertex -5.80771 -3.14687 2.5
      vertex -5.75 -3.11602 0
      vertex -5.80771 -3.14687 0
    endloop
  endfacet
  facet normal 0.0980967 0.995177 -0
    outer loop
      vertex -6.3154 -3.24786 0
      vertex -6.38053 -3.24144 2.5
      vertex -6.3154 -3.24786 2.5
    endloop
  endfacet
  facet normal 0.0980967 0.995177 0
    outer loop
      vertex -6.38053 -3.24144 2.5
      vertex -6.3154 -3.24786 0
      vertex -6.38053 -3.24144 0
    endloop
  endfacet
  facet normal -0.634319 -0.773071 0
    outer loop
      vertex -5.64124 -1.45665 0
      vertex -5.59065 -1.49816 2.5
      vertex -5.64124 -1.45665 2.5
    endloop
  endfacet
  facet normal -0.634319 -0.773071 -0
    outer loop
      vertex -5.59065 -1.49816 2.5
      vertex -5.64124 -1.45665 0
      vertex -5.59065 -1.49816 0
    endloop
  endfacet
  facet normal 0.0979453 -0.995192 0
    outer loop
      vertex -6.38053 -1.25855 0
      vertex -6.3154 -1.25214 2.5
      vertex -6.38053 -1.25855 2.5
    endloop
  endfacet
  facet normal 0.0979453 -0.995192 0
    outer loop
      vertex -6.3154 -1.25214 2.5
      vertex -6.38053 -1.25855 0
      vertex -6.3154 -1.25214 0
    endloop
  endfacet
  facet normal -0.999465 0.0327042 0
    outer loop
      vertex -5.25214 -2.3154 0
      vertex -5.25 -2.25 2.5
      vertex -5.25 -2.25 0
    endloop
  endfacet
  facet normal -0.999465 0.0327042 0
    outer loop
      vertex -5.25 -2.25 2.5
      vertex -5.25214 -2.3154 0
      vertex -5.25214 -2.3154 2.5
    endloop
  endfacet
  facet normal -0.973876 -0.22708 0
    outer loop
      vertex -5.26921 -2.05491 0
      vertex -5.28407 -1.99118 2.5
      vertex -5.28407 -1.99118 0
    endloop
  endfacet
  facet normal -0.973876 -0.22708 0
    outer loop
      vertex -5.28407 -1.99118 2.5
      vertex -5.26921 -2.05491 0
      vertex -5.26921 -2.05491 2.5
    endloop
  endfacet
  facet normal 0.41272 0.910858 -0
    outer loop
      vertex -6.63268 -3.17388 0
      vertex -6.69229 -3.14687 2.5
      vertex -6.63268 -3.17388 2.5
    endloop
  endfacet
  facet normal 0.41272 0.910858 0
    outer loop
      vertex -6.69229 -3.14687 2.5
      vertex -6.63268 -3.17388 0
      vertex -6.69229 -3.14687 0
    endloop
  endfacet
  facet normal -0.683575 -0.72988 0
    outer loop
      vertex -5.59065 -1.49816 0
      vertex -5.54289 -1.54289 2.5
      vertex -5.59065 -1.49816 2.5
    endloop
  endfacet
  facet normal -0.683575 -0.72988 -0
    outer loop
      vertex -5.54289 -1.54289 2.5
      vertex -5.59065 -1.49816 0
      vertex -5.54289 -1.54289 0
    endloop
  endfacet
  facet normal -0.528116 -0.849172 0
    outer loop
      vertex -5.75 -1.38397 0
      vertex -5.69443 -1.41853 2.5
      vertex -5.75 -1.38397 2.5
    endloop
  endfacet
  facet normal -0.528116 -0.849172 -0
    outer loop
      vertex -5.69443 -1.41853 2.5
      vertex -5.75 -1.38397 0
      vertex -5.69443 -1.41853 0
    endloop
  endfacet
  facet normal 0.935901 0.352262 0
    outer loop
      vertex -7.17388 -2.63268 2.5
      vertex -7.19693 -2.57144 0
      vertex -7.19693 -2.57144 2.5
    endloop
  endfacet
  facet normal 0.935901 0.352262 0
    outer loop
      vertex -7.19693 -2.57144 0
      vertex -7.17388 -2.63268 2.5
      vertex -7.17388 -2.63268 0
    endloop
  endfacet
  facet normal 0.72988 0.683575 0
    outer loop
      vertex -6.95711 -2.95711 2.5
      vertex -7.00184 -2.90935 0
      vertex -7.00184 -2.90935 2.5
    endloop
  endfacet
  facet normal 0.72988 0.683575 0
    outer loop
      vertex -7.00184 -2.90935 0
      vertex -6.95711 -2.95711 2.5
      vertex -6.95711 -2.95711 0
    endloop
  endfacet
  facet normal 0.72988 -0.683575 0
    outer loop
      vertex -7.00184 -1.59065 3.5
      vertex -6.95711 -1.54289 0
      vertex -6.95711 -1.54289 3.5
    endloop
  endfacet
  facet normal 0.72988 -0.683575 0
    outer loop
      vertex -6.95711 -1.54289 0
      vertex -7.00184 -1.59065 3.5
      vertex -7.00184 -1.59065 0
    endloop
  endfacet
  facet normal 0.0327042 -0.999465 0
    outer loop
      vertex -6.3154 -1.25214 0
      vertex -6.25 -1.25 2.5
      vertex -6.3154 -1.25214 2.5
    endloop
  endfacet
  facet normal 0.0327042 -0.999465 0
    outer loop
      vertex -6.25 -1.25 2.5
      vertex -6.3154 -1.25214 0
      vertex -6.25 -1.25 0
    endloop
  endfacet
  facet normal 0.97391 -0.226935 0
    outer loop
      vertex -7.23078 -2.05491 2.5
      vertex -7.21593 -1.99118 0
      vertex -7.21593 -1.99118 2.5
    endloop
  endfacet
  facet normal 0.97391 -0.226935 0
    outer loop
      vertex -7.21593 -1.99118 0
      vertex -7.23078 -2.05491 2.5
      vertex -7.23078 -2.05491 0
    endloop
  endfacet
  facet normal -0.812814 0.582524 0
    outer loop
      vertex -5.45665 -2.85876 0
      vertex -5.41853 -2.80557 2.5
      vertex -5.41853 -2.80557 0
    endloop
  endfacet
  facet normal -0.812814 0.582524 0
    outer loop
      vertex -5.41853 -2.80557 2.5
      vertex -5.45665 -2.85876 0
      vertex -5.45665 -2.85876 2.5
    endloop
  endfacet
  facet normal 0.352262 0.935901 -0
    outer loop
      vertex -6.57144 -3.19693 0
      vertex -6.63268 -3.17388 2.5
      vertex -6.57144 -3.19693 2.5
    endloop
  endfacet
  facet normal 0.352262 0.935901 0
    outer loop
      vertex -6.63268 -3.17388 2.5
      vertex -6.57144 -3.19693 0
      vertex -6.63268 -3.17388 0
    endloop
  endfacet
  facet normal -0.935901 -0.352262 0
    outer loop
      vertex -5.30307 -1.92856 0
      vertex -5.32612 -1.86732 2.5
      vertex -5.32612 -1.86732 0
    endloop
  endfacet
  facet normal -0.935901 -0.352262 0
    outer loop
      vertex -5.32612 -1.86732 2.5
      vertex -5.30307 -1.92856 0
      vertex -5.30307 -1.92856 2.5
    endloop
  endfacet
  facet normal 0.8819 0.471437 0
    outer loop
      vertex -7.11602 -2.75 2.5
      vertex -7.14687 -2.69229 0
      vertex -7.14687 -2.69229 2.5
    endloop
  endfacet
  facet normal 0.8819 0.471437 0
    outer loop
      vertex -7.14687 -2.69229 0
      vertex -7.11602 -2.75 2.5
      vertex -7.11602 -2.75 0
    endloop
  endfacet
  facet normal -0.471318 -0.881963 0
    outer loop
      vertex -5.80771 -1.35313 0
      vertex -5.75 -1.38397 2.5
      vertex -5.80771 -1.35313 2.5
    endloop
  endfacet
  facet normal -0.471318 -0.881963 -0
    outer loop
      vertex -5.75 -1.38397 2.5
      vertex -5.80771 -1.35313 0
      vertex -5.75 -1.38397 0
    endloop
  endfacet
  facet normal -0.956922 0.290347 0
    outer loop
      vertex -5.30307 -2.57144 0
      vertex -5.28407 -2.50882 2.5
      vertex -5.28407 -2.50882 0
    endloop
  endfacet
  facet normal -0.956922 0.290347 0
    outer loop
      vertex -5.28407 -2.50882 2.5
      vertex -5.30307 -2.57144 0
      vertex -5.30307 -2.57144 2.5
    endloop
  endfacet
  facet normal -0.290347 -0.956922 0
    outer loop
      vertex -5.99118 -1.28407 0
      vertex -5.92856 -1.30307 2.5
      vertex -5.99118 -1.28407 2.5
    endloop
  endfacet
  facet normal -0.290347 -0.956922 -0
    outer loop
      vertex -5.92856 -1.30307 2.5
      vertex -5.99118 -1.28407 0
      vertex -5.92856 -1.30307 0
    endloop
  endfacet
  facet normal -0.290347 0.956922 0
    outer loop
      vertex -5.92856 -3.19693 0
      vertex -5.99118 -3.21593 2.5
      vertex -5.92856 -3.19693 2.5
    endloop
  endfacet
  facet normal -0.290347 0.956922 0
    outer loop
      vertex -5.99118 -3.21593 2.5
      vertex -5.92856 -3.19693 0
      vertex -5.99118 -3.21593 0
    endloop
  endfacet
  facet normal -0.72988 0.683575 0
    outer loop
      vertex -5.54289 -2.95711 0
      vertex -5.49816 -2.90935 2.5
      vertex -5.49816 -2.90935 0
    endloop
  endfacet
  facet normal -0.72988 0.683575 0
    outer loop
      vertex -5.49816 -2.90935 2.5
      vertex -5.54289 -2.95711 0
      vertex -5.54289 -2.95711 2.5
    endloop
  endfacet
  facet normal 0.226999 -0.973895 0
    outer loop
      vertex -6.50882 -1.28407 3.5
      vertex -6.45 -1.27036 2.5
      vertex -6.45 -1.27036 3.5
    endloop
  endfacet
  facet normal 0.226999 -0.973895 0
    outer loop
      vertex -6.50882 -1.28407 0
      vertex -6.45 -1.27036 2.5
      vertex -6.50882 -1.28407 3.5
    endloop
  endfacet
  facet normal 0.22708 -0.973876 -1.99818e-06
    outer loop
      vertex -6.44509 -1.26921 0
      vertex -6.45 -1.27036 2.5
      vertex -6.50882 -1.28407 0
    endloop
  endfacet
  facet normal 0.228044 -0.973651 0
    outer loop
      vertex -6.45 -1.27036 2.5
      vertex -6.44509 -1.26921 0
      vertex -6.44509 -1.26921 2.5
    endloop
  endfacet
  facet normal -0.41272 -0.910858 0
    outer loop
      vertex -5.86732 -1.32612 0
      vertex -5.80771 -1.35313 2.5
      vertex -5.86732 -1.32612 2.5
    endloop
  endfacet
  facet normal -0.41272 -0.910858 -0
    outer loop
      vertex -5.80771 -1.35313 2.5
      vertex -5.86732 -1.32612 0
      vertex -5.80771 -1.35313 0
    endloop
  endfacet
  facet normal -0.812814 -0.582524 0
    outer loop
      vertex -5.41853 -1.69443 0
      vertex -5.45665 -1.64124 2.5
      vertex -5.45665 -1.64124 0
    endloop
  endfacet
  facet normal -0.812814 -0.582524 0
    outer loop
      vertex -5.45665 -1.64124 2.5
      vertex -5.41853 -1.69443 0
      vertex -5.41853 -1.69443 2.5
    endloop
  endfacet
  facet normal -0.849172 -0.528116 0
    outer loop
      vertex -5.38397 -1.75 0
      vertex -5.41853 -1.69443 2.5
      vertex -5.41853 -1.69443 0
    endloop
  endfacet
  facet normal -0.849172 -0.528116 0
    outer loop
      vertex -5.41853 -1.69443 2.5
      vertex -5.38397 -1.75 0
      vertex -5.38397 -1.75 2.5
    endloop
  endfacet
  facet normal -0.528006 0.849241 0
    outer loop
      vertex -5.69443 -3.08147 0
      vertex -5.75 -3.11602 2.5
      vertex -5.69443 -3.08147 2.5
    endloop
  endfacet
  facet normal -0.528006 0.849241 0
    outer loop
      vertex -5.75 -3.11602 2.5
      vertex -5.69443 -3.08147 0
      vertex -5.75 -3.11602 0
    endloop
  endfacet
  facet normal -0.0980967 0.995177 0
    outer loop
      vertex -6.11947 -3.24144 0
      vertex -6.1846 -3.24786 2.5
      vertex -6.11947 -3.24144 2.5
    endloop
  endfacet
  facet normal -0.0980967 0.995177 0
    outer loop
      vertex -6.1846 -3.24786 2.5
      vertex -6.11947 -3.24144 0
      vertex -6.1846 -3.24786 0
    endloop
  endfacet
  facet normal -0.773071 -0.634319 0
    outer loop
      vertex -5.45665 -1.64124 0
      vertex -5.49816 -1.59065 2.5
      vertex -5.49816 -1.59065 0
    endloop
  endfacet
  facet normal -0.773071 -0.634319 0
    outer loop
      vertex -5.49816 -1.59065 2.5
      vertex -5.45665 -1.64124 0
      vertex -5.45665 -1.64124 2.5
    endloop
  endfacet
  facet normal -0.881963 0.471318 0
    outer loop
      vertex -5.38397 -2.75 0
      vertex -5.35313 -2.69229 2.5
      vertex -5.35313 -2.69229 0
    endloop
  endfacet
  facet normal -0.881963 0.471318 0
    outer loop
      vertex -5.35313 -2.69229 2.5
      vertex -5.38397 -2.75 0
      vertex -5.38397 -2.75 2.5
    endloop
  endfacet
  facet normal -0.352262 -0.935901 0
    outer loop
      vertex -5.92856 -1.30307 0
      vertex -5.86732 -1.32612 2.5
      vertex -5.92856 -1.30307 2.5
    endloop
  endfacet
  facet normal -0.352262 -0.935901 -0
    outer loop
      vertex -5.86732 -1.32612 2.5
      vertex -5.92856 -1.30307 0
      vertex -5.86732 -1.32612 0
    endloop
  endfacet
  facet normal -0.881963 -0.471318 0
    outer loop
      vertex -5.35313 -1.80771 0
      vertex -5.38397 -1.75 2.5
      vertex -5.38397 -1.75 0
    endloop
  endfacet
  facet normal -0.881963 -0.471318 0
    outer loop
      vertex -5.38397 -1.75 2.5
      vertex -5.35313 -1.80771 0
      vertex -5.35313 -1.80771 2.5
    endloop
  endfacet
  facet normal -0.22708 -0.973876 0
    outer loop
      vertex -6.05491 -1.26921 0
      vertex -5.99118 -1.28407 2.5
      vertex -6.05491 -1.26921 2.5
    endloop
  endfacet
  facet normal -0.22708 -0.973876 -0
    outer loop
      vertex -5.99118 -1.28407 2.5
      vertex -6.05491 -1.26921 0
      vertex -5.99118 -1.28407 0
    endloop
  endfacet
  facet normal -0.956922 -0.290347 0
    outer loop
      vertex -5.28407 -1.99118 0
      vertex -5.30307 -1.92856 2.5
      vertex -5.30307 -1.92856 0
    endloop
  endfacet
  facet normal -0.956922 -0.290347 0
    outer loop
      vertex -5.30307 -1.92856 2.5
      vertex -5.28407 -1.99118 0
      vertex -5.28407 -1.99118 2.5
    endloop
  endfacet
  facet normal -0.849172 0.528116 0
    outer loop
      vertex -5.41853 -2.80557 0
      vertex -5.38397 -2.75 2.5
      vertex -5.38397 -2.75 0
    endloop
  endfacet
  facet normal -0.849172 0.528116 0
    outer loop
      vertex -5.38397 -2.75 2.5
      vertex -5.41853 -2.80557 0
      vertex -5.41853 -2.80557 2.5
    endloop
  endfacet
  facet normal 0.471318 -0.881963 0
    outer loop
      vertex -6.75 -1.38397 0
      vertex -6.69229 -1.35313 3.5
      vertex -6.75 -1.38397 3.5
    endloop
  endfacet
  facet normal 0.471318 -0.881963 0
    outer loop
      vertex -6.69229 -1.35313 3.5
      vertex -6.75 -1.38397 0
      vertex -6.69229 -1.35313 0
    endloop
  endfacet
  facet normal -0.986641 0.162912 0
    outer loop
      vertex -5.26921 -2.44509 0
      vertex -5.25855 -2.38053 2.5
      vertex -5.25855 -2.38053 0
    endloop
  endfacet
  facet normal -0.986641 0.162912 0
    outer loop
      vertex -5.25855 -2.38053 2.5
      vertex -5.26921 -2.44509 0
      vertex -5.26921 -2.44509 2.5
    endloop
  endfacet
  facet normal -0.226935 0.97391 0
    outer loop
      vertex -5.99118 -3.21593 0
      vertex -6.05491 -3.23078 2.5
      vertex -5.99118 -3.21593 2.5
    endloop
  endfacet
  facet normal -0.226935 0.97391 0
    outer loop
      vertex -6.05491 -3.23078 2.5
      vertex -5.99118 -3.21593 0
      vertex -6.05491 -3.23078 0
    endloop
  endfacet
  facet normal -0.910858 0.41272 0
    outer loop
      vertex -5.35313 -2.69229 0
      vertex -5.32612 -2.63268 2.5
      vertex -5.32612 -2.63268 0
    endloop
  endfacet
  facet normal -0.910858 0.41272 0
    outer loop
      vertex -5.32612 -2.63268 2.5
      vertex -5.35313 -2.69229 0
      vertex -5.35313 -2.69229 2.5
    endloop
  endfacet
  facet normal 0.8819 -0.471437 0
    outer loop
      vertex -7.14687 -1.80771 2.5
      vertex -7.11602 -1.75 0
      vertex -7.11602 -1.75 2.5
    endloop
  endfacet
  facet normal 0.8819 -0.471437 0
    outer loop
      vertex -7.11602 -1.75 0
      vertex -7.14687 -1.80771 2.5
      vertex -7.14687 -1.80771 0
    endloop
  endfacet
  facet normal 0.634319 -0.773071 0
    outer loop
      vertex -6.90935 -1.49816 0
      vertex -6.85876 -1.45665 3.5
      vertex -6.90935 -1.49816 3.5
    endloop
  endfacet
  facet normal 0.634319 -0.773071 0
    outer loop
      vertex -6.85876 -1.45665 3.5
      vertex -6.90935 -1.49816 0
      vertex -6.85876 -1.45665 0
    endloop
  endfacet
  facet normal 0.910858 -0.41272 0
    outer loop
      vertex -7.17388 -1.86732 2.5
      vertex -7.14687 -1.80771 0
      vertex -7.14687 -1.80771 2.5
    endloop
  endfacet
  facet normal 0.910858 -0.41272 0
    outer loop
      vertex -7.14687 -1.80771 0
      vertex -7.17388 -1.86732 2.5
      vertex -7.17388 -1.86732 0
    endloop
  endfacet
  facet normal 0.995177 0.0980967 0
    outer loop
      vertex -7.24144 -2.38053 2.5
      vertex -7.24786 -2.3154 0
      vertex -7.24786 -2.3154 2.5
    endloop
  endfacet
  facet normal 0.995177 0.0980967 0
    outer loop
      vertex -7.24786 -2.3154 0
      vertex -7.24144 -2.38053 2.5
      vertex -7.24144 -2.38053 0
    endloop
  endfacet
  facet normal 0.162912 -0.986641 0
    outer loop
      vertex -6.44509 -1.26921 0
      vertex -6.38053 -1.25855 2.5
      vertex -6.44509 -1.26921 2.5
    endloop
  endfacet
  facet normal 0.162912 -0.986641 0
    outer loop
      vertex -6.38053 -1.25855 2.5
      vertex -6.44509 -1.26921 0
      vertex -6.38053 -1.25855 0
    endloop
  endfacet
  facet normal 0.0327042 0.999465 -0
    outer loop
      vertex -6.25 -3.25 0
      vertex -6.3154 -3.24786 2.5
      vertex -6.25 -3.25 2.5
    endloop
  endfacet
  facet normal 0.0327042 0.999465 0
    outer loop
      vertex -6.3154 -3.24786 2.5
      vertex -6.25 -3.25 0
      vertex -6.3154 -3.24786 0
    endloop
  endfacet
  facet normal -0.634319 0.773071 0
    outer loop
      vertex -5.59065 -3.00184 0
      vertex -5.64124 -3.04335 2.5
      vertex -5.59065 -3.00184 2.5
    endloop
  endfacet
  facet normal -0.634319 0.773071 0
    outer loop
      vertex -5.64124 -3.04335 2.5
      vertex -5.59065 -3.00184 0
      vertex -5.64124 -3.04335 0
    endloop
  endfacet
  facet normal 0.986641 0.162912 0
    outer loop
      vertex -7.23078 -2.44509 2.5
      vertex -7.24144 -2.38053 0
      vertex -7.24144 -2.38053 2.5
    endloop
  endfacet
  facet normal 0.986641 0.162912 0
    outer loop
      vertex -7.24144 -2.38053 0
      vertex -7.23078 -2.44509 2.5
      vertex -7.23078 -2.44509 0
    endloop
  endfacet
  facet normal -0.773071 0.634319 0
    outer loop
      vertex -5.49816 -2.90935 0
      vertex -5.45665 -2.85876 2.5
      vertex -5.45665 -2.85876 0
    endloop
  endfacet
  facet normal -0.773071 0.634319 0
    outer loop
      vertex -5.45665 -2.85876 2.5
      vertex -5.49816 -2.90935 0
      vertex -5.49816 -2.90935 2.5
    endloop
  endfacet
  facet normal 0.910858 0.41272 0
    outer loop
      vertex -7.14687 -2.69229 2.5
      vertex -7.17388 -2.63268 0
      vertex -7.17388 -2.63268 2.5
    endloop
  endfacet
  facet normal 0.910858 0.41272 0
    outer loop
      vertex -7.17388 -2.63268 0
      vertex -7.14687 -2.69229 2.5
      vertex -7.14687 -2.69229 0
    endloop
  endfacet
  facet normal 0.956922 -0.290347 0
    outer loop
      vertex -7.21593 -1.99118 2.5
      vertex -7.19693 -1.92856 0
      vertex -7.19693 -1.92856 2.5
    endloop
  endfacet
  facet normal 0.956922 -0.290347 0
    outer loop
      vertex -7.19693 -1.92856 0
      vertex -7.21593 -1.99118 2.5
      vertex -7.21593 -1.99118 0
    endloop
  endfacet
  facet normal 0.812814 0.582524 0
    outer loop
      vertex -7.04335 -2.85876 2.5
      vertex -7.08147 -2.80557 0
      vertex -7.08147 -2.80557 2.5
    endloop
  endfacet
  facet normal 0.812814 0.582524 0
    outer loop
      vertex -7.08147 -2.80557 0
      vertex -7.04335 -2.85876 2.5
      vertex -7.04335 -2.85876 0
    endloop
  endfacet
  facet normal 0.935901 -0.352262 0
    outer loop
      vertex -7.19693 -1.92856 2.5
      vertex -7.17388 -1.86732 0
      vertex -7.17388 -1.86732 2.5
    endloop
  endfacet
  facet normal 0.935901 -0.352262 0
    outer loop
      vertex -7.17388 -1.86732 0
      vertex -7.19693 -1.92856 2.5
      vertex -7.19693 -1.92856 0
    endloop
  endfacet
  facet normal -0.995192 0.0979453 0
    outer loop
      vertex -5.25855 -2.38053 0
      vertex -5.25214 -2.3154 2.5
      vertex -5.25214 -2.3154 0
    endloop
  endfacet
  facet normal -0.995192 0.0979453 0
    outer loop
      vertex -5.25214 -2.3154 2.5
      vertex -5.25855 -2.38053 0
      vertex -5.25855 -2.38053 2.5
    endloop
  endfacet
  facet normal -0.72988 -0.683575 0
    outer loop
      vertex -5.49816 -1.59065 0
      vertex -5.54289 -1.54289 2.5
      vertex -5.54289 -1.54289 0
    endloop
  endfacet
  facet normal -0.72988 -0.683575 0
    outer loop
      vertex -5.54289 -1.54289 2.5
      vertex -5.49816 -1.59065 0
      vertex -5.49816 -1.59065 2.5
    endloop
  endfacet
  facet normal 0.290347 -0.956922 0
    outer loop
      vertex -6.57144 -1.30307 0
      vertex -6.50882 -1.28407 3.5
      vertex -6.57144 -1.30307 3.5
    endloop
  endfacet
  facet normal 0.290347 -0.956922 0
    outer loop
      vertex -6.50882 -1.28407 3.5
      vertex -6.57144 -1.30307 0
      vertex -6.50882 -1.28407 0
    endloop
  endfacet
  facet normal 0.999465 -0.0327042 0
    outer loop
      vertex -7.25 -2.25 2.5
      vertex -7.24786 -2.1846 0
      vertex -7.24786 -2.1846 2.5
    endloop
  endfacet
  facet normal 0.999465 -0.0327042 0
    outer loop
      vertex -7.24786 -2.1846 0
      vertex -7.25 -2.25 2.5
      vertex -7.25 -2.25 0
    endloop
  endfacet
  facet normal 0.582524 0.812814 -0
    outer loop
      vertex -6.80557 -3.08147 0
      vertex -6.85876 -3.04335 2.5
      vertex -6.80557 -3.08147 2.5
    endloop
  endfacet
  facet normal 0.582524 0.812814 0
    outer loop
      vertex -6.85876 -3.04335 2.5
      vertex -6.80557 -3.08147 0
      vertex -6.85876 -3.04335 0
    endloop
  endfacet
  facet normal -0.0979453 -0.995192 0
    outer loop
      vertex -6.1846 -1.25214 0
      vertex -6.11947 -1.25855 2.5
      vertex -6.1846 -1.25214 2.5
    endloop
  endfacet
  facet normal -0.0979453 -0.995192 -0
    outer loop
      vertex -6.11947 -1.25855 2.5
      vertex -6.1846 -1.25214 0
      vertex -6.11947 -1.25855 0
    endloop
  endfacet
  facet normal 0.956922 0.290347 0
    outer loop
      vertex -7.19693 -2.57144 2.5
      vertex -7.21593 -2.50882 0
      vertex -7.21593 -2.50882 2.5
    endloop
  endfacet
  facet normal 0.956922 0.290347 0
    outer loop
      vertex -7.21593 -2.50882 0
      vertex -7.19693 -2.57144 2.5
      vertex -7.19693 -2.57144 0
    endloop
  endfacet
  facet normal 0.683575 -0.72988 0
    outer loop
      vertex -6.95711 -1.54289 0
      vertex -6.90935 -1.49816 3.5
      vertex -6.95711 -1.54289 3.5
    endloop
  endfacet
  facet normal 0.683575 -0.72988 0
    outer loop
      vertex -6.90935 -1.49816 3.5
      vertex -6.95711 -1.54289 0
      vertex -6.90935 -1.49816 0
    endloop
  endfacet
  facet normal 0.352262 -0.935901 0
    outer loop
      vertex -6.63268 -1.32612 0
      vertex -6.57144 -1.30307 3.5
      vertex -6.63268 -1.32612 3.5
    endloop
  endfacet
  facet normal 0.352262 -0.935901 0
    outer loop
      vertex -6.57144 -1.30307 3.5
      vertex -6.63268 -1.32612 0
      vertex -6.57144 -1.30307 0
    endloop
  endfacet
  facet normal 0.849241 -0.528006 0
    outer loop
      vertex -7.11602 -1.75 2.5
      vertex -7.08147 -1.69443 0
      vertex -7.08147 -1.69443 2.5
    endloop
  endfacet
  facet normal 0.849241 -0.528006 0
    outer loop
      vertex -7.08147 -1.69443 0
      vertex -7.11602 -1.75 2.5
      vertex -7.11602 -1.75 0
    endloop
  endfacet
  facet normal 0.41272 -0.910858 0
    outer loop
      vertex -6.69229 -1.35313 0
      vertex -6.63268 -1.32612 3.5
      vertex -6.69229 -1.35313 3.5
    endloop
  endfacet
  facet normal 0.41272 -0.910858 0
    outer loop
      vertex -6.63268 -1.32612 3.5
      vertex -6.69229 -1.35313 0
      vertex -6.63268 -1.32612 0
    endloop
  endfacet
  facet normal -0.973876 0.22708 0
    outer loop
      vertex -5.28407 -2.50882 0
      vertex -5.26921 -2.44509 2.5
      vertex -5.26921 -2.44509 0
    endloop
  endfacet
  facet normal -0.973876 0.22708 0
    outer loop
      vertex -5.26921 -2.44509 2.5
      vertex -5.28407 -2.50882 0
      vertex -5.28407 -2.50882 2.5
    endloop
  endfacet
  facet normal -0.582524 -0.812814 0
    outer loop
      vertex -5.69443 -1.41853 0
      vertex -5.64124 -1.45665 2.5
      vertex -5.69443 -1.41853 2.5
    endloop
  endfacet
  facet normal -0.582524 -0.812814 -0
    outer loop
      vertex -5.64124 -1.45665 2.5
      vertex -5.69443 -1.41853 0
      vertex -5.64124 -1.45665 0
    endloop
  endfacet
  facet normal -0.0327042 -0.999465 0
    outer loop
      vertex -6.25 -1.25 0
      vertex -6.1846 -1.25214 2.5
      vertex -6.25 -1.25 2.5
    endloop
  endfacet
  facet normal -0.0327042 -0.999465 -0
    outer loop
      vertex -6.1846 -1.25214 2.5
      vertex -6.25 -1.25 0
      vertex -6.1846 -1.25214 0
    endloop
  endfacet
  facet normal 0.582524 -0.812814 0
    outer loop
      vertex -6.85876 -1.45665 0
      vertex -6.80557 -1.41853 3.5
      vertex -6.85876 -1.45665 3.5
    endloop
  endfacet
  facet normal 0.582524 -0.812814 0
    outer loop
      vertex -6.80557 -1.41853 3.5
      vertex -6.85876 -1.45665 0
      vertex -6.80557 -1.41853 0
    endloop
  endfacet
  facet normal -0.41272 0.910858 0
    outer loop
      vertex -5.80771 -3.14687 0
      vertex -5.86732 -3.17388 2.5
      vertex -5.80771 -3.14687 2.5
    endloop
  endfacet
  facet normal -0.41272 0.910858 0
    outer loop
      vertex -5.86732 -3.17388 2.5
      vertex -5.80771 -3.14687 0
      vertex -5.86732 -3.17388 0
    endloop
  endfacet
  facet normal 0 0 -1
    outer loop
      vertex -6.45 -1.6 3.5
      vertex -6.50882 -1.28407 3.5
      vertex -6.45 -1.27036 3.5
    endloop
  endfacet
  facet normal 0 0 -1
    outer loop
      vertex -6.45 -1.6 3.5
      vertex -6.57144 -1.30307 3.5
      vertex -6.50882 -1.28407 3.5
    endloop
  endfacet
  facet normal 0 0 -1
    outer loop
      vertex -6.45 -1.6 3.5
      vertex -6.63268 -1.32612 3.5
      vertex -6.57144 -1.30307 3.5
    endloop
  endfacet
  facet normal 0 0 -1
    outer loop
      vertex -6.45 -1.6 3.5
      vertex -6.69229 -1.35313 3.5
      vertex -6.63268 -1.32612 3.5
    endloop
  endfacet
  facet normal 0 0 -1
    outer loop
      vertex -6.45 -1.6 3.5
      vertex -6.75 -1.38397 3.5
      vertex -6.69229 -1.35313 3.5
    endloop
  endfacet
  facet normal 0 0 -1
    outer loop
      vertex -6.45 -1.6 3.5
      vertex -6.80557 -1.41853 3.5
      vertex -6.75 -1.38397 3.5
    endloop
  endfacet
  facet normal 0 0 -1
    outer loop
      vertex -6.45 -1.6 3.5
      vertex -6.85876 -1.45665 3.5
      vertex -6.80557 -1.41853 3.5
    endloop
  endfacet
  facet normal 0 0 -1
    outer loop
      vertex -6.45 -1.6 3.5
      vertex -6.90935 -1.49816 3.5
      vertex -6.85876 -1.45665 3.5
    endloop
  endfacet
  facet normal 0 0 -1
    outer loop
      vertex -6.45 -1.6 3.5
      vertex -6.95711 -1.54289 3.5
      vertex -6.90935 -1.49816 3.5
    endloop
  endfacet
  facet normal 0 0 -1
    outer loop
      vertex -6.45 -1.6 3.5
      vertex -7.00184 -1.59065 3.5
      vertex -6.95711 -1.54289 3.5
    endloop
  endfacet
  facet normal 0 -0 -1
    outer loop
      vertex -7.00184 -1.59065 3.5
      vertex -6.45 -1.6 3.5
      vertex -7.00951 -1.6 3.5
    endloop
  endfacet
  facet normal -0.986641 -0.162912 0
    outer loop
      vertex -5.25855 -2.11947 0
      vertex -5.26921 -2.05491 2.5
      vertex -5.26921 -2.05491 0
    endloop
  endfacet
  facet normal -0.986641 -0.162912 0
    outer loop
      vertex -5.26921 -2.05491 2.5
      vertex -5.25855 -2.11947 0
      vertex -5.25855 -2.11947 2.5
    endloop
  endfacet
  facet normal -0.162912 0.986641 0
    outer loop
      vertex -6.05491 -3.23078 0
      vertex -6.11947 -3.24144 2.5
      vertex -6.05491 -3.23078 2.5
    endloop
  endfacet
  facet normal -0.162912 0.986641 0
    outer loop
      vertex -6.11947 -3.24144 2.5
      vertex -6.05491 -3.23078 0
      vertex -6.11947 -3.24144 0
    endloop
  endfacet
  facet normal 0.999465 0.0327042 0
    outer loop
      vertex -7.24786 -2.3154 2.5
      vertex -7.25 -2.25 0
      vertex -7.25 -2.25 2.5
    endloop
  endfacet
  facet normal 0.999465 0.0327042 0
    outer loop
      vertex -7.25 -2.25 0
      vertex -7.24786 -2.3154 2.5
      vertex -7.24786 -2.3154 0
    endloop
  endfacet
  facet normal 0.471437 0.8819 -0
    outer loop
      vertex -6.69229 -3.14687 0
      vertex -6.75 -3.11602 2.5
      vertex -6.69229 -3.14687 2.5
    endloop
  endfacet
  facet normal 0.471437 0.8819 0
    outer loop
      vertex -6.75 -3.11602 2.5
      vertex -6.69229 -3.14687 0
      vertex -6.75 -3.11602 0
    endloop
  endfacet
  facet normal 0.849241 0.528006 0
    outer loop
      vertex -7.08147 -2.80557 2.5
      vertex -7.11602 -2.75 0
      vertex -7.11602 -2.75 2.5
    endloop
  endfacet
  facet normal 0.849241 0.528006 0
    outer loop
      vertex -7.11602 -2.75 0
      vertex -7.08147 -2.80557 2.5
      vertex -7.08147 -2.80557 0
    endloop
  endfacet
  facet normal 0.995177 -0.0980967 0
    outer loop
      vertex -7.24786 -2.1846 2.5
      vertex -7.24144 -2.11947 0
      vertex -7.24144 -2.11947 2.5
    endloop
  endfacet
  facet normal 0.995177 -0.0980967 0
    outer loop
      vertex -7.24144 -2.11947 0
      vertex -7.24786 -2.1846 2.5
      vertex -7.24786 -2.1846 0
    endloop
  endfacet
  facet normal -0.162912 -0.986641 0
    outer loop
      vertex -6.11947 -1.25855 0
      vertex -6.05491 -1.26921 2.5
      vertex -6.11947 -1.25855 2.5
    endloop
  endfacet
  facet normal -0.162912 -0.986641 -0
    outer loop
      vertex -6.05491 -1.26921 2.5
      vertex -6.11947 -1.25855 0
      vertex -6.05491 -1.26921 0
    endloop
  endfacet
  facet normal 0.773071 0.634319 0
    outer loop
      vertex -7.00184 -2.90935 2.5
      vertex -7.04335 -2.85876 0
      vertex -7.04335 -2.85876 2.5
    endloop
  endfacet
  facet normal 0.773071 0.634319 0
    outer loop
      vertex -7.04335 -2.85876 0
      vertex -7.00184 -2.90935 2.5
      vertex -7.00184 -2.90935 0
    endloop
  endfacet
  facet normal 0.162912 0.986641 -0
    outer loop
      vertex -6.38053 -3.24144 0
      vertex -6.44509 -3.23078 2.5
      vertex -6.38053 -3.24144 2.5
    endloop
  endfacet
  facet normal 0.162912 0.986641 0
    outer loop
      vertex -6.44509 -3.23078 2.5
      vertex -6.38053 -3.24144 0
      vertex -6.44509 -3.23078 0
    endloop
  endfacet
  facet normal 0.290347 0.956922 -0
    outer loop
      vertex -6.50882 -3.21593 0
      vertex -6.57144 -3.19693 2.5
      vertex -6.50882 -3.21593 2.5
    endloop
  endfacet
  facet normal 0.290347 0.956922 0
    outer loop
      vertex -6.57144 -3.19693 2.5
      vertex -6.50882 -3.21593 0
      vertex -6.57144 -3.19693 0
    endloop
  endfacet
  facet normal 0.773146 -0.634228 0
    outer loop
      vertex -7.00951 -1.6 2.5
      vertex -7.00184 -1.59065 3.5
      vertex -7.00951 -1.6 3.5
    endloop
  endfacet
  facet normal 0.773146 -0.634228 0
    outer loop
      vertex -7.00184 -1.59065 3.5
      vertex -7.00951 -1.6 2.5
      vertex -7.00184 -1.59065 0
    endloop
  endfacet
  facet normal 0.773055 -0.63434 -6.98823e-07
    outer loop
      vertex -7.04335 -1.64124 2.5
      vertex -7.00184 -1.59065 0
      vertex -7.00951 -1.6 2.5
    endloop
  endfacet
  facet normal 0.773071 -0.634319 0
    outer loop
      vertex -7.00184 -1.59065 0
      vertex -7.04335 -1.64124 2.5
      vertex -7.04335 -1.64124 0
    endloop
  endfacet
  facet normal -0.910858 -0.41272 0
    outer loop
      vertex -5.32612 -1.86732 0
      vertex -5.35313 -1.80771 2.5
      vertex -5.35313 -1.80771 0
    endloop
  endfacet
  facet normal -0.910858 -0.41272 0
    outer loop
      vertex -5.35313 -1.80771 2.5
      vertex -5.32612 -1.86732 0
      vertex -5.32612 -1.86732 2.5
    endloop
  endfacet
  facet normal 0.986641 -0.162912 0
    outer loop
      vertex -7.24144 -2.11947 2.5
      vertex -7.23078 -2.05491 0
      vertex -7.23078 -2.05491 2.5
    endloop
  endfacet
  facet normal 0.986641 -0.162912 0
    outer loop
      vertex -7.23078 -2.05491 0
      vertex -7.24144 -2.11947 2.5
      vertex -7.24144 -2.11947 0
    endloop
  endfacet
  facet normal 0.226935 0.97391 -0
    outer loop
      vertex -6.44509 -3.23078 0
      vertex -6.50882 -3.21593 2.5
      vertex -6.44509 -3.23078 2.5
    endloop
  endfacet
  facet normal 0.226935 0.97391 0
    outer loop
      vertex -6.50882 -3.21593 2.5
      vertex -6.44509 -3.23078 0
      vertex -6.50882 -3.21593 0
    endloop
  endfacet
  facet normal 0.528006 0.849241 -0
    outer loop
      vertex -6.75 -3.11602 0
      vertex -6.80557 -3.08147 2.5
      vertex -6.75 -3.11602 2.5
    endloop
  endfacet
  facet normal 0.528006 0.849241 0
    outer loop
      vertex -6.80557 -3.08147 2.5
      vertex -6.75 -3.11602 0
      vertex -6.80557 -3.08147 0
    endloop
  endfacet
  facet normal 0.634319 0.773071 -0
    outer loop
      vertex -6.85876 -3.04335 0
      vertex -6.90935 -3.00184 2.5
      vertex -6.85876 -3.04335 2.5
    endloop
  endfacet
  facet normal 0.634319 0.773071 0
    outer loop
      vertex -6.90935 -3.00184 2.5
      vertex -6.85876 -3.04335 0
      vertex -6.90935 -3.00184 0
    endloop
  endfacet
  facet normal 0.683575 0.72988 -0
    outer loop
      vertex -6.90935 -3.00184 0
      vertex -6.95711 -2.95711 2.5
      vertex -6.90935 -3.00184 2.5
    endloop
  endfacet
  facet normal 0.683575 0.72988 0
    outer loop
      vertex -6.95711 -2.95711 2.5
      vertex -6.90935 -3.00184 0
      vertex -6.95711 -2.95711 0
    endloop
  endfacet
  facet normal 0.812814 -0.582524 0
    outer loop
      vertex -7.08147 -1.69443 2.5
      vertex -7.04335 -1.64124 0
      vertex -7.04335 -1.64124 2.5
    endloop
  endfacet
  facet normal 0.812814 -0.582524 0
    outer loop
      vertex -7.04335 -1.64124 0
      vertex -7.08147 -1.69443 2.5
      vertex -7.08147 -1.69443 0
    endloop
  endfacet
  facet normal 0.97391 0.226935 0
    outer loop
      vertex -7.21593 -2.50882 2.5
      vertex -7.23078 -2.44509 0
      vertex -7.23078 -2.44509 2.5
    endloop
  endfacet
  facet normal 0.97391 0.226935 0
    outer loop
      vertex -7.23078 -2.44509 0
      vertex -7.21593 -2.50882 2.5
      vertex -7.21593 -2.50882 0
    endloop
  endfacet
  facet normal -0.352262 0.935901 0
    outer loop
      vertex -5.86732 -3.17388 0
      vertex -5.92856 -3.19693 2.5
      vertex -5.86732 -3.17388 2.5
    endloop
  endfacet
  facet normal -0.352262 0.935901 0
    outer loop
      vertex -5.92856 -3.19693 2.5
      vertex -5.86732 -3.17388 0
      vertex -5.92856 -3.19693 0
    endloop
  endfacet
  facet normal -0.683575 0.72988 0
    outer loop
      vertex -5.54289 -2.95711 0
      vertex -5.59065 -3.00184 2.5
      vertex -5.54289 -2.95711 2.5
    endloop
  endfacet
  facet normal -0.683575 0.72988 0
    outer loop
      vertex -5.59065 -3.00184 2.5
      vertex -5.54289 -2.95711 0
      vertex -5.59065 -3.00184 0
    endloop
  endfacet
  facet normal 0.528116 -0.849172 0
    outer loop
      vertex -6.80557 -1.41853 0
      vertex -6.75 -1.38397 3.5
      vertex -6.80557 -1.41853 3.5
    endloop
  endfacet
  facet normal 0.528116 -0.849172 0
    outer loop
      vertex -6.75 -1.38397 3.5
      vertex -6.80557 -1.41853 0
      vertex -6.75 -1.38397 0
    endloop
  endfacet
  facet normal -0.773071 0.634319 0
    outer loop
      vertex -5.49816 1.59065 0
      vertex -5.45665 1.64124 2.5
      vertex -5.45665 1.64124 0
    endloop
  endfacet
  facet normal -0.773071 0.634319 0
    outer loop
      vertex -5.45665 1.64124 2.5
      vertex -5.49816 1.59065 0
      vertex -5.49816 1.59065 2.5
    endloop
  endfacet
  facet normal -0.683575 -0.72988 0
    outer loop
      vertex -5.59065 3.00184 0
      vertex -5.54289 2.95711 2.5
      vertex -5.59065 3.00184 2.5
    endloop
  endfacet
  facet normal -0.683575 -0.72988 -0
    outer loop
      vertex -5.54289 2.95711 2.5
      vertex -5.59065 3.00184 0
      vertex -5.54289 2.95711 0
    endloop
  endfacet
  facet normal -0.0979453 0.995192 0
    outer loop
      vertex -6.11947 1.25855 0
      vertex -6.1846 1.25214 2.5
      vertex -6.11947 1.25855 2.5
    endloop
  endfacet
  facet normal -0.0979453 0.995192 0
    outer loop
      vertex -6.1846 1.25214 2.5
      vertex -6.11947 1.25855 0
      vertex -6.1846 1.25214 0
    endloop
  endfacet
  facet normal 0.935901 -0.352262 0
    outer loop
      vertex -7.19693 2.57144 2.5
      vertex -7.17388 2.63268 0
      vertex -7.17388 2.63268 2.5
    endloop
  endfacet
  facet normal 0.935901 -0.352262 0
    outer loop
      vertex -7.17388 2.63268 0
      vertex -7.19693 2.57144 2.5
      vertex -7.19693 2.57144 0
    endloop
  endfacet
  facet normal -0.528116 0.849172 0
    outer loop
      vertex -5.69443 1.41853 0
      vertex -5.75 1.38397 2.5
      vertex -5.69443 1.41853 2.5
    endloop
  endfacet
  facet normal -0.528116 0.849172 0
    outer loop
      vertex -5.75 1.38397 2.5
      vertex -5.69443 1.41853 0
      vertex -5.75 1.38397 0
    endloop
  endfacet
  facet normal -0.986641 0.162912 0
    outer loop
      vertex -5.26921 2.05491 0
      vertex -5.25855 2.11947 2.5
      vertex -5.25855 2.11947 0
    endloop
  endfacet
  facet normal -0.986641 0.162912 0
    outer loop
      vertex -5.25855 2.11947 2.5
      vertex -5.26921 2.05491 0
      vertex -5.26921 2.05491 2.5
    endloop
  endfacet
  facet normal 0.986641 0.162912 0
    outer loop
      vertex -7.23078 2.05491 2.5
      vertex -7.24144 2.11947 0
      vertex -7.24144 2.11947 2.5
    endloop
  endfacet
  facet normal 0.986641 0.162912 0
    outer loop
      vertex -7.24144 2.11947 0
      vertex -7.23078 2.05491 2.5
      vertex -7.23078 2.05491 0
    endloop
  endfacet
  facet normal -0.995192 -0.0979453 0
    outer loop
      vertex -5.25214 2.3154 0
      vertex -5.25855 2.38053 2.5
      vertex -5.25855 2.38053 0
    endloop
  endfacet
  facet normal -0.995192 -0.0979453 0
    outer loop
      vertex -5.25855 2.38053 2.5
      vertex -5.25214 2.3154 0
      vertex -5.25214 2.3154 2.5
    endloop
  endfacet
  facet normal -0.956922 0.290347 0
    outer loop
      vertex -5.30307 1.92856 0
      vertex -5.28407 1.99118 2.5
      vertex -5.28407 1.99118 0
    endloop
  endfacet
  facet normal -0.956922 0.290347 0
    outer loop
      vertex -5.28407 1.99118 2.5
      vertex -5.30307 1.92856 0
      vertex -5.30307 1.92856 2.5
    endloop
  endfacet
  facet normal -0.986641 -0.162912 0
    outer loop
      vertex -5.25855 2.38053 0
      vertex -5.26921 2.44509 2.5
      vertex -5.26921 2.44509 0
    endloop
  endfacet
  facet normal -0.986641 -0.162912 0
    outer loop
      vertex -5.26921 2.44509 2.5
      vertex -5.25855 2.38053 0
      vertex -5.25855 2.38053 2.5
    endloop
  endfacet
  facet normal 0.41272 -0.910858 0
    outer loop
      vertex -6.69229 3.14687 0
      vertex -6.63268 3.17388 2.5
      vertex -6.69229 3.14687 2.5
    endloop
  endfacet
  facet normal 0.41272 -0.910858 0
    outer loop
      vertex -6.63268 3.17388 2.5
      vertex -6.69229 3.14687 0
      vertex -6.63268 3.17388 0
    endloop
  endfacet
  facet normal 0.849241 -0.528006 0
    outer loop
      vertex -7.11602 2.75 2.5
      vertex -7.08147 2.80557 0
      vertex -7.08147 2.80557 2.5
    endloop
  endfacet
  facet normal 0.849241 -0.528006 0
    outer loop
      vertex -7.08147 2.80557 0
      vertex -7.11602 2.75 2.5
      vertex -7.11602 2.75 0
    endloop
  endfacet
  facet normal 0.162912 -0.986641 0
    outer loop
      vertex -6.44509 3.23078 0
      vertex -6.38053 3.24144 2.5
      vertex -6.44509 3.23078 2.5
    endloop
  endfacet
  facet normal 0.162912 -0.986641 0
    outer loop
      vertex -6.38053 3.24144 2.5
      vertex -6.44509 3.23078 0
      vertex -6.38053 3.24144 0
    endloop
  endfacet
  facet normal 0.956922 -0.290347 0
    outer loop
      vertex -7.21593 2.50882 2.5
      vertex -7.19693 2.57144 0
      vertex -7.19693 2.57144 2.5
    endloop
  endfacet
  facet normal 0.956922 -0.290347 0
    outer loop
      vertex -7.19693 2.57144 0
      vertex -7.21593 2.50882 2.5
      vertex -7.21593 2.50882 0
    endloop
  endfacet
  facet normal 0.999465 0.0327042 0
    outer loop
      vertex -7.24786 2.1846 2.5
      vertex -7.25 2.25 0
      vertex -7.25 2.25 2.5
    endloop
  endfacet
  facet normal 0.999465 0.0327042 0
    outer loop
      vertex -7.25 2.25 0
      vertex -7.24786 2.1846 2.5
      vertex -7.24786 2.1846 0
    endloop
  endfacet
  facet normal -0.881963 -0.471318 0
    outer loop
      vertex -5.35313 2.69229 0
      vertex -5.38397 2.75 2.5
      vertex -5.38397 2.75 0
    endloop
  endfacet
  facet normal -0.881963 -0.471318 0
    outer loop
      vertex -5.38397 2.75 2.5
      vertex -5.35313 2.69229 0
      vertex -5.35313 2.69229 2.5
    endloop
  endfacet
  facet normal -0.995192 0.0979453 0
    outer loop
      vertex -5.25855 2.11947 0
      vertex -5.25214 2.1846 2.5
      vertex -5.25214 2.1846 0
    endloop
  endfacet
  facet normal -0.995192 0.0979453 0
    outer loop
      vertex -5.25214 2.1846 2.5
      vertex -5.25855 2.11947 0
      vertex -5.25855 2.11947 2.5
    endloop
  endfacet
  facet normal -0.999465 -0.0327042 0
    outer loop
      vertex -5.25 2.25 0
      vertex -5.25214 2.3154 2.5
      vertex -5.25214 2.3154 0
    endloop
  endfacet
  facet normal -0.999465 -0.0327042 0
    outer loop
      vertex -5.25214 2.3154 2.5
      vertex -5.25 2.25 0
      vertex -5.25 2.25 2.5
    endloop
  endfacet
  facet normal 0.228044 0.973651 0
    outer loop
      vertex -6.44509 1.26921 2.5
      vertex -6.44509 1.26921 0
      vertex -6.45 1.27036 2.5
    endloop
  endfacet
  facet normal 0.226999 0.973895 -0
    outer loop
      vertex -6.45 1.27036 2.5
      vertex -6.50882 1.28407 3.5
      vertex -6.45 1.27036 3.5
    endloop
  endfacet
  facet normal 0.22708 0.973876 -1.99818e-06
    outer loop
      vertex -6.50882 1.28407 0
      vertex -6.45 1.27036 2.5
      vertex -6.44509 1.26921 0
    endloop
  endfacet
  facet normal 0.226999 0.973895 0
    outer loop
      vertex -6.45 1.27036 2.5
      vertex -6.50882 1.28407 0
      vertex -6.50882 1.28407 3.5
    endloop
  endfacet
  facet normal -0.973876 -0.22708 0
    outer loop
      vertex -5.26921 2.44509 0
      vertex -5.28407 2.50882 2.5
      vertex -5.28407 2.50882 0
    endloop
  endfacet
  facet normal -0.973876 -0.22708 0
    outer loop
      vertex -5.28407 2.50882 2.5
      vertex -5.26921 2.44509 0
      vertex -5.26921 2.44509 2.5
    endloop
  endfacet
  facet normal 0.956922 0.290347 0
    outer loop
      vertex -7.19693 1.92856 2.5
      vertex -7.21593 1.99118 0
      vertex -7.21593 1.99118 2.5
    endloop
  endfacet
  facet normal 0.956922 0.290347 0
    outer loop
      vertex -7.21593 1.99118 0
      vertex -7.19693 1.92856 2.5
      vertex -7.19693 1.92856 0
    endloop
  endfacet
  facet normal -0.935901 0.352262 0
    outer loop
      vertex -5.32612 1.86732 0
      vertex -5.30307 1.92856 2.5
      vertex -5.30307 1.92856 0
    endloop
  endfacet
  facet normal -0.935901 0.352262 0
    outer loop
      vertex -5.30307 1.92856 2.5
      vertex -5.32612 1.86732 0
      vertex -5.32612 1.86732 2.5
    endloop
  endfacet
  facet normal -0.582524 -0.812814 0
    outer loop
      vertex -5.69443 3.08147 0
      vertex -5.64124 3.04335 2.5
      vertex -5.69443 3.08147 2.5
    endloop
  endfacet
  facet normal -0.582524 -0.812814 -0
    outer loop
      vertex -5.64124 3.04335 2.5
      vertex -5.69443 3.08147 0
      vertex -5.64124 3.04335 0
    endloop
  endfacet
  facet normal -0.0980967 -0.995177 0
    outer loop
      vertex -6.1846 3.24786 0
      vertex -6.11947 3.24144 2.5
      vertex -6.1846 3.24786 2.5
    endloop
  endfacet
  facet normal -0.0980967 -0.995177 -0
    outer loop
      vertex -6.11947 3.24144 2.5
      vertex -6.1846 3.24786 0
      vertex -6.11947 3.24144 0
    endloop
  endfacet
  facet normal -0.812814 0.582524 0
    outer loop
      vertex -5.45665 1.64124 0
      vertex -5.41853 1.69443 2.5
      vertex -5.41853 1.69443 0
    endloop
  endfacet
  facet normal -0.812814 0.582524 0
    outer loop
      vertex -5.41853 1.69443 2.5
      vertex -5.45665 1.64124 0
      vertex -5.45665 1.64124 2.5
    endloop
  endfacet
  facet normal -0.41272 0.910858 0
    outer loop
      vertex -5.80771 1.35313 0
      vertex -5.86732 1.32612 2.5
      vertex -5.80771 1.35313 2.5
    endloop
  endfacet
  facet normal -0.41272 0.910858 0
    outer loop
      vertex -5.86732 1.32612 2.5
      vertex -5.80771 1.35313 0
      vertex -5.86732 1.32612 0
    endloop
  endfacet
  facet normal 0.910858 0.41272 0
    outer loop
      vertex -7.14687 1.80771 2.5
      vertex -7.17388 1.86732 0
      vertex -7.17388 1.86732 2.5
    endloop
  endfacet
  facet normal 0.910858 0.41272 0
    outer loop
      vertex -7.17388 1.86732 0
      vertex -7.14687 1.80771 2.5
      vertex -7.14687 1.80771 0
    endloop
  endfacet
  facet normal -0.471318 0.881963 0
    outer loop
      vertex -5.75 1.38397 0
      vertex -5.80771 1.35313 2.5
      vertex -5.75 1.38397 2.5
    endloop
  endfacet
  facet normal -0.471318 0.881963 0
    outer loop
      vertex -5.80771 1.35313 2.5
      vertex -5.75 1.38397 0
      vertex -5.80771 1.35313 0
    endloop
  endfacet
  facet normal -0.0327042 -0.999465 0
    outer loop
      vertex -6.25 3.25 0
      vertex -6.1846 3.24786 2.5
      vertex -6.25 3.25 2.5
    endloop
  endfacet
  facet normal -0.0327042 -0.999465 -0
    outer loop
      vertex -6.1846 3.24786 2.5
      vertex -6.25 3.25 0
      vertex -6.1846 3.24786 0
    endloop
  endfacet
  facet normal 0.290347 0.956922 -0
    outer loop
      vertex -6.50882 1.28407 0
      vertex -6.57144 1.30307 3.5
      vertex -6.50882 1.28407 3.5
    endloop
  endfacet
  facet normal 0.290347 0.956922 0
    outer loop
      vertex -6.57144 1.30307 3.5
      vertex -6.50882 1.28407 0
      vertex -6.57144 1.30307 0
    endloop
  endfacet
  facet normal -0.812814 -0.582524 0
    outer loop
      vertex -5.41853 2.80557 0
      vertex -5.45665 2.85876 2.5
      vertex -5.45665 2.85876 0
    endloop
  endfacet
  facet normal -0.812814 -0.582524 0
    outer loop
      vertex -5.45665 2.85876 2.5
      vertex -5.41853 2.80557 0
      vertex -5.41853 2.80557 2.5
    endloop
  endfacet
  facet normal -0.290347 -0.956922 0
    outer loop
      vertex -5.99118 3.21593 0
      vertex -5.92856 3.19693 2.5
      vertex -5.99118 3.21593 2.5
    endloop
  endfacet
  facet normal -0.290347 -0.956922 -0
    outer loop
      vertex -5.92856 3.19693 2.5
      vertex -5.99118 3.21593 0
      vertex -5.92856 3.19693 0
    endloop
  endfacet
  facet normal -0.72988 0.683575 0
    outer loop
      vertex -5.54289 1.54289 0
      vertex -5.49816 1.59065 2.5
      vertex -5.49816 1.59065 0
    endloop
  endfacet
  facet normal -0.72988 0.683575 0
    outer loop
      vertex -5.49816 1.59065 2.5
      vertex -5.54289 1.54289 0
      vertex -5.54289 1.54289 2.5
    endloop
  endfacet
  facet normal 0.634319 -0.773071 0
    outer loop
      vertex -6.90935 3.00184 0
      vertex -6.85876 3.04335 2.5
      vertex -6.90935 3.00184 2.5
    endloop
  endfacet
  facet normal 0.634319 -0.773071 0
    outer loop
      vertex -6.85876 3.04335 2.5
      vertex -6.90935 3.00184 0
      vertex -6.85876 3.04335 0
    endloop
  endfacet
  facet normal 0.72988 -0.683575 0
    outer loop
      vertex -7.00184 2.90935 2.5
      vertex -6.95711 2.95711 0
      vertex -6.95711 2.95711 2.5
    endloop
  endfacet
  facet normal 0.72988 -0.683575 0
    outer loop
      vertex -6.95711 2.95711 0
      vertex -7.00184 2.90935 2.5
      vertex -7.00184 2.90935 0
    endloop
  endfacet
  facet normal -0.973876 0.22708 0
    outer loop
      vertex -5.28407 1.99118 0
      vertex -5.26921 2.05491 2.5
      vertex -5.26921 2.05491 0
    endloop
  endfacet
  facet normal -0.973876 0.22708 0
    outer loop
      vertex -5.26921 2.05491 2.5
      vertex -5.28407 1.99118 0
      vertex -5.28407 1.99118 2.5
    endloop
  endfacet
  facet normal -0.956922 -0.290347 0
    outer loop
      vertex -5.28407 2.50882 0
      vertex -5.30307 2.57144 2.5
      vertex -5.30307 2.57144 0
    endloop
  endfacet
  facet normal -0.956922 -0.290347 0
    outer loop
      vertex -5.30307 2.57144 2.5
      vertex -5.28407 2.50882 0
      vertex -5.28407 2.50882 2.5
    endloop
  endfacet
  facet normal 0.812814 0.582524 0
    outer loop
      vertex -7.04335 1.64124 2.5
      vertex -7.08147 1.69443 0
      vertex -7.08147 1.69443 2.5
    endloop
  endfacet
  facet normal 0.812814 0.582524 0
    outer loop
      vertex -7.08147 1.69443 0
      vertex -7.04335 1.64124 2.5
      vertex -7.04335 1.64124 0
    endloop
  endfacet
  facet normal -0.849172 -0.528116 0
    outer loop
      vertex -5.38397 2.75 0
      vertex -5.41853 2.80557 2.5
      vertex -5.41853 2.80557 0
    endloop
  endfacet
  facet normal -0.849172 -0.528116 0
    outer loop
      vertex -5.41853 2.80557 2.5
      vertex -5.38397 2.75 0
      vertex -5.38397 2.75 2.5
    endloop
  endfacet
  facet normal 0.812814 -0.582524 0
    outer loop
      vertex -7.08147 2.80557 2.5
      vertex -7.04335 2.85876 0
      vertex -7.04335 2.85876 2.5
    endloop
  endfacet
  facet normal 0.812814 -0.582524 0
    outer loop
      vertex -7.04335 2.85876 0
      vertex -7.08147 2.80557 2.5
      vertex -7.08147 2.80557 0
    endloop
  endfacet
  facet normal 0.910858 -0.41272 0
    outer loop
      vertex -7.17388 2.63268 2.5
      vertex -7.14687 2.69229 0
      vertex -7.14687 2.69229 2.5
    endloop
  endfacet
  facet normal 0.910858 -0.41272 0
    outer loop
      vertex -7.14687 2.69229 0
      vertex -7.17388 2.63268 2.5
      vertex -7.17388 2.63268 0
    endloop
  endfacet
  facet normal 0.290347 -0.956922 0
    outer loop
      vertex -6.57144 3.19693 0
      vertex -6.50882 3.21593 2.5
      vertex -6.57144 3.19693 2.5
    endloop
  endfacet
  facet normal 0.290347 -0.956922 0
    outer loop
      vertex -6.50882 3.21593 2.5
      vertex -6.57144 3.19693 0
      vertex -6.50882 3.21593 0
    endloop
  endfacet
  facet normal 0.352262 -0.935901 0
    outer loop
      vertex -6.63268 3.17388 0
      vertex -6.57144 3.19693 2.5
      vertex -6.63268 3.17388 2.5
    endloop
  endfacet
  facet normal 0.352262 -0.935901 0
    outer loop
      vertex -6.57144 3.19693 2.5
      vertex -6.63268 3.17388 0
      vertex -6.57144 3.19693 0
    endloop
  endfacet
  facet normal -0.999465 0.0327042 0
    outer loop
      vertex -5.25214 2.1846 0
      vertex -5.25 2.25 2.5
      vertex -5.25 2.25 0
    endloop
  endfacet
  facet normal -0.999465 0.0327042 0
    outer loop
      vertex -5.25 2.25 2.5
      vertex -5.25214 2.1846 0
      vertex -5.25214 2.1846 2.5
    endloop
  endfacet
  facet normal -0.162912 0.986641 0
    outer loop
      vertex -6.05491 1.26921 0
      vertex -6.11947 1.25855 2.5
      vertex -6.05491 1.26921 2.5
    endloop
  endfacet
  facet normal -0.162912 0.986641 0
    outer loop
      vertex -6.11947 1.25855 2.5
      vertex -6.05491 1.26921 0
      vertex -6.11947 1.25855 0
    endloop
  endfacet
  facet normal -0.352262 0.935901 0
    outer loop
      vertex -5.86732 1.32612 0
      vertex -5.92856 1.30307 2.5
      vertex -5.86732 1.32612 2.5
    endloop
  endfacet
  facet normal -0.352262 0.935901 0
    outer loop
      vertex -5.92856 1.30307 2.5
      vertex -5.86732 1.32612 0
      vertex -5.92856 1.30307 0
    endloop
  endfacet
  facet normal -0.22708 0.973876 0
    outer loop
      vertex -5.99118 1.28407 0
      vertex -6.05491 1.26921 2.5
      vertex -5.99118 1.28407 2.5
    endloop
  endfacet
  facet normal -0.22708 0.973876 0
    outer loop
      vertex -6.05491 1.26921 2.5
      vertex -5.99118 1.28407 0
      vertex -6.05491 1.26921 0
    endloop
  endfacet
  facet normal 0.986641 -0.162912 0
    outer loop
      vertex -7.24144 2.38053 2.5
      vertex -7.23078 2.44509 0
      vertex -7.23078 2.44509 2.5
    endloop
  endfacet
  facet normal 0.986641 -0.162912 0
    outer loop
      vertex -7.23078 2.44509 0
      vertex -7.24144 2.38053 2.5
      vertex -7.24144 2.38053 0
    endloop
  endfacet
  facet normal 0.72988 0.683575 0
    outer loop
      vertex -6.95711 1.54289 3.5
      vertex -7.00184 1.59065 0
      vertex -7.00184 1.59065 3.5
    endloop
  endfacet
  facet normal 0.72988 0.683575 0
    outer loop
      vertex -7.00184 1.59065 0
      vertex -6.95711 1.54289 3.5
      vertex -6.95711 1.54289 0
    endloop
  endfacet
  facet normal -0.773071 -0.634319 0
    outer loop
      vertex -5.45665 2.85876 0
      vertex -5.49816 2.90935 2.5
      vertex -5.49816 2.90935 0
    endloop
  endfacet
  facet normal -0.773071 -0.634319 0
    outer loop
      vertex -5.49816 2.90935 2.5
      vertex -5.45665 2.85876 0
      vertex -5.45665 2.85876 2.5
    endloop
  endfacet
  facet normal 0.683575 -0.72988 0
    outer loop
      vertex -6.95711 2.95711 0
      vertex -6.90935 3.00184 2.5
      vertex -6.95711 2.95711 2.5
    endloop
  endfacet
  facet normal 0.683575 -0.72988 0
    outer loop
      vertex -6.90935 3.00184 2.5
      vertex -6.95711 2.95711 0
      vertex -6.90935 3.00184 0
    endloop
  endfacet
  facet normal -0.471437 -0.8819 0
    outer loop
      vertex -5.80771 3.14687 0
      vertex -5.75 3.11602 2.5
      vertex -5.80771 3.14687 2.5
    endloop
  endfacet
  facet normal -0.471437 -0.8819 -0
    outer loop
      vertex -5.75 3.11602 2.5
      vertex -5.80771 3.14687 0
      vertex -5.75 3.11602 0
    endloop
  endfacet
  facet normal -0.352262 -0.935901 0
    outer loop
      vertex -5.92856 3.19693 0
      vertex -5.86732 3.17388 2.5
      vertex -5.92856 3.19693 2.5
    endloop
  endfacet
  facet normal -0.352262 -0.935901 -0
    outer loop
      vertex -5.86732 3.17388 2.5
      vertex -5.92856 3.19693 0
      vertex -5.86732 3.17388 0
    endloop
  endfacet
  facet normal 0.0327042 -0.999465 0
    outer loop
      vertex -6.3154 3.24786 0
      vertex -6.25 3.25 2.5
      vertex -6.3154 3.24786 2.5
    endloop
  endfacet
  facet normal 0.0327042 -0.999465 0
    outer loop
      vertex -6.25 3.25 2.5
      vertex -6.3154 3.24786 0
      vertex -6.25 3.25 0
    endloop
  endfacet
  facet normal 0.226935 -0.97391 0
    outer loop
      vertex -6.50882 3.21593 0
      vertex -6.44509 3.23078 2.5
      vertex -6.50882 3.21593 2.5
    endloop
  endfacet
  facet normal 0.226935 -0.97391 0
    outer loop
      vertex -6.44509 3.23078 2.5
      vertex -6.50882 3.21593 0
      vertex -6.44509 3.23078 0
    endloop
  endfacet
  facet normal -0.528006 -0.849241 0
    outer loop
      vertex -5.75 3.11602 0
      vertex -5.69443 3.08147 2.5
      vertex -5.75 3.11602 2.5
    endloop
  endfacet
  facet normal -0.528006 -0.849241 -0
    outer loop
      vertex -5.69443 3.08147 2.5
      vertex -5.75 3.11602 0
      vertex -5.69443 3.08147 0
    endloop
  endfacet
  facet normal -0.72988 -0.683575 0
    outer loop
      vertex -5.49816 2.90935 0
      vertex -5.54289 2.95711 2.5
      vertex -5.54289 2.95711 0
    endloop
  endfacet
  facet normal -0.72988 -0.683575 0
    outer loop
      vertex -5.54289 2.95711 2.5
      vertex -5.49816 2.90935 0
      vertex -5.49816 2.90935 2.5
    endloop
  endfacet
  facet normal -0.634319 -0.773071 0
    outer loop
      vertex -5.64124 3.04335 0
      vertex -5.59065 3.00184 2.5
      vertex -5.64124 3.04335 2.5
    endloop
  endfacet
  facet normal -0.634319 -0.773071 -0
    outer loop
      vertex -5.59065 3.00184 2.5
      vertex -5.64124 3.04335 0
      vertex -5.59065 3.00184 0
    endloop
  endfacet
  facet normal -0.41272 -0.910858 0
    outer loop
      vertex -5.86732 3.17388 0
      vertex -5.80771 3.14687 2.5
      vertex -5.86732 3.17388 2.5
    endloop
  endfacet
  facet normal -0.41272 -0.910858 -0
    outer loop
      vertex -5.80771 3.14687 2.5
      vertex -5.86732 3.17388 0
      vertex -5.80771 3.14687 0
    endloop
  endfacet
  facet normal 0.528006 -0.849241 0
    outer loop
      vertex -6.80557 3.08147 0
      vertex -6.75 3.11602 2.5
      vertex -6.80557 3.08147 2.5
    endloop
  endfacet
  facet normal 0.528006 -0.849241 0
    outer loop
      vertex -6.75 3.11602 2.5
      vertex -6.80557 3.08147 0
      vertex -6.75 3.11602 0
    endloop
  endfacet
  facet normal -0.0327042 0.999465 0
    outer loop
      vertex -6.1846 1.25214 0
      vertex -6.25 1.25 2.5
      vertex -6.1846 1.25214 2.5
    endloop
  endfacet
  facet normal -0.0327042 0.999465 0
    outer loop
      vertex -6.25 1.25 2.5
      vertex -6.1846 1.25214 0
      vertex -6.25 1.25 0
    endloop
  endfacet
  facet normal 0.471437 -0.8819 0
    outer loop
      vertex -6.75 3.11602 0
      vertex -6.69229 3.14687 2.5
      vertex -6.75 3.11602 2.5
    endloop
  endfacet
  facet normal 0.471437 -0.8819 0
    outer loop
      vertex -6.69229 3.14687 2.5
      vertex -6.75 3.11602 0
      vertex -6.69229 3.14687 0
    endloop
  endfacet
  facet normal 0.97391 -0.226935 0
    outer loop
      vertex -7.23078 2.44509 2.5
      vertex -7.21593 2.50882 0
      vertex -7.21593 2.50882 2.5
    endloop
  endfacet
  facet normal 0.97391 -0.226935 0
    outer loop
      vertex -7.21593 2.50882 0
      vertex -7.23078 2.44509 2.5
      vertex -7.23078 2.44509 0
    endloop
  endfacet
  facet normal -0.582524 0.812814 0
    outer loop
      vertex -5.64124 1.45665 0
      vertex -5.69443 1.41853 2.5
      vertex -5.64124 1.45665 2.5
    endloop
  endfacet
  facet normal -0.582524 0.812814 0
    outer loop
      vertex -5.69443 1.41853 2.5
      vertex -5.64124 1.45665 0
      vertex -5.69443 1.41853 0
    endloop
  endfacet
  facet normal 0 0 -1
    outer loop
      vertex -6.50882 1.28407 3.5
      vertex -6.45 1.6 3.5
      vertex -6.45 1.27036 3.5
    endloop
  endfacet
  facet normal 0 0 -1
    outer loop
      vertex -6.57144 1.30307 3.5
      vertex -6.45 1.6 3.5
      vertex -6.50882 1.28407 3.5
    endloop
  endfacet
  facet normal 0 0 -1
    outer loop
      vertex -6.63268 1.32612 3.5
      vertex -6.45 1.6 3.5
      vertex -6.57144 1.30307 3.5
    endloop
  endfacet
  facet normal 0 0 -1
    outer loop
      vertex -6.69229 1.35313 3.5
      vertex -6.45 1.6 3.5
      vertex -6.63268 1.32612 3.5
    endloop
  endfacet
  facet normal 0 0 -1
    outer loop
      vertex -6.75 1.38397 3.5
      vertex -6.45 1.6 3.5
      vertex -6.69229 1.35313 3.5
    endloop
  endfacet
  facet normal 0 0 -1
    outer loop
      vertex -6.80557 1.41853 3.5
      vertex -6.45 1.6 3.5
      vertex -6.75 1.38397 3.5
    endloop
  endfacet
  facet normal 0 0 -1
    outer loop
      vertex -6.85876 1.45665 3.5
      vertex -6.45 1.6 3.5
      vertex -6.80557 1.41853 3.5
    endloop
  endfacet
  facet normal 0 0 -1
    outer loop
      vertex -6.90935 1.49816 3.5
      vertex -6.45 1.6 3.5
      vertex -6.85876 1.45665 3.5
    endloop
  endfacet
  facet normal 0 0 -1
    outer loop
      vertex -6.95711 1.54289 3.5
      vertex -6.45 1.6 3.5
      vertex -6.90935 1.49816 3.5
    endloop
  endfacet
  facet normal 0 0 -1
    outer loop
      vertex -7.00184 1.59065 3.5
      vertex -6.45 1.6 3.5
      vertex -6.95711 1.54289 3.5
    endloop
  endfacet
  facet normal -0 0 -1
    outer loop
      vertex -6.45 1.6 3.5
      vertex -7.00184 1.59065 3.5
      vertex -7.00951 1.6 3.5
    endloop
  endfacet
  facet normal 0.773146 0.634228 0
    outer loop
      vertex -7.00951 1.6 3.5
      vertex -7.00184 1.59065 3.5
      vertex -7.00951 1.6 2.5
    endloop
  endfacet
  facet normal 0.773055 0.63434 0
    outer loop
      vertex -7.00951 1.6 2.5
      vertex -7.04335 1.64124 0
      vertex -7.04335 1.64124 2.5
    endloop
  endfacet
  facet normal 0.773071 0.634319 -5.6968e-07
    outer loop
      vertex -7.00951 1.6 2.5
      vertex -7.00184 1.59065 0
      vertex -7.04335 1.64124 0
    endloop
  endfacet
  facet normal 0.773146 0.634228 -0
    outer loop
      vertex -7.00184 1.59065 0
      vertex -7.00951 1.6 2.5
      vertex -7.00184 1.59065 3.5
    endloop
  endfacet
  facet normal 0.683575 0.72988 -0
    outer loop
      vertex -6.90935 1.49816 0
      vertex -6.95711 1.54289 3.5
      vertex -6.90935 1.49816 3.5
    endloop
  endfacet
  facet normal 0.683575 0.72988 0
    outer loop
      vertex -6.95711 1.54289 3.5
      vertex -6.90935 1.49816 0
      vertex -6.95711 1.54289 0
    endloop
  endfacet
  facet normal 0.162912 0.986641 -0
    outer loop
      vertex -6.38053 1.25855 0
      vertex -6.44509 1.26921 2.5
      vertex -6.38053 1.25855 2.5
    endloop
  endfacet
  facet normal 0.162912 0.986641 0
    outer loop
      vertex -6.44509 1.26921 2.5
      vertex -6.38053 1.25855 0
      vertex -6.44509 1.26921 0
    endloop
  endfacet
  facet normal -0.910858 0.41272 0
    outer loop
      vertex -5.35313 1.80771 0
      vertex -5.32612 1.86732 2.5
      vertex -5.32612 1.86732 0
    endloop
  endfacet
  facet normal -0.910858 0.41272 0
    outer loop
      vertex -5.32612 1.86732 2.5
      vertex -5.35313 1.80771 0
      vertex -5.35313 1.80771 2.5
    endloop
  endfacet
  facet normal 0.582524 -0.812814 0
    outer loop
      vertex -6.85876 3.04335 0
      vertex -6.80557 3.08147 2.5
      vertex -6.85876 3.04335 2.5
    endloop
  endfacet
  facet normal 0.582524 -0.812814 0
    outer loop
      vertex -6.80557 3.08147 2.5
      vertex -6.85876 3.04335 0
      vertex -6.80557 3.08147 0
    endloop
  endfacet
  facet normal -0.290347 0.956922 0
    outer loop
      vertex -5.92856 1.30307 0
      vertex -5.99118 1.28407 2.5
      vertex -5.92856 1.30307 2.5
    endloop
  endfacet
  facet normal -0.290347 0.956922 0
    outer loop
      vertex -5.99118 1.28407 2.5
      vertex -5.92856 1.30307 0
      vertex -5.99118 1.28407 0
    endloop
  endfacet
  facet normal 0.995177 -0.0980967 0
    outer loop
      vertex -7.24786 2.3154 2.5
      vertex -7.24144 2.38053 0
      vertex -7.24144 2.38053 2.5
    endloop
  endfacet
  facet normal 0.995177 -0.0980967 0
    outer loop
      vertex -7.24144 2.38053 0
      vertex -7.24786 2.3154 2.5
      vertex -7.24786 2.3154 0
    endloop
  endfacet
  facet normal -0.881963 0.471318 0
    outer loop
      vertex -5.38397 1.75 0
      vertex -5.35313 1.80771 2.5
      vertex -5.35313 1.80771 0
    endloop
  endfacet
  facet normal -0.881963 0.471318 0
    outer loop
      vertex -5.35313 1.80771 2.5
      vertex -5.38397 1.75 0
      vertex -5.38397 1.75 2.5
    endloop
  endfacet
  facet normal -0.634319 0.773071 0
    outer loop
      vertex -5.59065 1.49816 0
      vertex -5.64124 1.45665 2.5
      vertex -5.59065 1.49816 2.5
    endloop
  endfacet
  facet normal -0.634319 0.773071 0
    outer loop
      vertex -5.64124 1.45665 2.5
      vertex -5.59065 1.49816 0
      vertex -5.64124 1.45665 0
    endloop
  endfacet
  facet normal -0.849172 0.528116 0
    outer loop
      vertex -5.41853 1.69443 0
      vertex -5.38397 1.75 2.5
      vertex -5.38397 1.75 0
    endloop
  endfacet
  facet normal -0.849172 0.528116 0
    outer loop
      vertex -5.38397 1.75 2.5
      vertex -5.41853 1.69443 0
      vertex -5.41853 1.69443 2.5
    endloop
  endfacet
  facet normal 0.0980967 -0.995177 0
    outer loop
      vertex -6.38053 3.24144 0
      vertex -6.3154 3.24786 2.5
      vertex -6.38053 3.24144 2.5
    endloop
  endfacet
  facet normal 0.0980967 -0.995177 0
    outer loop
      vertex -6.3154 3.24786 2.5
      vertex -6.38053 3.24144 0
      vertex -6.3154 3.24786 0
    endloop
  endfacet
  facet normal -0.226935 -0.97391 0
    outer loop
      vertex -6.05491 3.23078 0
      vertex -5.99118 3.21593 2.5
      vertex -6.05491 3.23078 2.5
    endloop
  endfacet
  facet normal -0.226935 -0.97391 -0
    outer loop
      vertex -5.99118 3.21593 2.5
      vertex -6.05491 3.23078 0
      vertex -5.99118 3.21593 0
    endloop
  endfacet
  facet normal 0.935901 0.352262 0
    outer loop
      vertex -7.17388 1.86732 2.5
      vertex -7.19693 1.92856 0
      vertex -7.19693 1.92856 2.5
    endloop
  endfacet
  facet normal 0.935901 0.352262 0
    outer loop
      vertex -7.19693 1.92856 0
      vertex -7.17388 1.86732 2.5
      vertex -7.17388 1.86732 0
    endloop
  endfacet
  facet normal 0.999465 -0.0327042 0
    outer loop
      vertex -7.25 2.25 2.5
      vertex -7.24786 2.3154 0
      vertex -7.24786 2.3154 2.5
    endloop
  endfacet
  facet normal 0.999465 -0.0327042 0
    outer loop
      vertex -7.24786 2.3154 0
      vertex -7.25 2.25 2.5
      vertex -7.25 2.25 0
    endloop
  endfacet
  facet normal 0.634319 0.773071 -0
    outer loop
      vertex -6.85876 1.45665 0
      vertex -6.90935 1.49816 3.5
      vertex -6.85876 1.45665 3.5
    endloop
  endfacet
  facet normal 0.634319 0.773071 0
    outer loop
      vertex -6.90935 1.49816 3.5
      vertex -6.85876 1.45665 0
      vertex -6.90935 1.49816 0
    endloop
  endfacet
  facet normal 0.97391 0.226935 0
    outer loop
      vertex -7.21593 1.99118 2.5
      vertex -7.23078 2.05491 0
      vertex -7.23078 2.05491 2.5
    endloop
  endfacet
  facet normal 0.97391 0.226935 0
    outer loop
      vertex -7.23078 2.05491 0
      vertex -7.21593 1.99118 2.5
      vertex -7.21593 1.99118 0
    endloop
  endfacet
  facet normal 0.471318 0.881963 -0
    outer loop
      vertex -6.69229 1.35313 0
      vertex -6.75 1.38397 3.5
      vertex -6.69229 1.35313 3.5
    endloop
  endfacet
  facet normal 0.471318 0.881963 0
    outer loop
      vertex -6.75 1.38397 3.5
      vertex -6.69229 1.35313 0
      vertex -6.75 1.38397 0
    endloop
  endfacet
  facet normal -0.910858 -0.41272 0
    outer loop
      vertex -5.32612 2.63268 0
      vertex -5.35313 2.69229 2.5
      vertex -5.35313 2.69229 0
    endloop
  endfacet
  facet normal -0.910858 -0.41272 0
    outer loop
      vertex -5.35313 2.69229 2.5
      vertex -5.32612 2.63268 0
      vertex -5.32612 2.63268 2.5
    endloop
  endfacet
  facet normal -0.935901 -0.352262 0
    outer loop
      vertex -5.30307 2.57144 0
      vertex -5.32612 2.63268 2.5
      vertex -5.32612 2.63268 0
    endloop
  endfacet
  facet normal -0.935901 -0.352262 0
    outer loop
      vertex -5.32612 2.63268 2.5
      vertex -5.30307 2.57144 0
      vertex -5.30307 2.57144 2.5
    endloop
  endfacet
  facet normal 0.8819 0.471437 0
    outer loop
      vertex -7.11602 1.75 2.5
      vertex -7.14687 1.80771 0
      vertex -7.14687 1.80771 2.5
    endloop
  endfacet
  facet normal 0.8819 0.471437 0
    outer loop
      vertex -7.14687 1.80771 0
      vertex -7.11602 1.75 2.5
      vertex -7.11602 1.75 0
    endloop
  endfacet
  facet normal -0.683575 0.72988 0
    outer loop
      vertex -5.54289 1.54289 0
      vertex -5.59065 1.49816 2.5
      vertex -5.54289 1.54289 2.5
    endloop
  endfacet
  facet normal -0.683575 0.72988 0
    outer loop
      vertex -5.59065 1.49816 2.5
      vertex -5.54289 1.54289 0
      vertex -5.59065 1.49816 0
    endloop
  endfacet
  facet normal 0.352262 0.935901 -0
    outer loop
      vertex -6.57144 1.30307 0
      vertex -6.63268 1.32612 3.5
      vertex -6.57144 1.30307 3.5
    endloop
  endfacet
  facet normal 0.352262 0.935901 0
    outer loop
      vertex -6.63268 1.32612 3.5
      vertex -6.57144 1.30307 0
      vertex -6.63268 1.32612 0
    endloop
  endfacet
  facet normal 0.995177 0.0980967 0
    outer loop
      vertex -7.24144 2.11947 2.5
      vertex -7.24786 2.1846 0
      vertex -7.24786 2.1846 2.5
    endloop
  endfacet
  facet normal 0.995177 0.0980967 0
    outer loop
      vertex -7.24786 2.1846 0
      vertex -7.24144 2.11947 2.5
      vertex -7.24144 2.11947 0
    endloop
  endfacet
  facet normal 0.0979453 0.995192 -0
    outer loop
      vertex -6.3154 1.25214 0
      vertex -6.38053 1.25855 2.5
      vertex -6.3154 1.25214 2.5
    endloop
  endfacet
  facet normal 0.0979453 0.995192 0
    outer loop
      vertex -6.38053 1.25855 2.5
      vertex -6.3154 1.25214 0
      vertex -6.38053 1.25855 0
    endloop
  endfacet
  facet normal 0.0327042 0.999465 -0
    outer loop
      vertex -6.25 1.25 0
      vertex -6.3154 1.25214 2.5
      vertex -6.25 1.25 2.5
    endloop
  endfacet
  facet normal 0.0327042 0.999465 0
    outer loop
      vertex -6.3154 1.25214 2.5
      vertex -6.25 1.25 0
      vertex -6.3154 1.25214 0
    endloop
  endfacet
  facet normal 0.8819 -0.471437 0
    outer loop
      vertex -7.14687 2.69229 2.5
      vertex -7.11602 2.75 0
      vertex -7.11602 2.75 2.5
    endloop
  endfacet
  facet normal 0.8819 -0.471437 0
    outer loop
      vertex -7.11602 2.75 0
      vertex -7.14687 2.69229 2.5
      vertex -7.14687 2.69229 0
    endloop
  endfacet
  facet normal 0.773071 -0.634319 0
    outer loop
      vertex -7.04335 2.85876 2.5
      vertex -7.00184 2.90935 0
      vertex -7.00184 2.90935 2.5
    endloop
  endfacet
  facet normal 0.773071 -0.634319 0
    outer loop
      vertex -7.00184 2.90935 0
      vertex -7.04335 2.85876 2.5
      vertex -7.04335 2.85876 0
    endloop
  endfacet
  facet normal 0.849241 0.528006 0
    outer loop
      vertex -7.08147 1.69443 2.5
      vertex -7.11602 1.75 0
      vertex -7.11602 1.75 2.5
    endloop
  endfacet
  facet normal 0.849241 0.528006 0
    outer loop
      vertex -7.11602 1.75 0
      vertex -7.08147 1.69443 2.5
      vertex -7.08147 1.69443 0
    endloop
  endfacet
  facet normal -0.162912 -0.986641 0
    outer loop
      vertex -6.11947 3.24144 0
      vertex -6.05491 3.23078 2.5
      vertex -6.11947 3.24144 2.5
    endloop
  endfacet
  facet normal -0.162912 -0.986641 -0
    outer loop
      vertex -6.05491 3.23078 2.5
      vertex -6.11947 3.24144 0
      vertex -6.05491 3.23078 0
    endloop
  endfacet
  facet normal 0.582524 0.812814 -0
    outer loop
      vertex -6.80557 1.41853 0
      vertex -6.85876 1.45665 3.5
      vertex -6.80557 1.41853 3.5
    endloop
  endfacet
  facet normal 0.582524 0.812814 0
    outer loop
      vertex -6.85876 1.45665 3.5
      vertex -6.80557 1.41853 0
      vertex -6.85876 1.45665 0
    endloop
  endfacet
  facet normal 0.41272 0.910858 -0
    outer loop
      vertex -6.63268 1.32612 0
      vertex -6.69229 1.35313 3.5
      vertex -6.63268 1.32612 3.5
    endloop
  endfacet
  facet normal 0.41272 0.910858 0
    outer loop
      vertex -6.69229 1.35313 3.5
      vertex -6.63268 1.32612 0
      vertex -6.69229 1.35313 0
    endloop
  endfacet
  facet normal 0.528116 0.849172 -0
    outer loop
      vertex -6.75 1.38397 0
      vertex -6.80557 1.41853 3.5
      vertex -6.75 1.38397 3.5
    endloop
  endfacet
  facet normal 0.528116 0.849172 0
    outer loop
      vertex -6.80557 1.41853 3.5
      vertex -6.75 1.38397 0
      vertex -6.80557 1.41853 0
    endloop
  endfacet
  facet normal -0.849241 0.528006 0
    outer loop
      vertex 7.08147 -2.80557 0
      vertex 7.11602 -2.75 2.5
      vertex 7.11602 -2.75 0
    endloop
  endfacet
  facet normal -0.849241 0.528006 0
    outer loop
      vertex 7.11602 -2.75 2.5
      vertex 7.08147 -2.80557 0
      vertex 7.08147 -2.80557 2.5
    endloop
  endfacet
  facet normal 0.528116 -0.849172 0
    outer loop
      vertex 5.69443 -1.41853 0
      vertex 5.75 -1.38397 2.5
      vertex 5.69443 -1.41853 2.5
    endloop
  endfacet
  facet normal 0.528116 -0.849172 0
    outer loop
      vertex 5.75 -1.38397 2.5
      vertex 5.69443 -1.41853 0
      vertex 5.75 -1.38397 0
    endloop
  endfacet
  facet normal 0.935901 0.352262 0
    outer loop
      vertex 5.32612 -2.63268 2.5
      vertex 5.30307 -2.57144 0
      vertex 5.30307 -2.57144 2.5
    endloop
  endfacet
  facet normal 0.935901 0.352262 0
    outer loop
      vertex 5.30307 -2.57144 0
      vertex 5.32612 -2.63268 2.5
      vertex 5.32612 -2.63268 0
    endloop
  endfacet
  facet normal -0.471318 -0.881963 0
    outer loop
      vertex 6.69229 -1.35313 0
      vertex 6.75 -1.38397 3.5
      vertex 6.69229 -1.35313 3.5
    endloop
  endfacet
  facet normal -0.471318 -0.881963 -0
    outer loop
      vertex 6.75 -1.38397 3.5
      vertex 6.69229 -1.35313 0
      vertex 6.75 -1.38397 0
    endloop
  endfacet
  facet normal 0.72988 -0.683575 0
    outer loop
      vertex 5.49816 -1.59065 2.5
      vertex 5.54289 -1.54289 0
      vertex 5.54289 -1.54289 2.5
    endloop
  endfacet
  facet normal 0.72988 -0.683575 0
    outer loop
      vertex 5.54289 -1.54289 0
      vertex 5.49816 -1.59065 2.5
      vertex 5.49816 -1.59065 0
    endloop
  endfacet
  facet normal -0.528006 0.849241 0
    outer loop
      vertex 6.80557 -3.08147 0
      vertex 6.75 -3.11602 2.5
      vertex 6.80557 -3.08147 2.5
    endloop
  endfacet
  facet normal -0.528006 0.849241 0
    outer loop
      vertex 6.75 -3.11602 2.5
      vertex 6.80557 -3.08147 0
      vertex 6.75 -3.11602 0
    endloop
  endfacet
  facet normal 0.999465 0.0327042 0
    outer loop
      vertex 5.25214 -2.3154 2.5
      vertex 5.25 -2.25 0
      vertex 5.25 -2.25 2.5
    endloop
  endfacet
  facet normal 0.999465 0.0327042 0
    outer loop
      vertex 5.25 -2.25 0
      vertex 5.25214 -2.3154 2.5
      vertex 5.25214 -2.3154 0
    endloop
  endfacet
  facet normal 0.935901 -0.352262 0
    outer loop
      vertex 5.30307 -1.92856 2.5
      vertex 5.32612 -1.86732 0
      vertex 5.32612 -1.86732 2.5
    endloop
  endfacet
  facet normal 0.935901 -0.352262 0
    outer loop
      vertex 5.32612 -1.86732 0
      vertex 5.30307 -1.92856 2.5
      vertex 5.30307 -1.92856 0
    endloop
  endfacet
  facet normal 0.910858 0.41272 0
    outer loop
      vertex 5.35313 -2.69229 2.5
      vertex 5.32612 -2.63268 0
      vertex 5.32612 -2.63268 2.5
    endloop
  endfacet
  facet normal 0.910858 0.41272 0
    outer loop
      vertex 5.32612 -2.63268 0
      vertex 5.35313 -2.69229 2.5
      vertex 5.35313 -2.69229 0
    endloop
  endfacet
  facet normal 0.881963 -0.471318 0
    outer loop
      vertex 5.35313 -1.80771 2.5
      vertex 5.38397 -1.75 0
      vertex 5.38397 -1.75 2.5
    endloop
  endfacet
  facet normal 0.881963 -0.471318 0
    outer loop
      vertex 5.38397 -1.75 0
      vertex 5.35313 -1.80771 2.5
      vertex 5.35313 -1.80771 0
    endloop
  endfacet
  facet normal -0.582524 -0.812814 0
    outer loop
      vertex 6.80557 -1.41853 0
      vertex 6.85876 -1.45665 3.5
      vertex 6.80557 -1.41853 3.5
    endloop
  endfacet
  facet normal -0.582524 -0.812814 -0
    outer loop
      vertex 6.85876 -1.45665 3.5
      vertex 6.80557 -1.41853 0
      vertex 6.85876 -1.45665 0
    endloop
  endfacet
  facet normal -0.72988 0.683575 0
    outer loop
      vertex 6.95711 -2.95711 0
      vertex 7.00184 -2.90935 2.5
      vertex 7.00184 -2.90935 0
    endloop
  endfacet
  facet normal -0.72988 0.683575 0
    outer loop
      vertex 7.00184 -2.90935 2.5
      vertex 6.95711 -2.95711 0
      vertex 6.95711 -2.95711 2.5
    endloop
  endfacet
  facet normal 0.0327042 0.999465 -0
    outer loop
      vertex 6.25 -3.25 0
      vertex 6.1846 -3.24786 2.5
      vertex 6.25 -3.25 2.5
    endloop
  endfacet
  facet normal 0.0327042 0.999465 0
    outer loop
      vertex 6.1846 -3.24786 2.5
      vertex 6.25 -3.25 0
      vertex 6.1846 -3.24786 0
    endloop
  endfacet
  facet normal -0.986641 0.162912 0
    outer loop
      vertex 7.23078 -2.44509 0
      vertex 7.24144 -2.38053 2.5
      vertex 7.24144 -2.38053 0
    endloop
  endfacet
  facet normal -0.986641 0.162912 0
    outer loop
      vertex 7.24144 -2.38053 2.5
      vertex 7.23078 -2.44509 0
      vertex 7.23078 -2.44509 2.5
    endloop
  endfacet
  facet normal 0.956922 -0.290347 0
    outer loop
      vertex 5.28407 -1.99118 2.5
      vertex 5.30307 -1.92856 0
      vertex 5.30307 -1.92856 2.5
    endloop
  endfacet
  facet normal 0.956922 -0.290347 0
    outer loop
      vertex 5.30307 -1.92856 0
      vertex 5.28407 -1.99118 2.5
      vertex 5.28407 -1.99118 0
    endloop
  endfacet
  facet normal -0.956922 -0.290347 0
    outer loop
      vertex 7.21593 -1.99118 0
      vertex 7.19693 -1.92856 2.5
      vertex 7.19693 -1.92856 0
    endloop
  endfacet
  facet normal -0.956922 -0.290347 0
    outer loop
      vertex 7.19693 -1.92856 2.5
      vertex 7.21593 -1.99118 0
      vertex 7.21593 -1.99118 2.5
    endloop
  endfacet
  facet normal -0.8819 0.471437 0
    outer loop
      vertex 7.11602 -2.75 0
      vertex 7.14687 -2.69229 2.5
      vertex 7.14687 -2.69229 0
    endloop
  endfacet
  facet normal -0.8819 0.471437 0
    outer loop
      vertex 7.14687 -2.69229 2.5
      vertex 7.11602 -2.75 0
      vertex 7.11602 -2.75 2.5
    endloop
  endfacet
  facet normal -0.995177 -0.0980967 0
    outer loop
      vertex 7.24786 -2.1846 0
      vertex 7.24144 -2.11947 2.5
      vertex 7.24144 -2.11947 0
    endloop
  endfacet
  facet normal -0.995177 -0.0980967 0
    outer loop
      vertex 7.24144 -2.11947 2.5
      vertex 7.24786 -2.1846 0
      vertex 7.24786 -2.1846 2.5
    endloop
  endfacet
  facet normal -0.97391 0.226935 0
    outer loop
      vertex 7.21593 -2.50882 0
      vertex 7.23078 -2.44509 2.5
      vertex 7.23078 -2.44509 0
    endloop
  endfacet
  facet normal -0.97391 0.226935 0
    outer loop
      vertex 7.23078 -2.44509 2.5
      vertex 7.21593 -2.50882 0
      vertex 7.21593 -2.50882 2.5
    endloop
  endfacet
  facet normal -0.41272 0.910858 0
    outer loop
      vertex 6.69229 -3.14687 0
      vertex 6.63268 -3.17388 2.5
      vertex 6.69229 -3.14687 2.5
    endloop
  endfacet
  facet normal -0.41272 0.910858 0
    outer loop
      vertex 6.63268 -3.17388 2.5
      vertex 6.69229 -3.14687 0
      vertex 6.63268 -3.17388 0
    endloop
  endfacet
  facet normal -0.999465 -0.0327042 0
    outer loop
      vertex 7.25 -2.25 0
      vertex 7.24786 -2.1846 2.5
      vertex 7.24786 -2.1846 0
    endloop
  endfacet
  facet normal -0.999465 -0.0327042 0
    outer loop
      vertex 7.24786 -2.1846 2.5
      vertex 7.25 -2.25 0
      vertex 7.25 -2.25 2.5
    endloop
  endfacet
  facet normal -0.471437 0.8819 0
    outer loop
      vertex 6.75 -3.11602 0
      vertex 6.69229 -3.14687 2.5
      vertex 6.75 -3.11602 2.5
    endloop
  endfacet
  facet normal -0.471437 0.8819 0
    outer loop
      vertex 6.69229 -3.14687 2.5
      vertex 6.75 -3.11602 0
      vertex 6.69229 -3.14687 0
    endloop
  endfacet
  facet normal -0.986641 -0.162912 0
    outer loop
      vertex 7.24144 -2.11947 0
      vertex 7.23078 -2.05491 2.5
      vertex 7.23078 -2.05491 0
    endloop
  endfacet
  facet normal -0.986641 -0.162912 0
    outer loop
      vertex 7.23078 -2.05491 2.5
      vertex 7.24144 -2.11947 0
      vertex 7.24144 -2.11947 2.5
    endloop
  endfacet
  facet normal -0.812814 -0.582524 0
    outer loop
      vertex 7.08147 -1.69443 0
      vertex 7.04335 -1.64124 2.5
      vertex 7.04335 -1.64124 0
    endloop
  endfacet
  facet normal -0.812814 -0.582524 0
    outer loop
      vertex 7.04335 -1.64124 2.5
      vertex 7.08147 -1.69443 0
      vertex 7.08147 -1.69443 2.5
    endloop
  endfacet
  facet normal 0.995192 0.0979453 0
    outer loop
      vertex 5.25855 -2.38053 2.5
      vertex 5.25214 -2.3154 0
      vertex 5.25214 -2.3154 2.5
    endloop
  endfacet
  facet normal 0.995192 0.0979453 0
    outer loop
      vertex 5.25214 -2.3154 0
      vertex 5.25855 -2.38053 2.5
      vertex 5.25855 -2.38053 0
    endloop
  endfacet
  facet normal 0.973876 0.22708 0
    outer loop
      vertex 5.28407 -2.50882 2.5
      vertex 5.26921 -2.44509 0
      vertex 5.26921 -2.44509 2.5
    endloop
  endfacet
  facet normal 0.973876 0.22708 0
    outer loop
      vertex 5.26921 -2.44509 0
      vertex 5.28407 -2.50882 2.5
      vertex 5.28407 -2.50882 0
    endloop
  endfacet
  facet normal 0.582524 -0.812814 0
    outer loop
      vertex 5.64124 -1.45665 0
      vertex 5.69443 -1.41853 2.5
      vertex 5.64124 -1.45665 2.5
    endloop
  endfacet
  facet normal 0.582524 -0.812814 0
    outer loop
      vertex 5.69443 -1.41853 2.5
      vertex 5.64124 -1.45665 0
      vertex 5.69443 -1.41853 0
    endloop
  endfacet
  facet normal -0.910858 -0.41272 0
    outer loop
      vertex 7.17388 -1.86732 0
      vertex 7.14687 -1.80771 2.5
      vertex 7.14687 -1.80771 0
    endloop
  endfacet
  facet normal -0.910858 -0.41272 0
    outer loop
      vertex 7.14687 -1.80771 2.5
      vertex 7.17388 -1.86732 0
      vertex 7.17388 -1.86732 2.5
    endloop
  endfacet
  facet normal -0.812814 0.582524 0
    outer loop
      vertex 7.04335 -2.85876 0
      vertex 7.08147 -2.80557 2.5
      vertex 7.08147 -2.80557 0
    endloop
  endfacet
  facet normal -0.812814 0.582524 0
    outer loop
      vertex 7.08147 -2.80557 2.5
      vertex 7.04335 -2.85876 0
      vertex 7.04335 -2.85876 2.5
    endloop
  endfacet
  facet normal -0.0980967 0.995177 0
    outer loop
      vertex 6.38053 -3.24144 0
      vertex 6.3154 -3.24786 2.5
      vertex 6.38053 -3.24144 2.5
    endloop
  endfacet
  facet normal -0.0980967 0.995177 0
    outer loop
      vertex 6.3154 -3.24786 2.5
      vertex 6.38053 -3.24144 0
      vertex 6.3154 -3.24786 0
    endloop
  endfacet
  facet normal 0 0 -1
    outer loop
      vertex 6.45 -1.6 3.5
      vertex 7.00184 -1.59065 3.5
      vertex 7.00951 -1.6 3.5
    endloop
  endfacet
  facet normal -0 0 -1
    outer loop
      vertex 7.00184 -1.59065 3.5
      vertex 6.45 -1.6 3.5
      vertex 6.95711 -1.54289 3.5
    endloop
  endfacet
  facet normal -0 0 -1
    outer loop
      vertex 6.95711 -1.54289 3.5
      vertex 6.45 -1.6 3.5
      vertex 6.90935 -1.49816 3.5
    endloop
  endfacet
  facet normal -0 0 -1
    outer loop
      vertex 6.90935 -1.49816 3.5
      vertex 6.45 -1.6 3.5
      vertex 6.85876 -1.45665 3.5
    endloop
  endfacet
  facet normal -0 0 -1
    outer loop
      vertex 6.85876 -1.45665 3.5
      vertex 6.45 -1.6 3.5
      vertex 6.80557 -1.41853 3.5
    endloop
  endfacet
  facet normal -0 0 -1
    outer loop
      vertex 6.80557 -1.41853 3.5
      vertex 6.45 -1.6 3.5
      vertex 6.75 -1.38397 3.5
    endloop
  endfacet
  facet normal -0 0 -1
    outer loop
      vertex 6.75 -1.38397 3.5
      vertex 6.45 -1.6 3.5
      vertex 6.69229 -1.35313 3.5
    endloop
  endfacet
  facet normal -0 0 -1
    outer loop
      vertex 6.69229 -1.35313 3.5
      vertex 6.45 -1.6 3.5
      vertex 6.63268 -1.32612 3.5
    endloop
  endfacet
  facet normal -0 0 -1
    outer loop
      vertex 6.63268 -1.32612 3.5
      vertex 6.45 -1.6 3.5
      vertex 6.57144 -1.30307 3.5
    endloop
  endfacet
  facet normal -0 0 -1
    outer loop
      vertex 6.57144 -1.30307 3.5
      vertex 6.45 -1.6 3.5
      vertex 6.50882 -1.28407 3.5
    endloop
  endfacet
  facet normal -0 0 -1
    outer loop
      vertex 6.50882 -1.28407 3.5
      vertex 6.45 -1.6 3.5
      vertex 6.45 -1.27036 3.5
    endloop
  endfacet
  facet normal 0.352262 -0.935901 0
    outer loop
      vertex 5.86732 -1.32612 0
      vertex 5.92856 -1.30307 2.5
      vertex 5.86732 -1.32612 2.5
    endloop
  endfacet
  facet normal 0.352262 -0.935901 0
    outer loop
      vertex 5.92856 -1.30307 2.5
      vertex 5.86732 -1.32612 0
      vertex 5.92856 -1.30307 0
    endloop
  endfacet
  facet normal -0.0979453 -0.995192 0
    outer loop
      vertex 6.3154 -1.25214 0
      vertex 6.38053 -1.25855 2.5
      vertex 6.3154 -1.25214 2.5
    endloop
  endfacet
  facet normal -0.0979453 -0.995192 -0
    outer loop
      vertex 6.38053 -1.25855 2.5
      vertex 6.3154 -1.25214 0
      vertex 6.38053 -1.25855 0
    endloop
  endfacet
  facet normal -0.162912 -0.986641 0
    outer loop
      vertex 6.38053 -1.25855 0
      vertex 6.44509 -1.26921 2.5
      vertex 6.38053 -1.25855 2.5
    endloop
  endfacet
  facet normal -0.162912 -0.986641 -0
    outer loop
      vertex 6.44509 -1.26921 2.5
      vertex 6.38053 -1.25855 0
      vertex 6.44509 -1.26921 0
    endloop
  endfacet
  facet normal 0.973876 -0.22708 0
    outer loop
      vertex 5.26921 -2.05491 2.5
      vertex 5.28407 -1.99118 0
      vertex 5.28407 -1.99118 2.5
    endloop
  endfacet
  facet normal 0.973876 -0.22708 0
    outer loop
      vertex 5.28407 -1.99118 0
      vertex 5.26921 -2.05491 2.5
      vertex 5.26921 -2.05491 0
    endloop
  endfacet
  facet normal -0.773071 0.634319 0
    outer loop
      vertex 7.00184 -2.90935 0
      vertex 7.04335 -2.85876 2.5
      vertex 7.04335 -2.85876 0
    endloop
  endfacet
  facet normal -0.773071 0.634319 0
    outer loop
      vertex 7.04335 -2.85876 2.5
      vertex 7.00184 -2.90935 0
      vertex 7.00184 -2.90935 2.5
    endloop
  endfacet
  facet normal -0.0327042 0.999465 0
    outer loop
      vertex 6.3154 -3.24786 0
      vertex 6.25 -3.25 2.5
      vertex 6.3154 -3.24786 2.5
    endloop
  endfacet
  facet normal -0.0327042 0.999465 0
    outer loop
      vertex 6.25 -3.25 2.5
      vertex 6.3154 -3.24786 0
      vertex 6.25 -3.25 0
    endloop
  endfacet
  facet normal -0.352262 0.935901 0
    outer loop
      vertex 6.63268 -3.17388 0
      vertex 6.57144 -3.19693 2.5
      vertex 6.63268 -3.17388 2.5
    endloop
  endfacet
  facet normal -0.352262 0.935901 0
    outer loop
      vertex 6.57144 -3.19693 2.5
      vertex 6.63268 -3.17388 0
      vertex 6.57144 -3.19693 0
    endloop
  endfacet
  facet normal -0.290347 -0.956922 0
    outer loop
      vertex 6.50882 -1.28407 0
      vertex 6.57144 -1.30307 3.5
      vertex 6.50882 -1.28407 3.5
    endloop
  endfacet
  facet normal -0.290347 -0.956922 -0
    outer loop
      vertex 6.57144 -1.30307 3.5
      vertex 6.50882 -1.28407 0
      vertex 6.57144 -1.30307 0
    endloop
  endfacet
  facet normal 0.471437 0.8819 -0
    outer loop
      vertex 5.80771 -3.14687 0
      vertex 5.75 -3.11602 2.5
      vertex 5.80771 -3.14687 2.5
    endloop
  endfacet
  facet normal 0.471437 0.8819 0
    outer loop
      vertex 5.75 -3.11602 2.5
      vertex 5.80771 -3.14687 0
      vertex 5.75 -3.11602 0
    endloop
  endfacet
  facet normal -0.935901 0.352262 0
    outer loop
      vertex 7.17388 -2.63268 0
      vertex 7.19693 -2.57144 2.5
      vertex 7.19693 -2.57144 0
    endloop
  endfacet
  facet normal -0.935901 0.352262 0
    outer loop
      vertex 7.19693 -2.57144 2.5
      vertex 7.17388 -2.63268 0
      vertex 7.17388 -2.63268 2.5
    endloop
  endfacet
  facet normal -0.226935 0.97391 0
    outer loop
      vertex 6.50882 -3.21593 0
      vertex 6.44509 -3.23078 2.5
      vertex 6.50882 -3.21593 2.5
    endloop
  endfacet
  facet normal -0.226935 0.97391 0
    outer loop
      vertex 6.44509 -3.23078 2.5
      vertex 6.50882 -3.21593 0
      vertex 6.44509 -3.23078 0
    endloop
  endfacet
  facet normal -0.634319 0.773071 0
    outer loop
      vertex 6.90935 -3.00184 0
      vertex 6.85876 -3.04335 2.5
      vertex 6.90935 -3.00184 2.5
    endloop
  endfacet
  facet normal -0.634319 0.773071 0
    outer loop
      vertex 6.85876 -3.04335 2.5
      vertex 6.90935 -3.00184 0
      vertex 6.85876 -3.04335 0
    endloop
  endfacet
  facet normal -0.995177 0.0980967 0
    outer loop
      vertex 7.24144 -2.38053 0
      vertex 7.24786 -2.3154 2.5
      vertex 7.24786 -2.3154 0
    endloop
  endfacet
  facet normal -0.995177 0.0980967 0
    outer loop
      vertex 7.24786 -2.3154 2.5
      vertex 7.24144 -2.38053 0
      vertex 7.24144 -2.38053 2.5
    endloop
  endfacet
  facet normal 0.773071 -0.634319 0
    outer loop
      vertex 5.45665 -1.64124 2.5
      vertex 5.49816 -1.59065 0
      vertex 5.49816 -1.59065 2.5
    endloop
  endfacet
  facet normal 0.773071 -0.634319 0
    outer loop
      vertex 5.49816 -1.59065 0
      vertex 5.45665 -1.64124 2.5
      vertex 5.45665 -1.64124 0
    endloop
  endfacet
  facet normal 0.352262 0.935901 -0
    outer loop
      vertex 5.92856 -3.19693 0
      vertex 5.86732 -3.17388 2.5
      vertex 5.92856 -3.19693 2.5
    endloop
  endfacet
  facet normal 0.352262 0.935901 0
    outer loop
      vertex 5.86732 -3.17388 2.5
      vertex 5.92856 -3.19693 0
      vertex 5.86732 -3.17388 0
    endloop
  endfacet
  facet normal -0.290347 0.956922 0
    outer loop
      vertex 6.57144 -3.19693 0
      vertex 6.50882 -3.21593 2.5
      vertex 6.57144 -3.19693 2.5
    endloop
  endfacet
  facet normal -0.290347 0.956922 0
    outer loop
      vertex 6.50882 -3.21593 2.5
      vertex 6.57144 -3.19693 0
      vertex 6.50882 -3.21593 0
    endloop
  endfacet
  facet normal -0.528116 -0.849172 0
    outer loop
      vertex 6.75 -1.38397 0
      vertex 6.80557 -1.41853 3.5
      vertex 6.75 -1.38397 3.5
    endloop
  endfacet
  facet normal -0.528116 -0.849172 -0
    outer loop
      vertex 6.80557 -1.41853 3.5
      vertex 6.75 -1.38397 0
      vertex 6.80557 -1.41853 0
    endloop
  endfacet
  facet normal 0.290347 -0.956922 0
    outer loop
      vertex 5.92856 -1.30307 0
      vertex 5.99118 -1.28407 2.5
      vertex 5.92856 -1.30307 2.5
    endloop
  endfacet
  facet normal 0.290347 -0.956922 0
    outer loop
      vertex 5.99118 -1.28407 2.5
      vertex 5.92856 -1.30307 0
      vertex 5.99118 -1.28407 0
    endloop
  endfacet
  facet normal -0.999465 0.0327042 0
    outer loop
      vertex 7.24786 -2.3154 0
      vertex 7.25 -2.25 2.5
      vertex 7.25 -2.25 0
    endloop
  endfacet
  facet normal -0.999465 0.0327042 0
    outer loop
      vertex 7.25 -2.25 2.5
      vertex 7.24786 -2.3154 0
      vertex 7.24786 -2.3154 2.5
    endloop
  endfacet
  facet normal -0.0327042 -0.999465 0
    outer loop
      vertex 6.25 -1.25 0
      vertex 6.3154 -1.25214 2.5
      vertex 6.25 -1.25 2.5
    endloop
  endfacet
  facet normal -0.0327042 -0.999465 -0
    outer loop
      vertex 6.3154 -1.25214 2.5
      vertex 6.25 -1.25 0
      vertex 6.3154 -1.25214 0
    endloop
  endfacet
  facet normal 0.634319 -0.773071 0
    outer loop
      vertex 5.59065 -1.49816 0
      vertex 5.64124 -1.45665 2.5
      vertex 5.59065 -1.49816 2.5
    endloop
  endfacet
  facet normal 0.634319 -0.773071 0
    outer loop
      vertex 5.64124 -1.45665 2.5
      vertex 5.59065 -1.49816 0
      vertex 5.64124 -1.45665 0
    endloop
  endfacet
  facet normal 0.528006 0.849241 -0
    outer loop
      vertex 5.75 -3.11602 0
      vertex 5.69443 -3.08147 2.5
      vertex 5.75 -3.11602 2.5
    endloop
  endfacet
  facet normal 0.528006 0.849241 0
    outer loop
      vertex 5.69443 -3.08147 2.5
      vertex 5.75 -3.11602 0
      vertex 5.69443 -3.08147 0
    endloop
  endfacet
  facet normal -0.97391 -0.226935 0
    outer loop
      vertex 7.23078 -2.05491 0
      vertex 7.21593 -1.99118 2.5
      vertex 7.21593 -1.99118 0
    endloop
  endfacet
  facet normal -0.97391 -0.226935 0
    outer loop
      vertex 7.21593 -1.99118 2.5
      vertex 7.23078 -2.05491 0
      vertex 7.23078 -2.05491 2.5
    endloop
  endfacet
  facet normal 0.582524 0.812814 -0
    outer loop
      vertex 5.69443 -3.08147 0
      vertex 5.64124 -3.04335 2.5
      vertex 5.69443 -3.08147 2.5
    endloop
  endfacet
  facet normal 0.582524 0.812814 0
    outer loop
      vertex 5.64124 -3.04335 2.5
      vertex 5.69443 -3.08147 0
      vertex 5.64124 -3.04335 0
    endloop
  endfacet
  facet normal 0.0327042 -0.999465 0
    outer loop
      vertex 6.1846 -1.25214 0
      vertex 6.25 -1.25 2.5
      vertex 6.1846 -1.25214 2.5
    endloop
  endfacet
  facet normal 0.0327042 -0.999465 0
    outer loop
      vertex 6.25 -1.25 2.5
      vertex 6.1846 -1.25214 0
      vertex 6.25 -1.25 0
    endloop
  endfacet
  facet normal 0.999465 -0.0327042 0
    outer loop
      vertex 5.25 -2.25 2.5
      vertex 5.25214 -2.1846 0
      vertex 5.25214 -2.1846 2.5
    endloop
  endfacet
  facet normal 0.999465 -0.0327042 0
    outer loop
      vertex 5.25214 -2.1846 0
      vertex 5.25 -2.25 2.5
      vertex 5.25 -2.25 0
    endloop
  endfacet
  facet normal -0.849241 -0.528006 0
    outer loop
      vertex 7.11602 -1.75 0
      vertex 7.08147 -1.69443 2.5
      vertex 7.08147 -1.69443 0
    endloop
  endfacet
  facet normal -0.849241 -0.528006 0
    outer loop
      vertex 7.08147 -1.69443 2.5
      vertex 7.11602 -1.75 0
      vertex 7.11602 -1.75 2.5
    endloop
  endfacet
  facet normal -0.162912 0.986641 0
    outer loop
      vertex 6.44509 -3.23078 0
      vertex 6.38053 -3.24144 2.5
      vertex 6.44509 -3.23078 2.5
    endloop
  endfacet
  facet normal -0.162912 0.986641 0
    outer loop
      vertex 6.38053 -3.24144 2.5
      vertex 6.44509 -3.23078 0
      vertex 6.38053 -3.24144 0
    endloop
  endfacet
  facet normal 0.290347 0.956922 -0
    outer loop
      vertex 5.99118 -3.21593 0
      vertex 5.92856 -3.19693 2.5
      vertex 5.99118 -3.21593 2.5
    endloop
  endfacet
  facet normal 0.290347 0.956922 0
    outer loop
      vertex 5.92856 -3.19693 2.5
      vertex 5.99118 -3.21593 0
      vertex 5.92856 -3.19693 0
    endloop
  endfacet
  facet normal -0.41272 -0.910858 0
    outer loop
      vertex 6.63268 -1.32612 0
      vertex 6.69229 -1.35313 3.5
      vertex 6.63268 -1.32612 3.5
    endloop
  endfacet
  facet normal -0.41272 -0.910858 -0
    outer loop
      vertex 6.69229 -1.35313 3.5
      vertex 6.63268 -1.32612 0
      vertex 6.69229 -1.35313 0
    endloop
  endfacet
  facet normal -0.773146 -0.634228 0
    outer loop
      vertex 7.00184 -1.59065 0
      vertex 7.00951 -1.6 2.5
      vertex 7.00184 -1.59065 3.5
    endloop
  endfacet
  facet normal -0.773071 -0.634319 -5.6968e-07
    outer loop
      vertex 7.04335 -1.64124 0
      vertex 7.00951 -1.6 2.5
      vertex 7.00184 -1.59065 0
    endloop
  endfacet
  facet normal -0.773055 -0.63434 0
    outer loop
      vertex 7.00951 -1.6 2.5
      vertex 7.04335 -1.64124 0
      vertex 7.04335 -1.64124 2.5
    endloop
  endfacet
  facet normal -0.773146 -0.634228 0
    outer loop
      vertex 7.00184 -1.59065 3.5
      vertex 7.00951 -1.6 2.5
      vertex 7.00951 -1.6 3.5
    endloop
  endfacet
  facet normal 0.0979453 -0.995192 0
    outer loop
      vertex 6.11947 -1.25855 0
      vertex 6.1846 -1.25214 2.5
      vertex 6.11947 -1.25855 2.5
    endloop
  endfacet
  facet normal 0.0979453 -0.995192 0
    outer loop
      vertex 6.1846 -1.25214 2.5
      vertex 6.11947 -1.25855 0
      vertex 6.1846 -1.25214 0
    endloop
  endfacet
  facet normal -0.683575 0.72988 0
    outer loop
      vertex 6.95711 -2.95711 0
      vertex 6.90935 -3.00184 2.5
      vertex 6.95711 -2.95711 2.5
    endloop
  endfacet
  facet normal -0.683575 0.72988 0
    outer loop
      vertex 6.90935 -3.00184 2.5
      vertex 6.95711 -2.95711 0
      vertex 6.90935 -3.00184 0
    endloop
  endfacet
  facet normal -0.956922 0.290347 0
    outer loop
      vertex 7.19693 -2.57144 0
      vertex 7.21593 -2.50882 2.5
      vertex 7.21593 -2.50882 0
    endloop
  endfacet
  facet normal -0.956922 0.290347 0
    outer loop
      vertex 7.21593 -2.50882 2.5
      vertex 7.19693 -2.57144 0
      vertex 7.19693 -2.57144 2.5
    endloop
  endfacet
  facet normal 0.41272 0.910858 -0
    outer loop
      vertex 5.86732 -3.17388 0
      vertex 5.80771 -3.14687 2.5
      vertex 5.86732 -3.17388 2.5
    endloop
  endfacet
  facet normal 0.41272 0.910858 0
    outer loop
      vertex 5.80771 -3.14687 2.5
      vertex 5.86732 -3.17388 0
      vertex 5.80771 -3.14687 0
    endloop
  endfacet
  facet normal -0.352262 -0.935901 0
    outer loop
      vertex 6.57144 -1.30307 0
      vertex 6.63268 -1.32612 3.5
      vertex 6.57144 -1.30307 3.5
    endloop
  endfacet
  facet normal -0.352262 -0.935901 -0
    outer loop
      vertex 6.63268 -1.32612 3.5
      vertex 6.57144 -1.30307 0
      vertex 6.63268 -1.32612 0
    endloop
  endfacet
  facet normal 0.995192 -0.0979453 0
    outer loop
      vertex 5.25214 -2.1846 2.5
      vertex 5.25855 -2.11947 0
      vertex 5.25855 -2.11947 2.5
    endloop
  endfacet
  facet normal 0.995192 -0.0979453 0
    outer loop
      vertex 5.25855 -2.11947 0
      vertex 5.25214 -2.1846 2.5
      vertex 5.25214 -2.1846 0
    endloop
  endfacet
  facet normal 0.471318 -0.881963 0
    outer loop
      vertex 5.75 -1.38397 0
      vertex 5.80771 -1.35313 2.5
      vertex 5.75 -1.38397 2.5
    endloop
  endfacet
  facet normal 0.471318 -0.881963 0
    outer loop
      vertex 5.80771 -1.35313 2.5
      vertex 5.75 -1.38397 0
      vertex 5.80771 -1.35313 0
    endloop
  endfacet
  facet normal 0.910858 -0.41272 0
    outer loop
      vertex 5.32612 -1.86732 2.5
      vertex 5.35313 -1.80771 0
      vertex 5.35313 -1.80771 2.5
    endloop
  endfacet
  facet normal 0.910858 -0.41272 0
    outer loop
      vertex 5.35313 -1.80771 0
      vertex 5.32612 -1.86732 2.5
      vertex 5.32612 -1.86732 0
    endloop
  endfacet
  facet normal -0.8819 -0.471437 0
    outer loop
      vertex 7.14687 -1.80771 0
      vertex 7.11602 -1.75 2.5
      vertex 7.11602 -1.75 0
    endloop
  endfacet
  facet normal -0.8819 -0.471437 0
    outer loop
      vertex 7.11602 -1.75 2.5
      vertex 7.14687 -1.80771 0
      vertex 7.14687 -1.80771 2.5
    endloop
  endfacet
  facet normal 0.986641 -0.162912 0
    outer loop
      vertex 5.25855 -2.11947 2.5
      vertex 5.26921 -2.05491 0
      vertex 5.26921 -2.05491 2.5
    endloop
  endfacet
  facet normal 0.986641 -0.162912 0
    outer loop
      vertex 5.26921 -2.05491 0
      vertex 5.25855 -2.11947 2.5
      vertex 5.25855 -2.11947 0
    endloop
  endfacet
  facet normal -0.634319 -0.773071 0
    outer loop
      vertex 6.85876 -1.45665 0
      vertex 6.90935 -1.49816 3.5
      vertex 6.85876 -1.45665 3.5
    endloop
  endfacet
  facet normal -0.634319 -0.773071 -0
    outer loop
      vertex 6.90935 -1.49816 3.5
      vertex 6.85876 -1.45665 0
      vertex 6.90935 -1.49816 0
    endloop
  endfacet
  facet normal -0.935901 -0.352262 0
    outer loop
      vertex 7.19693 -1.92856 0
      vertex 7.17388 -1.86732 2.5
      vertex 7.17388 -1.86732 0
    endloop
  endfacet
  facet normal -0.935901 -0.352262 0
    outer loop
      vertex 7.17388 -1.86732 2.5
      vertex 7.19693 -1.92856 0
      vertex 7.19693 -1.92856 2.5
    endloop
  endfacet
  facet normal -0.683575 -0.72988 0
    outer loop
      vertex 6.90935 -1.49816 0
      vertex 6.95711 -1.54289 3.5
      vertex 6.90935 -1.49816 3.5
    endloop
  endfacet
  facet normal -0.683575 -0.72988 -0
    outer loop
      vertex 6.95711 -1.54289 3.5
      vertex 6.90935 -1.49816 0
      vertex 6.95711 -1.54289 0
    endloop
  endfacet
  facet normal 0.773071 0.634319 0
    outer loop
      vertex 5.49816 -2.90935 2.5
      vertex 5.45665 -2.85876 0
      vertex 5.45665 -2.85876 2.5
    endloop
  endfacet
  facet normal 0.773071 0.634319 0
    outer loop
      vertex 5.45665 -2.85876 0
      vertex 5.49816 -2.90935 2.5
      vertex 5.49816 -2.90935 0
    endloop
  endfacet
  facet normal 0.812814 0.582524 0
    outer loop
      vertex 5.45665 -2.85876 2.5
      vertex 5.41853 -2.80557 0
      vertex 5.41853 -2.80557 2.5
    endloop
  endfacet
  facet normal 0.812814 0.582524 0
    outer loop
      vertex 5.41853 -2.80557 0
      vertex 5.45665 -2.85876 2.5
      vertex 5.45665 -2.85876 0
    endloop
  endfacet
  facet normal 0.956922 0.290347 0
    outer loop
      vertex 5.30307 -2.57144 2.5
      vertex 5.28407 -2.50882 0
      vertex 5.28407 -2.50882 2.5
    endloop
  endfacet
  facet normal 0.956922 0.290347 0
    outer loop
      vertex 5.28407 -2.50882 0
      vertex 5.30307 -2.57144 2.5
      vertex 5.30307 -2.57144 0
    endloop
  endfacet
  facet normal -0.72988 -0.683575 0
    outer loop
      vertex 7.00184 -1.59065 0
      vertex 6.95711 -1.54289 3.5
      vertex 6.95711 -1.54289 0
    endloop
  endfacet
  facet normal -0.72988 -0.683575 0
    outer loop
      vertex 6.95711 -1.54289 3.5
      vertex 7.00184 -1.59065 0
      vertex 7.00184 -1.59065 3.5
    endloop
  endfacet
  facet normal 0.683575 -0.72988 0
    outer loop
      vertex 5.54289 -1.54289 0
      vertex 5.59065 -1.49816 2.5
      vertex 5.54289 -1.54289 2.5
    endloop
  endfacet
  facet normal 0.683575 -0.72988 0
    outer loop
      vertex 5.59065 -1.49816 2.5
      vertex 5.54289 -1.54289 0
      vertex 5.59065 -1.49816 0
    endloop
  endfacet
  facet normal 0.41272 -0.910858 0
    outer loop
      vertex 5.80771 -1.35313 0
      vertex 5.86732 -1.32612 2.5
      vertex 5.80771 -1.35313 2.5
    endloop
  endfacet
  facet normal 0.41272 -0.910858 0
    outer loop
      vertex 5.86732 -1.32612 2.5
      vertex 5.80771 -1.35313 0
      vertex 5.86732 -1.32612 0
    endloop
  endfacet
  facet normal 0.162912 -0.986641 0
    outer loop
      vertex 6.05491 -1.26921 0
      vertex 6.11947 -1.25855 2.5
      vertex 6.05491 -1.26921 2.5
    endloop
  endfacet
  facet normal 0.162912 -0.986641 0
    outer loop
      vertex 6.11947 -1.25855 2.5
      vertex 6.05491 -1.26921 0
      vertex 6.11947 -1.25855 0
    endloop
  endfacet
  facet normal 0.849172 -0.528116 0
    outer loop
      vertex 5.38397 -1.75 2.5
      vertex 5.41853 -1.69443 0
      vertex 5.41853 -1.69443 2.5
    endloop
  endfacet
  facet normal 0.849172 -0.528116 0
    outer loop
      vertex 5.41853 -1.69443 0
      vertex 5.38397 -1.75 2.5
      vertex 5.38397 -1.75 0
    endloop
  endfacet
  facet normal 0.22708 -0.973876 0
    outer loop
      vertex 5.99118 -1.28407 0
      vertex 6.05491 -1.26921 2.5
      vertex 5.99118 -1.28407 2.5
    endloop
  endfacet
  facet normal 0.22708 -0.973876 0
    outer loop
      vertex 6.05491 -1.26921 2.5
      vertex 5.99118 -1.28407 0
      vertex 6.05491 -1.26921 0
    endloop
  endfacet
  facet normal 0.72988 0.683575 0
    outer loop
      vertex 5.54289 -2.95711 2.5
      vertex 5.49816 -2.90935 0
      vertex 5.49816 -2.90935 2.5
    endloop
  endfacet
  facet normal 0.72988 0.683575 0
    outer loop
      vertex 5.49816 -2.90935 0
      vertex 5.54289 -2.95711 2.5
      vertex 5.54289 -2.95711 0
    endloop
  endfacet
  facet normal 0.162912 0.986641 -0
    outer loop
      vertex 6.11947 -3.24144 0
      vertex 6.05491 -3.23078 2.5
      vertex 6.11947 -3.24144 2.5
    endloop
  endfacet
  facet normal 0.162912 0.986641 0
    outer loop
      vertex 6.05491 -3.23078 2.5
      vertex 6.11947 -3.24144 0
      vertex 6.05491 -3.23078 0
    endloop
  endfacet
  facet normal -0.582524 0.812814 0
    outer loop
      vertex 6.85876 -3.04335 0
      vertex 6.80557 -3.08147 2.5
      vertex 6.85876 -3.04335 2.5
    endloop
  endfacet
  facet normal -0.582524 0.812814 0
    outer loop
      vertex 6.80557 -3.08147 2.5
      vertex 6.85876 -3.04335 0
      vertex 6.80557 -3.08147 0
    endloop
  endfacet
  facet normal 0.683575 0.72988 -0
    outer loop
      vertex 5.59065 -3.00184 0
      vertex 5.54289 -2.95711 2.5
      vertex 5.59065 -3.00184 2.5
    endloop
  endfacet
  facet normal 0.683575 0.72988 0
    outer loop
      vertex 5.54289 -2.95711 2.5
      vertex 5.59065 -3.00184 0
      vertex 5.54289 -2.95711 0
    endloop
  endfacet
  facet normal -0.910858 0.41272 0
    outer loop
      vertex 7.14687 -2.69229 0
      vertex 7.17388 -2.63268 2.5
      vertex 7.17388 -2.63268 0
    endloop
  endfacet
  facet normal -0.910858 0.41272 0
    outer loop
      vertex 7.17388 -2.63268 2.5
      vertex 7.14687 -2.69229 0
      vertex 7.14687 -2.69229 2.5
    endloop
  endfacet
  facet normal 0.986641 0.162912 0
    outer loop
      vertex 5.26921 -2.44509 2.5
      vertex 5.25855 -2.38053 0
      vertex 5.25855 -2.38053 2.5
    endloop
  endfacet
  facet normal 0.986641 0.162912 0
    outer loop
      vertex 5.25855 -2.38053 0
      vertex 5.26921 -2.44509 2.5
      vertex 5.26921 -2.44509 0
    endloop
  endfacet
  facet normal 0.226935 0.97391 -0
    outer loop
      vertex 6.05491 -3.23078 0
      vertex 5.99118 -3.21593 2.5
      vertex 6.05491 -3.23078 2.5
    endloop
  endfacet
  facet normal 0.226935 0.97391 0
    outer loop
      vertex 5.99118 -3.21593 2.5
      vertex 6.05491 -3.23078 0
      vertex 5.99118 -3.21593 0
    endloop
  endfacet
  facet normal 0.0980967 0.995177 -0
    outer loop
      vertex 6.1846 -3.24786 0
      vertex 6.11947 -3.24144 2.5
      vertex 6.1846 -3.24786 2.5
    endloop
  endfacet
  facet normal 0.0980967 0.995177 0
    outer loop
      vertex 6.11947 -3.24144 2.5
      vertex 6.1846 -3.24786 0
      vertex 6.11947 -3.24144 0
    endloop
  endfacet
  facet normal -0.228044 -0.973651 -0
    outer loop
      vertex 6.44509 -1.26921 2.5
      vertex 6.44509 -1.26921 0
      vertex 6.45 -1.27036 2.5
    endloop
  endfacet
  facet normal -0.226999 -0.973895 0
    outer loop
      vertex 6.45 -1.27036 2.5
      vertex 6.50882 -1.28407 3.5
      vertex 6.45 -1.27036 3.5
    endloop
  endfacet
  facet normal -0.22708 -0.973876 -1.99818e-06
    outer loop
      vertex 6.50882 -1.28407 0
      vertex 6.45 -1.27036 2.5
      vertex 6.44509 -1.26921 0
    endloop
  endfacet
  facet normal -0.226999 -0.973895 0
    outer loop
      vertex 6.45 -1.27036 2.5
      vertex 6.50882 -1.28407 0
      vertex 6.50882 -1.28407 3.5
    endloop
  endfacet
  facet normal 0.634319 0.773071 -0
    outer loop
      vertex 5.64124 -3.04335 0
      vertex 5.59065 -3.00184 2.5
      vertex 5.64124 -3.04335 2.5
    endloop
  endfacet
  facet normal 0.634319 0.773071 0
    outer loop
      vertex 5.59065 -3.00184 2.5
      vertex 5.64124 -3.04335 0
      vertex 5.59065 -3.00184 0
    endloop
  endfacet
  facet normal 0.812814 -0.582524 0
    outer loop
      vertex 5.41853 -1.69443 2.5
      vertex 5.45665 -1.64124 0
      vertex 5.45665 -1.64124 2.5
    endloop
  endfacet
  facet normal 0.812814 -0.582524 0
    outer loop
      vertex 5.45665 -1.64124 0
      vertex 5.41853 -1.69443 2.5
      vertex 5.41853 -1.69443 0
    endloop
  endfacet
  facet normal 0.849172 0.528116 0
    outer loop
      vertex 5.41853 -2.80557 2.5
      vertex 5.38397 -2.75 0
      vertex 5.38397 -2.75 2.5
    endloop
  endfacet
  facet normal 0.849172 0.528116 0
    outer loop
      vertex 5.38397 -2.75 0
      vertex 5.41853 -2.80557 2.5
      vertex 5.41853 -2.80557 0
    endloop
  endfacet
  facet normal 0.881963 0.471318 0
    outer loop
      vertex 5.38397 -2.75 2.5
      vertex 5.35313 -2.69229 0
      vertex 5.35313 -2.69229 2.5
    endloop
  endfacet
  facet normal 0.881963 0.471318 0
    outer loop
      vertex 5.35313 -2.69229 0
      vertex 5.38397 -2.75 2.5
      vertex 5.38397 -2.75 0
    endloop
  endfacet
  facet normal -0.0979453 0.995192 0
    outer loop
      vertex 6.38053 1.25855 0
      vertex 6.3154 1.25214 2.5
      vertex 6.38053 1.25855 2.5
    endloop
  endfacet
  facet normal -0.0979453 0.995192 0
    outer loop
      vertex 6.3154 1.25214 2.5
      vertex 6.38053 1.25855 0
      vertex 6.3154 1.25214 0
    endloop
  endfacet
  facet normal 0.995192 0.0979453 0
    outer loop
      vertex 5.25855 2.11947 2.5
      vertex 5.25214 2.1846 0
      vertex 5.25214 2.1846 2.5
    endloop
  endfacet
  facet normal 0.995192 0.0979453 0
    outer loop
      vertex 5.25214 2.1846 0
      vertex 5.25855 2.11947 2.5
      vertex 5.25855 2.11947 0
    endloop
  endfacet
  facet normal 0.528116 0.849172 -0
    outer loop
      vertex 5.75 1.38397 0
      vertex 5.69443 1.41853 2.5
      vertex 5.75 1.38397 2.5
    endloop
  endfacet
  facet normal 0.528116 0.849172 0
    outer loop
      vertex 5.69443 1.41853 2.5
      vertex 5.75 1.38397 0
      vertex 5.69443 1.41853 0
    endloop
  endfacet
  facet normal 0.22708 0.973876 -0
    outer loop
      vertex 6.05491 1.26921 0
      vertex 5.99118 1.28407 2.5
      vertex 6.05491 1.26921 2.5
    endloop
  endfacet
  facet normal 0.22708 0.973876 0
    outer loop
      vertex 5.99118 1.28407 2.5
      vertex 6.05491 1.26921 0
      vertex 5.99118 1.28407 0
    endloop
  endfacet
  facet normal 0.290347 0.956922 -0
    outer loop
      vertex 5.99118 1.28407 0
      vertex 5.92856 1.30307 2.5
      vertex 5.99118 1.28407 2.5
    endloop
  endfacet
  facet normal 0.290347 0.956922 0
    outer loop
      vertex 5.92856 1.30307 2.5
      vertex 5.99118 1.28407 0
      vertex 5.92856 1.30307 0
    endloop
  endfacet
  facet normal 0.881963 -0.471318 0
    outer loop
      vertex 5.35313 2.69229 2.5
      vertex 5.38397 2.75 0
      vertex 5.38397 2.75 2.5
    endloop
  endfacet
  facet normal 0.881963 -0.471318 0
    outer loop
      vertex 5.38397 2.75 0
      vertex 5.35313 2.69229 2.5
      vertex 5.35313 2.69229 0
    endloop
  endfacet
  facet normal 0.986641 0.162912 0
    outer loop
      vertex 5.26921 2.05491 2.5
      vertex 5.25855 2.11947 0
      vertex 5.25855 2.11947 2.5
    endloop
  endfacet
  facet normal 0.986641 0.162912 0
    outer loop
      vertex 5.25855 2.11947 0
      vertex 5.26921 2.05491 2.5
      vertex 5.26921 2.05491 0
    endloop
  endfacet
  facet normal 0.973876 -0.22708 0
    outer loop
      vertex 5.26921 2.44509 2.5
      vertex 5.28407 2.50882 0
      vertex 5.28407 2.50882 2.5
    endloop
  endfacet
  facet normal 0.973876 -0.22708 0
    outer loop
      vertex 5.28407 2.50882 0
      vertex 5.26921 2.44509 2.5
      vertex 5.26921 2.44509 0
    endloop
  endfacet
  facet normal 0.0327042 -0.999465 0
    outer loop
      vertex 6.1846 3.24786 0
      vertex 6.25 3.25 2.5
      vertex 6.1846 3.24786 2.5
    endloop
  endfacet
  facet normal 0.0327042 -0.999465 0
    outer loop
      vertex 6.25 3.25 2.5
      vertex 6.1846 3.24786 0
      vertex 6.25 3.25 0
    endloop
  endfacet
  facet normal -0.582524 -0.812814 0
    outer loop
      vertex 6.80557 3.08147 0
      vertex 6.85876 3.04335 2.5
      vertex 6.80557 3.08147 2.5
    endloop
  endfacet
  facet normal -0.582524 -0.812814 -0
    outer loop
      vertex 6.85876 3.04335 2.5
      vertex 6.80557 3.08147 0
      vertex 6.85876 3.04335 0
    endloop
  endfacet
  facet normal -0.0980967 -0.995177 0
    outer loop
      vertex 6.3154 3.24786 0
      vertex 6.38053 3.24144 2.5
      vertex 6.3154 3.24786 2.5
    endloop
  endfacet
  facet normal -0.0980967 -0.995177 -0
    outer loop
      vertex 6.38053 3.24144 2.5
      vertex 6.3154 3.24786 0
      vertex 6.38053 3.24144 0
    endloop
  endfacet
  facet normal -0.773055 0.63434 0
    outer loop
      vertex 7.04335 1.64124 0
      vertex 7.00951 1.6 2.5
      vertex 7.04335 1.64124 2.5
    endloop
  endfacet
  facet normal -0.773071 0.634319 -5.6968e-07
    outer loop
      vertex 7.00184 1.59065 0
      vertex 7.00951 1.6 2.5
      vertex 7.04335 1.64124 0
    endloop
  endfacet
  facet normal -0.773146 0.634228 0
    outer loop
      vertex 7.00184 1.59065 3.5
      vertex 7.00951 1.6 2.5
      vertex 7.00184 1.59065 0
    endloop
  endfacet
  facet normal -0.773146 0.634228 0
    outer loop
      vertex 7.00951 1.6 2.5
      vertex 7.00184 1.59065 3.5
      vertex 7.00951 1.6 3.5
    endloop
  endfacet
  facet normal -0.956922 -0.290347 0
    outer loop
      vertex 7.21593 2.50882 0
      vertex 7.19693 2.57144 2.5
      vertex 7.19693 2.57144 0
    endloop
  endfacet
  facet normal -0.956922 -0.290347 0
    outer loop
      vertex 7.19693 2.57144 2.5
      vertex 7.21593 2.50882 0
      vertex 7.21593 2.50882 2.5
    endloop
  endfacet
  facet normal -0.471437 -0.8819 0
    outer loop
      vertex 6.69229 3.14687 0
      vertex 6.75 3.11602 2.5
      vertex 6.69229 3.14687 2.5
    endloop
  endfacet
  facet normal -0.471437 -0.8819 -0
    outer loop
      vertex 6.75 3.11602 2.5
      vertex 6.69229 3.14687 0
      vertex 6.75 3.11602 0
    endloop
  endfacet
  facet normal -0.162912 0.986641 0
    outer loop
      vertex 6.44509 1.26921 0
      vertex 6.38053 1.25855 2.5
      vertex 6.44509 1.26921 2.5
    endloop
  endfacet
  facet normal -0.162912 0.986641 0
    outer loop
      vertex 6.38053 1.25855 2.5
      vertex 6.44509 1.26921 0
      vertex 6.38053 1.25855 0
    endloop
  endfacet
  facet normal 0.226935 -0.97391 0
    outer loop
      vertex 5.99118 3.21593 0
      vertex 6.05491 3.23078 2.5
      vertex 5.99118 3.21593 2.5
    endloop
  endfacet
  facet normal 0.226935 -0.97391 0
    outer loop
      vertex 6.05491 3.23078 2.5
      vertex 5.99118 3.21593 0
      vertex 6.05491 3.23078 0
    endloop
  endfacet
  facet normal 0.956922 -0.290347 0
    outer loop
      vertex 5.28407 2.50882 2.5
      vertex 5.30307 2.57144 0
      vertex 5.30307 2.57144 2.5
    endloop
  endfacet
  facet normal 0.956922 -0.290347 0
    outer loop
      vertex 5.30307 2.57144 0
      vertex 5.28407 2.50882 2.5
      vertex 5.28407 2.50882 0
    endloop
  endfacet
  facet normal 0.849172 0.528116 0
    outer loop
      vertex 5.41853 1.69443 2.5
      vertex 5.38397 1.75 0
      vertex 5.38397 1.75 2.5
    endloop
  endfacet
  facet normal 0.849172 0.528116 0
    outer loop
      vertex 5.38397 1.75 0
      vertex 5.41853 1.69443 2.5
      vertex 5.41853 1.69443 0
    endloop
  endfacet
  facet normal -0.995177 -0.0980967 0
    outer loop
      vertex 7.24786 2.3154 0
      vertex 7.24144 2.38053 2.5
      vertex 7.24144 2.38053 0
    endloop
  endfacet
  facet normal -0.995177 -0.0980967 0
    outer loop
      vertex 7.24144 2.38053 2.5
      vertex 7.24786 2.3154 0
      vertex 7.24786 2.3154 2.5
    endloop
  endfacet
  facet normal 0.634319 -0.773071 0
    outer loop
      vertex 5.59065 3.00184 0
      vertex 5.64124 3.04335 2.5
      vertex 5.59065 3.00184 2.5
    endloop
  endfacet
  facet normal 0.634319 -0.773071 0
    outer loop
      vertex 5.64124 3.04335 2.5
      vertex 5.59065 3.00184 0
      vertex 5.64124 3.04335 0
    endloop
  endfacet
  facet normal 0 0 -1
    outer loop
      vertex 6.45 1.6 3.5
      vertex 7.00184 1.59065 3.5
      vertex 6.95711 1.54289 3.5
    endloop
  endfacet
  facet normal 0 0 -1
    outer loop
      vertex 6.45 1.6 3.5
      vertex 6.95711 1.54289 3.5
      vertex 6.90935 1.49816 3.5
    endloop
  endfacet
  facet normal 0 0 -1
    outer loop
      vertex 6.45 1.6 3.5
      vertex 6.90935 1.49816 3.5
      vertex 6.85876 1.45665 3.5
    endloop
  endfacet
  facet normal 0 0 -1
    outer loop
      vertex 6.45 1.6 3.5
      vertex 6.85876 1.45665 3.5
      vertex 6.80557 1.41853 3.5
    endloop
  endfacet
  facet normal 0 0 -1
    outer loop
      vertex 6.45 1.6 3.5
      vertex 6.80557 1.41853 3.5
      vertex 6.75 1.38397 3.5
    endloop
  endfacet
  facet normal 0 0 -1
    outer loop
      vertex 6.45 1.6 3.5
      vertex 6.75 1.38397 3.5
      vertex 6.69229 1.35313 3.5
    endloop
  endfacet
  facet normal 0 0 -1
    outer loop
      vertex 6.45 1.6 3.5
      vertex 6.69229 1.35313 3.5
      vertex 6.63268 1.32612 3.5
    endloop
  endfacet
  facet normal 0 0 -1
    outer loop
      vertex 6.45 1.6 3.5
      vertex 6.63268 1.32612 3.5
      vertex 6.57144 1.30307 3.5
    endloop
  endfacet
  facet normal 0 0 -1
    outer loop
      vertex 6.45 1.6 3.5
      vertex 6.57144 1.30307 3.5
      vertex 6.50882 1.28407 3.5
    endloop
  endfacet
  facet normal 0 0 -1
    outer loop
      vertex 6.45 1.6 3.5
      vertex 6.50882 1.28407 3.5
      vertex 6.45 1.27036 3.5
    endloop
  endfacet
  facet normal 0 0 -1
    outer loop
      vertex 7.00184 1.59065 3.5
      vertex 6.45 1.6 3.5
      vertex 7.00951 1.6 3.5
    endloop
  endfacet
  facet normal -0.8819 0.471437 0
    outer loop
      vertex 7.11602 1.75 0
      vertex 7.14687 1.80771 2.5
      vertex 7.14687 1.80771 0
    endloop
  endfacet
  facet normal -0.8819 0.471437 0
    outer loop
      vertex 7.14687 1.80771 2.5
      vertex 7.11602 1.75 0
      vertex 7.11602 1.75 2.5
    endloop
  endfacet
  facet normal -0.999465 -0.0327042 0
    outer loop
      vertex 7.25 2.25 0
      vertex 7.24786 2.3154 2.5
      vertex 7.24786 2.3154 0
    endloop
  endfacet
  facet normal -0.999465 -0.0327042 0
    outer loop
      vertex 7.24786 2.3154 2.5
      vertex 7.25 2.25 0
      vertex 7.25 2.25 2.5
    endloop
  endfacet
  facet normal -0.8819 -0.471437 0
    outer loop
      vertex 7.14687 2.69229 0
      vertex 7.11602 2.75 2.5
      vertex 7.11602 2.75 0
    endloop
  endfacet
  facet normal -0.8819 -0.471437 0
    outer loop
      vertex 7.11602 2.75 2.5
      vertex 7.14687 2.69229 0
      vertex 7.14687 2.69229 2.5
    endloop
  endfacet
  facet normal -0.910858 -0.41272 0
    outer loop
      vertex 7.17388 2.63268 0
      vertex 7.14687 2.69229 2.5
      vertex 7.14687 2.69229 0
    endloop
  endfacet
  facet normal -0.910858 -0.41272 0
    outer loop
      vertex 7.14687 2.69229 2.5
      vertex 7.17388 2.63268 0
      vertex 7.17388 2.63268 2.5
    endloop
  endfacet
  facet normal -0.582524 0.812814 0
    outer loop
      vertex 6.85876 1.45665 0
      vertex 6.80557 1.41853 3.5
      vertex 6.85876 1.45665 3.5
    endloop
  endfacet
  facet normal -0.582524 0.812814 0
    outer loop
      vertex 6.80557 1.41853 3.5
      vertex 6.85876 1.45665 0
      vertex 6.80557 1.41853 0
    endloop
  endfacet
  facet normal -0.634319 -0.773071 0
    outer loop
      vertex 6.85876 3.04335 0
      vertex 6.90935 3.00184 2.5
      vertex 6.85876 3.04335 2.5
    endloop
  endfacet
  facet normal -0.634319 -0.773071 -0
    outer loop
      vertex 6.90935 3.00184 2.5
      vertex 6.85876 3.04335 0
      vertex 6.90935 3.00184 0
    endloop
  endfacet
  facet normal -0.471318 0.881963 0
    outer loop
      vertex 6.75 1.38397 0
      vertex 6.69229 1.35313 3.5
      vertex 6.75 1.38397 3.5
    endloop
  endfacet
  facet normal -0.471318 0.881963 0
    outer loop
      vertex 6.69229 1.35313 3.5
      vertex 6.75 1.38397 0
      vertex 6.69229 1.35313 0
    endloop
  endfacet
  facet normal 0.0327042 0.999465 -0
    outer loop
      vertex 6.25 1.25 0
      vertex 6.1846 1.25214 2.5
      vertex 6.25 1.25 2.5
    endloop
  endfacet
  facet normal 0.0327042 0.999465 0
    outer loop
      vertex 6.1846 1.25214 2.5
      vertex 6.25 1.25 0
      vertex 6.1846 1.25214 0
    endloop
  endfacet
  facet normal -0.97391 0.226935 0
    outer loop
      vertex 7.21593 1.99118 0
      vertex 7.23078 2.05491 2.5
      vertex 7.23078 2.05491 0
    endloop
  endfacet
  facet normal -0.97391 0.226935 0
    outer loop
      vertex 7.23078 2.05491 2.5
      vertex 7.21593 1.99118 0
      vertex 7.21593 1.99118 2.5
    endloop
  endfacet
  facet normal 0.41272 -0.910858 0
    outer loop
      vertex 5.80771 3.14687 0
      vertex 5.86732 3.17388 2.5
      vertex 5.80771 3.14687 2.5
    endloop
  endfacet
  facet normal 0.41272 -0.910858 0
    outer loop
      vertex 5.86732 3.17388 2.5
      vertex 5.80771 3.14687 0
      vertex 5.86732 3.17388 0
    endloop
  endfacet
  facet normal -0.956922 0.290347 0
    outer loop
      vertex 7.19693 1.92856 0
      vertex 7.21593 1.99118 2.5
      vertex 7.21593 1.99118 0
    endloop
  endfacet
  facet normal -0.956922 0.290347 0
    outer loop
      vertex 7.21593 1.99118 2.5
      vertex 7.19693 1.92856 0
      vertex 7.19693 1.92856 2.5
    endloop
  endfacet
  facet normal -0.849241 0.528006 0
    outer loop
      vertex 7.08147 1.69443 0
      vertex 7.11602 1.75 2.5
      vertex 7.11602 1.75 0
    endloop
  endfacet
  facet normal -0.849241 0.528006 0
    outer loop
      vertex 7.11602 1.75 2.5
      vertex 7.08147 1.69443 0
      vertex 7.08147 1.69443 2.5
    endloop
  endfacet
  facet normal 0.290347 -0.956922 0
    outer loop
      vertex 5.92856 3.19693 0
      vertex 5.99118 3.21593 2.5
      vertex 5.92856 3.19693 2.5
    endloop
  endfacet
  facet normal 0.290347 -0.956922 0
    outer loop
      vertex 5.99118 3.21593 2.5
      vertex 5.92856 3.19693 0
      vertex 5.99118 3.21593 0
    endloop
  endfacet
  facet normal 0.910858 -0.41272 0
    outer loop
      vertex 5.32612 2.63268 2.5
      vertex 5.35313 2.69229 0
      vertex 5.35313 2.69229 2.5
    endloop
  endfacet
  facet normal 0.910858 -0.41272 0
    outer loop
      vertex 5.35313 2.69229 0
      vertex 5.32612 2.63268 2.5
      vertex 5.32612 2.63268 0
    endloop
  endfacet
  facet normal -0.290347 0.956922 0
    outer loop
      vertex 6.57144 1.30307 0
      vertex 6.50882 1.28407 3.5
      vertex 6.57144 1.30307 3.5
    endloop
  endfacet
  facet normal -0.290347 0.956922 0
    outer loop
      vertex 6.50882 1.28407 3.5
      vertex 6.57144 1.30307 0
      vertex 6.50882 1.28407 0
    endloop
  endfacet
  facet normal 0.849172 -0.528116 0
    outer loop
      vertex 5.38397 2.75 2.5
      vertex 5.41853 2.80557 0
      vertex 5.41853 2.80557 2.5
    endloop
  endfacet
  facet normal 0.849172 -0.528116 0
    outer loop
      vertex 5.41853 2.80557 0
      vertex 5.38397 2.75 2.5
      vertex 5.38397 2.75 0
    endloop
  endfacet
  facet normal -0.41272 -0.910858 0
    outer loop
      vertex 6.63268 3.17388 0
      vertex 6.69229 3.14687 2.5
      vertex 6.63268 3.17388 2.5
    endloop
  endfacet
  facet normal -0.41272 -0.910858 -0
    outer loop
      vertex 6.69229 3.14687 2.5
      vertex 6.63268 3.17388 0
      vertex 6.69229 3.14687 0
    endloop
  endfacet
  facet normal 0.683575 0.72988 -0
    outer loop
      vertex 5.59065 1.49816 0
      vertex 5.54289 1.54289 2.5
      vertex 5.59065 1.49816 2.5
    endloop
  endfacet
  facet normal 0.683575 0.72988 0
    outer loop
      vertex 5.54289 1.54289 2.5
      vertex 5.59065 1.49816 0
      vertex 5.54289 1.54289 0
    endloop
  endfacet
  facet normal 0.72988 -0.683575 0
    outer loop
      vertex 5.49816 2.90935 2.5
      vertex 5.54289 2.95711 0
      vertex 5.54289 2.95711 2.5
    endloop
  endfacet
  facet normal 0.72988 -0.683575 0
    outer loop
      vertex 5.54289 2.95711 0
      vertex 5.49816 2.90935 2.5
      vertex 5.49816 2.90935 0
    endloop
  endfacet
  facet normal 0.881963 0.471318 0
    outer loop
      vertex 5.38397 1.75 2.5
      vertex 5.35313 1.80771 0
      vertex 5.35313 1.80771 2.5
    endloop
  endfacet
  facet normal 0.881963 0.471318 0
    outer loop
      vertex 5.35313 1.80771 0
      vertex 5.38397 1.75 2.5
      vertex 5.38397 1.75 0
    endloop
  endfacet
  facet normal 0.72988 0.683575 0
    outer loop
      vertex 5.54289 1.54289 2.5
      vertex 5.49816 1.59065 0
      vertex 5.49816 1.59065 2.5
    endloop
  endfacet
  facet normal 0.72988 0.683575 0
    outer loop
      vertex 5.49816 1.59065 0
      vertex 5.54289 1.54289 2.5
      vertex 5.54289 1.54289 0
    endloop
  endfacet
  facet normal -0.528006 -0.849241 0
    outer loop
      vertex 6.75 3.11602 0
      vertex 6.80557 3.08147 2.5
      vertex 6.75 3.11602 2.5
    endloop
  endfacet
  facet normal -0.528006 -0.849241 -0
    outer loop
      vertex 6.80557 3.08147 2.5
      vertex 6.75 3.11602 0
      vertex 6.80557 3.08147 0
    endloop
  endfacet
  facet normal -0.995177 0.0980967 0
    outer loop
      vertex 7.24144 2.11947 0
      vertex 7.24786 2.1846 2.5
      vertex 7.24786 2.1846 0
    endloop
  endfacet
  facet normal -0.995177 0.0980967 0
    outer loop
      vertex 7.24786 2.1846 2.5
      vertex 7.24144 2.11947 0
      vertex 7.24144 2.11947 2.5
    endloop
  endfacet
  facet normal 0.0979453 0.995192 -0
    outer loop
      vertex 6.1846 1.25214 0
      vertex 6.11947 1.25855 2.5
      vertex 6.1846 1.25214 2.5
    endloop
  endfacet
  facet normal 0.0979453 0.995192 0
    outer loop
      vertex 6.11947 1.25855 2.5
      vertex 6.1846 1.25214 0
      vertex 6.11947 1.25855 0
    endloop
  endfacet
  facet normal -0.352262 -0.935901 0
    outer loop
      vertex 6.57144 3.19693 0
      vertex 6.63268 3.17388 2.5
      vertex 6.57144 3.19693 2.5
    endloop
  endfacet
  facet normal -0.352262 -0.935901 -0
    outer loop
      vertex 6.63268 3.17388 2.5
      vertex 6.57144 3.19693 0
      vertex 6.63268 3.17388 0
    endloop
  endfacet
  facet normal -0.97391 -0.226935 0
    outer loop
      vertex 7.23078 2.44509 0
      vertex 7.21593 2.50882 2.5
      vertex 7.21593 2.50882 0
    endloop
  endfacet
  facet normal -0.97391 -0.226935 0
    outer loop
      vertex 7.21593 2.50882 2.5
      vertex 7.23078 2.44509 0
      vertex 7.23078 2.44509 2.5
    endloop
  endfacet
  facet normal 0.634319 0.773071 -0
    outer loop
      vertex 5.64124 1.45665 0
      vertex 5.59065 1.49816 2.5
      vertex 5.64124 1.45665 2.5
    endloop
  endfacet
  facet normal 0.634319 0.773071 0
    outer loop
      vertex 5.59065 1.49816 2.5
      vertex 5.64124 1.45665 0
      vertex 5.59065 1.49816 0
    endloop
  endfacet
  facet normal 0.935901 -0.352262 0
    outer loop
      vertex 5.30307 2.57144 2.5
      vertex 5.32612 2.63268 0
      vertex 5.32612 2.63268 2.5
    endloop
  endfacet
  facet normal 0.935901 -0.352262 0
    outer loop
      vertex 5.32612 2.63268 0
      vertex 5.30307 2.57144 2.5
      vertex 5.30307 2.57144 0
    endloop
  endfacet
  facet normal -0.812814 -0.582524 0
    outer loop
      vertex 7.08147 2.80557 0
      vertex 7.04335 2.85876 2.5
      vertex 7.04335 2.85876 0
    endloop
  endfacet
  facet normal -0.812814 -0.582524 0
    outer loop
      vertex 7.04335 2.85876 2.5
      vertex 7.08147 2.80557 0
      vertex 7.08147 2.80557 2.5
    endloop
  endfacet
  facet normal 0.471318 0.881963 -0
    outer loop
      vertex 5.80771 1.35313 0
      vertex 5.75 1.38397 2.5
      vertex 5.80771 1.35313 2.5
    endloop
  endfacet
  facet normal 0.471318 0.881963 0
    outer loop
      vertex 5.75 1.38397 2.5
      vertex 5.80771 1.35313 0
      vertex 5.75 1.38397 0
    endloop
  endfacet
  facet normal 0.352262 -0.935901 0
    outer loop
      vertex 5.86732 3.17388 0
      vertex 5.92856 3.19693 2.5
      vertex 5.86732 3.17388 2.5
    endloop
  endfacet
  facet normal 0.352262 -0.935901 0
    outer loop
      vertex 5.92856 3.19693 2.5
      vertex 5.86732 3.17388 0
      vertex 5.92856 3.19693 0
    endloop
  endfacet
  facet normal -0.0327042 0.999465 0
    outer loop
      vertex 6.3154 1.25214 0
      vertex 6.25 1.25 2.5
      vertex 6.3154 1.25214 2.5
    endloop
  endfacet
  facet normal -0.0327042 0.999465 0
    outer loop
      vertex 6.25 1.25 2.5
      vertex 6.3154 1.25214 0
      vertex 6.25 1.25 0
    endloop
  endfacet
  facet normal -0.935901 -0.352262 0
    outer loop
      vertex 7.19693 2.57144 0
      vertex 7.17388 2.63268 2.5
      vertex 7.17388 2.63268 0
    endloop
  endfacet
  facet normal -0.935901 -0.352262 0
    outer loop
      vertex 7.17388 2.63268 2.5
      vertex 7.19693 2.57144 0
      vertex 7.19693 2.57144 2.5
    endloop
  endfacet
  facet normal -0.773071 -0.634319 0
    outer loop
      vertex 7.04335 2.85876 0
      vertex 7.00184 2.90935 2.5
      vertex 7.00184 2.90935 0
    endloop
  endfacet
  facet normal -0.773071 -0.634319 0
    outer loop
      vertex 7.00184 2.90935 2.5
      vertex 7.04335 2.85876 0
      vertex 7.04335 2.85876 2.5
    endloop
  endfacet
  facet normal 0.0980967 -0.995177 0
    outer loop
      vertex 6.11947 3.24144 0
      vertex 6.1846 3.24786 2.5
      vertex 6.11947 3.24144 2.5
    endloop
  endfacet
  facet normal 0.0980967 -0.995177 0
    outer loop
      vertex 6.1846 3.24786 2.5
      vertex 6.11947 3.24144 0
      vertex 6.1846 3.24786 0
    endloop
  endfacet
  facet normal -0.812814 0.582524 0
    outer loop
      vertex 7.04335 1.64124 0
      vertex 7.08147 1.69443 2.5
      vertex 7.08147 1.69443 0
    endloop
  endfacet
  facet normal -0.812814 0.582524 0
    outer loop
      vertex 7.08147 1.69443 2.5
      vertex 7.04335 1.64124 0
      vertex 7.04335 1.64124 2.5
    endloop
  endfacet
  facet normal 0.773071 0.634319 0
    outer loop
      vertex 5.49816 1.59065 2.5
      vertex 5.45665 1.64124 0
      vertex 5.45665 1.64124 2.5
    endloop
  endfacet
  facet normal 0.773071 0.634319 0
    outer loop
      vertex 5.45665 1.64124 0
      vertex 5.49816 1.59065 2.5
      vertex 5.49816 1.59065 0
    endloop
  endfacet
  facet normal 0.995192 -0.0979453 0
    outer loop
      vertex 5.25214 2.3154 2.5
      vertex 5.25855 2.38053 0
      vertex 5.25855 2.38053 2.5
    endloop
  endfacet
  facet normal 0.995192 -0.0979453 0
    outer loop
      vertex 5.25855 2.38053 0
      vertex 5.25214 2.3154 2.5
      vertex 5.25214 2.3154 0
    endloop
  endfacet
  facet normal 0.935901 0.352262 0
    outer loop
      vertex 5.32612 1.86732 2.5
      vertex 5.30307 1.92856 0
      vertex 5.30307 1.92856 2.5
    endloop
  endfacet
  facet normal 0.935901 0.352262 0
    outer loop
      vertex 5.30307 1.92856 0
      vertex 5.32612 1.86732 2.5
      vertex 5.32612 1.86732 0
    endloop
  endfacet
  facet normal 0.999465 0.0327042 0
    outer loop
      vertex 5.25214 2.1846 2.5
      vertex 5.25 2.25 0
      vertex 5.25 2.25 2.5
    endloop
  endfacet
  facet normal 0.999465 0.0327042 0
    outer loop
      vertex 5.25 2.25 0
      vertex 5.25214 2.1846 2.5
      vertex 5.25214 2.1846 0
    endloop
  endfacet
  facet normal 0.471437 -0.8819 0
    outer loop
      vertex 5.75 3.11602 0
      vertex 5.80771 3.14687 2.5
      vertex 5.75 3.11602 2.5
    endloop
  endfacet
  facet normal 0.471437 -0.8819 0
    outer loop
      vertex 5.80771 3.14687 2.5
      vertex 5.75 3.11602 0
      vertex 5.80771 3.14687 0
    endloop
  endfacet
  facet normal -0.41272 0.910858 0
    outer loop
      vertex 6.69229 1.35313 0
      vertex 6.63268 1.32612 3.5
      vertex 6.69229 1.35313 3.5
    endloop
  endfacet
  facet normal -0.41272 0.910858 0
    outer loop
      vertex 6.63268 1.32612 3.5
      vertex 6.69229 1.35313 0
      vertex 6.63268 1.32612 0
    endloop
  endfacet
  facet normal 0.162912 -0.986641 0
    outer loop
      vertex 6.05491 3.23078 0
      vertex 6.11947 3.24144 2.5
      vertex 6.05491 3.23078 2.5
    endloop
  endfacet
  facet normal 0.162912 -0.986641 0
    outer loop
      vertex 6.11947 3.24144 2.5
      vertex 6.05491 3.23078 0
      vertex 6.11947 3.24144 0
    endloop
  endfacet
  facet normal -0.72988 -0.683575 0
    outer loop
      vertex 7.00184 2.90935 0
      vertex 6.95711 2.95711 2.5
      vertex 6.95711 2.95711 0
    endloop
  endfacet
  facet normal -0.72988 -0.683575 0
    outer loop
      vertex 6.95711 2.95711 2.5
      vertex 7.00184 2.90935 0
      vertex 7.00184 2.90935 2.5
    endloop
  endfacet
  facet normal 0.956922 0.290347 0
    outer loop
      vertex 5.30307 1.92856 2.5
      vertex 5.28407 1.99118 0
      vertex 5.28407 1.99118 2.5
    endloop
  endfacet
  facet normal 0.956922 0.290347 0
    outer loop
      vertex 5.28407 1.99118 0
      vertex 5.30307 1.92856 2.5
      vertex 5.30307 1.92856 0
    endloop
  endfacet
  facet normal -0.634319 0.773071 0
    outer loop
      vertex 6.90935 1.49816 0
      vertex 6.85876 1.45665 3.5
      vertex 6.90935 1.49816 3.5
    endloop
  endfacet
  facet normal -0.634319 0.773071 0
    outer loop
      vertex 6.85876 1.45665 3.5
      vertex 6.90935 1.49816 0
      vertex 6.85876 1.45665 0
    endloop
  endfacet
  facet normal 0.683575 -0.72988 0
    outer loop
      vertex 5.54289 2.95711 0
      vertex 5.59065 3.00184 2.5
      vertex 5.54289 2.95711 2.5
    endloop
  endfacet
  facet normal 0.683575 -0.72988 0
    outer loop
      vertex 5.59065 3.00184 2.5
      vertex 5.54289 2.95711 0
      vertex 5.59065 3.00184 0
    endloop
  endfacet
  facet normal 0.352262 0.935901 -0
    outer loop
      vertex 5.92856 1.30307 0
      vertex 5.86732 1.32612 2.5
      vertex 5.92856 1.30307 2.5
    endloop
  endfacet
  facet normal 0.352262 0.935901 0
    outer loop
      vertex 5.86732 1.32612 2.5
      vertex 5.92856 1.30307 0
      vertex 5.86732 1.32612 0
    endloop
  endfacet
  facet normal -0.999465 0.0327042 0
    outer loop
      vertex 7.24786 2.1846 0
      vertex 7.25 2.25 2.5
      vertex 7.25 2.25 0
    endloop
  endfacet
  facet normal -0.999465 0.0327042 0
    outer loop
      vertex 7.25 2.25 2.5
      vertex 7.24786 2.1846 0
      vertex 7.24786 2.1846 2.5
    endloop
  endfacet
  facet normal 0.582524 0.812814 -0
    outer loop
      vertex 5.69443 1.41853 0
      vertex 5.64124 1.45665 2.5
      vertex 5.69443 1.41853 2.5
    endloop
  endfacet
  facet normal 0.582524 0.812814 0
    outer loop
      vertex 5.64124 1.45665 2.5
      vertex 5.69443 1.41853 0
      vertex 5.64124 1.45665 0
    endloop
  endfacet
  facet normal -0.226999 0.973895 0
    outer loop
      vertex 6.50882 1.28407 3.5
      vertex 6.45 1.27036 2.5
      vertex 6.45 1.27036 3.5
    endloop
  endfacet
  facet normal -0.226999 0.973895 0
    outer loop
      vertex 6.50882 1.28407 0
      vertex 6.45 1.27036 2.5
      vertex 6.50882 1.28407 3.5
    endloop
  endfacet
  facet normal -0.22708 0.973876 -1.99818e-06
    outer loop
      vertex 6.44509 1.26921 0
      vertex 6.45 1.27036 2.5
      vertex 6.50882 1.28407 0
    endloop
  endfacet
  facet normal -0.228044 0.973651 0
    outer loop
      vertex 6.45 1.27036 2.5
      vertex 6.44509 1.26921 0
      vertex 6.44509 1.26921 2.5
    endloop
  endfacet
  facet normal 0.812814 0.582524 0
    outer loop
      vertex 5.45665 1.64124 2.5
      vertex 5.41853 1.69443 0
      vertex 5.41853 1.69443 2.5
    endloop
  endfacet
  facet normal 0.812814 0.582524 0
    outer loop
      vertex 5.41853 1.69443 0
      vertex 5.45665 1.64124 2.5
      vertex 5.45665 1.64124 0
    endloop
  endfacet
  facet normal -0.986641 -0.162912 0
    outer loop
      vertex 7.24144 2.38053 0
      vertex 7.23078 2.44509 2.5
      vertex 7.23078 2.44509 0
    endloop
  endfacet
  facet normal -0.986641 -0.162912 0
    outer loop
      vertex 7.23078 2.44509 2.5
      vertex 7.24144 2.38053 0
      vertex 7.24144 2.38053 2.5
    endloop
  endfacet
  facet normal -0.849241 -0.528006 0
    outer loop
      vertex 7.11602 2.75 0
      vertex 7.08147 2.80557 2.5
      vertex 7.08147 2.80557 0
    endloop
  endfacet
  facet normal -0.849241 -0.528006 0
    outer loop
      vertex 7.08147 2.80557 2.5
      vertex 7.11602 2.75 0
      vertex 7.11602 2.75 2.5
    endloop
  endfacet
  facet normal 0.582524 -0.812814 0
    outer loop
      vertex 5.64124 3.04335 0
      vertex 5.69443 3.08147 2.5
      vertex 5.64124 3.04335 2.5
    endloop
  endfacet
  facet normal 0.582524 -0.812814 0
    outer loop
      vertex 5.69443 3.08147 2.5
      vertex 5.64124 3.04335 0
      vertex 5.69443 3.08147 0
    endloop
  endfacet
  facet normal 0.773071 -0.634319 0
    outer loop
      vertex 5.45665 2.85876 2.5
      vertex 5.49816 2.90935 0
      vertex 5.49816 2.90935 2.5
    endloop
  endfacet
  facet normal 0.773071 -0.634319 0
    outer loop
      vertex 5.49816 2.90935 0
      vertex 5.45665 2.85876 2.5
      vertex 5.45665 2.85876 0
    endloop
  endfacet
  facet normal -0.986641 0.162912 0
    outer loop
      vertex 7.23078 2.05491 0
      vertex 7.24144 2.11947 2.5
      vertex 7.24144 2.11947 0
    endloop
  endfacet
  facet normal -0.986641 0.162912 0
    outer loop
      vertex 7.24144 2.11947 2.5
      vertex 7.23078 2.05491 0
      vertex 7.23078 2.05491 2.5
    endloop
  endfacet
  facet normal 0.973876 0.22708 0
    outer loop
      vertex 5.28407 1.99118 2.5
      vertex 5.26921 2.05491 0
      vertex 5.26921 2.05491 2.5
    endloop
  endfacet
  facet normal 0.973876 0.22708 0
    outer loop
      vertex 5.26921 2.05491 0
      vertex 5.28407 1.99118 2.5
      vertex 5.28407 1.99118 0
    endloop
  endfacet
  facet normal -0.352262 0.935901 0
    outer loop
      vertex 6.63268 1.32612 0
      vertex 6.57144 1.30307 3.5
      vertex 6.63268 1.32612 3.5
    endloop
  endfacet
  facet normal -0.352262 0.935901 0
    outer loop
      vertex 6.57144 1.30307 3.5
      vertex 6.63268 1.32612 0
      vertex 6.57144 1.30307 0
    endloop
  endfacet
  facet normal -0.683575 0.72988 0
    outer loop
      vertex 6.95711 1.54289 0
      vertex 6.90935 1.49816 3.5
      vertex 6.95711 1.54289 3.5
    endloop
  endfacet
  facet normal -0.683575 0.72988 0
    outer loop
      vertex 6.90935 1.49816 3.5
      vertex 6.95711 1.54289 0
      vertex 6.90935 1.49816 0
    endloop
  endfacet
  facet normal 0.999465 -0.0327042 0
    outer loop
      vertex 5.25 2.25 2.5
      vertex 5.25214 2.3154 0
      vertex 5.25214 2.3154 2.5
    endloop
  endfacet
  facet normal 0.999465 -0.0327042 0
    outer loop
      vertex 5.25214 2.3154 0
      vertex 5.25 2.25 2.5
      vertex 5.25 2.25 0
    endloop
  endfacet
  facet normal -0.0327042 -0.999465 0
    outer loop
      vertex 6.25 3.25 0
      vertex 6.3154 3.24786 2.5
      vertex 6.25 3.25 2.5
    endloop
  endfacet
  facet normal -0.0327042 -0.999465 -0
    outer loop
      vertex 6.3154 3.24786 2.5
      vertex 6.25 3.25 0
      vertex 6.3154 3.24786 0
    endloop
  endfacet
  facet normal 0.910858 0.41272 0
    outer loop
      vertex 5.35313 1.80771 2.5
      vertex 5.32612 1.86732 0
      vertex 5.32612 1.86732 2.5
    endloop
  endfacet
  facet normal 0.910858 0.41272 0
    outer loop
      vertex 5.32612 1.86732 0
      vertex 5.35313 1.80771 2.5
      vertex 5.35313 1.80771 0
    endloop
  endfacet
  facet normal 0.162912 0.986641 -0
    outer loop
      vertex 6.11947 1.25855 0
      vertex 6.05491 1.26921 2.5
      vertex 6.11947 1.25855 2.5
    endloop
  endfacet
  facet normal 0.162912 0.986641 0
    outer loop
      vertex 6.05491 1.26921 2.5
      vertex 6.11947 1.25855 0
      vertex 6.05491 1.26921 0
    endloop
  endfacet
  facet normal -0.290347 -0.956922 0
    outer loop
      vertex 6.50882 3.21593 0
      vertex 6.57144 3.19693 2.5
      vertex 6.50882 3.21593 2.5
    endloop
  endfacet
  facet normal -0.290347 -0.956922 -0
    outer loop
      vertex 6.57144 3.19693 2.5
      vertex 6.50882 3.21593 0
      vertex 6.57144 3.19693 0
    endloop
  endfacet
  facet normal -0.683575 -0.72988 0
    outer loop
      vertex 6.90935 3.00184 0
      vertex 6.95711 2.95711 2.5
      vertex 6.90935 3.00184 2.5
    endloop
  endfacet
  facet normal -0.683575 -0.72988 -0
    outer loop
      vertex 6.95711 2.95711 2.5
      vertex 6.90935 3.00184 0
      vertex 6.95711 2.95711 0
    endloop
  endfacet
  facet normal -0.528116 0.849172 0
    outer loop
      vertex 6.80557 1.41853 0
      vertex 6.75 1.38397 3.5
      vertex 6.80557 1.41853 3.5
    endloop
  endfacet
  facet normal -0.528116 0.849172 0
    outer loop
      vertex 6.75 1.38397 3.5
      vertex 6.80557 1.41853 0
      vertex 6.75 1.38397 0
    endloop
  endfacet
  facet normal 0.986641 -0.162912 0
    outer loop
      vertex 5.25855 2.38053 2.5
      vertex 5.26921 2.44509 0
      vertex 5.26921 2.44509 2.5
    endloop
  endfacet
  facet normal 0.986641 -0.162912 0
    outer loop
      vertex 5.26921 2.44509 0
      vertex 5.25855 2.38053 2.5
      vertex 5.25855 2.38053 0
    endloop
  endfacet
  facet normal 0.812814 -0.582524 0
    outer loop
      vertex 5.41853 2.80557 2.5
      vertex 5.45665 2.85876 0
      vertex 5.45665 2.85876 2.5
    endloop
  endfacet
  facet normal 0.812814 -0.582524 0
    outer loop
      vertex 5.45665 2.85876 0
      vertex 5.41853 2.80557 2.5
      vertex 5.41853 2.80557 0
    endloop
  endfacet
  facet normal -0.72988 0.683575 0
    outer loop
      vertex 6.95711 1.54289 0
      vertex 7.00184 1.59065 3.5
      vertex 7.00184 1.59065 0
    endloop
  endfacet
  facet normal -0.72988 0.683575 0
    outer loop
      vertex 7.00184 1.59065 3.5
      vertex 6.95711 1.54289 0
      vertex 6.95711 1.54289 3.5
    endloop
  endfacet
  facet normal -0.935901 0.352262 0
    outer loop
      vertex 7.17388 1.86732 0
      vertex 7.19693 1.92856 2.5
      vertex 7.19693 1.92856 0
    endloop
  endfacet
  facet normal -0.935901 0.352262 0
    outer loop
      vertex 7.19693 1.92856 2.5
      vertex 7.17388 1.86732 0
      vertex 7.17388 1.86732 2.5
    endloop
  endfacet
  facet normal -0.910858 0.41272 0
    outer loop
      vertex 7.14687 1.80771 0
      vertex 7.17388 1.86732 2.5
      vertex 7.17388 1.86732 0
    endloop
  endfacet
  facet normal -0.910858 0.41272 0
    outer loop
      vertex 7.17388 1.86732 2.5
      vertex 7.14687 1.80771 0
      vertex 7.14687 1.80771 2.5
    endloop
  endfacet
  facet normal -0.226935 -0.97391 0
    outer loop
      vertex 6.44509 3.23078 0
      vertex 6.50882 3.21593 2.5
      vertex 6.44509 3.23078 2.5
    endloop
  endfacet
  facet normal -0.226935 -0.97391 -0
    outer loop
      vertex 6.50882 3.21593 2.5
      vertex 6.44509 3.23078 0
      vertex 6.50882 3.21593 0
    endloop
  endfacet
  facet normal -0.162912 -0.986641 0
    outer loop
      vertex 6.38053 3.24144 0
      vertex 6.44509 3.23078 2.5
      vertex 6.38053 3.24144 2.5
    endloop
  endfacet
  facet normal -0.162912 -0.986641 -0
    outer loop
      vertex 6.44509 3.23078 2.5
      vertex 6.38053 3.24144 0
      vertex 6.44509 3.23078 0
    endloop
  endfacet
  facet normal 0.528006 -0.849241 0
    outer loop
      vertex 5.69443 3.08147 0
      vertex 5.75 3.11602 2.5
      vertex 5.69443 3.08147 2.5
    endloop
  endfacet
  facet normal 0.528006 -0.849241 0
    outer loop
      vertex 5.75 3.11602 2.5
      vertex 5.69443 3.08147 0
      vertex 5.75 3.11602 0
    endloop
  endfacet
  facet normal 0.41272 0.910858 -0
    outer loop
      vertex 5.86732 1.32612 0
      vertex 5.80771 1.35313 2.5
      vertex 5.86732 1.32612 2.5
    endloop
  endfacet
  facet normal 0.41272 0.910858 0
    outer loop
      vertex 5.80771 1.35313 2.5
      vertex 5.86732 1.32612 0
      vertex 5.80771 1.35313 0
    endloop
  endfacet
  facet normal -1 0 0
    outer loop
      vertex -14.05 -2.2 0
      vertex -14.05 2.2 2.5
      vertex -14.05 2.2 0
    endloop
  endfacet
  facet normal -1 -0 0
    outer loop
      vertex -14.05 2.2 2.5
      vertex -14.05 -2.2 0
      vertex -14.05 -2.2 2.5
    endloop
  endfacet
  facet normal 0 -1 0
    outer loop
      vertex -15.6927 2.2 0
      vertex -14.05 2.2 2.5
      vertex -15.6927 2.2 2.5
    endloop
  endfacet
  facet normal 0 -1 -0
    outer loop
      vertex -14.05 2.2 2.5
      vertex -15.6927 2.2 0
      vertex -14.05 2.2 0
    endloop
  endfacet
  facet normal 0 1 -0
    outer loop
      vertex -14.05 -2.2 0
      vertex -15.6927 -2.2 2.5
      vertex -14.05 -2.2 2.5
    endloop
  endfacet
  facet normal 0 1 0
    outer loop
      vertex -15.6927 -2.2 2.5
      vertex -14.05 -2.2 0
      vertex -15.6927 -2.2 0
    endloop
  endfacet
  facet normal 1 -0 0
    outer loop
      vertex 14.05 -2.2 2.5
      vertex 14.05 2.2 0
      vertex 14.05 2.2 2.5
    endloop
  endfacet
  facet normal 1 0 0
    outer loop
      vertex 14.05 2.2 0
      vertex 14.05 -2.2 2.5
      vertex 14.05 -2.2 0
    endloop
  endfacet
  facet normal 0 -1 0
    outer loop
      vertex 14.05 2.2 0
      vertex 15.6927 2.2 2.5
      vertex 14.05 2.2 2.5
    endloop
  endfacet
  facet normal 0 -1 -0
    outer loop
      vertex 15.6927 2.2 2.5
      vertex 14.05 2.2 0
      vertex 15.6927 2.2 0
    endloop
  endfacet
  facet normal 0 1 -0
    outer loop
      vertex 15.6927 -2.2 0
      vertex 14.05 -2.2 2.5
      vertex 15.6927 -2.2 2.5
    endloop
  endfacet
  facet normal 0 1 0
    outer loop
      vertex 14.05 -2.2 2.5
      vertex 15.6927 -2.2 0
      vertex 14.05 -2.2 0
    endloop
  endfacet
  facet normal -0.995175 0.0981116 0
    outer loop
      vertex 9.61889 7.93594 0
      vertex 9.62852 8.03362 2.5
      vertex 9.62852 8.03362 0
    endloop
  endfacet
  facet normal -0.995175 0.0981116 0
    outer loop
      vertex 9.62852 8.03362 2.5
      vertex 9.61889 7.93594 0
      vertex 9.61889 7.93594 2.5
    endloop
  endfacet
  facet normal -0.352217 -0.935918 0
    outer loop
      vertex 8.61389 9.55212 0
      vertex 8.70575 9.51755 2.5
      vertex 8.61389 9.55212 2.5
    endloop
  endfacet
  facet normal -0.352217 -0.935918 -0
    outer loop
      vertex 8.70575 9.51755 2.5
      vertex 8.61389 9.55212 0
      vertex 8.70575 9.51755 0
    endloop
  endfacet
  facet normal 0.352184 -0.935931 0
    outer loop
      vertex 7.5577 9.51755 0
      vertex 7.64957 9.55212 2.5
      vertex 7.5577 9.51755 2.5
    endloop
  endfacet
  facet normal 0.352184 -0.935931 0
    outer loop
      vertex 7.64957 9.55212 2.5
      vertex 7.5577 9.51755 0
      vertex 7.64957 9.55212 0
    endloop
  endfacet
  facet normal 0.227091 -0.973874 0
    outer loop
      vertex 7.7435 9.58062 0
      vertex 7.83909 9.60291 2.5
      vertex 7.7435 9.58062 2.5
    endloop
  endfacet
  facet normal 0.227091 -0.973874 0
    outer loop
      vertex 7.83909 9.60291 2.5
      vertex 7.7435 9.58062 0
      vertex 7.83909 9.60291 0
    endloop
  endfacet
  facet normal -0.935931 0.352184 0
    outer loop
      vertex 9.51755 7.5577 0
      vertex 9.55212 7.64957 2.5
      vertex 9.55212 7.64957 0
    endloop
  endfacet
  facet normal -0.935931 0.352184 0
    outer loop
      vertex 9.55212 7.64957 2.5
      vertex 9.51755 7.5577 0
      vertex 9.51755 7.5577 2.5
    endloop
  endfacet
  facet normal -0.582433 -0.812879 0
    outer loop
      vertex 8.96508 9.37893 0
      vertex 9.04487 9.32176 2.5
      vertex 8.96508 9.37893 2.5
    endloop
  endfacet
  facet normal -0.582433 -0.812879 -0
    outer loop
      vertex 9.04487 9.32176 2.5
      vertex 8.96508 9.37893 0
      vertex 9.04487 9.32176 0
    endloop
  endfacet
  facet normal -0.683602 -0.729855 0
    outer loop
      vertex 9.12075 9.25949 0
      vertex 9.19239 9.19239 2.5
      vertex 9.12075 9.25949 2.5
    endloop
  endfacet
  facet normal -0.683602 -0.729855 -0
    outer loop
      vertex 9.19239 9.19239 2.5
      vertex 9.12075 9.25949 0
      vertex 9.19239 9.19239 0
    endloop
  endfacet
  facet normal -0.0327042 -0.999465 0
    outer loop
      vertex 8.13173 9.63173 0
      vertex 8.22983 9.62852 2.5
      vertex 8.13173 9.63173 2.5
    endloop
  endfacet
  facet normal -0.0327042 -0.999465 -0
    outer loop
      vertex 8.22983 9.62852 2.5
      vertex 8.13173 9.63173 0
      vertex 8.22983 9.62852 0
    endloop
  endfacet
  facet normal 0.935897 0.352273 0
    outer loop
      vertex 6.74591 7.5577 2.5
      vertex 6.71133 7.64957 0
      vertex 6.71133 7.64957 2.5
    endloop
  endfacet
  facet normal 0.935897 0.352273 0
    outer loop
      vertex 6.71133 7.64957 0
      vertex 6.74591 7.5577 2.5
      vertex 6.74591 7.5577 0
    endloop
  endfacet
  facet normal 0.290347 -0.956922 0
    outer loop
      vertex 7.64957 9.55212 0
      vertex 7.7435 9.58062 2.5
      vertex 7.64957 9.55212 2.5
    endloop
  endfacet
  facet normal 0.290347 -0.956922 0
    outer loop
      vertex 7.7435 9.58062 2.5
      vertex 7.64957 9.55212 0
      vertex 7.7435 9.58062 0
    endloop
  endfacet
  facet normal -0.162813 -0.986657 0
    outer loop
      vertex 8.32752 9.61889 0
      vertex 8.42436 9.60291 2.5
      vertex 8.32752 9.61889 2.5
    endloop
  endfacet
  facet normal -0.162813 -0.986657 -0
    outer loop
      vertex 8.42436 9.60291 2.5
      vertex 8.32752 9.61889 0
      vertex 8.42436 9.60291 0
    endloop
  endfacet
  facet normal -0.812879 -0.582433 0
    outer loop
      vertex 9.37893 8.96508 0
      vertex 9.32176 9.04487 2.5
      vertex 9.32176 9.04487 0
    endloop
  endfacet
  facet normal -0.812879 -0.582433 0
    outer loop
      vertex 9.32176 9.04487 2.5
      vertex 9.37893 8.96508 0
      vertex 9.37893 8.96508 2.5
    endloop
  endfacet
  facet normal -0.956922 0.290347 0
    outer loop
      vertex 9.55212 7.64957 0
      vertex 9.58062 7.7435 2.5
      vertex 9.58062 7.7435 0
    endloop
  endfacet
  facet normal -0.956922 0.290347 0
    outer loop
      vertex 9.58062 7.7435 2.5
      vertex 9.55212 7.64957 0
      vertex 9.55212 7.64957 2.5
    endloop
  endfacet
  facet normal -0.973879 -0.227069 0
    outer loop
      vertex 9.60291 8.42436 0
      vertex 9.58062 8.51996 2.5
      vertex 9.58062 8.51996 0
    endloop
  endfacet
  facet normal -0.973879 -0.227069 0
    outer loop
      vertex 9.58062 8.51996 2.5
      vertex 9.60291 8.42436 0
      vertex 9.60291 8.42436 2.5
    endloop
  endfacet
  facet normal 0.986643 0.162895 0
    outer loop
      vertex 6.66055 7.83909 2.5
      vertex 6.64456 7.93594 0
      vertex 6.64456 7.93594 2.5
    endloop
  endfacet
  facet normal 0.986643 0.162895 0
    outer loop
      vertex 6.64456 7.93594 0
      vertex 6.66055 7.83909 2.5
      vertex 6.66055 7.83909 0
    endloop
  endfacet
  facet normal -0.849158 -0.528139 0
    outer loop
      vertex 9.43077 8.88173 0
      vertex 9.37893 8.96508 2.5
      vertex 9.37893 8.96508 0
    endloop
  endfacet
  facet normal -0.849158 -0.528139 0
    outer loop
      vertex 9.37893 8.96508 2.5
      vertex 9.43077 8.88173 0
      vertex 9.43077 8.88173 2.5
    endloop
  endfacet
  facet normal 0.0981116 -0.995175 0
    outer loop
      vertex 7.93594 9.61889 0
      vertex 8.03362 9.62852 2.5
      vertex 7.93594 9.61889 2.5
    endloop
  endfacet
  facet normal 0.0981116 -0.995175 0
    outer loop
      vertex 8.03362 9.62852 2.5
      vertex 7.93594 9.61889 0
      vertex 8.03362 9.62852 0
    endloop
  endfacet
  facet normal 0.412697 0.910868 -0
    outer loop
      vertex 7.5577 6.74591 0
      vertex 7.46829 6.78642 2.5
      vertex 7.5577 6.74591 2.5
    endloop
  endfacet
  facet normal 0.412697 0.910868 0
    outer loop
      vertex 7.46829 6.78642 2.5
      vertex 7.5577 6.74591 0
      vertex 7.46829 6.78642 0
    endloop
  endfacet
  facet normal 0.729855 0.683602 0
    outer loop
      vertex 7.07107 7.07107 2.5
      vertex 7.00397 7.14271 0
      vertex 7.00397 7.14271 2.5
    endloop
  endfacet
  facet normal 0.729855 0.683602 0
    outer loop
      vertex 7.00397 7.14271 0
      vertex 7.07107 7.07107 2.5
      vertex 7.07107 7.07107 0
    endloop
  endfacet
  facet normal -0.956922 -0.290347 0
    outer loop
      vertex 9.58062 8.51996 0
      vertex 9.55212 8.61389 2.5
      vertex 9.55212 8.61389 0
    endloop
  endfacet
  facet normal -0.956922 -0.290347 0
    outer loop
      vertex 9.55212 8.61389 2.5
      vertex 9.58062 8.51996 0
      vertex 9.58062 8.51996 2.5
    endloop
  endfacet
  facet normal -0.528139 -0.849158 0
    outer loop
      vertex 8.88173 9.43077 0
      vertex 8.96508 9.37893 2.5
      vertex 8.88173 9.43077 2.5
    endloop
  endfacet
  facet normal -0.528139 -0.849158 -0
    outer loop
      vertex 8.96508 9.37893 2.5
      vertex 8.88173 9.43077 0
      vertex 8.96508 9.37893 0
    endloop
  endfacet
  facet normal 0.910868 -0.412697 0
    outer loop
      vertex 6.74591 8.70575 2.5
      vertex 6.78642 8.79516 0
      vertex 6.78642 8.79516 2.5
    endloop
  endfacet
  facet normal 0.910868 -0.412697 0
    outer loop
      vertex 6.78642 8.79516 0
      vertex 6.74591 8.70575 2.5
      vertex 6.74591 8.70575 0
    endloop
  endfacet
  facet normal -0.227069 0.973879 0
    outer loop
      vertex 8.51996 6.68284 0
      vertex 8.42436 6.66055 2.5
      vertex 8.51996 6.68284 2.5
    endloop
  endfacet
  facet normal -0.227069 0.973879 0
    outer loop
      vertex 8.42436 6.66055 2.5
      vertex 8.51996 6.68284 0
      vertex 8.42436 6.66055 0
    endloop
  endfacet
  facet normal 0.935885 -0.352307 0
    outer loop
      vertex 6.71133 8.61389 2.5
      vertex 6.74591 8.70575 0
      vertex 6.74591 8.70575 2.5
    endloop
  endfacet
  facet normal 0.935885 -0.352307 0
    outer loop
      vertex 6.74591 8.70575 0
      vertex 6.71133 8.61389 2.5
      vertex 6.71133 8.61389 0
    endloop
  endfacet
  facet normal -0.729855 0.683602 0
    outer loop
      vertex 9.19239 7.07107 0
      vertex 9.25949 7.14271 2.5
      vertex 9.25949 7.14271 0
    endloop
  endfacet
  facet normal -0.729855 0.683602 0
    outer loop
      vertex 9.25949 7.14271 2.5
      vertex 9.19239 7.07107 0
      vertex 9.19239 7.07107 2.5
    endloop
  endfacet
  facet normal 0.683602 -0.729855 0
    outer loop
      vertex 7.07107 9.19239 0
      vertex 7.14271 9.25949 2.5
      vertex 7.07107 9.19239 2.5
    endloop
  endfacet
  facet normal 0.683602 -0.729855 0
    outer loop
      vertex 7.14271 9.25949 2.5
      vertex 7.07107 9.19239 0
      vertex 7.14271 9.25949 0
    endloop
  endfacet
  facet normal 0.812831 -0.5825 0
    outer loop
      vertex 6.88452 8.96508 2.5
      vertex 6.9417 9.04487 0
      vertex 6.9417 9.04487 2.5
    endloop
  endfacet
  facet normal 0.812831 -0.5825 0
    outer loop
      vertex 6.9417 9.04487 0
      vertex 6.88452 8.96508 2.5
      vertex 6.88452 8.96508 0
    endloop
  endfacet
  facet normal -0.471376 0.881932 0
    outer loop
      vertex 8.88173 6.83269 0
      vertex 8.79516 6.78642 2.5
      vertex 8.88173 6.83269 2.5
    endloop
  endfacet
  facet normal -0.471376 0.881932 0
    outer loop
      vertex 8.79516 6.78642 2.5
      vertex 8.88173 6.83269 0
      vertex 8.79516 6.78642 0
    endloop
  endfacet
  facet normal 0.162796 -0.98666 0
    outer loop
      vertex 7.83909 9.60291 0
      vertex 7.93594 9.61889 2.5
      vertex 7.83909 9.60291 2.5
    endloop
  endfacet
  facet normal 0.162796 -0.98666 0
    outer loop
      vertex 7.93594 9.61889 2.5
      vertex 7.83909 9.60291 0
      vertex 7.93594 9.61889 0
    endloop
  endfacet
  facet normal -0.773026 0.634374 0
    outer loop
      vertex 9.25949 7.14271 0
      vertex 9.32176 7.21859 2.5
      vertex 9.32176 7.21859 0
    endloop
  endfacet
  facet normal -0.773026 0.634374 0
    outer loop
      vertex 9.32176 7.21859 2.5
      vertex 9.25949 7.14271 0
      vertex 9.25949 7.14271 2.5
    endloop
  endfacet
  facet normal -0.290347 -0.956922 0
    outer loop
      vertex 8.51996 9.58062 0
      vertex 8.61389 9.55212 2.5
      vertex 8.51996 9.58062 2.5
    endloop
  endfacet
  facet normal -0.290347 -0.956922 -0
    outer loop
      vertex 8.61389 9.55212 2.5
      vertex 8.51996 9.58062 0
      vertex 8.61389 9.55212 0
    endloop
  endfacet
  facet normal -0.683602 0.729855 0
    outer loop
      vertex 9.19239 7.07107 0
      vertex 9.12075 7.00397 2.5
      vertex 9.19239 7.07107 2.5
    endloop
  endfacet
  facet normal -0.683602 0.729855 0
    outer loop
      vertex 9.12075 7.00397 2.5
      vertex 9.19239 7.07107 0
      vertex 9.12075 7.00397 0
    endloop
  endfacet
  facet normal -0.849187 0.528093 0
    outer loop
      vertex 9.37893 7.29837 0
      vertex 9.43077 7.38173 2.5
      vertex 9.43077 7.38173 0
    endloop
  endfacet
  facet normal -0.849187 0.528093 0
    outer loop
      vertex 9.43077 7.38173 2.5
      vertex 9.37893 7.29837 0
      vertex 9.37893 7.29837 2.5
    endloop
  endfacet
  facet normal -0.412697 0.910868 0
    outer loop
      vertex 8.79516 6.78642 0
      vertex 8.70575 6.74591 2.5
      vertex 8.79516 6.78642 2.5
    endloop
  endfacet
  facet normal -0.412697 0.910868 0
    outer loop
      vertex 8.70575 6.74591 2.5
      vertex 8.79516 6.78642 0
      vertex 8.70575 6.74591 0
    endloop
  endfacet
  facet normal 0.849232 0.52802 0
    outer loop
      vertex 6.88452 7.29837 2.5
      vertex 6.83269 7.38173 0
      vertex 6.83269 7.38173 2.5
    endloop
  endfacet
  facet normal 0.849232 0.52802 0
    outer loop
      vertex 6.83269 7.38173 0
      vertex 6.88452 7.29837 2.5
      vertex 6.88452 7.29837 0
    endloop
  endfacet
  facet normal 0.471418 0.88191 -0
    outer loop
      vertex 7.46829 6.78642 0
      vertex 7.38173 6.83269 2.5
      vertex 7.46829 6.78642 2.5
    endloop
  endfacet
  facet normal 0.471418 0.88191 0
    outer loop
      vertex 7.38173 6.83269 2.5
      vertex 7.46829 6.78642 0
      vertex 7.38173 6.83269 0
    endloop
  endfacet
  facet normal -0.227069 -0.973879 0
    outer loop
      vertex 8.42436 9.60291 0
      vertex 8.51996 9.58062 2.5
      vertex 8.42436 9.60291 2.5
    endloop
  endfacet
  facet normal -0.227069 -0.973879 -0
    outer loop
      vertex 8.51996 9.58062 2.5
      vertex 8.42436 9.60291 0
      vertex 8.51996 9.58062 0
    endloop
  endfacet
  facet normal 0.773026 0.634374 0
    outer loop
      vertex 7.00397 7.14271 2.5
      vertex 6.9417 7.21859 0
      vertex 6.9417 7.21859 2.5
    endloop
  endfacet
  facet normal 0.773026 0.634374 0
    outer loop
      vertex 6.9417 7.21859 0
      vertex 7.00397 7.14271 2.5
      vertex 7.00397 7.14271 0
    endloop
  endfacet
  facet normal 0.412697 -0.910868 0
    outer loop
      vertex 7.46829 9.47704 0
      vertex 7.5577 9.51755 2.5
      vertex 7.46829 9.47704 2.5
    endloop
  endfacet
  facet normal 0.412697 -0.910868 0
    outer loop
      vertex 7.5577 9.51755 2.5
      vertex 7.46829 9.47704 0
      vertex 7.5577 9.51755 0
    endloop
  endfacet
  facet normal -0.5825 0.812831 0
    outer loop
      vertex 9.04487 6.9417 0
      vertex 8.96508 6.88452 2.5
      vertex 9.04487 6.9417 2.5
    endloop
  endfacet
  facet normal -0.5825 0.812831 0
    outer loop
      vertex 8.96508 6.88452 2.5
      vertex 9.04487 6.9417 0
      vertex 8.96508 6.88452 0
    endloop
  endfacet
  facet normal -0.634374 -0.773026 0
    outer loop
      vertex 9.04487 9.32176 0
      vertex 9.12075 9.25949 2.5
      vertex 9.04487 9.32176 2.5
    endloop
  endfacet
  facet normal -0.634374 -0.773026 -0
    outer loop
      vertex 9.12075 9.25949 2.5
      vertex 9.04487 9.32176 0
      vertex 9.12075 9.25949 0
    endloop
  endfacet
  facet normal -0.910868 0.412697 0
    outer loop
      vertex 9.47704 7.46829 0
      vertex 9.51755 7.5577 2.5
      vertex 9.51755 7.5577 0
    endloop
  endfacet
  facet normal -0.910868 0.412697 0
    outer loop
      vertex 9.51755 7.5577 2.5
      vertex 9.47704 7.46829 0
      vertex 9.47704 7.46829 2.5
    endloop
  endfacet
  facet normal 0.0327009 0.999465 -0
    outer loop
      vertex 8.13173 6.63173 0
      vertex 8.03362 6.63494 2.5
      vertex 8.13173 6.63173 2.5
    endloop
  endfacet
  facet normal 0.0327009 0.999465 0
    outer loop
      vertex 8.03362 6.63494 2.5
      vertex 8.13173 6.63173 0
      vertex 8.03362 6.63494 0
    endloop
  endfacet
  facet normal 0.999465 -0.0327042 0
    outer loop
      vertex 6.63173 8.13173 2.5
      vertex 6.63494 8.22983 0
      vertex 6.63494 8.22983 2.5
    endloop
  endfacet
  facet normal 0.999465 -0.0327042 0
    outer loop
      vertex 6.63494 8.22983 0
      vertex 6.63173 8.13173 2.5
      vertex 6.63173 8.13173 0
    endloop
  endfacet
  facet normal -0.471376 -0.881932 0
    outer loop
      vertex 8.79516 9.47704 0
      vertex 8.88173 9.43077 2.5
      vertex 8.79516 9.47704 2.5
    endloop
  endfacet
  facet normal -0.471376 -0.881932 -0
    outer loop
      vertex 8.88173 9.43077 2.5
      vertex 8.79516 9.47704 0
      vertex 8.88173 9.43077 0
    endloop
  endfacet
  facet normal -0.995176 -0.0981016 0
    outer loop
      vertex 9.62852 8.22983 0
      vertex 9.61889 8.32752 2.5
      vertex 9.61889 8.32752 0
    endloop
  endfacet
  facet normal -0.995176 -0.0981016 0
    outer loop
      vertex 9.61889 8.32752 2.5
      vertex 9.62852 8.22983 0
      vertex 9.62852 8.22983 2.5
    endloop
  endfacet
  facet normal 0.973879 -0.227069 0
    outer loop
      vertex 6.66055 8.42436 2.5
      vertex 6.68284 8.51996 0
      vertex 6.68284 8.51996 2.5
    endloop
  endfacet
  facet normal 0.973879 -0.227069 0
    outer loop
      vertex 6.68284 8.51996 0
      vertex 6.66055 8.42436 2.5
      vertex 6.66055 8.42436 0
    endloop
  endfacet
  facet normal -0.290253 0.95695 0
    outer loop
      vertex 8.61389 6.71133 0
      vertex 8.51996 6.68284 2.5
      vertex 8.61389 6.71133 2.5
    endloop
  endfacet
  facet normal -0.290253 0.95695 0
    outer loop
      vertex 8.51996 6.68284 2.5
      vertex 8.61389 6.71133 0
      vertex 8.51996 6.68284 0
    endloop
  endfacet
  facet normal 0.881932 -0.471376 0
    outer loop
      vertex 6.78642 8.79516 2.5
      vertex 6.83269 8.88173 0
      vertex 6.83269 8.88173 2.5
    endloop
  endfacet
  facet normal 0.881932 -0.471376 0
    outer loop
      vertex 6.83269 8.88173 0
      vertex 6.78642 8.79516 2.5
      vertex 6.78642 8.79516 0
    endloop
  endfacet
  facet normal -0.729855 -0.683602 0
    outer loop
      vertex 9.25949 9.12075 0
      vertex 9.19239 9.19239 2.5
      vertex 9.19239 9.19239 0
    endloop
  endfacet
  facet normal -0.729855 -0.683602 0
    outer loop
      vertex 9.19239 9.19239 2.5
      vertex 9.25949 9.12075 0
      vertex 9.25949 9.12075 2.5
    endloop
  endfacet
  facet normal 0.471418 -0.88191 0
    outer loop
      vertex 7.38173 9.43077 0
      vertex 7.46829 9.47704 2.5
      vertex 7.38173 9.43077 2.5
    endloop
  endfacet
  facet normal 0.471418 -0.88191 0
    outer loop
      vertex 7.46829 9.47704 2.5
      vertex 7.38173 9.43077 0
      vertex 7.46829 9.47704 0
    endloop
  endfacet
  facet normal 0.95695 -0.290253 0
    outer loop
      vertex 6.68284 8.51996 2.5
      vertex 6.71133 8.61389 0
      vertex 6.71133 8.61389 2.5
    endloop
  endfacet
  facet normal 0.95695 -0.290253 0
    outer loop
      vertex 6.71133 8.61389 0
      vertex 6.68284 8.51996 2.5
      vertex 6.68284 8.51996 0
    endloop
  endfacet
  facet normal -0.88191 0.471418 0
    outer loop
      vertex 9.43077 7.38173 0
      vertex 9.47704 7.46829 2.5
      vertex 9.47704 7.46829 0
    endloop
  endfacet
  facet normal -0.88191 0.471418 0
    outer loop
      vertex 9.47704 7.46829 2.5
      vertex 9.43077 7.38173 0
      vertex 9.43077 7.38173 2.5
    endloop
  endfacet
  facet normal 0.729855 -0.683602 0
    outer loop
      vertex 7.00397 9.12075 2.5
      vertex 7.07107 9.19239 0
      vertex 7.07107 9.19239 2.5
    endloop
  endfacet
  facet normal 0.729855 -0.683602 0
    outer loop
      vertex 7.07107 9.19239 0
      vertex 7.00397 9.12075 2.5
      vertex 7.00397 9.12075 0
    endloop
  endfacet
  facet normal 0.849204 -0.528065 0
    outer loop
      vertex 6.83269 8.88173 2.5
      vertex 6.88452 8.96508 0
      vertex 6.88452 8.96508 2.5
    endloop
  endfacet
  facet normal 0.849204 -0.528065 0
    outer loop
      vertex 6.88452 8.96508 0
      vertex 6.83269 8.88173 2.5
      vertex 6.83269 8.88173 0
    endloop
  endfacet
  facet normal -0.773026 -0.634374 0
    outer loop
      vertex 9.32176 9.04487 0
      vertex 9.25949 9.12075 2.5
      vertex 9.25949 9.12075 0
    endloop
  endfacet
  facet normal -0.773026 -0.634374 0
    outer loop
      vertex 9.25949 9.12075 2.5
      vertex 9.32176 9.04487 0
      vertex 9.32176 9.04487 2.5
    endloop
  endfacet
  facet normal 0.986641 -0.162912 0
    outer loop
      vertex 6.64456 8.32752 2.5
      vertex 6.66055 8.42436 0
      vertex 6.66055 8.42436 2.5
    endloop
  endfacet
  facet normal 0.986641 -0.162912 0
    outer loop
      vertex 6.66055 8.42436 0
      vertex 6.64456 8.32752 2.5
      vertex 6.64456 8.32752 0
    endloop
  endfacet
  facet normal 0.634374 0.773026 -0
    outer loop
      vertex 7.21859 6.9417 0
      vertex 7.14271 7.00397 2.5
      vertex 7.21859 6.9417 2.5
    endloop
  endfacet
  facet normal 0.634374 0.773026 0
    outer loop
      vertex 7.14271 7.00397 2.5
      vertex 7.21859 6.9417 0
      vertex 7.14271 7.00397 0
    endloop
  endfacet
  facet normal -0.162912 0.986641 0
    outer loop
      vertex 8.42436 6.66055 0
      vertex 8.32752 6.64456 2.5
      vertex 8.42436 6.66055 2.5
    endloop
  endfacet
  facet normal -0.162912 0.986641 0
    outer loop
      vertex 8.32752 6.64456 2.5
      vertex 8.42436 6.66055 0
      vertex 8.32752 6.64456 0
    endloop
  endfacet
  facet normal 0.582548 0.812796 -0
    outer loop
      vertex 7.29837 6.88452 0
      vertex 7.21859 6.9417 2.5
      vertex 7.29837 6.88452 2.5
    endloop
  endfacet
  facet normal 0.582548 0.812796 0
    outer loop
      vertex 7.21859 6.9417 2.5
      vertex 7.29837 6.88452 0
      vertex 7.21859 6.9417 0
    endloop
  endfacet
  facet normal -0.0981016 -0.995176 0
    outer loop
      vertex 8.22983 9.62852 0
      vertex 8.32752 9.61889 2.5
      vertex 8.22983 9.62852 2.5
    endloop
  endfacet
  facet normal -0.0981016 -0.995176 -0
    outer loop
      vertex 8.32752 9.61889 2.5
      vertex 8.22983 9.62852 0
      vertex 8.32752 9.61889 0
    endloop
  endfacet
  facet normal -0.412697 -0.910868 0
    outer loop
      vertex 8.70575 9.51755 0
      vertex 8.79516 9.47704 2.5
      vertex 8.70575 9.51755 2.5
    endloop
  endfacet
  facet normal -0.412697 -0.910868 -0
    outer loop
      vertex 8.79516 9.47704 2.5
      vertex 8.70575 9.51755 0
      vertex 8.79516 9.47704 0
    endloop
  endfacet
  facet normal 0.773026 -0.634374 0
    outer loop
      vertex 6.9417 9.04487 2.5
      vertex 7.00397 9.12075 0
      vertex 7.00397 9.12075 2.5
    endloop
  endfacet
  facet normal 0.773026 -0.634374 0
    outer loop
      vertex 7.00397 9.12075 0
      vertex 6.9417 9.04487 2.5
      vertex 6.9417 9.04487 0
    endloop
  endfacet
  facet normal 0.52802 0.849232 -0
    outer loop
      vertex 7.38173 6.83269 0
      vertex 7.29837 6.88452 2.5
      vertex 7.38173 6.83269 2.5
    endloop
  endfacet
  facet normal 0.52802 0.849232 0
    outer loop
      vertex 7.29837 6.88452 2.5
      vertex 7.38173 6.83269 0
      vertex 7.29837 6.88452 0
    endloop
  endfacet
  facet normal -0.999465 0.0327009 0
    outer loop
      vertex 9.62852 8.03362 0
      vertex 9.63173 8.13173 2.5
      vertex 9.63173 8.13173 0
    endloop
  endfacet
  facet normal -0.999465 0.0327009 0
    outer loop
      vertex 9.63173 8.13173 2.5
      vertex 9.62852 8.03362 0
      vertex 9.62852 8.03362 2.5
    endloop
  endfacet
  facet normal -0.352307 0.935885 0
    outer loop
      vertex 8.70575 6.74591 0
      vertex 8.61389 6.71133 2.5
      vertex 8.70575 6.74591 2.5
    endloop
  endfacet
  facet normal -0.352307 0.935885 0
    outer loop
      vertex 8.61389 6.71133 2.5
      vertex 8.70575 6.74591 0
      vertex 8.61389 6.71133 0
    endloop
  endfacet
  facet normal -0.812844 0.582481 0
    outer loop
      vertex 9.32176 7.21859 0
      vertex 9.37893 7.29837 2.5
      vertex 9.37893 7.29837 0
    endloop
  endfacet
  facet normal -0.812844 0.582481 0
    outer loop
      vertex 9.37893 7.29837 2.5
      vertex 9.32176 7.21859 0
      vertex 9.32176 7.21859 2.5
    endloop
  endfacet
  facet normal 0.910868 0.412697 0
    outer loop
      vertex 6.78642 7.46829 2.5
      vertex 6.74591 7.5577 0
      vertex 6.74591 7.5577 2.5
    endloop
  endfacet
  facet normal 0.910868 0.412697 0
    outer loop
      vertex 6.74591 7.5577 0
      vertex 6.78642 7.46829 2.5
      vertex 6.78642 7.46829 0
    endloop
  endfacet
  facet normal 0.582481 -0.812844 0
    outer loop
      vertex 7.21859 9.32176 0
      vertex 7.29837 9.37893 2.5
      vertex 7.21859 9.32176 2.5
    endloop
  endfacet
  facet normal 0.582481 -0.812844 0
    outer loop
      vertex 7.29837 9.37893 2.5
      vertex 7.21859 9.32176 0
      vertex 7.29837 9.37893 0
    endloop
  endfacet
  facet normal -0.881932 -0.471376 0
    outer loop
      vertex 9.47704 8.79516 0
      vertex 9.43077 8.88173 2.5
      vertex 9.43077 8.88173 0
    endloop
  endfacet
  facet normal -0.881932 -0.471376 0
    outer loop
      vertex 9.43077 8.88173 2.5
      vertex 9.47704 8.79516 0
      vertex 9.47704 8.79516 2.5
    endloop
  endfacet
  facet normal -0.0980007 0.995186 0
    outer loop
      vertex 8.32752 6.64456 0
      vertex 8.22983 6.63494 2.5
      vertex 8.32752 6.64456 2.5
    endloop
  endfacet
  facet normal -0.0980007 0.995186 0
    outer loop
      vertex 8.22983 6.63494 2.5
      vertex 8.32752 6.64456 0
      vertex 8.22983 6.63494 0
    endloop
  endfacet
  facet normal 0.634374 -0.773026 0
    outer loop
      vertex 7.14271 9.25949 0
      vertex 7.21859 9.32176 2.5
      vertex 7.14271 9.25949 2.5
    endloop
  endfacet
  facet normal 0.634374 -0.773026 0
    outer loop
      vertex 7.21859 9.32176 2.5
      vertex 7.14271 9.25949 0
      vertex 7.21859 9.32176 0
    endloop
  endfacet
  facet normal 0.162895 0.986643 -0
    outer loop
      vertex 7.93594 6.64456 0
      vertex 7.83909 6.66055 2.5
      vertex 7.93594 6.64456 2.5
    endloop
  endfacet
  facet normal 0.162895 0.986643 0
    outer loop
      vertex 7.83909 6.66055 2.5
      vertex 7.93594 6.64456 0
      vertex 7.83909 6.66055 0
    endloop
  endfacet
  facet normal 0.227091 0.973874 -0
    outer loop
      vertex 7.83909 6.66055 0
      vertex 7.7435 6.68284 2.5
      vertex 7.83909 6.66055 2.5
    endloop
  endfacet
  facet normal 0.227091 0.973874 0
    outer loop
      vertex 7.7435 6.68284 2.5
      vertex 7.83909 6.66055 0
      vertex 7.7435 6.68284 0
    endloop
  endfacet
  facet normal 0.999465 0.0327009 0
    outer loop
      vertex 6.63494 8.03362 2.5
      vertex 6.63173 8.13173 0
      vertex 6.63173 8.13173 2.5
    endloop
  endfacet
  facet normal 0.999465 0.0327009 0
    outer loop
      vertex 6.63173 8.13173 0
      vertex 6.63494 8.03362 2.5
      vertex 6.63494 8.03362 0
    endloop
  endfacet
  facet normal 0.812796 0.582548 0
    outer loop
      vertex 6.9417 7.21859 2.5
      vertex 6.88452 7.29837 0
      vertex 6.88452 7.29837 2.5
    endloop
  endfacet
  facet normal 0.812796 0.582548 0
    outer loop
      vertex 6.88452 7.29837 0
      vertex 6.9417 7.21859 2.5
      vertex 6.9417 7.21859 0
    endloop
  endfacet
  facet normal -0.98666 0.162796 0
    outer loop
      vertex 9.60291 7.83909 0
      vertex 9.61889 7.93594 2.5
      vertex 9.61889 7.93594 0
    endloop
  endfacet
  facet normal -0.98666 0.162796 0
    outer loop
      vertex 9.61889 7.93594 2.5
      vertex 9.60291 7.83909 0
      vertex 9.60291 7.83909 2.5
    endloop
  endfacet
  facet normal 0.528093 -0.849187 0
    outer loop
      vertex 7.29837 9.37893 0
      vertex 7.38173 9.43077 2.5
      vertex 7.29837 9.37893 2.5
    endloop
  endfacet
  facet normal 0.528093 -0.849187 0
    outer loop
      vertex 7.38173 9.43077 2.5
      vertex 7.29837 9.37893 0
      vertex 7.38173 9.43077 0
    endloop
  endfacet
  facet normal 0.95695 0.290253 0
    outer loop
      vertex 6.71133 7.64957 2.5
      vertex 6.68284 7.7435 0
      vertex 6.68284 7.7435 2.5
    endloop
  endfacet
  facet normal 0.95695 0.290253 0
    outer loop
      vertex 6.68284 7.7435 0
      vertex 6.71133 7.64957 2.5
      vertex 6.71133 7.64957 0
    endloop
  endfacet
  facet normal 0.995186 -0.0980007 0
    outer loop
      vertex 6.63494 8.22983 2.5
      vertex 6.64456 8.32752 0
      vertex 6.64456 8.32752 2.5
    endloop
  endfacet
  facet normal 0.995186 -0.0980007 0
    outer loop
      vertex 6.64456 8.32752 0
      vertex 6.63494 8.22983 2.5
      vertex 6.63494 8.22983 0
    endloop
  endfacet
  facet normal -0.0327042 0.999465 0
    outer loop
      vertex 8.22983 6.63494 0
      vertex 8.13173 6.63173 2.5
      vertex 8.22983 6.63494 2.5
    endloop
  endfacet
  facet normal -0.0327042 0.999465 0
    outer loop
      vertex 8.13173 6.63173 2.5
      vertex 8.22983 6.63494 0
      vertex 8.13173 6.63173 0
    endloop
  endfacet
  facet normal -0.973874 0.227091 0
    outer loop
      vertex 9.58062 7.7435 0
      vertex 9.60291 7.83909 2.5
      vertex 9.60291 7.83909 0
    endloop
  endfacet
  facet normal -0.973874 0.227091 0
    outer loop
      vertex 9.60291 7.83909 2.5
      vertex 9.58062 7.7435 0
      vertex 9.58062 7.7435 2.5
    endloop
  endfacet
  facet normal 0.0980107 0.995185 -0
    outer loop
      vertex 8.03362 6.63494 0
      vertex 7.93594 6.64456 2.5
      vertex 8.03362 6.63494 2.5
    endloop
  endfacet
  facet normal 0.0980107 0.995185 0
    outer loop
      vertex 7.93594 6.64456 2.5
      vertex 8.03362 6.63494 0
      vertex 7.93594 6.64456 0
    endloop
  endfacet
  facet normal -0.634374 0.773026 0
    outer loop
      vertex 9.12075 7.00397 0
      vertex 9.04487 6.9417 2.5
      vertex 9.12075 7.00397 2.5
    endloop
  endfacet
  facet normal -0.634374 0.773026 0
    outer loop
      vertex 9.04487 6.9417 2.5
      vertex 9.12075 7.00397 0
      vertex 9.04487 6.9417 0
    endloop
  endfacet
  facet normal -0.999465 -0.0327042 0
    outer loop
      vertex 9.63173 8.13173 0
      vertex 9.62852 8.22983 2.5
      vertex 9.62852 8.22983 0
    endloop
  endfacet
  facet normal -0.999465 -0.0327042 0
    outer loop
      vertex 9.62852 8.22983 2.5
      vertex 9.63173 8.13173 0
      vertex 9.63173 8.13173 2.5
    endloop
  endfacet
  facet normal 0.290253 0.95695 -0
    outer loop
      vertex 7.7435 6.68284 0
      vertex 7.64957 6.71133 2.5
      vertex 7.7435 6.68284 2.5
    endloop
  endfacet
  facet normal 0.290253 0.95695 0
    outer loop
      vertex 7.64957 6.71133 2.5
      vertex 7.7435 6.68284 0
      vertex 7.64957 6.71133 0
    endloop
  endfacet
  facet normal 0.88191 0.471418 0
    outer loop
      vertex 6.83269 7.38173 2.5
      vertex 6.78642 7.46829 0
      vertex 6.78642 7.46829 2.5
    endloop
  endfacet
  facet normal 0.88191 0.471418 0
    outer loop
      vertex 6.78642 7.46829 0
      vertex 6.83269 7.38173 2.5
      vertex 6.83269 7.38173 0
    endloop
  endfacet
  facet normal 0.973874 0.227091 0
    outer loop
      vertex 6.68284 7.7435 2.5
      vertex 6.66055 7.83909 0
      vertex 6.66055 7.83909 2.5
    endloop
  endfacet
  facet normal 0.973874 0.227091 0
    outer loop
      vertex 6.66055 7.83909 0
      vertex 6.68284 7.7435 2.5
      vertex 6.68284 7.7435 0
    endloop
  endfacet
  facet normal -0.935918 -0.352217 0
    outer loop
      vertex 9.55212 8.61389 0
      vertex 9.51755 8.70575 2.5
      vertex 9.51755 8.70575 0
    endloop
  endfacet
  facet normal -0.935918 -0.352217 0
    outer loop
      vertex 9.51755 8.70575 2.5
      vertex 9.55212 8.61389 0
      vertex 9.55212 8.61389 2.5
    endloop
  endfacet
  facet normal 0.0327009 -0.999465 0
    outer loop
      vertex 8.03362 9.62852 0
      vertex 8.13173 9.63173 2.5
      vertex 8.03362 9.62852 2.5
    endloop
  endfacet
  facet normal 0.0327009 -0.999465 0
    outer loop
      vertex 8.13173 9.63173 2.5
      vertex 8.03362 9.62852 0
      vertex 8.13173 9.63173 0
    endloop
  endfacet
  facet normal 0.683602 0.729855 -0
    outer loop
      vertex 7.14271 7.00397 0
      vertex 7.07107 7.07107 2.5
      vertex 7.14271 7.00397 2.5
    endloop
  endfacet
  facet normal 0.683602 0.729855 0
    outer loop
      vertex 7.07107 7.07107 2.5
      vertex 7.14271 7.00397 0
      vertex 7.07107 7.07107 0
    endloop
  endfacet
  facet normal 0.995185 0.0980107 0
    outer loop
      vertex 6.64456 7.93594 2.5
      vertex 6.63494 8.03362 0
      vertex 6.63494 8.03362 2.5
    endloop
  endfacet
  facet normal 0.995185 0.0980107 0
    outer loop
      vertex 6.63494 8.03362 0
      vertex 6.64456 7.93594 2.5
      vertex 6.64456 7.93594 0
    endloop
  endfacet
  facet normal -0.986657 -0.162813 0
    outer loop
      vertex 9.61889 8.32752 0
      vertex 9.60291 8.42436 2.5
      vertex 9.60291 8.42436 0
    endloop
  endfacet
  facet normal -0.986657 -0.162813 0
    outer loop
      vertex 9.60291 8.42436 2.5
      vertex 9.61889 8.32752 0
      vertex 9.61889 8.32752 2.5
    endloop
  endfacet
  facet normal -0.910868 -0.412697 0
    outer loop
      vertex 9.51755 8.70575 0
      vertex 9.47704 8.79516 2.5
      vertex 9.47704 8.79516 0
    endloop
  endfacet
  facet normal -0.910868 -0.412697 0
    outer loop
      vertex 9.47704 8.79516 2.5
      vertex 9.51755 8.70575 0
      vertex 9.51755 8.70575 2.5
    endloop
  endfacet
  facet normal -0.528065 0.849204 0
    outer loop
      vertex 8.96508 6.88452 0
      vertex 8.88173 6.83269 2.5
      vertex 8.96508 6.88452 2.5
    endloop
  endfacet
  facet normal -0.528065 0.849204 0
    outer loop
      vertex 8.88173 6.83269 2.5
      vertex 8.96508 6.88452 0
      vertex 8.88173 6.83269 0
    endloop
  endfacet
  facet normal 0.352273 0.935897 -0
    outer loop
      vertex 7.64957 6.71133 0
      vertex 7.5577 6.74591 2.5
      vertex 7.64957 6.71133 2.5
    endloop
  endfacet
  facet normal 0.352273 0.935897 0
    outer loop
      vertex 7.5577 6.74591 2.5
      vertex 7.64957 6.71133 0
      vertex 7.5577 6.74591 0
    endloop
  endfacet
  facet normal 0.773026 -0.634374 0
    outer loop
      vertex -9.32176 9.04487 2.5
      vertex -9.25949 9.12075 0
      vertex -9.25949 9.12075 2.5
    endloop
  endfacet
  facet normal 0.773026 -0.634374 0
    outer loop
      vertex -9.25949 9.12075 0
      vertex -9.32176 9.04487 2.5
      vertex -9.32176 9.04487 0
    endloop
  endfacet
  facet normal 0.729855 -0.683602 0
    outer loop
      vertex -9.25949 9.12075 2.5
      vertex -9.19239 9.19239 0
      vertex -9.19239 9.19239 2.5
    endloop
  endfacet
  facet normal 0.729855 -0.683602 0
    outer loop
      vertex -9.19239 9.19239 0
      vertex -9.25949 9.12075 2.5
      vertex -9.25949 9.12075 0
    endloop
  endfacet
  facet normal 0.812879 -0.582433 0
    outer loop
      vertex -9.37893 8.96508 2.5
      vertex -9.32176 9.04487 0
      vertex -9.32176 9.04487 2.5
    endloop
  endfacet
  facet normal 0.812879 -0.582433 0
    outer loop
      vertex -9.32176 9.04487 0
      vertex -9.37893 8.96508 2.5
      vertex -9.37893 8.96508 0
    endloop
  endfacet
  facet normal 0.849158 -0.528139 0
    outer loop
      vertex -9.43077 8.88173 2.5
      vertex -9.37893 8.96508 0
      vertex -9.37893 8.96508 2.5
    endloop
  endfacet
  facet normal 0.849158 -0.528139 0
    outer loop
      vertex -9.37893 8.96508 0
      vertex -9.43077 8.88173 2.5
      vertex -9.43077 8.88173 0
    endloop
  endfacet
  facet normal 0.162912 0.986641 -0
    outer loop
      vertex -8.32752 6.64456 0
      vertex -8.42436 6.66055 2.5
      vertex -8.32752 6.64456 2.5
    endloop
  endfacet
  facet normal 0.162912 0.986641 0
    outer loop
      vertex -8.42436 6.66055 2.5
      vertex -8.32752 6.64456 0
      vertex -8.42436 6.66055 0
    endloop
  endfacet
  facet normal -0.528093 -0.849187 0
    outer loop
      vertex -7.38173 9.43077 0
      vertex -7.29837 9.37893 2.5
      vertex -7.38173 9.43077 2.5
    endloop
  endfacet
  facet normal -0.528093 -0.849187 -0
    outer loop
      vertex -7.29837 9.37893 2.5
      vertex -7.38173 9.43077 0
      vertex -7.29837 9.37893 0
    endloop
  endfacet
  facet normal -0.683602 -0.729855 0
    outer loop
      vertex -7.14271 9.25949 0
      vertex -7.07107 9.19239 2.5
      vertex -7.14271 9.25949 2.5
    endloop
  endfacet
  facet normal -0.683602 -0.729855 -0
    outer loop
      vertex -7.07107 9.19239 2.5
      vertex -7.14271 9.25949 0
      vertex -7.07107 9.19239 0
    endloop
  endfacet
  facet normal 0.227069 0.973879 -0
    outer loop
      vertex -8.42436 6.66055 0
      vertex -8.51996 6.68284 2.5
      vertex -8.42436 6.66055 2.5
    endloop
  endfacet
  facet normal 0.227069 0.973879 0
    outer loop
      vertex -8.51996 6.68284 2.5
      vertex -8.42436 6.66055 0
      vertex -8.51996 6.68284 0
    endloop
  endfacet
  facet normal 0.471376 -0.881932 0
    outer loop
      vertex -8.88173 9.43077 0
      vertex -8.79516 9.47704 2.5
      vertex -8.88173 9.43077 2.5
    endloop
  endfacet
  facet normal 0.471376 -0.881932 0
    outer loop
      vertex -8.79516 9.47704 2.5
      vertex -8.88173 9.43077 0
      vertex -8.79516 9.47704 0
    endloop
  endfacet
  facet normal -0.729855 -0.683602 0
    outer loop
      vertex -7.00397 9.12075 0
      vertex -7.07107 9.19239 2.5
      vertex -7.07107 9.19239 0
    endloop
  endfacet
  facet normal -0.729855 -0.683602 0
    outer loop
      vertex -7.07107 9.19239 2.5
      vertex -7.00397 9.12075 0
      vertex -7.00397 9.12075 2.5
    endloop
  endfacet
  facet normal -0.634374 0.773026 0
    outer loop
      vertex -7.14271 7.00397 0
      vertex -7.21859 6.9417 2.5
      vertex -7.14271 7.00397 2.5
    endloop
  endfacet
  facet normal -0.634374 0.773026 0
    outer loop
      vertex -7.21859 6.9417 2.5
      vertex -7.14271 7.00397 0
      vertex -7.21859 6.9417 0
    endloop
  endfacet
  facet normal 0.582433 -0.812879 0
    outer loop
      vertex -9.04487 9.32176 0
      vertex -8.96508 9.37893 2.5
      vertex -9.04487 9.32176 2.5
    endloop
  endfacet
  facet normal 0.582433 -0.812879 0
    outer loop
      vertex -8.96508 9.37893 2.5
      vertex -9.04487 9.32176 0
      vertex -8.96508 9.37893 0
    endloop
  endfacet
  facet normal -0.227091 0.973874 0
    outer loop
      vertex -7.7435 6.68284 0
      vertex -7.83909 6.66055 2.5
      vertex -7.7435 6.68284 2.5
    endloop
  endfacet
  facet normal -0.227091 0.973874 0
    outer loop
      vertex -7.83909 6.66055 2.5
      vertex -7.7435 6.68284 0
      vertex -7.83909 6.66055 0
    endloop
  endfacet
  facet normal -0.935885 -0.352307 0
    outer loop
      vertex -6.71133 8.61389 0
      vertex -6.74591 8.70575 2.5
      vertex -6.74591 8.70575 0
    endloop
  endfacet
  facet normal -0.935885 -0.352307 0
    outer loop
      vertex -6.74591 8.70575 2.5
      vertex -6.71133 8.61389 0
      vertex -6.71133 8.61389 2.5
    endloop
  endfacet
  facet normal -0.162796 -0.98666 0
    outer loop
      vertex -7.93594 9.61889 0
      vertex -7.83909 9.60291 2.5
      vertex -7.93594 9.61889 2.5
    endloop
  endfacet
  facet normal -0.162796 -0.98666 -0
    outer loop
      vertex -7.83909 9.60291 2.5
      vertex -7.93594 9.61889 0
      vertex -7.83909 9.60291 0
    endloop
  endfacet
  facet normal 0.986657 -0.162813 0
    outer loop
      vertex -9.61889 8.32752 2.5
      vertex -9.60291 8.42436 0
      vertex -9.60291 8.42436 2.5
    endloop
  endfacet
  facet normal 0.986657 -0.162813 0
    outer loop
      vertex -9.60291 8.42436 0
      vertex -9.61889 8.32752 2.5
      vertex -9.61889 8.32752 0
    endloop
  endfacet
  facet normal -0.973874 0.227091 0
    outer loop
      vertex -6.68284 7.7435 0
      vertex -6.66055 7.83909 2.5
      vertex -6.66055 7.83909 0
    endloop
  endfacet
  facet normal -0.973874 0.227091 0
    outer loop
      vertex -6.66055 7.83909 2.5
      vertex -6.68284 7.7435 0
      vertex -6.68284 7.7435 2.5
    endloop
  endfacet
  facet normal 0.973874 0.227091 0
    outer loop
      vertex -9.58062 7.7435 2.5
      vertex -9.60291 7.83909 0
      vertex -9.60291 7.83909 2.5
    endloop
  endfacet
  facet normal 0.973874 0.227091 0
    outer loop
      vertex -9.60291 7.83909 0
      vertex -9.58062 7.7435 2.5
      vertex -9.58062 7.7435 0
    endloop
  endfacet
  facet normal 0.0327042 -0.999465 0
    outer loop
      vertex -8.22983 9.62852 0
      vertex -8.13173 9.63173 2.5
      vertex -8.22983 9.62852 2.5
    endloop
  endfacet
  facet normal 0.0327042 -0.999465 0
    outer loop
      vertex -8.13173 9.63173 2.5
      vertex -8.22983 9.62852 0
      vertex -8.13173 9.63173 0
    endloop
  endfacet
  facet normal 0.528065 0.849204 -0
    outer loop
      vertex -8.88173 6.83269 0
      vertex -8.96508 6.88452 2.5
      vertex -8.88173 6.83269 2.5
    endloop
  endfacet
  facet normal 0.528065 0.849204 0
    outer loop
      vertex -8.96508 6.88452 2.5
      vertex -8.88173 6.83269 0
      vertex -8.96508 6.88452 0
    endloop
  endfacet
  facet normal 0.973879 -0.227069 0
    outer loop
      vertex -9.60291 8.42436 2.5
      vertex -9.58062 8.51996 0
      vertex -9.58062 8.51996 2.5
    endloop
  endfacet
  facet normal 0.973879 -0.227069 0
    outer loop
      vertex -9.58062 8.51996 0
      vertex -9.60291 8.42436 2.5
      vertex -9.60291 8.42436 0
    endloop
  endfacet
  facet normal 0.5825 0.812831 -0
    outer loop
      vertex -8.96508 6.88452 0
      vertex -9.04487 6.9417 2.5
      vertex -8.96508 6.88452 2.5
    endloop
  endfacet
  facet normal 0.5825 0.812831 0
    outer loop
      vertex -9.04487 6.9417 2.5
      vertex -8.96508 6.88452 0
      vertex -9.04487 6.9417 0
    endloop
  endfacet
  facet normal 0.412697 -0.910868 0
    outer loop
      vertex -8.79516 9.47704 0
      vertex -8.70575 9.51755 2.5
      vertex -8.79516 9.47704 2.5
    endloop
  endfacet
  facet normal 0.412697 -0.910868 0
    outer loop
      vertex -8.70575 9.51755 2.5
      vertex -8.79516 9.47704 0
      vertex -8.70575 9.51755 0
    endloop
  endfacet
  facet normal -0.773026 -0.634374 0
    outer loop
      vertex -6.9417 9.04487 0
      vertex -7.00397 9.12075 2.5
      vertex -7.00397 9.12075 0
    endloop
  endfacet
  facet normal -0.773026 -0.634374 0
    outer loop
      vertex -7.00397 9.12075 2.5
      vertex -6.9417 9.04487 0
      vertex -6.9417 9.04487 2.5
    endloop
  endfacet
  facet normal 0.0981016 -0.995176 0
    outer loop
      vertex -8.32752 9.61889 0
      vertex -8.22983 9.62852 2.5
      vertex -8.32752 9.61889 2.5
    endloop
  endfacet
  facet normal 0.0981016 -0.995176 0
    outer loop
      vertex -8.22983 9.62852 2.5
      vertex -8.32752 9.61889 0
      vertex -8.22983 9.62852 0
    endloop
  endfacet
  facet normal 0.227069 -0.973879 0
    outer loop
      vertex -8.51996 9.58062 0
      vertex -8.42436 9.60291 2.5
      vertex -8.51996 9.58062 2.5
    endloop
  endfacet
  facet normal 0.227069 -0.973879 0
    outer loop
      vertex -8.42436 9.60291 2.5
      vertex -8.51996 9.58062 0
      vertex -8.42436 9.60291 0
    endloop
  endfacet
  facet normal -0.986643 0.162895 0
    outer loop
      vertex -6.66055 7.83909 0
      vertex -6.64456 7.93594 2.5
      vertex -6.64456 7.93594 0
    endloop
  endfacet
  facet normal -0.986643 0.162895 0
    outer loop
      vertex -6.64456 7.93594 2.5
      vertex -6.66055 7.83909 0
      vertex -6.66055 7.83909 2.5
    endloop
  endfacet
  facet normal -0.0327009 -0.999465 0
    outer loop
      vertex -8.13173 9.63173 0
      vertex -8.03362 9.62852 2.5
      vertex -8.13173 9.63173 2.5
    endloop
  endfacet
  facet normal -0.0327009 -0.999465 -0
    outer loop
      vertex -8.03362 9.62852 2.5
      vertex -8.13173 9.63173 0
      vertex -8.03362 9.62852 0
    endloop
  endfacet
  facet normal 0.634374 0.773026 -0
    outer loop
      vertex -9.04487 6.9417 0
      vertex -9.12075 7.00397 2.5
      vertex -9.04487 6.9417 2.5
    endloop
  endfacet
  facet normal 0.634374 0.773026 0
    outer loop
      vertex -9.12075 7.00397 2.5
      vertex -9.04487 6.9417 0
      vertex -9.12075 7.00397 0
    endloop
  endfacet
  facet normal -0.52802 0.849232 0
    outer loop
      vertex -7.29837 6.88452 0
      vertex -7.38173 6.83269 2.5
      vertex -7.29837 6.88452 2.5
    endloop
  endfacet
  facet normal -0.52802 0.849232 0
    outer loop
      vertex -7.38173 6.83269 2.5
      vertex -7.29837 6.88452 0
      vertex -7.38173 6.83269 0
    endloop
  endfacet
  facet normal 0.98666 0.162796 0
    outer loop
      vertex -9.60291 7.83909 2.5
      vertex -9.61889 7.93594 0
      vertex -9.61889 7.93594 2.5
    endloop
  endfacet
  facet normal 0.98666 0.162796 0
    outer loop
      vertex -9.61889 7.93594 0
      vertex -9.60291 7.83909 2.5
      vertex -9.60291 7.83909 0
    endloop
  endfacet
  facet normal 0.995175 0.0981116 0
    outer loop
      vertex -9.61889 7.93594 2.5
      vertex -9.62852 8.03362 0
      vertex -9.62852 8.03362 2.5
    endloop
  endfacet
  facet normal 0.995175 0.0981116 0
    outer loop
      vertex -9.62852 8.03362 0
      vertex -9.61889 7.93594 2.5
      vertex -9.61889 7.93594 0
    endloop
  endfacet
  facet normal -0.910868 0.412697 0
    outer loop
      vertex -6.78642 7.46829 0
      vertex -6.74591 7.5577 2.5
      vertex -6.74591 7.5577 0
    endloop
  endfacet
  facet normal -0.910868 0.412697 0
    outer loop
      vertex -6.74591 7.5577 2.5
      vertex -6.78642 7.46829 0
      vertex -6.78642 7.46829 2.5
    endloop
  endfacet
  facet normal 0.881932 -0.471376 0
    outer loop
      vertex -9.47704 8.79516 2.5
      vertex -9.43077 8.88173 0
      vertex -9.43077 8.88173 2.5
    endloop
  endfacet
  facet normal 0.881932 -0.471376 0
    outer loop
      vertex -9.43077 8.88173 0
      vertex -9.47704 8.79516 2.5
      vertex -9.47704 8.79516 0
    endloop
  endfacet
  facet normal -0.582548 0.812796 0
    outer loop
      vertex -7.21859 6.9417 0
      vertex -7.29837 6.88452 2.5
      vertex -7.21859 6.9417 2.5
    endloop
  endfacet
  facet normal -0.582548 0.812796 0
    outer loop
      vertex -7.29837 6.88452 2.5
      vertex -7.21859 6.9417 0
      vertex -7.29837 6.88452 0
    endloop
  endfacet
  facet normal -0.995185 0.0980107 0
    outer loop
      vertex -6.64456 7.93594 0
      vertex -6.63494 8.03362 2.5
      vertex -6.63494 8.03362 0
    endloop
  endfacet
  facet normal -0.995185 0.0980107 0
    outer loop
      vertex -6.63494 8.03362 2.5
      vertex -6.64456 7.93594 0
      vertex -6.64456 7.93594 2.5
    endloop
  endfacet
  facet normal -0.849232 0.52802 0
    outer loop
      vertex -6.88452 7.29837 0
      vertex -6.83269 7.38173 2.5
      vertex -6.83269 7.38173 0
    endloop
  endfacet
  facet normal -0.849232 0.52802 0
    outer loop
      vertex -6.83269 7.38173 2.5
      vertex -6.88452 7.29837 0
      vertex -6.88452 7.29837 2.5
    endloop
  endfacet
  facet normal -0.227091 -0.973874 0
    outer loop
      vertex -7.83909 9.60291 0
      vertex -7.7435 9.58062 2.5
      vertex -7.83909 9.60291 2.5
    endloop
  endfacet
  facet normal -0.227091 -0.973874 -0
    outer loop
      vertex -7.7435 9.58062 2.5
      vertex -7.83909 9.60291 0
      vertex -7.7435 9.58062 0
    endloop
  endfacet
  facet normal -0.973879 -0.227069 0
    outer loop
      vertex -6.66055 8.42436 0
      vertex -6.68284 8.51996 2.5
      vertex -6.68284 8.51996 0
    endloop
  endfacet
  facet normal -0.973879 -0.227069 0
    outer loop
      vertex -6.68284 8.51996 2.5
      vertex -6.66055 8.42436 0
      vertex -6.66055 8.42436 2.5
    endloop
  endfacet
  facet normal 0.910868 0.412697 0
    outer loop
      vertex -9.47704 7.46829 2.5
      vertex -9.51755 7.5577 0
      vertex -9.51755 7.5577 2.5
    endloop
  endfacet
  facet normal 0.910868 0.412697 0
    outer loop
      vertex -9.51755 7.5577 0
      vertex -9.47704 7.46829 2.5
      vertex -9.47704 7.46829 0
    endloop
  endfacet
  facet normal -0.881932 -0.471376 0
    outer loop
      vertex -6.78642 8.79516 0
      vertex -6.83269 8.88173 2.5
      vertex -6.83269 8.88173 0
    endloop
  endfacet
  facet normal -0.881932 -0.471376 0
    outer loop
      vertex -6.83269 8.88173 2.5
      vertex -6.78642 8.79516 0
      vertex -6.78642 8.79516 2.5
    endloop
  endfacet
  facet normal -0.634374 -0.773026 0
    outer loop
      vertex -7.21859 9.32176 0
      vertex -7.14271 9.25949 2.5
      vertex -7.21859 9.32176 2.5
    endloop
  endfacet
  facet normal -0.634374 -0.773026 -0
    outer loop
      vertex -7.14271 9.25949 2.5
      vertex -7.21859 9.32176 0
      vertex -7.14271 9.25949 0
    endloop
  endfacet
  facet normal 0.956922 0.290347 0
    outer loop
      vertex -9.55212 7.64957 2.5
      vertex -9.58062 7.7435 0
      vertex -9.58062 7.7435 2.5
    endloop
  endfacet
  facet normal 0.956922 0.290347 0
    outer loop
      vertex -9.58062 7.7435 0
      vertex -9.55212 7.64957 2.5
      vertex -9.55212 7.64957 0
    endloop
  endfacet
  facet normal -0.352273 0.935897 0
    outer loop
      vertex -7.5577 6.74591 0
      vertex -7.64957 6.71133 2.5
      vertex -7.5577 6.74591 2.5
    endloop
  endfacet
  facet normal -0.352273 0.935897 0
    outer loop
      vertex -7.64957 6.71133 2.5
      vertex -7.5577 6.74591 0
      vertex -7.64957 6.71133 0
    endloop
  endfacet
  facet normal -0.290253 0.95695 0
    outer loop
      vertex -7.64957 6.71133 0
      vertex -7.7435 6.68284 2.5
      vertex -7.64957 6.71133 2.5
    endloop
  endfacet
  facet normal -0.290253 0.95695 0
    outer loop
      vertex -7.7435 6.68284 2.5
      vertex -7.64957 6.71133 0
      vertex -7.7435 6.68284 0
    endloop
  endfacet
  facet normal -0.412697 0.910868 0
    outer loop
      vertex -7.46829 6.78642 0
      vertex -7.5577 6.74591 2.5
      vertex -7.46829 6.78642 2.5
    endloop
  endfacet
  facet normal -0.412697 0.910868 0
    outer loop
      vertex -7.5577 6.74591 2.5
      vertex -7.46829 6.78642 0
      vertex -7.5577 6.74591 0
    endloop
  endfacet
  facet normal 0.773026 0.634374 0
    outer loop
      vertex -9.25949 7.14271 2.5
      vertex -9.32176 7.21859 0
      vertex -9.32176 7.21859 2.5
    endloop
  endfacet
  facet normal 0.773026 0.634374 0
    outer loop
      vertex -9.32176 7.21859 0
      vertex -9.25949 7.14271 2.5
      vertex -9.25949 7.14271 0
    endloop
  endfacet
  facet normal 0.935931 0.352184 0
    outer loop
      vertex -9.51755 7.5577 2.5
      vertex -9.55212 7.64957 0
      vertex -9.55212 7.64957 2.5
    endloop
  endfacet
  facet normal 0.935931 0.352184 0
    outer loop
      vertex -9.55212 7.64957 0
      vertex -9.51755 7.5577 2.5
      vertex -9.51755 7.5577 0
    endloop
  endfacet
  facet normal -0.986641 -0.162912 0
    outer loop
      vertex -6.64456 8.32752 0
      vertex -6.66055 8.42436 2.5
      vertex -6.66055 8.42436 0
    endloop
  endfacet
  facet normal -0.986641 -0.162912 0
    outer loop
      vertex -6.66055 8.42436 2.5
      vertex -6.64456 8.32752 0
      vertex -6.64456 8.32752 2.5
    endloop
  endfacet
  facet normal -0.412697 -0.910868 0
    outer loop
      vertex -7.5577 9.51755 0
      vertex -7.46829 9.47704 2.5
      vertex -7.5577 9.51755 2.5
    endloop
  endfacet
  facet normal -0.412697 -0.910868 -0
    outer loop
      vertex -7.46829 9.47704 2.5
      vertex -7.5577 9.51755 0
      vertex -7.46829 9.47704 0
    endloop
  endfacet
  facet normal -0.352184 -0.935931 0
    outer loop
      vertex -7.64957 9.55212 0
      vertex -7.5577 9.51755 2.5
      vertex -7.64957 9.55212 2.5
    endloop
  endfacet
  facet normal -0.352184 -0.935931 -0
    outer loop
      vertex -7.5577 9.51755 2.5
      vertex -7.64957 9.55212 0
      vertex -7.5577 9.51755 0
    endloop
  endfacet
  facet normal 0.528139 -0.849158 0
    outer loop
      vertex -8.96508 9.37893 0
      vertex -8.88173 9.43077 2.5
      vertex -8.96508 9.37893 2.5
    endloop
  endfacet
  facet normal 0.528139 -0.849158 0
    outer loop
      vertex -8.88173 9.43077 2.5
      vertex -8.96508 9.37893 0
      vertex -8.88173 9.43077 0
    endloop
  endfacet
  facet normal 0.634374 -0.773026 0
    outer loop
      vertex -9.12075 9.25949 0
      vertex -9.04487 9.32176 2.5
      vertex -9.12075 9.25949 2.5
    endloop
  endfacet
  facet normal 0.634374 -0.773026 0
    outer loop
      vertex -9.04487 9.32176 2.5
      vertex -9.12075 9.25949 0
      vertex -9.04487 9.32176 0
    endloop
  endfacet
  facet normal 0.412697 0.910868 -0
    outer loop
      vertex -8.70575 6.74591 0
      vertex -8.79516 6.78642 2.5
      vertex -8.70575 6.74591 2.5
    endloop
  endfacet
  facet normal 0.412697 0.910868 0
    outer loop
      vertex -8.79516 6.78642 2.5
      vertex -8.70575 6.74591 0
      vertex -8.79516 6.78642 0
    endloop
  endfacet
  facet normal 0.0980007 0.995186 -0
    outer loop
      vertex -8.22983 6.63494 0
      vertex -8.32752 6.64456 2.5
      vertex -8.22983 6.63494 2.5
    endloop
  endfacet
  facet normal 0.0980007 0.995186 0
    outer loop
      vertex -8.32752 6.64456 2.5
      vertex -8.22983 6.63494 0
      vertex -8.32752 6.64456 0
    endloop
  endfacet
  facet normal -0.812796 0.582548 0
    outer loop
      vertex -6.9417 7.21859 0
      vertex -6.88452 7.29837 2.5
      vertex -6.88452 7.29837 0
    endloop
  endfacet
  facet normal -0.812796 0.582548 0
    outer loop
      vertex -6.88452 7.29837 2.5
      vertex -6.9417 7.21859 0
      vertex -6.9417 7.21859 2.5
    endloop
  endfacet
  facet normal -0.999465 -0.0327042 0
    outer loop
      vertex -6.63173 8.13173 0
      vertex -6.63494 8.22983 2.5
      vertex -6.63494 8.22983 0
    endloop
  endfacet
  facet normal -0.999465 -0.0327042 0
    outer loop
      vertex -6.63494 8.22983 2.5
      vertex -6.63173 8.13173 0
      vertex -6.63173 8.13173 2.5
    endloop
  endfacet
  facet normal 0.995176 -0.0981016 0
    outer loop
      vertex -9.62852 8.22983 2.5
      vertex -9.61889 8.32752 0
      vertex -9.61889 8.32752 2.5
    endloop
  endfacet
  facet normal 0.995176 -0.0981016 0
    outer loop
      vertex -9.61889 8.32752 0
      vertex -9.62852 8.22983 2.5
      vertex -9.62852 8.22983 0
    endloop
  endfacet
  facet normal 0.683602 -0.729855 0
    outer loop
      vertex -9.19239 9.19239 0
      vertex -9.12075 9.25949 2.5
      vertex -9.19239 9.19239 2.5
    endloop
  endfacet
  facet normal 0.683602 -0.729855 0
    outer loop
      vertex -9.12075 9.25949 2.5
      vertex -9.19239 9.19239 0
      vertex -9.12075 9.25949 0
    endloop
  endfacet
  facet normal -0.471418 -0.88191 0
    outer loop
      vertex -7.46829 9.47704 0
      vertex -7.38173 9.43077 2.5
      vertex -7.46829 9.47704 2.5
    endloop
  endfacet
  facet normal -0.471418 -0.88191 -0
    outer loop
      vertex -7.38173 9.43077 2.5
      vertex -7.46829 9.47704 0
      vertex -7.38173 9.43077 0
    endloop
  endfacet
  facet normal 0.471376 0.881932 -0
    outer loop
      vertex -8.79516 6.78642 0
      vertex -8.88173 6.83269 2.5
      vertex -8.79516 6.78642 2.5
    endloop
  endfacet
  facet normal 0.471376 0.881932 0
    outer loop
      vertex -8.88173 6.83269 2.5
      vertex -8.79516 6.78642 0
      vertex -8.88173 6.83269 0
    endloop
  endfacet
  facet normal -0.162895 0.986643 0
    outer loop
      vertex -7.83909 6.66055 0
      vertex -7.93594 6.64456 2.5
      vertex -7.83909 6.66055 2.5
    endloop
  endfacet
  facet normal -0.162895 0.986643 0
    outer loop
      vertex -7.93594 6.64456 2.5
      vertex -7.83909 6.66055 0
      vertex -7.93594 6.64456 0
    endloop
  endfacet
  facet normal 0.910868 -0.412697 0
    outer loop
      vertex -9.51755 8.70575 2.5
      vertex -9.47704 8.79516 0
      vertex -9.47704 8.79516 2.5
    endloop
  endfacet
  facet normal 0.910868 -0.412697 0
    outer loop
      vertex -9.47704 8.79516 0
      vertex -9.51755 8.70575 2.5
      vertex -9.51755 8.70575 0
    endloop
  endfacet
  facet normal 0.999465 -0.0327042 0
    outer loop
      vertex -9.63173 8.13173 2.5
      vertex -9.62852 8.22983 0
      vertex -9.62852 8.22983 2.5
    endloop
  endfacet
  facet normal 0.999465 -0.0327042 0
    outer loop
      vertex -9.62852 8.22983 0
      vertex -9.63173 8.13173 2.5
      vertex -9.63173 8.13173 0
    endloop
  endfacet
  facet normal -0.88191 0.471418 0
    outer loop
      vertex -6.83269 7.38173 0
      vertex -6.78642 7.46829 2.5
      vertex -6.78642 7.46829 0
    endloop
  endfacet
  facet normal -0.88191 0.471418 0
    outer loop
      vertex -6.78642 7.46829 2.5
      vertex -6.83269 7.38173 0
      vertex -6.83269 7.38173 2.5
    endloop
  endfacet
  facet normal 0.290347 -0.956922 0
    outer loop
      vertex -8.61389 9.55212 0
      vertex -8.51996 9.58062 2.5
      vertex -8.61389 9.55212 2.5
    endloop
  endfacet
  facet normal 0.290347 -0.956922 0
    outer loop
      vertex -8.51996 9.58062 2.5
      vertex -8.61389 9.55212 0
      vertex -8.51996 9.58062 0
    endloop
  endfacet
  facet normal 0.88191 0.471418 0
    outer loop
      vertex -9.43077 7.38173 2.5
      vertex -9.47704 7.46829 0
      vertex -9.47704 7.46829 2.5
    endloop
  endfacet
  facet normal 0.88191 0.471418 0
    outer loop
      vertex -9.47704 7.46829 0
      vertex -9.43077 7.38173 2.5
      vertex -9.43077 7.38173 0
    endloop
  endfacet
  facet normal -0.582481 -0.812844 0
    outer loop
      vertex -7.29837 9.37893 0
      vertex -7.21859 9.32176 2.5
      vertex -7.29837 9.37893 2.5
    endloop
  endfacet
  facet normal -0.582481 -0.812844 -0
    outer loop
      vertex -7.21859 9.32176 2.5
      vertex -7.29837 9.37893 0
      vertex -7.21859 9.32176 0
    endloop
  endfacet
  facet normal 0.729855 0.683602 0
    outer loop
      vertex -9.19239 7.07107 2.5
      vertex -9.25949 7.14271 0
      vertex -9.25949 7.14271 2.5
    endloop
  endfacet
  facet normal 0.729855 0.683602 0
    outer loop
      vertex -9.25949 7.14271 0
      vertex -9.19239 7.07107 2.5
      vertex -9.19239 7.07107 0
    endloop
  endfacet
  facet normal 0.935918 -0.352217 0
    outer loop
      vertex -9.55212 8.61389 2.5
      vertex -9.51755 8.70575 0
      vertex -9.51755 8.70575 2.5
    endloop
  endfacet
  facet normal 0.935918 -0.352217 0
    outer loop
      vertex -9.51755 8.70575 0
      vertex -9.55212 8.61389 2.5
      vertex -9.55212 8.61389 0
    endloop
  endfacet
  facet normal 0.162813 -0.986657 0
    outer loop
      vertex -8.42436 9.60291 0
      vertex -8.32752 9.61889 2.5
      vertex -8.42436 9.60291 2.5
    endloop
  endfacet
  facet normal 0.162813 -0.986657 0
    outer loop
      vertex -8.32752 9.61889 2.5
      vertex -8.42436 9.60291 0
      vertex -8.32752 9.61889 0
    endloop
  endfacet
  facet normal 0.956922 -0.290347 0
    outer loop
      vertex -9.58062 8.51996 2.5
      vertex -9.55212 8.61389 0
      vertex -9.55212 8.61389 2.5
    endloop
  endfacet
  facet normal 0.956922 -0.290347 0
    outer loop
      vertex -9.55212 8.61389 0
      vertex -9.58062 8.51996 2.5
      vertex -9.58062 8.51996 0
    endloop
  endfacet
  facet normal -0.0980107 0.995185 0
    outer loop
      vertex -7.93594 6.64456 0
      vertex -8.03362 6.63494 2.5
      vertex -7.93594 6.64456 2.5
    endloop
  endfacet
  facet normal -0.0980107 0.995185 0
    outer loop
      vertex -8.03362 6.63494 2.5
      vertex -7.93594 6.64456 0
      vertex -8.03362 6.63494 0
    endloop
  endfacet
  facet normal -0.773026 0.634374 0
    outer loop
      vertex -7.00397 7.14271 0
      vertex -6.9417 7.21859 2.5
      vertex -6.9417 7.21859 0
    endloop
  endfacet
  facet normal -0.773026 0.634374 0
    outer loop
      vertex -6.9417 7.21859 2.5
      vertex -7.00397 7.14271 0
      vertex -7.00397 7.14271 2.5
    endloop
  endfacet
  facet normal 0.0327042 0.999465 -0
    outer loop
      vertex -8.13173 6.63173 0
      vertex -8.22983 6.63494 2.5
      vertex -8.13173 6.63173 2.5
    endloop
  endfacet
  facet normal 0.0327042 0.999465 0
    outer loop
      vertex -8.22983 6.63494 2.5
      vertex -8.13173 6.63173 0
      vertex -8.22983 6.63494 0
    endloop
  endfacet
  facet normal -0.95695 0.290253 0
    outer loop
      vertex -6.71133 7.64957 0
      vertex -6.68284 7.7435 2.5
      vertex -6.68284 7.7435 0
    endloop
  endfacet
  facet normal -0.95695 0.290253 0
    outer loop
      vertex -6.68284 7.7435 2.5
      vertex -6.71133 7.64957 0
      vertex -6.71133 7.64957 2.5
    endloop
  endfacet
  facet normal -0.290347 -0.956922 0
    outer loop
      vertex -7.7435 9.58062 0
      vertex -7.64957 9.55212 2.5
      vertex -7.7435 9.58062 2.5
    endloop
  endfacet
  facet normal -0.290347 -0.956922 -0
    outer loop
      vertex -7.64957 9.55212 2.5
      vertex -7.7435 9.58062 0
      vertex -7.64957 9.55212 0
    endloop
  endfacet
  facet normal -0.999465 0.0327009 0
    outer loop
      vertex -6.63494 8.03362 0
      vertex -6.63173 8.13173 2.5
      vertex -6.63173 8.13173 0
    endloop
  endfacet
  facet normal -0.999465 0.0327009 0
    outer loop
      vertex -6.63173 8.13173 2.5
      vertex -6.63494 8.03362 0
      vertex -6.63494 8.03362 2.5
    endloop
  endfacet
  facet normal 0.812844 0.582481 0
    outer loop
      vertex -9.32176 7.21859 2.5
      vertex -9.37893 7.29837 0
      vertex -9.37893 7.29837 2.5
    endloop
  endfacet
  facet normal 0.812844 0.582481 0
    outer loop
      vertex -9.37893 7.29837 0
      vertex -9.32176 7.21859 2.5
      vertex -9.32176 7.21859 0
    endloop
  endfacet
  facet normal -0.0981116 -0.995175 0
    outer loop
      vertex -8.03362 9.62852 0
      vertex -7.93594 9.61889 2.5
      vertex -8.03362 9.62852 2.5
    endloop
  endfacet
  facet normal -0.0981116 -0.995175 -0
    outer loop
      vertex -7.93594 9.61889 2.5
      vertex -8.03362 9.62852 0
      vertex -7.93594 9.61889 0
    endloop
  endfacet
  facet normal 0.352307 0.935885 -0
    outer loop
      vertex -8.61389 6.71133 0
      vertex -8.70575 6.74591 2.5
      vertex -8.61389 6.71133 2.5
    endloop
  endfacet
  facet normal 0.352307 0.935885 0
    outer loop
      vertex -8.70575 6.74591 2.5
      vertex -8.61389 6.71133 0
      vertex -8.70575 6.74591 0
    endloop
  endfacet
  facet normal 0.999465 0.0327009 0
    outer loop
      vertex -9.62852 8.03362 2.5
      vertex -9.63173 8.13173 0
      vertex -9.63173 8.13173 2.5
    endloop
  endfacet
  facet normal 0.999465 0.0327009 0
    outer loop
      vertex -9.63173 8.13173 0
      vertex -9.62852 8.03362 2.5
      vertex -9.62852 8.03362 0
    endloop
  endfacet
  facet normal 0.849187 0.528093 0
    outer loop
      vertex -9.37893 7.29837 2.5
      vertex -9.43077 7.38173 0
      vertex -9.43077 7.38173 2.5
    endloop
  endfacet
  facet normal 0.849187 0.528093 0
    outer loop
      vertex -9.43077 7.38173 0
      vertex -9.37893 7.29837 2.5
      vertex -9.37893 7.29837 0
    endloop
  endfacet
  facet normal -0.471418 0.88191 0
    outer loop
      vertex -7.38173 6.83269 0
      vertex -7.46829 6.78642 2.5
      vertex -7.38173 6.83269 2.5
    endloop
  endfacet
  facet normal -0.471418 0.88191 0
    outer loop
      vertex -7.46829 6.78642 2.5
      vertex -7.38173 6.83269 0
      vertex -7.46829 6.78642 0
    endloop
  endfacet
  facet normal -0.729855 0.683602 0
    outer loop
      vertex -7.07107 7.07107 0
      vertex -7.00397 7.14271 2.5
      vertex -7.00397 7.14271 0
    endloop
  endfacet
  facet normal -0.729855 0.683602 0
    outer loop
      vertex -7.00397 7.14271 2.5
      vertex -7.07107 7.07107 0
      vertex -7.07107 7.07107 2.5
    endloop
  endfacet
  facet normal 0.352217 -0.935918 0
    outer loop
      vertex -8.70575 9.51755 0
      vertex -8.61389 9.55212 2.5
      vertex -8.70575 9.51755 2.5
    endloop
  endfacet
  facet normal 0.352217 -0.935918 0
    outer loop
      vertex -8.61389 9.55212 2.5
      vertex -8.70575 9.51755 0
      vertex -8.61389 9.55212 0
    endloop
  endfacet
  facet normal -0.0327009 0.999465 0
    outer loop
      vertex -8.03362 6.63494 0
      vertex -8.13173 6.63173 2.5
      vertex -8.03362 6.63494 2.5
    endloop
  endfacet
  facet normal -0.0327009 0.999465 0
    outer loop
      vertex -8.13173 6.63173 2.5
      vertex -8.03362 6.63494 0
      vertex -8.13173 6.63173 0
    endloop
  endfacet
  facet normal 0.683602 0.729855 -0
    outer loop
      vertex -9.12075 7.00397 0
      vertex -9.19239 7.07107 2.5
      vertex -9.12075 7.00397 2.5
    endloop
  endfacet
  facet normal 0.683602 0.729855 0
    outer loop
      vertex -9.19239 7.07107 2.5
      vertex -9.12075 7.00397 0
      vertex -9.19239 7.07107 0
    endloop
  endfacet
  facet normal -0.683602 0.729855 0
    outer loop
      vertex -7.07107 7.07107 0
      vertex -7.14271 7.00397 2.5
      vertex -7.07107 7.07107 2.5
    endloop
  endfacet
  facet normal -0.683602 0.729855 0
    outer loop
      vertex -7.14271 7.00397 2.5
      vertex -7.07107 7.07107 0
      vertex -7.14271 7.00397 0
    endloop
  endfacet
  facet normal -0.812831 -0.5825 0
    outer loop
      vertex -6.88452 8.96508 0
      vertex -6.9417 9.04487 2.5
      vertex -6.9417 9.04487 0
    endloop
  endfacet
  facet normal -0.812831 -0.5825 0
    outer loop
      vertex -6.9417 9.04487 2.5
      vertex -6.88452 8.96508 0
      vertex -6.88452 8.96508 2.5
    endloop
  endfacet
  facet normal -0.95695 -0.290253 0
    outer loop
      vertex -6.68284 8.51996 0
      vertex -6.71133 8.61389 2.5
      vertex -6.71133 8.61389 0
    endloop
  endfacet
  facet normal -0.95695 -0.290253 0
    outer loop
      vertex -6.71133 8.61389 2.5
      vertex -6.68284 8.51996 0
      vertex -6.68284 8.51996 2.5
    endloop
  endfacet
  facet normal -0.935897 0.352273 0
    outer loop
      vertex -6.74591 7.5577 0
      vertex -6.71133 7.64957 2.5
      vertex -6.71133 7.64957 0
    endloop
  endfacet
  facet normal -0.935897 0.352273 0
    outer loop
      vertex -6.71133 7.64957 2.5
      vertex -6.74591 7.5577 0
      vertex -6.74591 7.5577 2.5
    endloop
  endfacet
  facet normal -0.849204 -0.528065 0
    outer loop
      vertex -6.83269 8.88173 0
      vertex -6.88452 8.96508 2.5
      vertex -6.88452 8.96508 0
    endloop
  endfacet
  facet normal -0.849204 -0.528065 0
    outer loop
      vertex -6.88452 8.96508 2.5
      vertex -6.83269 8.88173 0
      vertex -6.83269 8.88173 2.5
    endloop
  endfacet
  facet normal 0.290253 0.95695 -0
    outer loop
      vertex -8.51996 6.68284 0
      vertex -8.61389 6.71133 2.5
      vertex -8.51996 6.68284 2.5
    endloop
  endfacet
  facet normal 0.290253 0.95695 0
    outer loop
      vertex -8.61389 6.71133 2.5
      vertex -8.51996 6.68284 0
      vertex -8.61389 6.71133 0
    endloop
  endfacet
  facet normal -0.910868 -0.412697 0
    outer loop
      vertex -6.74591 8.70575 0
      vertex -6.78642 8.79516 2.5
      vertex -6.78642 8.79516 0
    endloop
  endfacet
  facet normal -0.910868 -0.412697 0
    outer loop
      vertex -6.78642 8.79516 2.5
      vertex -6.74591 8.70575 0
      vertex -6.74591 8.70575 2.5
    endloop
  endfacet
  facet normal -0.995186 -0.0980007 0
    outer loop
      vertex -6.63494 8.22983 0
      vertex -6.64456 8.32752 2.5
      vertex -6.64456 8.32752 0
    endloop
  endfacet
  facet normal -0.995186 -0.0980007 0
    outer loop
      vertex -6.64456 8.32752 2.5
      vertex -6.63494 8.22983 0
      vertex -6.63494 8.22983 2.5
    endloop
  endfacet
  facet normal -0.95695 -0.290253 0
    outer loop
      vertex -6.68284 -7.7435 0
      vertex -6.71133 -7.64957 2.5
      vertex -6.71133 -7.64957 0
    endloop
  endfacet
  facet normal -0.95695 -0.290253 0
    outer loop
      vertex -6.71133 -7.64957 2.5
      vertex -6.68284 -7.7435 0
      vertex -6.68284 -7.7435 2.5
    endloop
  endfacet
  facet normal 0.582433 0.812879 -0
    outer loop
      vertex -8.96508 -9.37893 0
      vertex -9.04487 -9.32176 2.5
      vertex -8.96508 -9.37893 2.5
    endloop
  endfacet
  facet normal 0.582433 0.812879 0
    outer loop
      vertex -9.04487 -9.32176 2.5
      vertex -8.96508 -9.37893 0
      vertex -9.04487 -9.32176 0
    endloop
  endfacet
  facet normal 0.528139 0.849158 -0
    outer loop
      vertex -8.88173 -9.43077 0
      vertex -8.96508 -9.37893 2.5
      vertex -8.88173 -9.43077 2.5
    endloop
  endfacet
  facet normal 0.528139 0.849158 0
    outer loop
      vertex -8.96508 -9.37893 2.5
      vertex -8.88173 -9.43077 0
      vertex -8.96508 -9.37893 0
    endloop
  endfacet
  facet normal -0.812831 0.5825 0
    outer loop
      vertex -6.9417 -9.04487 0
      vertex -6.88452 -8.96508 2.5
      vertex -6.88452 -8.96508 0
    endloop
  endfacet
  facet normal -0.812831 0.5825 0
    outer loop
      vertex -6.88452 -8.96508 2.5
      vertex -6.9417 -9.04487 0
      vertex -6.9417 -9.04487 2.5
    endloop
  endfacet
  facet normal 0.471376 -0.881932 0
    outer loop
      vertex -8.88173 -6.83269 0
      vertex -8.79516 -6.78642 2.5
      vertex -8.88173 -6.83269 2.5
    endloop
  endfacet
  facet normal 0.471376 -0.881932 0
    outer loop
      vertex -8.79516 -6.78642 2.5
      vertex -8.88173 -6.83269 0
      vertex -8.79516 -6.78642 0
    endloop
  endfacet
  facet normal -0.729855 0.683602 0
    outer loop
      vertex -7.07107 -9.19239 0
      vertex -7.00397 -9.12075 2.5
      vertex -7.00397 -9.12075 0
    endloop
  endfacet
  facet normal -0.729855 0.683602 0
    outer loop
      vertex -7.00397 -9.12075 2.5
      vertex -7.07107 -9.19239 0
      vertex -7.07107 -9.19239 2.5
    endloop
  endfacet
  facet normal -0.412697 -0.910868 0
    outer loop
      vertex -7.5577 -6.74591 0
      vertex -7.46829 -6.78642 2.5
      vertex -7.5577 -6.74591 2.5
    endloop
  endfacet
  facet normal -0.412697 -0.910868 -0
    outer loop
      vertex -7.46829 -6.78642 2.5
      vertex -7.5577 -6.74591 0
      vertex -7.46829 -6.78642 0
    endloop
  endfacet
  facet normal 0.162813 0.986657 -0
    outer loop
      vertex -8.32752 -9.61889 0
      vertex -8.42436 -9.60291 2.5
      vertex -8.32752 -9.61889 2.5
    endloop
  endfacet
  facet normal 0.162813 0.986657 0
    outer loop
      vertex -8.42436 -9.60291 2.5
      vertex -8.32752 -9.61889 0
      vertex -8.42436 -9.60291 0
    endloop
  endfacet
  facet normal 0.290253 -0.95695 0
    outer loop
      vertex -8.61389 -6.71133 0
      vertex -8.51996 -6.68284 2.5
      vertex -8.61389 -6.71133 2.5
    endloop
  endfacet
  facet normal 0.290253 -0.95695 0
    outer loop
      vertex -8.51996 -6.68284 2.5
      vertex -8.61389 -6.71133 0
      vertex -8.51996 -6.68284 0
    endloop
  endfacet
  facet normal 0.683602 0.729855 -0
    outer loop
      vertex -9.12075 -9.25949 0
      vertex -9.19239 -9.19239 2.5
      vertex -9.12075 -9.25949 2.5
    endloop
  endfacet
  facet normal 0.683602 0.729855 0
    outer loop
      vertex -9.19239 -9.19239 2.5
      vertex -9.12075 -9.25949 0
      vertex -9.19239 -9.19239 0
    endloop
  endfacet
  facet normal 0.227069 0.973879 -0
    outer loop
      vertex -8.42436 -9.60291 0
      vertex -8.51996 -9.58062 2.5
      vertex -8.42436 -9.60291 2.5
    endloop
  endfacet
  facet normal 0.227069 0.973879 0
    outer loop
      vertex -8.51996 -9.58062 2.5
      vertex -8.42436 -9.60291 0
      vertex -8.51996 -9.58062 0
    endloop
  endfacet
  facet normal 0.935918 0.352217 0
    outer loop
      vertex -9.51755 -8.70575 2.5
      vertex -9.55212 -8.61389 0
      vertex -9.55212 -8.61389 2.5
    endloop
  endfacet
  facet normal 0.935918 0.352217 0
    outer loop
      vertex -9.55212 -8.61389 0
      vertex -9.51755 -8.70575 2.5
      vertex -9.51755 -8.70575 0
    endloop
  endfacet
  facet normal 0.5825 -0.812831 0
    outer loop
      vertex -9.04487 -6.9417 0
      vertex -8.96508 -6.88452 2.5
      vertex -9.04487 -6.9417 2.5
    endloop
  endfacet
  facet normal 0.5825 -0.812831 0
    outer loop
      vertex -8.96508 -6.88452 2.5
      vertex -9.04487 -6.9417 0
      vertex -8.96508 -6.88452 0
    endloop
  endfacet
  facet normal -0.729855 -0.683602 0
    outer loop
      vertex -7.00397 -7.14271 0
      vertex -7.07107 -7.07107 2.5
      vertex -7.07107 -7.07107 0
    endloop
  endfacet
  facet normal -0.729855 -0.683602 0
    outer loop
      vertex -7.07107 -7.07107 2.5
      vertex -7.00397 -7.14271 0
      vertex -7.00397 -7.14271 2.5
    endloop
  endfacet
  facet normal -0.227091 0.973874 0
    outer loop
      vertex -7.7435 -9.58062 0
      vertex -7.83909 -9.60291 2.5
      vertex -7.7435 -9.58062 2.5
    endloop
  endfacet
  facet normal -0.227091 0.973874 0
    outer loop
      vertex -7.83909 -9.60291 2.5
      vertex -7.7435 -9.58062 0
      vertex -7.83909 -9.60291 0
    endloop
  endfacet
  facet normal 0.412697 0.910868 -0
    outer loop
      vertex -8.70575 -9.51755 0
      vertex -8.79516 -9.47704 2.5
      vertex -8.70575 -9.51755 2.5
    endloop
  endfacet
  facet normal 0.412697 0.910868 0
    outer loop
      vertex -8.79516 -9.47704 2.5
      vertex -8.70575 -9.51755 0
      vertex -8.79516 -9.47704 0
    endloop
  endfacet
  facet normal 0.812844 -0.582481 0
    outer loop
      vertex -9.37893 -7.29837 2.5
      vertex -9.32176 -7.21859 0
      vertex -9.32176 -7.21859 2.5
    endloop
  endfacet
  facet normal 0.812844 -0.582481 0
    outer loop
      vertex -9.32176 -7.21859 0
      vertex -9.37893 -7.29837 2.5
      vertex -9.37893 -7.29837 0
    endloop
  endfacet
  facet normal -0.973874 -0.227091 0
    outer loop
      vertex -6.66055 -7.83909 0
      vertex -6.68284 -7.7435 2.5
      vertex -6.68284 -7.7435 0
    endloop
  endfacet
  facet normal -0.973874 -0.227091 0
    outer loop
      vertex -6.68284 -7.7435 2.5
      vertex -6.66055 -7.83909 0
      vertex -6.66055 -7.83909 2.5
    endloop
  endfacet
  facet normal 0.956922 0.290347 0
    outer loop
      vertex -9.55212 -8.61389 2.5
      vertex -9.58062 -8.51996 0
      vertex -9.58062 -8.51996 2.5
    endloop
  endfacet
  facet normal 0.956922 0.290347 0
    outer loop
      vertex -9.58062 -8.51996 0
      vertex -9.55212 -8.61389 2.5
      vertex -9.55212 -8.61389 0
    endloop
  endfacet
  facet normal -0.88191 -0.471418 0
    outer loop
      vertex -6.78642 -7.46829 0
      vertex -6.83269 -7.38173 2.5
      vertex -6.83269 -7.38173 0
    endloop
  endfacet
  facet normal -0.88191 -0.471418 0
    outer loop
      vertex -6.83269 -7.38173 2.5
      vertex -6.78642 -7.46829 0
      vertex -6.78642 -7.46829 2.5
    endloop
  endfacet
  facet normal 0.729855 0.683602 0
    outer loop
      vertex -9.19239 -9.19239 2.5
      vertex -9.25949 -9.12075 0
      vertex -9.25949 -9.12075 2.5
    endloop
  endfacet
  facet normal 0.729855 0.683602 0
    outer loop
      vertex -9.25949 -9.12075 0
      vertex -9.19239 -9.19239 2.5
      vertex -9.19239 -9.19239 0
    endloop
  endfacet
  facet normal -0.0981116 0.995175 0
    outer loop
      vertex -7.93594 -9.61889 0
      vertex -8.03362 -9.62852 2.5
      vertex -7.93594 -9.61889 2.5
    endloop
  endfacet
  facet normal -0.0981116 0.995175 0
    outer loop
      vertex -8.03362 -9.62852 2.5
      vertex -7.93594 -9.61889 0
      vertex -8.03362 -9.62852 0
    endloop
  endfacet
  facet normal -0.995186 0.0980007 0
    outer loop
      vertex -6.64456 -8.32752 0
      vertex -6.63494 -8.22983 2.5
      vertex -6.63494 -8.22983 0
    endloop
  endfacet
  facet normal -0.995186 0.0980007 0
    outer loop
      vertex -6.63494 -8.22983 2.5
      vertex -6.64456 -8.32752 0
      vertex -6.64456 -8.32752 2.5
    endloop
  endfacet
  facet normal -0.0980107 -0.995185 0
    outer loop
      vertex -8.03362 -6.63494 0
      vertex -7.93594 -6.64456 2.5
      vertex -8.03362 -6.63494 2.5
    endloop
  endfacet
  facet normal -0.0980107 -0.995185 -0
    outer loop
      vertex -7.93594 -6.64456 2.5
      vertex -8.03362 -6.63494 0
      vertex -7.93594 -6.64456 0
    endloop
  endfacet
  facet normal 0.999465 -0.0327009 0
    outer loop
      vertex -9.63173 -8.13173 2.5
      vertex -9.62852 -8.03362 0
      vertex -9.62852 -8.03362 2.5
    endloop
  endfacet
  facet normal 0.999465 -0.0327009 0
    outer loop
      vertex -9.62852 -8.03362 0
      vertex -9.63173 -8.13173 2.5
      vertex -9.63173 -8.13173 0
    endloop
  endfacet
  facet normal -0.471418 0.88191 0
    outer loop
      vertex -7.38173 -9.43077 0
      vertex -7.46829 -9.47704 2.5
      vertex -7.38173 -9.43077 2.5
    endloop
  endfacet
  facet normal -0.471418 0.88191 0
    outer loop
      vertex -7.46829 -9.47704 2.5
      vertex -7.38173 -9.43077 0
      vertex -7.46829 -9.47704 0
    endloop
  endfacet
  facet normal 0.162912 -0.986641 0
    outer loop
      vertex -8.42436 -6.66055 0
      vertex -8.32752 -6.64456 2.5
      vertex -8.42436 -6.66055 2.5
    endloop
  endfacet
  facet normal 0.162912 -0.986641 0
    outer loop
      vertex -8.32752 -6.64456 2.5
      vertex -8.42436 -6.66055 0
      vertex -8.32752 -6.64456 0
    endloop
  endfacet
  facet normal -0.352273 -0.935897 0
    outer loop
      vertex -7.64957 -6.71133 0
      vertex -7.5577 -6.74591 2.5
      vertex -7.64957 -6.71133 2.5
    endloop
  endfacet
  facet normal -0.352273 -0.935897 -0
    outer loop
      vertex -7.5577 -6.74591 2.5
      vertex -7.64957 -6.71133 0
      vertex -7.5577 -6.74591 0
    endloop
  endfacet
  facet normal -0.162895 -0.986643 0
    outer loop
      vertex -7.93594 -6.64456 0
      vertex -7.83909 -6.66055 2.5
      vertex -7.93594 -6.64456 2.5
    endloop
  endfacet
  facet normal -0.162895 -0.986643 -0
    outer loop
      vertex -7.83909 -6.66055 2.5
      vertex -7.93594 -6.64456 0
      vertex -7.83909 -6.66055 0
    endloop
  endfacet
  facet normal 0.935931 -0.352184 0
    outer loop
      vertex -9.55212 -7.64957 2.5
      vertex -9.51755 -7.5577 0
      vertex -9.51755 -7.5577 2.5
    endloop
  endfacet
  facet normal 0.935931 -0.352184 0
    outer loop
      vertex -9.51755 -7.5577 0
      vertex -9.55212 -7.64957 2.5
      vertex -9.55212 -7.64957 0
    endloop
  endfacet
  facet normal -0.471418 -0.88191 0
    outer loop
      vertex -7.46829 -6.78642 0
      vertex -7.38173 -6.83269 2.5
      vertex -7.46829 -6.78642 2.5
    endloop
  endfacet
  facet normal -0.471418 -0.88191 -0
    outer loop
      vertex -7.38173 -6.83269 2.5
      vertex -7.46829 -6.78642 0
      vertex -7.38173 -6.83269 0
    endloop
  endfacet
  facet normal -0.973879 0.227069 0
    outer loop
      vertex -6.68284 -8.51996 0
      vertex -6.66055 -8.42436 2.5
      vertex -6.66055 -8.42436 0
    endloop
  endfacet
  facet normal -0.973879 0.227069 0
    outer loop
      vertex -6.66055 -8.42436 2.5
      vertex -6.68284 -8.51996 0
      vertex -6.68284 -8.51996 2.5
    endloop
  endfacet
  facet normal -0.910868 0.412697 0
    outer loop
      vertex -6.78642 -8.79516 0
      vertex -6.74591 -8.70575 2.5
      vertex -6.74591 -8.70575 0
    endloop
  endfacet
  facet normal -0.910868 0.412697 0
    outer loop
      vertex -6.74591 -8.70575 2.5
      vertex -6.78642 -8.79516 0
      vertex -6.78642 -8.79516 2.5
    endloop
  endfacet
  facet normal 0.986657 0.162813 0
    outer loop
      vertex -9.60291 -8.42436 2.5
      vertex -9.61889 -8.32752 0
      vertex -9.61889 -8.32752 2.5
    endloop
  endfacet
  facet normal 0.986657 0.162813 0
    outer loop
      vertex -9.61889 -8.32752 0
      vertex -9.60291 -8.42436 2.5
      vertex -9.60291 -8.42436 0
    endloop
  endfacet
  facet normal 0.849187 -0.528093 0
    outer loop
      vertex -9.43077 -7.38173 2.5
      vertex -9.37893 -7.29837 0
      vertex -9.37893 -7.29837 2.5
    endloop
  endfacet
  facet normal 0.849187 -0.528093 0
    outer loop
      vertex -9.37893 -7.29837 0
      vertex -9.43077 -7.38173 2.5
      vertex -9.43077 -7.38173 0
    endloop
  endfacet
  facet normal 0.812879 0.582433 0
    outer loop
      vertex -9.32176 -9.04487 2.5
      vertex -9.37893 -8.96508 0
      vertex -9.37893 -8.96508 2.5
    endloop
  endfacet
  facet normal 0.812879 0.582433 0
    outer loop
      vertex -9.37893 -8.96508 0
      vertex -9.32176 -9.04487 2.5
      vertex -9.32176 -9.04487 0
    endloop
  endfacet
  facet normal -0.683602 0.729855 0
    outer loop
      vertex -7.07107 -9.19239 0
      vertex -7.14271 -9.25949 2.5
      vertex -7.07107 -9.19239 2.5
    endloop
  endfacet
  facet normal -0.683602 0.729855 0
    outer loop
      vertex -7.14271 -9.25949 2.5
      vertex -7.07107 -9.19239 0
      vertex -7.14271 -9.25949 0
    endloop
  endfacet
  facet normal -0.773026 0.634374 0
    outer loop
      vertex -7.00397 -9.12075 0
      vertex -6.9417 -9.04487 2.5
      vertex -6.9417 -9.04487 0
    endloop
  endfacet
  facet normal -0.773026 0.634374 0
    outer loop
      vertex -6.9417 -9.04487 2.5
      vertex -7.00397 -9.12075 0
      vertex -7.00397 -9.12075 2.5
    endloop
  endfacet
  facet normal 0.471376 0.881932 -0
    outer loop
      vertex -8.79516 -9.47704 0
      vertex -8.88173 -9.43077 2.5
      vertex -8.79516 -9.47704 2.5
    endloop
  endfacet
  facet normal 0.471376 0.881932 0
    outer loop
      vertex -8.88173 -9.43077 2.5
      vertex -8.79516 -9.47704 0
      vertex -8.88173 -9.43077 0
    endloop
  endfacet
  facet normal 0.683602 -0.729855 0
    outer loop
      vertex -9.19239 -7.07107 0
      vertex -9.12075 -7.00397 2.5
      vertex -9.19239 -7.07107 2.5
    endloop
  endfacet
  facet normal 0.683602 -0.729855 0
    outer loop
      vertex -9.12075 -7.00397 2.5
      vertex -9.19239 -7.07107 0
      vertex -9.12075 -7.00397 0
    endloop
  endfacet
  facet normal 0.773026 0.634374 0
    outer loop
      vertex -9.25949 -9.12075 2.5
      vertex -9.32176 -9.04487 0
      vertex -9.32176 -9.04487 2.5
    endloop
  endfacet
  facet normal 0.773026 0.634374 0
    outer loop
      vertex -9.32176 -9.04487 0
      vertex -9.25949 -9.12075 2.5
      vertex -9.25949 -9.12075 0
    endloop
  endfacet
  facet normal -0.162796 0.98666 0
    outer loop
      vertex -7.83909 -9.60291 0
      vertex -7.93594 -9.61889 2.5
      vertex -7.83909 -9.60291 2.5
    endloop
  endfacet
  facet normal -0.162796 0.98666 0
    outer loop
      vertex -7.93594 -9.61889 2.5
      vertex -7.83909 -9.60291 0
      vertex -7.93594 -9.61889 0
    endloop
  endfacet
  facet normal 0.999465 0.0327042 0
    outer loop
      vertex -9.62852 -8.22983 2.5
      vertex -9.63173 -8.13173 0
      vertex -9.63173 -8.13173 2.5
    endloop
  endfacet
  facet normal 0.999465 0.0327042 0
    outer loop
      vertex -9.63173 -8.13173 0
      vertex -9.62852 -8.22983 2.5
      vertex -9.62852 -8.22983 0
    endloop
  endfacet
  facet normal -0.52802 -0.849232 0
    outer loop
      vertex -7.38173 -6.83269 0
      vertex -7.29837 -6.88452 2.5
      vertex -7.38173 -6.83269 2.5
    endloop
  endfacet
  facet normal -0.52802 -0.849232 -0
    outer loop
      vertex -7.29837 -6.88452 2.5
      vertex -7.38173 -6.83269 0
      vertex -7.29837 -6.88452 0
    endloop
  endfacet
  facet normal -0.995185 -0.0980107 0
    outer loop
      vertex -6.63494 -8.03362 0
      vertex -6.64456 -7.93594 2.5
      vertex -6.64456 -7.93594 0
    endloop
  endfacet
  facet normal -0.995185 -0.0980107 0
    outer loop
      vertex -6.64456 -7.93594 2.5
      vertex -6.63494 -8.03362 0
      vertex -6.63494 -8.03362 2.5
    endloop
  endfacet
  facet normal -0.773026 -0.634374 0
    outer loop
      vertex -6.9417 -7.21859 0
      vertex -7.00397 -7.14271 2.5
      vertex -7.00397 -7.14271 0
    endloop
  endfacet
  facet normal -0.773026 -0.634374 0
    outer loop
      vertex -7.00397 -7.14271 2.5
      vertex -6.9417 -7.21859 0
      vertex -6.9417 -7.21859 2.5
    endloop
  endfacet
  facet normal 0.227069 -0.973879 0
    outer loop
      vertex -8.51996 -6.68284 0
      vertex -8.42436 -6.66055 2.5
      vertex -8.51996 -6.68284 2.5
    endloop
  endfacet
  facet normal 0.227069 -0.973879 0
    outer loop
      vertex -8.42436 -6.66055 2.5
      vertex -8.51996 -6.68284 0
      vertex -8.42436 -6.66055 0
    endloop
  endfacet
  facet normal 0.956922 -0.290347 0
    outer loop
      vertex -9.58062 -7.7435 2.5
      vertex -9.55212 -7.64957 0
      vertex -9.55212 -7.64957 2.5
    endloop
  endfacet
  facet normal 0.956922 -0.290347 0
    outer loop
      vertex -9.55212 -7.64957 0
      vertex -9.58062 -7.7435 2.5
      vertex -9.58062 -7.7435 0
    endloop
  endfacet
  facet normal -0.290347 0.956922 0
    outer loop
      vertex -7.64957 -9.55212 0
      vertex -7.7435 -9.58062 2.5
      vertex -7.64957 -9.55212 2.5
    endloop
  endfacet
  facet normal -0.290347 0.956922 0
    outer loop
      vertex -7.7435 -9.58062 2.5
      vertex -7.64957 -9.55212 0
      vertex -7.7435 -9.58062 0
    endloop
  endfacet
  facet normal -0.683602 -0.729855 0
    outer loop
      vertex -7.14271 -7.00397 0
      vertex -7.07107 -7.07107 2.5
      vertex -7.14271 -7.00397 2.5
    endloop
  endfacet
  facet normal -0.683602 -0.729855 -0
    outer loop
      vertex -7.07107 -7.07107 2.5
      vertex -7.14271 -7.00397 0
      vertex -7.07107 -7.07107 0
    endloop
  endfacet
  facet normal 0.634374 0.773026 -0
    outer loop
      vertex -9.04487 -9.32176 0
      vertex -9.12075 -9.25949 2.5
      vertex -9.04487 -9.32176 2.5
    endloop
  endfacet
  facet normal 0.634374 0.773026 0
    outer loop
      vertex -9.12075 -9.25949 2.5
      vertex -9.04487 -9.32176 0
      vertex -9.12075 -9.25949 0
    endloop
  endfacet
  facet normal 0.910868 -0.412697 0
    outer loop
      vertex -9.51755 -7.5577 2.5
      vertex -9.47704 -7.46829 0
      vertex -9.47704 -7.46829 2.5
    endloop
  endfacet
  facet normal 0.910868 -0.412697 0
    outer loop
      vertex -9.47704 -7.46829 0
      vertex -9.51755 -7.5577 2.5
      vertex -9.51755 -7.5577 0
    endloop
  endfacet
  facet normal -0.986643 -0.162895 0
    outer loop
      vertex -6.64456 -7.93594 0
      vertex -6.66055 -7.83909 2.5
      vertex -6.66055 -7.83909 0
    endloop
  endfacet
  facet normal -0.986643 -0.162895 0
    outer loop
      vertex -6.66055 -7.83909 2.5
      vertex -6.64456 -7.93594 0
      vertex -6.64456 -7.93594 2.5
    endloop
  endfacet
  facet normal 0.0981016 0.995176 -0
    outer loop
      vertex -8.22983 -9.62852 0
      vertex -8.32752 -9.61889 2.5
      vertex -8.22983 -9.62852 2.5
    endloop
  endfacet
  facet normal 0.0981016 0.995176 0
    outer loop
      vertex -8.32752 -9.61889 2.5
      vertex -8.22983 -9.62852 0
      vertex -8.32752 -9.61889 0
    endloop
  endfacet
  facet normal -0.986641 0.162912 0
    outer loop
      vertex -6.66055 -8.42436 0
      vertex -6.64456 -8.32752 2.5
      vertex -6.64456 -8.32752 0
    endloop
  endfacet
  facet normal -0.986641 0.162912 0
    outer loop
      vertex -6.64456 -8.32752 2.5
      vertex -6.66055 -8.42436 0
      vertex -6.66055 -8.42436 2.5
    endloop
  endfacet
  facet normal -0.910868 -0.412697 0
    outer loop
      vertex -6.74591 -7.5577 0
      vertex -6.78642 -7.46829 2.5
      vertex -6.78642 -7.46829 0
    endloop
  endfacet
  facet normal -0.910868 -0.412697 0
    outer loop
      vertex -6.78642 -7.46829 2.5
      vertex -6.74591 -7.5577 0
      vertex -6.74591 -7.5577 2.5
    endloop
  endfacet
  facet normal -0.881932 0.471376 0
    outer loop
      vertex -6.83269 -8.88173 0
      vertex -6.78642 -8.79516 2.5
      vertex -6.78642 -8.79516 0
    endloop
  endfacet
  facet normal -0.881932 0.471376 0
    outer loop
      vertex -6.78642 -8.79516 2.5
      vertex -6.83269 -8.88173 0
      vertex -6.83269 -8.88173 2.5
    endloop
  endfacet
  facet normal 0.881932 0.471376 0
    outer loop
      vertex -9.43077 -8.88173 2.5
      vertex -9.47704 -8.79516 0
      vertex -9.47704 -8.79516 2.5
    endloop
  endfacet
  facet normal 0.881932 0.471376 0
    outer loop
      vertex -9.47704 -8.79516 0
      vertex -9.43077 -8.88173 2.5
      vertex -9.43077 -8.88173 0
    endloop
  endfacet
  facet normal -0.999465 0.0327042 0
    outer loop
      vertex -6.63494 -8.22983 0
      vertex -6.63173 -8.13173 2.5
      vertex -6.63173 -8.13173 0
    endloop
  endfacet
  facet normal -0.999465 0.0327042 0
    outer loop
      vertex -6.63173 -8.13173 2.5
      vertex -6.63494 -8.22983 0
      vertex -6.63494 -8.22983 2.5
    endloop
  endfacet
  facet normal 0.973879 0.227069 0
    outer loop
      vertex -9.58062 -8.51996 2.5
      vertex -9.60291 -8.42436 0
      vertex -9.60291 -8.42436 2.5
    endloop
  endfacet
  facet normal 0.973879 0.227069 0
    outer loop
      vertex -9.60291 -8.42436 0
      vertex -9.58062 -8.51996 2.5
      vertex -9.58062 -8.51996 0
    endloop
  endfacet
  facet normal -0.412697 0.910868 0
    outer loop
      vertex -7.46829 -9.47704 0
      vertex -7.5577 -9.51755 2.5
      vertex -7.46829 -9.47704 2.5
    endloop
  endfacet
  facet normal -0.412697 0.910868 0
    outer loop
      vertex -7.5577 -9.51755 2.5
      vertex -7.46829 -9.47704 0
      vertex -7.5577 -9.51755 0
    endloop
  endfacet
  facet normal 0.849158 0.528139 0
    outer loop
      vertex -9.37893 -8.96508 2.5
      vertex -9.43077 -8.88173 0
      vertex -9.43077 -8.88173 2.5
    endloop
  endfacet
  facet normal 0.849158 0.528139 0
    outer loop
      vertex -9.43077 -8.88173 0
      vertex -9.37893 -8.96508 2.5
      vertex -9.37893 -8.96508 0
    endloop
  endfacet
  facet normal -0.634374 0.773026 0
    outer loop
      vertex -7.14271 -9.25949 0
      vertex -7.21859 -9.32176 2.5
      vertex -7.14271 -9.25949 2.5
    endloop
  endfacet
  facet normal -0.634374 0.773026 0
    outer loop
      vertex -7.21859 -9.32176 2.5
      vertex -7.14271 -9.25949 0
      vertex -7.21859 -9.32176 0
    endloop
  endfacet
  facet normal 0.910868 0.412697 0
    outer loop
      vertex -9.47704 -8.79516 2.5
      vertex -9.51755 -8.70575 0
      vertex -9.51755 -8.70575 2.5
    endloop
  endfacet
  facet normal 0.910868 0.412697 0
    outer loop
      vertex -9.51755 -8.70575 0
      vertex -9.47704 -8.79516 2.5
      vertex -9.47704 -8.79516 0
    endloop
  endfacet
  facet normal 0.634374 -0.773026 0
    outer loop
      vertex -9.12075 -7.00397 0
      vertex -9.04487 -6.9417 2.5
      vertex -9.12075 -7.00397 2.5
    endloop
  endfacet
  facet normal 0.634374 -0.773026 0
    outer loop
      vertex -9.04487 -6.9417 2.5
      vertex -9.12075 -7.00397 0
      vertex -9.04487 -6.9417 0
    endloop
  endfacet
  facet normal -0.999465 -0.0327009 0
    outer loop
      vertex -6.63173 -8.13173 0
      vertex -6.63494 -8.03362 2.5
      vertex -6.63494 -8.03362 0
    endloop
  endfacet
  facet normal -0.999465 -0.0327009 0
    outer loop
      vertex -6.63494 -8.03362 2.5
      vertex -6.63173 -8.13173 0
      vertex -6.63173 -8.13173 2.5
    endloop
  endfacet
  facet normal 0.729855 -0.683602 0
    outer loop
      vertex -9.25949 -7.14271 2.5
      vertex -9.19239 -7.07107 0
      vertex -9.19239 -7.07107 2.5
    endloop
  endfacet
  facet normal 0.729855 -0.683602 0
    outer loop
      vertex -9.19239 -7.07107 0
      vertex -9.25949 -7.14271 2.5
      vertex -9.25949 -7.14271 0
    endloop
  endfacet
  facet normal -0.582548 -0.812796 0
    outer loop
      vertex -7.29837 -6.88452 0
      vertex -7.21859 -6.9417 2.5
      vertex -7.29837 -6.88452 2.5
    endloop
  endfacet
  facet normal -0.582548 -0.812796 -0
    outer loop
      vertex -7.21859 -6.9417 2.5
      vertex -7.29837 -6.88452 0
      vertex -7.21859 -6.9417 0
    endloop
  endfacet
  facet normal 0.98666 -0.162796 0
    outer loop
      vertex -9.61889 -7.93594 2.5
      vertex -9.60291 -7.83909 0
      vertex -9.60291 -7.83909 2.5
    endloop
  endfacet
  facet normal 0.98666 -0.162796 0
    outer loop
      vertex -9.60291 -7.83909 0
      vertex -9.61889 -7.93594 2.5
      vertex -9.61889 -7.93594 0
    endloop
  endfacet
  facet normal 0.773026 -0.634374 0
    outer loop
      vertex -9.32176 -7.21859 2.5
      vertex -9.25949 -7.14271 0
      vertex -9.25949 -7.14271 2.5
    endloop
  endfacet
  facet normal 0.773026 -0.634374 0
    outer loop
      vertex -9.25949 -7.14271 0
      vertex -9.32176 -7.21859 2.5
      vertex -9.32176 -7.21859 0
    endloop
  endfacet
  facet normal 0.290347 0.956922 -0
    outer loop
      vertex -8.51996 -9.58062 0
      vertex -8.61389 -9.55212 2.5
      vertex -8.51996 -9.58062 2.5
    endloop
  endfacet
  facet normal 0.290347 0.956922 0
    outer loop
      vertex -8.61389 -9.55212 2.5
      vertex -8.51996 -9.58062 0
      vertex -8.61389 -9.55212 0
    endloop
  endfacet
  facet normal -0.0327009 -0.999465 0
    outer loop
      vertex -8.13173 -6.63173 0
      vertex -8.03362 -6.63494 2.5
      vertex -8.13173 -6.63173 2.5
    endloop
  endfacet
  facet normal -0.0327009 -0.999465 -0
    outer loop
      vertex -8.03362 -6.63494 2.5
      vertex -8.13173 -6.63173 0
      vertex -8.03362 -6.63494 0
    endloop
  endfacet
  facet normal -0.634374 -0.773026 0
    outer loop
      vertex -7.21859 -6.9417 0
      vertex -7.14271 -7.00397 2.5
      vertex -7.21859 -6.9417 2.5
    endloop
  endfacet
  facet normal -0.634374 -0.773026 -0
    outer loop
      vertex -7.14271 -7.00397 2.5
      vertex -7.21859 -6.9417 0
      vertex -7.14271 -7.00397 0
    endloop
  endfacet
  facet normal -0.352184 0.935931 0
    outer loop
      vertex -7.5577 -9.51755 0
      vertex -7.64957 -9.55212 2.5
      vertex -7.5577 -9.51755 2.5
    endloop
  endfacet
  facet normal -0.352184 0.935931 0
    outer loop
      vertex -7.64957 -9.55212 2.5
      vertex -7.5577 -9.51755 0
      vertex -7.64957 -9.55212 0
    endloop
  endfacet
  facet normal 0.973874 -0.227091 0
    outer loop
      vertex -9.60291 -7.83909 2.5
      vertex -9.58062 -7.7435 0
      vertex -9.58062 -7.7435 2.5
    endloop
  endfacet
  facet normal 0.973874 -0.227091 0
    outer loop
      vertex -9.58062 -7.7435 0
      vertex -9.60291 -7.83909 2.5
      vertex -9.60291 -7.83909 0
    endloop
  endfacet
  facet normal 0.995176 0.0981016 0
    outer loop
      vertex -9.61889 -8.32752 2.5
      vertex -9.62852 -8.22983 0
      vertex -9.62852 -8.22983 2.5
    endloop
  endfacet
  facet normal 0.995176 0.0981016 0
    outer loop
      vertex -9.62852 -8.22983 0
      vertex -9.61889 -8.32752 2.5
      vertex -9.61889 -8.32752 0
    endloop
  endfacet
  facet normal -0.812796 -0.582548 0
    outer loop
      vertex -6.88452 -7.29837 0
      vertex -6.9417 -7.21859 2.5
      vertex -6.9417 -7.21859 0
    endloop
  endfacet
  facet normal -0.812796 -0.582548 0
    outer loop
      vertex -6.9417 -7.21859 2.5
      vertex -6.88452 -7.29837 0
      vertex -6.88452 -7.29837 2.5
    endloop
  endfacet
  facet normal -0.227091 -0.973874 0
    outer loop
      vertex -7.83909 -6.66055 0
      vertex -7.7435 -6.68284 2.5
      vertex -7.83909 -6.66055 2.5
    endloop
  endfacet
  facet normal -0.227091 -0.973874 -0
    outer loop
      vertex -7.7435 -6.68284 2.5
      vertex -7.83909 -6.66055 0
      vertex -7.7435 -6.68284 0
    endloop
  endfacet
  facet normal 0.995175 -0.0981116 0
    outer loop
      vertex -9.62852 -8.03362 2.5
      vertex -9.61889 -7.93594 0
      vertex -9.61889 -7.93594 2.5
    endloop
  endfacet
  facet normal 0.995175 -0.0981116 0
    outer loop
      vertex -9.61889 -7.93594 0
      vertex -9.62852 -8.03362 2.5
      vertex -9.62852 -8.03362 0
    endloop
  endfacet
  facet normal -0.849232 -0.52802 0
    outer loop
      vertex -6.83269 -7.38173 0
      vertex -6.88452 -7.29837 2.5
      vertex -6.88452 -7.29837 0
    endloop
  endfacet
  facet normal -0.849232 -0.52802 0
    outer loop
      vertex -6.88452 -7.29837 2.5
      vertex -6.83269 -7.38173 0
      vertex -6.83269 -7.38173 2.5
    endloop
  endfacet
  facet normal -0.582481 0.812844 0
    outer loop
      vertex -7.21859 -9.32176 0
      vertex -7.29837 -9.37893 2.5
      vertex -7.21859 -9.32176 2.5
    endloop
  endfacet
  facet normal -0.582481 0.812844 0
    outer loop
      vertex -7.29837 -9.37893 2.5
      vertex -7.21859 -9.32176 0
      vertex -7.29837 -9.37893 0
    endloop
  endfacet
  facet normal 0.88191 -0.471418 0
    outer loop
      vertex -9.47704 -7.46829 2.5
      vertex -9.43077 -7.38173 0
      vertex -9.43077 -7.38173 2.5
    endloop
  endfacet
  facet normal 0.88191 -0.471418 0
    outer loop
      vertex -9.43077 -7.38173 0
      vertex -9.47704 -7.46829 2.5
      vertex -9.47704 -7.46829 0
    endloop
  endfacet
  facet normal -0.290253 -0.95695 0
    outer loop
      vertex -7.7435 -6.68284 0
      vertex -7.64957 -6.71133 2.5
      vertex -7.7435 -6.68284 2.5
    endloop
  endfacet
  facet normal -0.290253 -0.95695 -0
    outer loop
      vertex -7.64957 -6.71133 2.5
      vertex -7.7435 -6.68284 0
      vertex -7.64957 -6.71133 0
    endloop
  endfacet
  facet normal 0.0327042 -0.999465 0
    outer loop
      vertex -8.22983 -6.63494 0
      vertex -8.13173 -6.63173 2.5
      vertex -8.22983 -6.63494 2.5
    endloop
  endfacet
  facet normal 0.0327042 -0.999465 0
    outer loop
      vertex -8.13173 -6.63173 2.5
      vertex -8.22983 -6.63494 0
      vertex -8.13173 -6.63173 0
    endloop
  endfacet
  facet normal 0.0327042 0.999465 -0
    outer loop
      vertex -8.13173 -9.63173 0
      vertex -8.22983 -9.62852 2.5
      vertex -8.13173 -9.63173 2.5
    endloop
  endfacet
  facet normal 0.0327042 0.999465 0
    outer loop
      vertex -8.22983 -9.62852 2.5
      vertex -8.13173 -9.63173 0
      vertex -8.22983 -9.62852 0
    endloop
  endfacet
  facet normal -0.0327009 0.999465 0
    outer loop
      vertex -8.03362 -9.62852 0
      vertex -8.13173 -9.63173 2.5
      vertex -8.03362 -9.62852 2.5
    endloop
  endfacet
  facet normal -0.0327009 0.999465 0
    outer loop
      vertex -8.13173 -9.63173 2.5
      vertex -8.03362 -9.62852 0
      vertex -8.13173 -9.63173 0
    endloop
  endfacet
  facet normal -0.528093 0.849187 0
    outer loop
      vertex -7.29837 -9.37893 0
      vertex -7.38173 -9.43077 2.5
      vertex -7.29837 -9.37893 2.5
    endloop
  endfacet
  facet normal -0.528093 0.849187 0
    outer loop
      vertex -7.38173 -9.43077 2.5
      vertex -7.29837 -9.37893 0
      vertex -7.38173 -9.43077 0
    endloop
  endfacet
  facet normal 0.412697 -0.910868 0
    outer loop
      vertex -8.79516 -6.78642 0
      vertex -8.70575 -6.74591 2.5
      vertex -8.79516 -6.78642 2.5
    endloop
  endfacet
  facet normal 0.412697 -0.910868 0
    outer loop
      vertex -8.70575 -6.74591 2.5
      vertex -8.79516 -6.78642 0
      vertex -8.70575 -6.74591 0
    endloop
  endfacet
  facet normal 0.352217 0.935918 -0
    outer loop
      vertex -8.61389 -9.55212 0
      vertex -8.70575 -9.51755 2.5
      vertex -8.61389 -9.55212 2.5
    endloop
  endfacet
  facet normal 0.352217 0.935918 0
    outer loop
      vertex -8.70575 -9.51755 2.5
      vertex -8.61389 -9.55212 0
      vertex -8.70575 -9.51755 0
    endloop
  endfacet
  facet normal 0.352307 -0.935885 0
    outer loop
      vertex -8.70575 -6.74591 0
      vertex -8.61389 -6.71133 2.5
      vertex -8.70575 -6.74591 2.5
    endloop
  endfacet
  facet normal 0.352307 -0.935885 0
    outer loop
      vertex -8.61389 -6.71133 2.5
      vertex -8.70575 -6.74591 0
      vertex -8.61389 -6.71133 0
    endloop
  endfacet
  facet normal -0.935897 -0.352273 0
    outer loop
      vertex -6.71133 -7.64957 0
      vertex -6.74591 -7.5577 2.5
      vertex -6.74591 -7.5577 0
    endloop
  endfacet
  facet normal -0.935897 -0.352273 0
    outer loop
      vertex -6.74591 -7.5577 2.5
      vertex -6.71133 -7.64957 0
      vertex -6.71133 -7.64957 2.5
    endloop
  endfacet
  facet normal -0.849204 0.528065 0
    outer loop
      vertex -6.88452 -8.96508 0
      vertex -6.83269 -8.88173 2.5
      vertex -6.83269 -8.88173 0
    endloop
  endfacet
  facet normal -0.849204 0.528065 0
    outer loop
      vertex -6.83269 -8.88173 2.5
      vertex -6.88452 -8.96508 0
      vertex -6.88452 -8.96508 2.5
    endloop
  endfacet
  facet normal 0.528065 -0.849204 0
    outer loop
      vertex -8.96508 -6.88452 0
      vertex -8.88173 -6.83269 2.5
      vertex -8.96508 -6.88452 2.5
    endloop
  endfacet
  facet normal 0.528065 -0.849204 0
    outer loop
      vertex -8.88173 -6.83269 2.5
      vertex -8.96508 -6.88452 0
      vertex -8.88173 -6.83269 0
    endloop
  endfacet
  facet normal 0.0980007 -0.995186 0
    outer loop
      vertex -8.32752 -6.64456 0
      vertex -8.22983 -6.63494 2.5
      vertex -8.32752 -6.64456 2.5
    endloop
  endfacet
  facet normal 0.0980007 -0.995186 0
    outer loop
      vertex -8.22983 -6.63494 2.5
      vertex -8.32752 -6.64456 0
      vertex -8.22983 -6.63494 0
    endloop
  endfacet
  facet normal -0.935885 0.352307 0
    outer loop
      vertex -6.74591 -8.70575 0
      vertex -6.71133 -8.61389 2.5
      vertex -6.71133 -8.61389 0
    endloop
  endfacet
  facet normal -0.935885 0.352307 0
    outer loop
      vertex -6.71133 -8.61389 2.5
      vertex -6.74591 -8.70575 0
      vertex -6.74591 -8.70575 2.5
    endloop
  endfacet
  facet normal -0.95695 0.290253 0
    outer loop
      vertex -6.71133 -8.61389 0
      vertex -6.68284 -8.51996 2.5
      vertex -6.68284 -8.51996 0
    endloop
  endfacet
  facet normal -0.95695 0.290253 0
    outer loop
      vertex -6.68284 -8.51996 2.5
      vertex -6.71133 -8.61389 0
      vertex -6.71133 -8.61389 2.5
    endloop
  endfacet
  facet normal 0.582548 -0.812796 0
    outer loop
      vertex 7.21859 -6.9417 0
      vertex 7.29837 -6.88452 2.5
      vertex 7.21859 -6.9417 2.5
    endloop
  endfacet
  facet normal 0.582548 -0.812796 0
    outer loop
      vertex 7.29837 -6.88452 2.5
      vertex 7.21859 -6.9417 0
      vertex 7.29837 -6.88452 0
    endloop
  endfacet
  facet normal -0.812879 0.582433 0
    outer loop
      vertex 9.32176 -9.04487 0
      vertex 9.37893 -8.96508 2.5
      vertex 9.37893 -8.96508 0
    endloop
  endfacet
  facet normal -0.812879 0.582433 0
    outer loop
      vertex 9.37893 -8.96508 2.5
      vertex 9.32176 -9.04487 0
      vertex 9.32176 -9.04487 2.5
    endloop
  endfacet
  facet normal -0.849158 0.528139 0
    outer loop
      vertex 9.37893 -8.96508 0
      vertex 9.43077 -8.88173 2.5
      vertex 9.43077 -8.88173 0
    endloop
  endfacet
  facet normal -0.849158 0.528139 0
    outer loop
      vertex 9.43077 -8.88173 2.5
      vertex 9.37893 -8.96508 0
      vertex 9.37893 -8.96508 2.5
    endloop
  endfacet
  facet normal -0.162912 -0.986641 0
    outer loop
      vertex 8.32752 -6.64456 0
      vertex 8.42436 -6.66055 2.5
      vertex 8.32752 -6.64456 2.5
    endloop
  endfacet
  facet normal -0.162912 -0.986641 -0
    outer loop
      vertex 8.42436 -6.66055 2.5
      vertex 8.32752 -6.64456 0
      vertex 8.42436 -6.66055 0
    endloop
  endfacet
  facet normal -0.0327042 0.999465 0
    outer loop
      vertex 8.22983 -9.62852 0
      vertex 8.13173 -9.63173 2.5
      vertex 8.22983 -9.62852 2.5
    endloop
  endfacet
  facet normal -0.0327042 0.999465 0
    outer loop
      vertex 8.13173 -9.63173 2.5
      vertex 8.22983 -9.62852 0
      vertex 8.13173 -9.63173 0
    endloop
  endfacet
  facet normal 0.528093 0.849187 -0
    outer loop
      vertex 7.38173 -9.43077 0
      vertex 7.29837 -9.37893 2.5
      vertex 7.38173 -9.43077 2.5
    endloop
  endfacet
  facet normal 0.528093 0.849187 0
    outer loop
      vertex 7.29837 -9.37893 2.5
      vertex 7.38173 -9.43077 0
      vertex 7.29837 -9.37893 0
    endloop
  endfacet
  facet normal -0.227069 -0.973879 0
    outer loop
      vertex 8.42436 -6.66055 0
      vertex 8.51996 -6.68284 2.5
      vertex 8.42436 -6.66055 2.5
    endloop
  endfacet
  facet normal -0.227069 -0.973879 -0
    outer loop
      vertex 8.51996 -6.68284 2.5
      vertex 8.42436 -6.66055 0
      vertex 8.51996 -6.68284 0
    endloop
  endfacet
  facet normal -0.471376 0.881932 0
    outer loop
      vertex 8.88173 -9.43077 0
      vertex 8.79516 -9.47704 2.5
      vertex 8.88173 -9.43077 2.5
    endloop
  endfacet
  facet normal -0.471376 0.881932 0
    outer loop
      vertex 8.79516 -9.47704 2.5
      vertex 8.88173 -9.43077 0
      vertex 8.79516 -9.47704 0
    endloop
  endfacet
  facet normal -0.986657 0.162813 0
    outer loop
      vertex 9.60291 -8.42436 0
      vertex 9.61889 -8.32752 2.5
      vertex 9.61889 -8.32752 0
    endloop
  endfacet
  facet normal -0.986657 0.162813 0
    outer loop
      vertex 9.61889 -8.32752 2.5
      vertex 9.60291 -8.42436 0
      vertex 9.60291 -8.42436 2.5
    endloop
  endfacet
  facet normal -0.910868 -0.412697 0
    outer loop
      vertex 9.51755 -7.5577 0
      vertex 9.47704 -7.46829 2.5
      vertex 9.47704 -7.46829 0
    endloop
  endfacet
  facet normal -0.910868 -0.412697 0
    outer loop
      vertex 9.47704 -7.46829 2.5
      vertex 9.51755 -7.5577 0
      vertex 9.51755 -7.5577 2.5
    endloop
  endfacet
  facet normal 0.729855 0.683602 0
    outer loop
      vertex 7.07107 -9.19239 2.5
      vertex 7.00397 -9.12075 0
      vertex 7.00397 -9.12075 2.5
    endloop
  endfacet
  facet normal 0.729855 0.683602 0
    outer loop
      vertex 7.00397 -9.12075 0
      vertex 7.07107 -9.19239 2.5
      vertex 7.07107 -9.19239 0
    endloop
  endfacet
  facet normal -0.729855 0.683602 0
    outer loop
      vertex 9.19239 -9.19239 0
      vertex 9.25949 -9.12075 2.5
      vertex 9.25949 -9.12075 0
    endloop
  endfacet
  facet normal -0.729855 0.683602 0
    outer loop
      vertex 9.25949 -9.12075 2.5
      vertex 9.19239 -9.19239 0
      vertex 9.19239 -9.19239 2.5
    endloop
  endfacet
  facet normal 0.227091 -0.973874 0
    outer loop
      vertex 7.7435 -6.68284 0
      vertex 7.83909 -6.66055 2.5
      vertex 7.7435 -6.68284 2.5
    endloop
  endfacet
  facet normal 0.227091 -0.973874 0
    outer loop
      vertex 7.83909 -6.66055 2.5
      vertex 7.7435 -6.68284 0
      vertex 7.83909 -6.66055 0
    endloop
  endfacet
  facet normal 0.935885 0.352307 0
    outer loop
      vertex 6.74591 -8.70575 2.5
      vertex 6.71133 -8.61389 0
      vertex 6.71133 -8.61389 2.5
    endloop
  endfacet
  facet normal 0.935885 0.352307 0
    outer loop
      vertex 6.71133 -8.61389 0
      vertex 6.74591 -8.70575 2.5
      vertex 6.74591 -8.70575 0
    endloop
  endfacet
  facet normal 0.0981116 0.995175 -0
    outer loop
      vertex 8.03362 -9.62852 0
      vertex 7.93594 -9.61889 2.5
      vertex 8.03362 -9.62852 2.5
    endloop
  endfacet
  facet normal 0.0981116 0.995175 0
    outer loop
      vertex 7.93594 -9.61889 2.5
      vertex 8.03362 -9.62852 0
      vertex 7.93594 -9.61889 0
    endloop
  endfacet
  facet normal 0.812796 -0.582548 0
    outer loop
      vertex 6.88452 -7.29837 2.5
      vertex 6.9417 -7.21859 0
      vertex 6.9417 -7.21859 2.5
    endloop
  endfacet
  facet normal 0.812796 -0.582548 0
    outer loop
      vertex 6.9417 -7.21859 0
      vertex 6.88452 -7.29837 2.5
      vertex 6.88452 -7.29837 0
    endloop
  endfacet
  facet normal 0.0327009 -0.999465 0
    outer loop
      vertex 8.03362 -6.63494 0
      vertex 8.13173 -6.63173 2.5
      vertex 8.03362 -6.63494 2.5
    endloop
  endfacet
  facet normal 0.0327009 -0.999465 0
    outer loop
      vertex 8.13173 -6.63173 2.5
      vertex 8.03362 -6.63494 0
      vertex 8.13173 -6.63173 0
    endloop
  endfacet
  facet normal 0.162796 0.98666 -0
    outer loop
      vertex 7.93594 -9.61889 0
      vertex 7.83909 -9.60291 2.5
      vertex 7.93594 -9.61889 2.5
    endloop
  endfacet
  facet normal 0.162796 0.98666 0
    outer loop
      vertex 7.83909 -9.60291 2.5
      vertex 7.93594 -9.61889 0
      vertex 7.83909 -9.60291 0
    endloop
  endfacet
  facet normal 0.973874 -0.227091 0
    outer loop
      vertex 6.66055 -7.83909 2.5
      vertex 6.68284 -7.7435 0
      vertex 6.68284 -7.7435 2.5
    endloop
  endfacet
  facet normal 0.973874 -0.227091 0
    outer loop
      vertex 6.68284 -7.7435 0
      vertex 6.66055 -7.83909 2.5
      vertex 6.66055 -7.83909 0
    endloop
  endfacet
  facet normal -0.412697 -0.910868 0
    outer loop
      vertex 8.70575 -6.74591 0
      vertex 8.79516 -6.78642 2.5
      vertex 8.70575 -6.74591 2.5
    endloop
  endfacet
  facet normal -0.412697 -0.910868 -0
    outer loop
      vertex 8.79516 -6.78642 2.5
      vertex 8.70575 -6.74591 0
      vertex 8.79516 -6.78642 0
    endloop
  endfacet
  facet normal 0.0980107 -0.995185 0
    outer loop
      vertex 7.93594 -6.64456 0
      vertex 8.03362 -6.63494 2.5
      vertex 7.93594 -6.64456 2.5
    endloop
  endfacet
  facet normal 0.0980107 -0.995185 0
    outer loop
      vertex 8.03362 -6.63494 2.5
      vertex 7.93594 -6.64456 0
      vertex 8.03362 -6.63494 0
    endloop
  endfacet
  facet normal -0.973874 -0.227091 0
    outer loop
      vertex 9.60291 -7.83909 0
      vertex 9.58062 -7.7435 2.5
      vertex 9.58062 -7.7435 0
    endloop
  endfacet
  facet normal -0.973874 -0.227091 0
    outer loop
      vertex 9.58062 -7.7435 2.5
      vertex 9.60291 -7.83909 0
      vertex 9.60291 -7.83909 2.5
    endloop
  endfacet
  facet normal -0.812844 -0.582481 0
    outer loop
      vertex 9.37893 -7.29837 0
      vertex 9.32176 -7.21859 2.5
      vertex 9.32176 -7.21859 0
    endloop
  endfacet
  facet normal -0.812844 -0.582481 0
    outer loop
      vertex 9.32176 -7.21859 2.5
      vertex 9.37893 -7.29837 0
      vertex 9.37893 -7.29837 2.5
    endloop
  endfacet
  facet normal -0.5825 -0.812831 0
    outer loop
      vertex 8.96508 -6.88452 0
      vertex 9.04487 -6.9417 2.5
      vertex 8.96508 -6.88452 2.5
    endloop
  endfacet
  facet normal -0.5825 -0.812831 -0
    outer loop
      vertex 9.04487 -6.9417 2.5
      vertex 8.96508 -6.88452 0
      vertex 9.04487 -6.9417 0
    endloop
  endfacet
  facet normal 0.773026 -0.634374 0
    outer loop
      vertex 6.9417 -7.21859 2.5
      vertex 7.00397 -7.14271 0
      vertex 7.00397 -7.14271 2.5
    endloop
  endfacet
  facet normal 0.773026 -0.634374 0
    outer loop
      vertex 7.00397 -7.14271 0
      vertex 6.9417 -7.21859 2.5
      vertex 6.9417 -7.21859 0
    endloop
  endfacet
  facet normal 0.910868 -0.412697 0
    outer loop
      vertex 6.74591 -7.5577 2.5
      vertex 6.78642 -7.46829 0
      vertex 6.78642 -7.46829 2.5
    endloop
  endfacet
  facet normal 0.910868 -0.412697 0
    outer loop
      vertex 6.78642 -7.46829 0
      vertex 6.74591 -7.5577 2.5
      vertex 6.74591 -7.5577 0
    endloop
  endfacet
  facet normal 0.773026 0.634374 0
    outer loop
      vertex 7.00397 -9.12075 2.5
      vertex 6.9417 -9.04487 0
      vertex 6.9417 -9.04487 2.5
    endloop
  endfacet
  facet normal 0.773026 0.634374 0
    outer loop
      vertex 6.9417 -9.04487 0
      vertex 7.00397 -9.12075 2.5
      vertex 7.00397 -9.12075 0
    endloop
  endfacet
  facet normal 0.412697 0.910868 -0
    outer loop
      vertex 7.5577 -9.51755 0
      vertex 7.46829 -9.47704 2.5
      vertex 7.5577 -9.51755 2.5
    endloop
  endfacet
  facet normal 0.412697 0.910868 0
    outer loop
      vertex 7.46829 -9.47704 2.5
      vertex 7.5577 -9.51755 0
      vertex 7.46829 -9.47704 0
    endloop
  endfacet
  facet normal -0.0981016 0.995176 0
    outer loop
      vertex 8.32752 -9.61889 0
      vertex 8.22983 -9.62852 2.5
      vertex 8.32752 -9.61889 2.5
    endloop
  endfacet
  facet normal -0.0981016 0.995176 0
    outer loop
      vertex 8.22983 -9.62852 2.5
      vertex 8.32752 -9.61889 0
      vertex 8.22983 -9.62852 0
    endloop
  endfacet
  facet normal 0.986643 -0.162895 0
    outer loop
      vertex 6.64456 -7.93594 2.5
      vertex 6.66055 -7.83909 0
      vertex 6.66055 -7.83909 2.5
    endloop
  endfacet
  facet normal 0.986643 -0.162895 0
    outer loop
      vertex 6.66055 -7.83909 0
      vertex 6.64456 -7.93594 2.5
      vertex 6.64456 -7.93594 0
    endloop
  endfacet
  facet normal 0.0327009 0.999465 -0
    outer loop
      vertex 8.13173 -9.63173 0
      vertex 8.03362 -9.62852 2.5
      vertex 8.13173 -9.63173 2.5
    endloop
  endfacet
  facet normal 0.0327009 0.999465 0
    outer loop
      vertex 8.03362 -9.62852 2.5
      vertex 8.13173 -9.63173 0
      vertex 8.03362 -9.62852 0
    endloop
  endfacet
  facet normal -0.634374 -0.773026 0
    outer loop
      vertex 9.04487 -6.9417 0
      vertex 9.12075 -7.00397 2.5
      vertex 9.04487 -6.9417 2.5
    endloop
  endfacet
  facet normal -0.634374 -0.773026 -0
    outer loop
      vertex 9.12075 -7.00397 2.5
      vertex 9.04487 -6.9417 0
      vertex 9.12075 -7.00397 0
    endloop
  endfacet
  facet normal -0.582433 0.812879 0
    outer loop
      vertex 9.04487 -9.32176 0
      vertex 8.96508 -9.37893 2.5
      vertex 9.04487 -9.32176 2.5
    endloop
  endfacet
  facet normal -0.582433 0.812879 0
    outer loop
      vertex 8.96508 -9.37893 2.5
      vertex 9.04487 -9.32176 0
      vertex 8.96508 -9.37893 0
    endloop
  endfacet
  facet normal -0.995175 -0.0981116 0
    outer loop
      vertex 9.62852 -8.03362 0
      vertex 9.61889 -7.93594 2.5
      vertex 9.61889 -7.93594 0
    endloop
  endfacet
  facet normal -0.995175 -0.0981116 0
    outer loop
      vertex 9.61889 -7.93594 2.5
      vertex 9.62852 -8.03362 0
      vertex 9.62852 -8.03362 2.5
    endloop
  endfacet
  facet normal -0.973879 0.227069 0
    outer loop
      vertex 9.58062 -8.51996 0
      vertex 9.60291 -8.42436 2.5
      vertex 9.60291 -8.42436 0
    endloop
  endfacet
  facet normal -0.973879 0.227069 0
    outer loop
      vertex 9.60291 -8.42436 2.5
      vertex 9.58062 -8.51996 0
      vertex 9.58062 -8.51996 2.5
    endloop
  endfacet
  facet normal -0.881932 0.471376 0
    outer loop
      vertex 9.43077 -8.88173 0
      vertex 9.47704 -8.79516 2.5
      vertex 9.47704 -8.79516 0
    endloop
  endfacet
  facet normal -0.881932 0.471376 0
    outer loop
      vertex 9.47704 -8.79516 2.5
      vertex 9.43077 -8.88173 0
      vertex 9.43077 -8.88173 2.5
    endloop
  endfacet
  facet normal 0.995185 -0.0980107 0
    outer loop
      vertex 6.63494 -8.03362 2.5
      vertex 6.64456 -7.93594 0
      vertex 6.64456 -7.93594 2.5
    endloop
  endfacet
  facet normal 0.995185 -0.0980107 0
    outer loop
      vertex 6.64456 -7.93594 0
      vertex 6.63494 -8.03362 2.5
      vertex 6.63494 -8.03362 0
    endloop
  endfacet
  facet normal -0.98666 -0.162796 0
    outer loop
      vertex 9.61889 -7.93594 0
      vertex 9.60291 -7.83909 2.5
      vertex 9.60291 -7.83909 0
    endloop
  endfacet
  facet normal -0.98666 -0.162796 0
    outer loop
      vertex 9.60291 -7.83909 2.5
      vertex 9.61889 -7.93594 0
      vertex 9.61889 -7.93594 2.5
    endloop
  endfacet
  facet normal 0.973879 0.227069 0
    outer loop
      vertex 6.68284 -8.51996 2.5
      vertex 6.66055 -8.42436 0
      vertex 6.66055 -8.42436 2.5
    endloop
  endfacet
  facet normal 0.973879 0.227069 0
    outer loop
      vertex 6.66055 -8.42436 0
      vertex 6.68284 -8.51996 2.5
      vertex 6.68284 -8.51996 0
    endloop
  endfacet
  facet normal -0.528065 -0.849204 0
    outer loop
      vertex 8.88173 -6.83269 0
      vertex 8.96508 -6.88452 2.5
      vertex 8.88173 -6.83269 2.5
    endloop
  endfacet
  facet normal -0.528065 -0.849204 -0
    outer loop
      vertex 8.96508 -6.88452 2.5
      vertex 8.88173 -6.83269 0
      vertex 8.96508 -6.88452 0
    endloop
  endfacet
  facet normal 0.881932 0.471376 0
    outer loop
      vertex 6.83269 -8.88173 2.5
      vertex 6.78642 -8.79516 0
      vertex 6.78642 -8.79516 2.5
    endloop
  endfacet
  facet normal 0.881932 0.471376 0
    outer loop
      vertex 6.78642 -8.79516 0
      vertex 6.83269 -8.88173 2.5
      vertex 6.83269 -8.88173 0
    endloop
  endfacet
  facet normal 0.634374 0.773026 -0
    outer loop
      vertex 7.21859 -9.32176 0
      vertex 7.14271 -9.25949 2.5
      vertex 7.21859 -9.32176 2.5
    endloop
  endfacet
  facet normal 0.634374 0.773026 0
    outer loop
      vertex 7.14271 -9.25949 2.5
      vertex 7.21859 -9.32176 0
      vertex 7.14271 -9.25949 0
    endloop
  endfacet
  facet normal -0.956922 -0.290347 0
    outer loop
      vertex 9.58062 -7.7435 0
      vertex 9.55212 -7.64957 2.5
      vertex 9.55212 -7.64957 0
    endloop
  endfacet
  facet normal -0.956922 -0.290347 0
    outer loop
      vertex 9.55212 -7.64957 2.5
      vertex 9.58062 -7.7435 0
      vertex 9.58062 -7.7435 2.5
    endloop
  endfacet
  facet normal 0.352273 -0.935897 0
    outer loop
      vertex 7.5577 -6.74591 0
      vertex 7.64957 -6.71133 2.5
      vertex 7.5577 -6.74591 2.5
    endloop
  endfacet
  facet normal 0.352273 -0.935897 0
    outer loop
      vertex 7.64957 -6.71133 2.5
      vertex 7.5577 -6.74591 0
      vertex 7.64957 -6.71133 0
    endloop
  endfacet
  facet normal -0.227069 0.973879 0
    outer loop
      vertex 8.51996 -9.58062 0
      vertex 8.42436 -9.60291 2.5
      vertex 8.51996 -9.58062 2.5
    endloop
  endfacet
  facet normal -0.227069 0.973879 0
    outer loop
      vertex 8.42436 -9.60291 2.5
      vertex 8.51996 -9.58062 0
      vertex 8.42436 -9.60291 0
    endloop
  endfacet
  facet normal 0.227091 0.973874 -0
    outer loop
      vertex 7.83909 -9.60291 0
      vertex 7.7435 -9.58062 2.5
      vertex 7.83909 -9.60291 2.5
    endloop
  endfacet
  facet normal 0.227091 0.973874 0
    outer loop
      vertex 7.7435 -9.58062 2.5
      vertex 7.83909 -9.60291 0
      vertex 7.7435 -9.58062 0
    endloop
  endfacet
  facet normal -0.773026 0.634374 0
    outer loop
      vertex 9.25949 -9.12075 0
      vertex 9.32176 -9.04487 2.5
      vertex 9.32176 -9.04487 0
    endloop
  endfacet
  facet normal -0.773026 0.634374 0
    outer loop
      vertex 9.32176 -9.04487 2.5
      vertex 9.25949 -9.12075 0
      vertex 9.25949 -9.12075 2.5
    endloop
  endfacet
  facet normal 0.290253 -0.95695 0
    outer loop
      vertex 7.64957 -6.71133 0
      vertex 7.7435 -6.68284 2.5
      vertex 7.64957 -6.71133 2.5
    endloop
  endfacet
  facet normal 0.290253 -0.95695 0
    outer loop
      vertex 7.7435 -6.68284 2.5
      vertex 7.64957 -6.71133 0
      vertex 7.7435 -6.68284 0
    endloop
  endfacet
  facet normal 0.95695 0.290253 0
    outer loop
      vertex 6.71133 -8.61389 2.5
      vertex 6.68284 -8.51996 0
      vertex 6.68284 -8.51996 2.5
    endloop
  endfacet
  facet normal 0.95695 0.290253 0
    outer loop
      vertex 6.68284 -8.51996 0
      vertex 6.71133 -8.61389 2.5
      vertex 6.71133 -8.61389 0
    endloop
  endfacet
  facet normal 0.162895 -0.986643 0
    outer loop
      vertex 7.83909 -6.66055 0
      vertex 7.93594 -6.64456 2.5
      vertex 7.83909 -6.66055 2.5
    endloop
  endfacet
  facet normal 0.162895 -0.986643 0
    outer loop
      vertex 7.93594 -6.64456 2.5
      vertex 7.83909 -6.66055 0
      vertex 7.93594 -6.64456 0
    endloop
  endfacet
  facet normal -0.910868 0.412697 0
    outer loop
      vertex 9.47704 -8.79516 0
      vertex 9.51755 -8.70575 2.5
      vertex 9.51755 -8.70575 0
    endloop
  endfacet
  facet normal -0.910868 0.412697 0
    outer loop
      vertex 9.51755 -8.70575 2.5
      vertex 9.47704 -8.79516 0
      vertex 9.47704 -8.79516 2.5
    endloop
  endfacet
  facet normal -0.935931 -0.352184 0
    outer loop
      vertex 9.55212 -7.64957 0
      vertex 9.51755 -7.5577 2.5
      vertex 9.51755 -7.5577 0
    endloop
  endfacet
  facet normal -0.935931 -0.352184 0
    outer loop
      vertex 9.51755 -7.5577 2.5
      vertex 9.55212 -7.64957 0
      vertex 9.55212 -7.64957 2.5
    endloop
  endfacet
  facet normal 0.352184 0.935931 -0
    outer loop
      vertex 7.64957 -9.55212 0
      vertex 7.5577 -9.51755 2.5
      vertex 7.64957 -9.55212 2.5
    endloop
  endfacet
  facet normal 0.352184 0.935931 0
    outer loop
      vertex 7.5577 -9.51755 2.5
      vertex 7.64957 -9.55212 0
      vertex 7.5577 -9.51755 0
    endloop
  endfacet
  facet normal -0.528139 0.849158 0
    outer loop
      vertex 8.96508 -9.37893 0
      vertex 8.88173 -9.43077 2.5
      vertex 8.96508 -9.37893 2.5
    endloop
  endfacet
  facet normal -0.528139 0.849158 0
    outer loop
      vertex 8.88173 -9.43077 2.5
      vertex 8.96508 -9.37893 0
      vertex 8.88173 -9.43077 0
    endloop
  endfacet
  facet normal -0.634374 0.773026 0
    outer loop
      vertex 9.12075 -9.25949 0
      vertex 9.04487 -9.32176 2.5
      vertex 9.12075 -9.25949 2.5
    endloop
  endfacet
  facet normal -0.634374 0.773026 0
    outer loop
      vertex 9.04487 -9.32176 2.5
      vertex 9.12075 -9.25949 0
      vertex 9.04487 -9.32176 0
    endloop
  endfacet
  facet normal -0.683602 0.729855 0
    outer loop
      vertex 9.19239 -9.19239 0
      vertex 9.12075 -9.25949 2.5
      vertex 9.19239 -9.19239 2.5
    endloop
  endfacet
  facet normal -0.683602 0.729855 0
    outer loop
      vertex 9.12075 -9.25949 2.5
      vertex 9.19239 -9.19239 0
      vertex 9.12075 -9.25949 0
    endloop
  endfacet
  facet normal -0.0980007 -0.995186 0
    outer loop
      vertex 8.22983 -6.63494 0
      vertex 8.32752 -6.64456 2.5
      vertex 8.22983 -6.63494 2.5
    endloop
  endfacet
  facet normal -0.0980007 -0.995186 -0
    outer loop
      vertex 8.32752 -6.64456 2.5
      vertex 8.22983 -6.63494 0
      vertex 8.32752 -6.64456 0
    endloop
  endfacet
  facet normal 0.999465 0.0327042 0
    outer loop
      vertex 6.63494 -8.22983 2.5
      vertex 6.63173 -8.13173 0
      vertex 6.63173 -8.13173 2.5
    endloop
  endfacet
  facet normal 0.999465 0.0327042 0
    outer loop
      vertex 6.63173 -8.13173 0
      vertex 6.63494 -8.22983 2.5
      vertex 6.63494 -8.22983 0
    endloop
  endfacet
  facet normal -0.412697 0.910868 0
    outer loop
      vertex 8.79516 -9.47704 0
      vertex 8.70575 -9.51755 2.5
      vertex 8.79516 -9.47704 2.5
    endloop
  endfacet
  facet normal -0.412697 0.910868 0
    outer loop
      vertex 8.70575 -9.51755 2.5
      vertex 8.79516 -9.47704 0
      vertex 8.70575 -9.51755 0
    endloop
  endfacet
  facet normal -0.773026 -0.634374 0
    outer loop
      vertex 9.32176 -7.21859 0
      vertex 9.25949 -7.14271 2.5
      vertex 9.25949 -7.14271 0
    endloop
  endfacet
  facet normal -0.773026 -0.634374 0
    outer loop
      vertex 9.25949 -7.14271 2.5
      vertex 9.32176 -7.21859 0
      vertex 9.32176 -7.21859 2.5
    endloop
  endfacet
  facet normal -0.995176 0.0981016 0
    outer loop
      vertex 9.61889 -8.32752 0
      vertex 9.62852 -8.22983 2.5
      vertex 9.62852 -8.22983 0
    endloop
  endfacet
  facet normal -0.995176 0.0981016 0
    outer loop
      vertex 9.62852 -8.22983 2.5
      vertex 9.61889 -8.32752 0
      vertex 9.61889 -8.32752 2.5
    endloop
  endfacet
  facet normal 0.471418 0.88191 -0
    outer loop
      vertex 7.46829 -9.47704 0
      vertex 7.38173 -9.43077 2.5
      vertex 7.46829 -9.47704 2.5
    endloop
  endfacet
  facet normal 0.471418 0.88191 0
    outer loop
      vertex 7.38173 -9.43077 2.5
      vertex 7.46829 -9.47704 0
      vertex 7.38173 -9.43077 0
    endloop
  endfacet
  facet normal 0.412697 -0.910868 0
    outer loop
      vertex 7.46829 -6.78642 0
      vertex 7.5577 -6.74591 2.5
      vertex 7.46829 -6.78642 2.5
    endloop
  endfacet
  facet normal 0.412697 -0.910868 0
    outer loop
      vertex 7.5577 -6.74591 2.5
      vertex 7.46829 -6.78642 0
      vertex 7.5577 -6.74591 0
    endloop
  endfacet
  facet normal -0.471376 -0.881932 0
    outer loop
      vertex 8.79516 -6.78642 0
      vertex 8.88173 -6.83269 2.5
      vertex 8.79516 -6.78642 2.5
    endloop
  endfacet
  facet normal -0.471376 -0.881932 -0
    outer loop
      vertex 8.88173 -6.83269 2.5
      vertex 8.79516 -6.78642 0
      vertex 8.88173 -6.83269 0
    endloop
  endfacet
  facet normal -0.999465 0.0327042 0
    outer loop
      vertex 9.62852 -8.22983 0
      vertex 9.63173 -8.13173 2.5
      vertex 9.63173 -8.13173 0
    endloop
  endfacet
  facet normal -0.999465 0.0327042 0
    outer loop
      vertex 9.63173 -8.13173 2.5
      vertex 9.62852 -8.22983 0
      vertex 9.62852 -8.22983 2.5
    endloop
  endfacet
  facet normal 0.88191 -0.471418 0
    outer loop
      vertex 6.78642 -7.46829 2.5
      vertex 6.83269 -7.38173 0
      vertex 6.83269 -7.38173 2.5
    endloop
  endfacet
  facet normal 0.88191 -0.471418 0
    outer loop
      vertex 6.83269 -7.38173 0
      vertex 6.78642 -7.46829 2.5
      vertex 6.78642 -7.46829 0
    endloop
  endfacet
  facet normal -0.290347 0.956922 0
    outer loop
      vertex 8.61389 -9.55212 0
      vertex 8.51996 -9.58062 2.5
      vertex 8.61389 -9.55212 2.5
    endloop
  endfacet
  facet normal -0.290347 0.956922 0
    outer loop
      vertex 8.51996 -9.58062 2.5
      vertex 8.61389 -9.55212 0
      vertex 8.51996 -9.58062 0
    endloop
  endfacet
  facet normal -0.352307 -0.935885 0
    outer loop
      vertex 8.61389 -6.71133 0
      vertex 8.70575 -6.74591 2.5
      vertex 8.61389 -6.71133 2.5
    endloop
  endfacet
  facet normal -0.352307 -0.935885 -0
    outer loop
      vertex 8.70575 -6.74591 2.5
      vertex 8.61389 -6.71133 0
      vertex 8.70575 -6.74591 0
    endloop
  endfacet
  facet normal 0.634374 -0.773026 0
    outer loop
      vertex 7.14271 -7.00397 0
      vertex 7.21859 -6.9417 2.5
      vertex 7.14271 -7.00397 2.5
    endloop
  endfacet
  facet normal 0.634374 -0.773026 0
    outer loop
      vertex 7.21859 -6.9417 2.5
      vertex 7.14271 -7.00397 0
      vertex 7.21859 -6.9417 0
    endloop
  endfacet
  facet normal 0.52802 -0.849232 0
    outer loop
      vertex 7.29837 -6.88452 0
      vertex 7.38173 -6.83269 2.5
      vertex 7.29837 -6.88452 2.5
    endloop
  endfacet
  facet normal 0.52802 -0.849232 0
    outer loop
      vertex 7.38173 -6.83269 2.5
      vertex 7.29837 -6.88452 0
      vertex 7.38173 -6.83269 0
    endloop
  endfacet
  facet normal -0.88191 -0.471418 0
    outer loop
      vertex 9.47704 -7.46829 0
      vertex 9.43077 -7.38173 2.5
      vertex 9.43077 -7.38173 0
    endloop
  endfacet
  facet normal -0.88191 -0.471418 0
    outer loop
      vertex 9.43077 -7.38173 2.5
      vertex 9.47704 -7.46829 0
      vertex 9.47704 -7.46829 2.5
    endloop
  endfacet
  facet normal 0.849204 0.528065 0
    outer loop
      vertex 6.88452 -8.96508 2.5
      vertex 6.83269 -8.88173 0
      vertex 6.83269 -8.88173 2.5
    endloop
  endfacet
  facet normal 0.849204 0.528065 0
    outer loop
      vertex 6.83269 -8.88173 0
      vertex 6.88452 -8.96508 2.5
      vertex 6.88452 -8.96508 0
    endloop
  endfacet
  facet normal 0.582481 0.812844 -0
    outer loop
      vertex 7.29837 -9.37893 0
      vertex 7.21859 -9.32176 2.5
      vertex 7.29837 -9.37893 2.5
    endloop
  endfacet
  facet normal 0.582481 0.812844 0
    outer loop
      vertex 7.21859 -9.32176 2.5
      vertex 7.29837 -9.37893 0
      vertex 7.21859 -9.32176 0
    endloop
  endfacet
  facet normal -0.935918 0.352217 0
    outer loop
      vertex 9.51755 -8.70575 0
      vertex 9.55212 -8.61389 2.5
      vertex 9.55212 -8.61389 0
    endloop
  endfacet
  facet normal -0.935918 0.352217 0
    outer loop
      vertex 9.55212 -8.61389 2.5
      vertex 9.51755 -8.70575 0
      vertex 9.51755 -8.70575 2.5
    endloop
  endfacet
  facet normal -0.956922 0.290347 0
    outer loop
      vertex 9.55212 -8.61389 0
      vertex 9.58062 -8.51996 2.5
      vertex 9.58062 -8.51996 0
    endloop
  endfacet
  facet normal -0.956922 0.290347 0
    outer loop
      vertex 9.58062 -8.51996 2.5
      vertex 9.55212 -8.61389 0
      vertex 9.55212 -8.61389 2.5
    endloop
  endfacet
  facet normal -0.0327042 -0.999465 0
    outer loop
      vertex 8.13173 -6.63173 0
      vertex 8.22983 -6.63494 2.5
      vertex 8.13173 -6.63173 2.5
    endloop
  endfacet
  facet normal -0.0327042 -0.999465 -0
    outer loop
      vertex 8.22983 -6.63494 2.5
      vertex 8.13173 -6.63173 0
      vertex 8.22983 -6.63494 0
    endloop
  endfacet
  facet normal 0.683602 0.729855 -0
    outer loop
      vertex 7.14271 -9.25949 0
      vertex 7.07107 -9.19239 2.5
      vertex 7.14271 -9.25949 2.5
    endloop
  endfacet
  facet normal 0.683602 0.729855 0
    outer loop
      vertex 7.07107 -9.19239 2.5
      vertex 7.14271 -9.25949 0
      vertex 7.07107 -9.19239 0
    endloop
  endfacet
  facet normal 0.290347 0.956922 -0
    outer loop
      vertex 7.7435 -9.58062 0
      vertex 7.64957 -9.55212 2.5
      vertex 7.7435 -9.58062 2.5
    endloop
  endfacet
  facet normal 0.290347 0.956922 0
    outer loop
      vertex 7.64957 -9.55212 2.5
      vertex 7.7435 -9.58062 0
      vertex 7.64957 -9.55212 0
    endloop
  endfacet
  facet normal 0.986641 0.162912 0
    outer loop
      vertex 6.66055 -8.42436 2.5
      vertex 6.64456 -8.32752 0
      vertex 6.64456 -8.32752 2.5
    endloop
  endfacet
  facet normal 0.986641 0.162912 0
    outer loop
      vertex 6.64456 -8.32752 0
      vertex 6.66055 -8.42436 2.5
      vertex 6.66055 -8.42436 0
    endloop
  endfacet
  facet normal 0.999465 -0.0327009 0
    outer loop
      vertex 6.63173 -8.13173 2.5
      vertex 6.63494 -8.03362 0
      vertex 6.63494 -8.03362 2.5
    endloop
  endfacet
  facet normal 0.999465 -0.0327009 0
    outer loop
      vertex 6.63494 -8.03362 0
      vertex 6.63173 -8.13173 2.5
      vertex 6.63173 -8.13173 0
    endloop
  endfacet
  facet normal -0.999465 -0.0327009 0
    outer loop
      vertex 9.63173 -8.13173 0
      vertex 9.62852 -8.03362 2.5
      vertex 9.62852 -8.03362 0
    endloop
  endfacet
  facet normal -0.999465 -0.0327009 0
    outer loop
      vertex 9.62852 -8.03362 2.5
      vertex 9.63173 -8.13173 0
      vertex 9.63173 -8.13173 2.5
    endloop
  endfacet
  facet normal 0.471418 -0.88191 0
    outer loop
      vertex 7.38173 -6.83269 0
      vertex 7.46829 -6.78642 2.5
      vertex 7.38173 -6.83269 2.5
    endloop
  endfacet
  facet normal 0.471418 -0.88191 0
    outer loop
      vertex 7.46829 -6.78642 2.5
      vertex 7.38173 -6.83269 0
      vertex 7.46829 -6.78642 0
    endloop
  endfacet
  facet normal 0.729855 -0.683602 0
    outer loop
      vertex 7.00397 -7.14271 2.5
      vertex 7.07107 -7.07107 0
      vertex 7.07107 -7.07107 2.5
    endloop
  endfacet
  facet normal 0.729855 -0.683602 0
    outer loop
      vertex 7.07107 -7.07107 0
      vertex 7.00397 -7.14271 2.5
      vertex 7.00397 -7.14271 0
    endloop
  endfacet
  facet normal -0.352217 0.935918 0
    outer loop
      vertex 8.70575 -9.51755 0
      vertex 8.61389 -9.55212 2.5
      vertex 8.70575 -9.51755 2.5
    endloop
  endfacet
  facet normal -0.352217 0.935918 0
    outer loop
      vertex 8.61389 -9.55212 2.5
      vertex 8.70575 -9.51755 0
      vertex 8.61389 -9.55212 0
    endloop
  endfacet
  facet normal -0.729855 -0.683602 0
    outer loop
      vertex 9.25949 -7.14271 0
      vertex 9.19239 -7.07107 2.5
      vertex 9.19239 -7.07107 0
    endloop
  endfacet
  facet normal -0.729855 -0.683602 0
    outer loop
      vertex 9.19239 -7.07107 2.5
      vertex 9.25949 -7.14271 0
      vertex 9.25949 -7.14271 2.5
    endloop
  endfacet
  facet normal -0.683602 -0.729855 0
    outer loop
      vertex 9.12075 -7.00397 0
      vertex 9.19239 -7.07107 2.5
      vertex 9.12075 -7.00397 2.5
    endloop
  endfacet
  facet normal -0.683602 -0.729855 -0
    outer loop
      vertex 9.19239 -7.07107 2.5
      vertex 9.12075 -7.00397 0
      vertex 9.19239 -7.07107 0
    endloop
  endfacet
  facet normal 0.95695 -0.290253 0
    outer loop
      vertex 6.68284 -7.7435 2.5
      vertex 6.71133 -7.64957 0
      vertex 6.71133 -7.64957 2.5
    endloop
  endfacet
  facet normal 0.95695 -0.290253 0
    outer loop
      vertex 6.71133 -7.64957 0
      vertex 6.68284 -7.7435 2.5
      vertex 6.68284 -7.7435 0
    endloop
  endfacet
  facet normal 0.683602 -0.729855 0
    outer loop
      vertex 7.07107 -7.07107 0
      vertex 7.14271 -7.00397 2.5
      vertex 7.07107 -7.07107 2.5
    endloop
  endfacet
  facet normal 0.683602 -0.729855 0
    outer loop
      vertex 7.14271 -7.00397 2.5
      vertex 7.07107 -7.07107 0
      vertex 7.14271 -7.00397 0
    endloop
  endfacet
  facet normal 0.849232 -0.52802 0
    outer loop
      vertex 6.83269 -7.38173 2.5
      vertex 6.88452 -7.29837 0
      vertex 6.88452 -7.29837 2.5
    endloop
  endfacet
  facet normal 0.849232 -0.52802 0
    outer loop
      vertex 6.88452 -7.29837 0
      vertex 6.83269 -7.38173 2.5
      vertex 6.83269 -7.38173 0
    endloop
  endfacet
  facet normal 0.812831 0.5825 0
    outer loop
      vertex 6.9417 -9.04487 2.5
      vertex 6.88452 -8.96508 0
      vertex 6.88452 -8.96508 2.5
    endloop
  endfacet
  facet normal 0.812831 0.5825 0
    outer loop
      vertex 6.88452 -8.96508 0
      vertex 6.9417 -9.04487 2.5
      vertex 6.9417 -9.04487 0
    endloop
  endfacet
  facet normal 0.935897 -0.352273 0
    outer loop
      vertex 6.71133 -7.64957 2.5
      vertex 6.74591 -7.5577 0
      vertex 6.74591 -7.5577 2.5
    endloop
  endfacet
  facet normal 0.935897 -0.352273 0
    outer loop
      vertex 6.74591 -7.5577 0
      vertex 6.71133 -7.64957 2.5
      vertex 6.71133 -7.64957 0
    endloop
  endfacet
  facet normal -0.162813 0.986657 0
    outer loop
      vertex 8.42436 -9.60291 0
      vertex 8.32752 -9.61889 2.5
      vertex 8.42436 -9.60291 2.5
    endloop
  endfacet
  facet normal -0.162813 0.986657 0
    outer loop
      vertex 8.32752 -9.61889 2.5
      vertex 8.42436 -9.60291 0
      vertex 8.32752 -9.61889 0
    endloop
  endfacet
  facet normal -0.849187 -0.528093 0
    outer loop
      vertex 9.43077 -7.38173 0
      vertex 9.37893 -7.29837 2.5
      vertex 9.37893 -7.29837 0
    endloop
  endfacet
  facet normal -0.849187 -0.528093 0
    outer loop
      vertex 9.37893 -7.29837 2.5
      vertex 9.43077 -7.38173 0
      vertex 9.43077 -7.38173 2.5
    endloop
  endfacet
  facet normal -0.290253 -0.95695 0
    outer loop
      vertex 8.51996 -6.68284 0
      vertex 8.61389 -6.71133 2.5
      vertex 8.51996 -6.68284 2.5
    endloop
  endfacet
  facet normal -0.290253 -0.95695 -0
    outer loop
      vertex 8.61389 -6.71133 2.5
      vertex 8.51996 -6.68284 0
      vertex 8.61389 -6.71133 0
    endloop
  endfacet
  facet normal 0.910868 0.412697 0
    outer loop
      vertex 6.78642 -8.79516 2.5
      vertex 6.74591 -8.70575 0
      vertex 6.74591 -8.70575 2.5
    endloop
  endfacet
  facet normal 0.910868 0.412697 0
    outer loop
      vertex 6.74591 -8.70575 0
      vertex 6.78642 -8.79516 2.5
      vertex 6.78642 -8.79516 0
    endloop
  endfacet
  facet normal 0.995186 0.0980007 0
    outer loop
      vertex 6.64456 -8.32752 2.5
      vertex 6.63494 -8.22983 0
      vertex 6.63494 -8.22983 2.5
    endloop
  endfacet
  facet normal 0.995186 0.0980007 0
    outer loop
      vertex 6.63494 -8.22983 0
      vertex 6.64456 -8.32752 2.5
      vertex 6.64456 -8.32752 0
    endloop
  endfacet
endsolid OpenSCAD_Model
