solid OpenSCAD_Model
  facet normal 0.471396 0 -0.881922
    outer loop
      vertex 2.12298 19.2022 8.94501
      vertex 2.4 22 9.09308
      vertex 2.4 19.2022 9.09308
    endloop
  endfacet
  facet normal 0.471396 0 -0.881922
    outer loop
      vertex 2.4 22 9.09308
      vertex 2.12298 19.2022 8.94501
      vertex 2.12298 22 8.94501
    endloop
  endfacet
  facet normal 0.995184 0 -0.0980221
    outer loop
      vertex 4.78972 19.2022 12.9361
      vertex 4.75893 22 12.6235
      vertex 4.78972 22 12.9361
    endloop
  endfacet
  facet normal 0.995184 0 -0.0980221
    outer loop
      vertex 4.75893 22 12.6235
      vertex 4.78972 19.2022 12.9361
      vertex 4.75893 19.2022 12.6235
    endloop
  endfacet
  facet normal 0.999464 0 -0.0327317
    outer loop
      vertex 4.8 19.2022 13.25
      vertex 4.78972 22 12.9361
      vertex 4.8 22 13.25
    endloop
  endfacet
  facet normal 0.999464 0 -0.0327317
    outer loop
      vertex 4.78972 22 12.9361
      vertex 4.8 19.2022 13.25
      vertex 4.78972 19.2022 12.9361
    endloop
  endfacet
  facet normal 0.772996 -0 0.634411
    outer loop
      vertex 3.60883 19.2022 16.4149
      vertex 3.8081 22 16.1721
      vertex 3.60883 22 16.4149
    endloop
  endfacet
  facet normal 0.772996 0 0.634411
    outer loop
      vertex 3.8081 22 16.1721
      vertex 3.60883 19.2022 16.4149
      vertex 3.8081 19.2022 16.1721
    endloop
  endfacet
  facet normal 0.47147 0 0.881882
    outer loop
      vertex 2.12298 22 17.555
      vertex 2.4 19.2022 17.4069
      vertex 2.4 22 17.4069
    endloop
  endfacet
  facet normal 0.47147 0 0.881882
    outer loop
      vertex 2.4 19.2022 17.4069
      vertex 2.12298 22 17.555
      vertex 2.12298 19.2022 17.555
    endloop
  endfacet
  facet normal -0.986646 0 0.162881
    outer loop
      vertex -4.75893 19.2022 13.8765
      vertex -4.70777 22 14.1864
      vertex -4.75893 22 13.8765
    endloop
  endfacet
  facet normal -0.986646 0 0.162881
    outer loop
      vertex -4.70777 22 14.1864
      vertex -4.75893 19.2022 13.8765
      vertex -4.70777 19.2022 14.1864
    endloop
  endfacet
  facet normal -0.412706 0 -0.910864
    outer loop
      vertex -2.12298 19.2022 8.94501
      vertex -1.83688 22 8.81538
      vertex -1.83688 19.2022 8.81538
    endloop
  endfacet
  facet normal -0.412706 0 -0.910864
    outer loop
      vertex -1.83688 22 8.81538
      vertex -2.12298 19.2022 8.94501
      vertex -2.12298 22 8.94501
    endloop
  endfacet
  facet normal 0.582472 0 -0.812851
    outer loop
      vertex 2.66674 19.2022 9.25895
      vertex 2.92205 22 9.4419
      vertex 2.92205 19.2022 9.4419
    endloop
  endfacet
  facet normal 0.582472 0 -0.812851
    outer loop
      vertex 2.92205 22 9.4419
      vertex 2.66674 19.2022 9.25895
      vertex 2.66674 22 9.25895
    endloop
  endfacet
  facet normal 0.227091 0 -0.973874
    outer loop
      vertex 0.936433 19.2022 8.54223
      vertex 1.24233 22 8.61356
      vertex 1.24233 19.2022 8.61356
    endloop
  endfacet
  facet normal 0.227091 0 -0.973874
    outer loop
      vertex 1.24233 22 8.61356
      vertex 0.936433 19.2022 8.54223
      vertex 0.936433 22 8.54223
    endloop
  endfacet
  facet normal -0.683565 0 0.72989
    outer loop
      vertex -3.39411 22 16.6441
      vertex -3.16486 19.2022 16.8588
      vertex -3.16486 22 16.8588
    endloop
  endfacet
  facet normal -0.683565 0 0.72989
    outer loop
      vertex -3.16486 19.2022 16.8588
      vertex -3.39411 22 16.6441
      vertex -3.39411 19.2022 16.6441
    endloop
  endfacet
  facet normal 0.35241 0 0.935846
    outer loop
      vertex 1.54291 22 17.7953
      vertex 1.83688 19.2022 17.6846
      vertex 1.83688 22 17.6846
    endloop
  endfacet
  facet normal 0.35241 0 0.935846
    outer loop
      vertex 1.83688 19.2022 17.6846
      vertex 1.54291 22 17.7953
      vertex 1.54291 19.2022 17.7953
    endloop
  endfacet
  facet normal -0.812948 0 0.582337
    outer loop
      vertex -3.99105 19.2022 15.9167
      vertex -3.8081 22 16.1721
      vertex -3.99105 22 15.9167
    endloop
  endfacet
  facet normal -0.812948 0 0.582337
    outer loop
      vertex -3.8081 22 16.1721
      vertex -3.99105 19.2022 15.9167
      vertex -3.8081 19.2022 16.1721
    endloop
  endfacet
  facet normal 0.227302 0 0.973824
    outer loop
      vertex 0.936433 22 17.9578
      vertex 1.24233 19.2022 17.8864
      vertex 1.24233 22 17.8864
    endloop
  endfacet
  facet normal 0.227302 0 0.973824
    outer loop
      vertex 1.24233 19.2022 17.8864
      vertex 0.936433 22 17.9578
      vertex 0.936433 19.2022 17.9578
    endloop
  endfacet
  facet normal -0.683599 0 -0.729858
    outer loop
      vertex -3.39411 19.2022 9.85589
      vertex -3.16486 22 9.64117
      vertex -3.16486 19.2022 9.64117
    endloop
  endfacet
  facet normal -0.683599 0 -0.729858
    outer loop
      vertex -3.16486 22 9.64117
      vertex -3.39411 19.2022 9.85589
      vertex -3.39411 22 9.85589
    endloop
  endfacet
  facet normal 0.849166 0 -0.528126
    outer loop
      vertex 4.15692 19.2022 10.85
      vertex 3.99105 22 10.5833
      vertex 4.15692 22 10.85
    endloop
  endfacet
  facet normal 0.849166 0 -0.528126
    outer loop
      vertex 3.99105 22 10.5833
      vertex 4.15692 19.2022 10.85
      vertex 3.99105 19.2022 10.5833
    endloop
  endfacet
  facet normal -0.910864 0 -0.412706
    outer loop
      vertex -4.30499 19.2022 11.127
      vertex -4.43462 22 11.4131
      vertex -4.30499 22 11.127
    endloop
  endfacet
  facet normal -0.910864 -0 -0.412706
    outer loop
      vertex -4.43462 22 11.4131
      vertex -4.30499 19.2022 11.127
      vertex -4.43462 19.2022 11.4131
    endloop
  endfacet
  facet normal 0.973874 -0 0.227089
    outer loop
      vertex 4.63644 19.2022 14.4923
      vertex 4.70777 22 14.1864
      vertex 4.63644 22 14.4923
    endloop
  endfacet
  facet normal 0.973874 0 0.227089
    outer loop
      vertex 4.70777 22 14.1864
      vertex 4.63644 19.2022 14.4923
      vertex 4.70777 19.2022 14.1864
    endloop
  endfacet
  facet normal 0.973874 0 -0.227089
    outer loop
      vertex 4.70777 19.2022 12.3136
      vertex 4.63644 22 12.0077
      vertex 4.70777 22 12.3136
    endloop
  endfacet
  facet normal 0.973874 0 -0.227089
    outer loop
      vertex 4.63644 22 12.0077
      vertex 4.70777 19.2022 12.3136
      vertex 4.63644 19.2022 12.0077
    endloop
  endfacet
  facet normal -0.634452 0 0.772962
    outer loop
      vertex -3.16486 22 16.8588
      vertex -2.92205 19.2022 17.0581
      vertex -2.92205 22 17.0581
    endloop
  endfacet
  facet normal -0.634452 0 0.772962
    outer loop
      vertex -2.92205 19.2022 17.0581
      vertex -3.16486 22 16.8588
      vertex -3.16486 19.2022 16.8588
    endloop
  endfacet
  facet normal -0.290285 0 -0.95694
    outer loop
      vertex -1.54291 19.2022 8.70474
      vertex -1.24233 22 8.61356
      vertex -1.24233 19.2022 8.61356
    endloop
  endfacet
  facet normal -0.290285 0 -0.95694
    outer loop
      vertex -1.24233 22 8.61356
      vertex -1.54291 19.2022 8.70474
      vertex -1.54291 22 8.70474
    endloop
  endfacet
  facet normal 0.999464 -0 0.0327317
    outer loop
      vertex 4.78972 19.2022 13.5639
      vertex 4.8 22 13.25
      vertex 4.78972 22 13.5639
    endloop
  endfacet
  facet normal 0.999464 0 0.0327317
    outer loop
      vertex 4.8 22 13.25
      vertex 4.78972 19.2022 13.5639
      vertex 4.8 19.2022 13.25
    endloop
  endfacet
  facet normal 0.772996 0 -0.634411
    outer loop
      vertex 3.8081 19.2022 10.3279
      vertex 3.60883 22 10.0851
      vertex 3.8081 22 10.3279
    endloop
  endfacet
  facet normal 0.772996 0 -0.634411
    outer loop
      vertex 3.60883 22 10.0851
      vertex 3.8081 19.2022 10.3279
      vertex 3.60883 19.2022 10.0851
    endloop
  endfacet
  facet normal 0.0327282 0 -0.999464
    outer loop
      vertex 0 19.2022 8.45
      vertex 0.313934 22 8.46028
      vertex 0.313934 19.2022 8.46028
    endloop
  endfacet
  facet normal 0.0327282 0 -0.999464
    outer loop
      vertex 0.313934 22 8.46028
      vertex 0 19.2022 8.45
      vertex 0 22 8.45
    endloop
  endfacet
  facet normal -0.772996 0 0.634411
    outer loop
      vertex -3.8081 19.2022 16.1721
      vertex -3.60883 22 16.4149
      vertex -3.8081 22 16.1721
    endloop
  endfacet
  facet normal -0.772996 0 0.634411
    outer loop
      vertex -3.60883 22 16.4149
      vertex -3.8081 19.2022 16.1721
      vertex -3.60883 19.2022 16.4149
    endloop
  endfacet
  facet normal 0.634395 0 -0.773009
    outer loop
      vertex 2.92205 19.2022 9.4419
      vertex 3.16486 22 9.64117
      vertex 3.16486 19.2022 9.64117
    endloop
  endfacet
  facet normal 0.634395 0 -0.773009
    outer loop
      vertex 3.16486 22 9.64117
      vertex 2.92205 19.2022 9.4419
      vertex 2.92205 22 9.4419
    endloop
  endfacet
  facet normal 0.729798 0 -0.683663
    outer loop
      vertex 3.60883 19.2022 10.0851
      vertex 3.39411 22 9.85589
      vertex 3.60883 22 10.0851
    endloop
  endfacet
  facet normal 0.729798 0 -0.683663
    outer loop
      vertex 3.39411 22 9.85589
      vertex 3.60883 19.2022 10.0851
      vertex 3.39411 19.2022 9.85589
    endloop
  endfacet
  facet normal 0.527908 0 0.849302
    outer loop
      vertex 2.4 22 17.4069
      vertex 2.66674 19.2022 17.2411
      vertex 2.66674 22 17.2411
    endloop
  endfacet
  facet normal 0.527908 0 0.849302
    outer loop
      vertex 2.66674 19.2022 17.2411
      vertex 2.4 22 17.4069
      vertex 2.4 19.2022 17.4069
    endloop
  endfacet
  facet normal 0.729783 -0 0.683678
    outer loop
      vertex 3.39411 19.2022 16.6441
      vertex 3.60883 22 16.4149
      vertex 3.39411 22 16.6441
    endloop
  endfacet
  facet normal 0.729783 0 0.683678
    outer loop
      vertex 3.60883 22 16.4149
      vertex 3.39411 19.2022 16.6441
      vertex 3.60883 19.2022 16.4149
    endloop
  endfacet
  facet normal 0.162691 0 0.986677
    outer loop
      vertex 0.626525 22 18.0089
      vertex 0.936433 19.2022 17.9578
      vertex 0.936433 22 17.9578
    endloop
  endfacet
  facet normal 0.162691 0 0.986677
    outer loop
      vertex 0.936433 19.2022 17.9578
      vertex 0.626525 22 18.0089
      vertex 0.626525 19.2022 18.0089
    endloop
  endfacet
  facet normal 0.162877 0 -0.986646
    outer loop
      vertex 0.626525 19.2022 8.49107
      vertex 0.936433 22 8.54223
      vertex 0.936433 19.2022 8.54223
    endloop
  endfacet
  facet normal 0.162877 0 -0.986646
    outer loop
      vertex 0.936433 22 8.54223
      vertex 0.626525 19.2022 8.49107
      vertex 0.626525 22 8.49107
    endloop
  endfacet
  facet normal 0.910864 -0 0.412706
    outer loop
      vertex 4.30499 19.2022 15.373
      vertex 4.43462 22 15.0869
      vertex 4.30499 22 15.373
    endloop
  endfacet
  facet normal 0.910864 0 0.412706
    outer loop
      vertex 4.43462 22 15.0869
      vertex 4.30499 19.2022 15.373
      vertex 4.43462 19.2022 15.0869
    endloop
  endfacet
  facet normal -0.956946 0 -0.290267
    outer loop
      vertex -4.54526 19.2022 11.7071
      vertex -4.63644 22 12.0077
      vertex -4.54526 22 11.7071
    endloop
  endfacet
  facet normal -0.956946 -0 -0.290267
    outer loop
      vertex -4.63644 22 12.0077
      vertex -4.54526 19.2022 11.7071
      vertex -4.63644 19.2022 12.0077
    endloop
  endfacet
  facet normal 0.0980565 0 0.995181
    outer loop
      vertex 0.313934 22 18.0397
      vertex 0.626525 19.2022 18.0089
      vertex 0.626525 22 18.0089
    endloop
  endfacet
  facet normal 0.0980565 0 0.995181
    outer loop
      vertex 0.626525 19.2022 18.0089
      vertex 0.313934 22 18.0397
      vertex 0.313934 19.2022 18.0397
    endloop
  endfacet
  facet normal 0.634452 0 0.772962
    outer loop
      vertex 2.92205 22 17.0581
      vertex 3.16486 19.2022 16.8588
      vertex 3.16486 22 16.8588
    endloop
  endfacet
  facet normal 0.634452 0 0.772962
    outer loop
      vertex 3.16486 19.2022 16.8588
      vertex 2.92205 22 17.0581
      vertex 2.92205 19.2022 17.0581
    endloop
  endfacet
  facet normal -0.881907 0 -0.471423
    outer loop
      vertex -4.15692 19.2022 10.85
      vertex -4.30499 22 11.127
      vertex -4.15692 22 10.85
    endloop
  endfacet
  facet normal -0.881907 -0 -0.471423
    outer loop
      vertex -4.30499 22 11.127
      vertex -4.15692 19.2022 10.85
      vertex -4.30499 19.2022 11.127
    endloop
  endfacet
  facet normal 0.956946 -0 0.290267
    outer loop
      vertex 4.54526 19.2022 14.7929
      vertex 4.63644 22 14.4923
      vertex 4.54526 22 14.7929
    endloop
  endfacet
  facet normal 0.956946 0 0.290267
    outer loop
      vertex 4.63644 22 14.4923
      vertex 4.54526 19.2022 14.7929
      vertex 4.63644 19.2022 14.4923
    endloop
  endfacet
  facet normal -0.634395 0 -0.773009
    outer loop
      vertex -3.16486 19.2022 9.64117
      vertex -2.92205 22 9.4419
      vertex -2.92205 19.2022 9.4419
    endloop
  endfacet
  facet normal -0.634395 0 -0.773009
    outer loop
      vertex -2.92205 22 9.4419
      vertex -3.16486 19.2022 9.64117
      vertex -3.16486 22 9.64117
    endloop
  endfacet
  facet normal 0.956946 0 -0.290267
    outer loop
      vertex 4.63644 19.2022 12.0077
      vertex 4.54526 22 11.7071
      vertex 4.63644 22 12.0077
    endloop
  endfacet
  facet normal 0.956946 0 -0.290267
    outer loop
      vertex 4.54526 22 11.7071
      vertex 4.63644 19.2022 12.0077
      vertex 4.54526 19.2022 11.7071
    endloop
  endfacet
  facet normal -0.93592 0 0.352212
    outer loop
      vertex -4.54526 19.2022 14.7929
      vertex -4.43462 22 15.0869
      vertex -4.54526 22 14.7929
    endloop
  endfacet
  facet normal -0.93592 0 0.352212
    outer loop
      vertex -4.43462 22 15.0869
      vertex -4.54526 19.2022 14.7929
      vertex -4.43462 19.2022 15.0869
    endloop
  endfacet
  facet normal -0.956946 0 0.290267
    outer loop
      vertex -4.63644 19.2022 14.4923
      vertex -4.54526 22 14.7929
      vertex -4.63644 22 14.4923
    endloop
  endfacet
  facet normal -0.956946 0 0.290267
    outer loop
      vertex -4.54526 22 14.7929
      vertex -4.63644 19.2022 14.4923
      vertex -4.54526 19.2022 14.7929
    endloop
  endfacet
  facet normal 0.986646 -0 0.162881
    outer loop
      vertex 4.70777 19.2022 14.1864
      vertex 4.75893 22 13.8765
      vertex 4.70777 22 14.1864
    endloop
  endfacet
  facet normal 0.986646 0 0.162881
    outer loop
      vertex 4.75893 22 13.8765
      vertex 4.70777 19.2022 14.1864
      vertex 4.75893 19.2022 13.8765
    endloop
  endfacet
  facet normal 0.881907 -0 0.471423
    outer loop
      vertex 4.15692 19.2022 15.65
      vertex 4.30499 22 15.373
      vertex 4.15692 22 15.65
    endloop
  endfacet
  facet normal 0.881907 0 0.471423
    outer loop
      vertex 4.30499 22 15.373
      vertex 4.15692 19.2022 15.65
      vertex 4.30499 19.2022 15.373
    endloop
  endfacet
  facet normal 0.881907 0 -0.471423
    outer loop
      vertex 4.30499 19.2022 11.127
      vertex 4.15692 22 10.85
      vertex 4.30499 22 11.127
    endloop
  endfacet
  facet normal 0.881907 0 -0.471423
    outer loop
      vertex 4.15692 22 10.85
      vertex 4.30499 19.2022 11.127
      vertex 4.15692 19.2022 10.85
    endloop
  endfacet
  facet normal 0.290052 0 0.957011
    outer loop
      vertex 1.24233 22 17.8864
      vertex 1.54291 19.2022 17.7953
      vertex 1.54291 22 17.7953
    endloop
  endfacet
  facet normal 0.290052 0 0.957011
    outer loop
      vertex 1.54291 19.2022 17.7953
      vertex 1.24233 22 17.8864
      vertex 1.24233 19.2022 17.8864
    endloop
  endfacet
  facet normal -0.528069 0 -0.849202
    outer loop
      vertex -2.66674 19.2022 9.25895
      vertex -2.4 22 9.09308
      vertex -2.4 19.2022 9.09308
    endloop
  endfacet
  facet normal -0.528069 0 -0.849202
    outer loop
      vertex -2.4 22 9.09308
      vertex -2.66674 19.2022 9.25895
      vertex -2.66674 22 9.25895
    endloop
  endfacet
  facet normal 0.290285 0 -0.95694
    outer loop
      vertex 1.24233 19.2022 8.61356
      vertex 1.54291 22 8.70474
      vertex 1.54291 19.2022 8.70474
    endloop
  endfacet
  facet normal 0.290285 0 -0.95694
    outer loop
      vertex 1.54291 22 8.70474
      vertex 1.24233 19.2022 8.61356
      vertex 1.24233 22 8.61356
    endloop
  endfacet
  facet normal -0.772996 0 -0.634411
    outer loop
      vertex -3.60883 19.2022 10.0851
      vertex -3.8081 22 10.3279
      vertex -3.60883 22 10.0851
    endloop
  endfacet
  facet normal -0.772996 -0 -0.634411
    outer loop
      vertex -3.8081 22 10.3279
      vertex -3.60883 19.2022 10.0851
      vertex -3.8081 19.2022 10.3279
    endloop
  endfacet
  facet normal -0.0327918 0 0.999462
    outer loop
      vertex -0.313934 22 18.0397
      vertex 0 19.2022 18.05
      vertex 0 22 18.05
    endloop
  endfacet
  facet normal -0.0327918 0 0.999462
    outer loop
      vertex 0 19.2022 18.05
      vertex -0.313934 22 18.0397
      vertex -0.313934 19.2022 18.0397
    endloop
  endfacet
  facet normal 0.93592 0 -0.352212
    outer loop
      vertex 4.54526 19.2022 11.7071
      vertex 4.43462 22 11.4131
      vertex 4.54526 22 11.7071
    endloop
  endfacet
  facet normal 0.93592 0 -0.352212
    outer loop
      vertex 4.43462 22 11.4131
      vertex 4.54526 19.2022 11.7071
      vertex 4.43462 19.2022 11.4131
    endloop
  endfacet
  facet normal 0.412627 0 0.9109
    outer loop
      vertex 1.83688 22 17.6846
      vertex 2.12298 19.2022 17.555
      vertex 2.12298 22 17.555
    endloop
  endfacet
  facet normal 0.412627 0 0.9109
    outer loop
      vertex 2.12298 19.2022 17.555
      vertex 1.83688 22 17.6846
      vertex 1.83688 19.2022 17.6846
    endloop
  endfacet
  facet normal -0.527908 0 0.849302
    outer loop
      vertex -2.66674 22 17.2411
      vertex -2.4 19.2022 17.4069
      vertex -2.4 22 17.4069
    endloop
  endfacet
  facet normal -0.527908 0 0.849302
    outer loop
      vertex -2.4 19.2022 17.4069
      vertex -2.66674 22 17.2411
      vertex -2.66674 19.2022 17.2411
    endloop
  endfacet
  facet normal -0.729783 0 0.683678
    outer loop
      vertex -3.60883 19.2022 16.4149
      vertex -3.39411 22 16.6441
      vertex -3.60883 22 16.4149
    endloop
  endfacet
  facet normal -0.729783 0 0.683678
    outer loop
      vertex -3.39411 22 16.6441
      vertex -3.60883 19.2022 16.4149
      vertex -3.39411 19.2022 16.6441
    endloop
  endfacet
  facet normal 0.412706 0 -0.910864
    outer loop
      vertex 1.83688 19.2022 8.81538
      vertex 2.12298 22 8.94501
      vertex 2.12298 19.2022 8.94501
    endloop
  endfacet
  facet normal 0.412706 0 -0.910864
    outer loop
      vertex 2.12298 22 8.94501
      vertex 1.83688 19.2022 8.81538
      vertex 1.83688 22 8.81538
    endloop
  endfacet
  facet normal -0.0980249 0 -0.995184
    outer loop
      vertex -0.626525 19.2022 8.49107
      vertex -0.313934 22 8.46028
      vertex -0.313934 19.2022 8.46028
    endloop
  endfacet
  facet normal -0.0980249 0 -0.995184
    outer loop
      vertex -0.313934 22 8.46028
      vertex -0.626525 19.2022 8.49107
      vertex -0.626525 22 8.49107
    endloop
  endfacet
  facet normal -0.812948 0 -0.582337
    outer loop
      vertex -3.8081 19.2022 10.3279
      vertex -3.99105 22 10.5833
      vertex -3.8081 22 10.3279
    endloop
  endfacet
  facet normal -0.812948 -0 -0.582337
    outer loop
      vertex -3.99105 22 10.5833
      vertex -3.8081 19.2022 10.3279
      vertex -3.99105 19.2022 10.5833
    endloop
  endfacet
  facet normal -0.910864 0 0.412706
    outer loop
      vertex -4.43462 19.2022 15.0869
      vertex -4.30499 22 15.373
      vertex -4.43462 22 15.0869
    endloop
  endfacet
  facet normal -0.910864 0 0.412706
    outer loop
      vertex -4.30499 22 15.373
      vertex -4.43462 19.2022 15.0869
      vertex -4.30499 19.2022 15.373
    endloop
  endfacet
  facet normal 0.995184 -0 0.0980221
    outer loop
      vertex 4.75893 19.2022 13.8765
      vertex 4.78972 22 13.5639
      vertex 4.75893 22 13.8765
    endloop
  endfacet
  facet normal 0.995184 0 0.0980221
    outer loop
      vertex 4.78972 22 13.5639
      vertex 4.75893 19.2022 13.8765
      vertex 4.78972 19.2022 13.5639
    endloop
  endfacet
  facet normal 0.528069 0 -0.849202
    outer loop
      vertex 2.4 19.2022 9.09308
      vertex 2.66674 22 9.25895
      vertex 2.66674 19.2022 9.25895
    endloop
  endfacet
  facet normal 0.528069 0 -0.849202
    outer loop
      vertex 2.66674 22 9.25895
      vertex 2.4 19.2022 9.09308
      vertex 2.4 22 9.09308
    endloop
  endfacet
  facet normal -0.849166 0 -0.528126
    outer loop
      vertex -3.99105 19.2022 10.5833
      vertex -4.15692 22 10.85
      vertex -3.99105 22 10.5833
    endloop
  endfacet
  facet normal -0.849166 -0 -0.528126
    outer loop
      vertex -4.15692 22 10.85
      vertex -3.99105 19.2022 10.5833
      vertex -4.15692 19.2022 10.85
    endloop
  endfacet
  facet normal 0.683599 0 -0.729858
    outer loop
      vertex 3.16486 19.2022 9.64117
      vertex 3.39411 22 9.85589
      vertex 3.39411 19.2022 9.85589
    endloop
  endfacet
  facet normal 0.683599 0 -0.729858
    outer loop
      vertex 3.39411 22 9.85589
      vertex 3.16486 19.2022 9.64117
      vertex 3.16486 22 9.64117
    endloop
  endfacet
  facet normal 0.812948 -0 0.582337
    outer loop
      vertex 3.8081 19.2022 16.1721
      vertex 3.99105 22 15.9167
      vertex 3.8081 22 16.1721
    endloop
  endfacet
  facet normal 0.812948 0 0.582337
    outer loop
      vertex 3.99105 22 15.9167
      vertex 3.8081 19.2022 16.1721
      vertex 3.99105 19.2022 15.9167
    endloop
  endfacet
  facet normal -0.471396 0 -0.881922
    outer loop
      vertex -2.4 19.2022 9.09308
      vertex -2.12298 22 8.94501
      vertex -2.12298 19.2022 8.94501
    endloop
  endfacet
  facet normal -0.471396 0 -0.881922
    outer loop
      vertex -2.12298 22 8.94501
      vertex -2.4 19.2022 9.09308
      vertex -2.4 22 9.09308
    endloop
  endfacet
  facet normal -0.582472 0 -0.812851
    outer loop
      vertex -2.92205 19.2022 9.4419
      vertex -2.66674 22 9.25895
      vertex -2.66674 19.2022 9.25895
    endloop
  endfacet
  facet normal -0.582472 0 -0.812851
    outer loop
      vertex -2.66674 22 9.25895
      vertex -2.92205 19.2022 9.4419
      vertex -2.92205 22 9.4419
    endloop
  endfacet
  facet normal 0.849166 -0 0.528126
    outer loop
      vertex 3.99105 19.2022 15.9167
      vertex 4.15692 22 15.65
      vertex 3.99105 22 15.9167
    endloop
  endfacet
  facet normal 0.849166 0 0.528126
    outer loop
      vertex 4.15692 22 15.65
      vertex 3.99105 19.2022 15.9167
      vertex 4.15692 19.2022 15.65
    endloop
  endfacet
  facet normal -0.986646 0 -0.162881
    outer loop
      vertex -4.70777 19.2022 12.3136
      vertex -4.75893 22 12.6235
      vertex -4.70777 22 12.3136
    endloop
  endfacet
  facet normal -0.986646 -0 -0.162881
    outer loop
      vertex -4.75893 22 12.6235
      vertex -4.70777 19.2022 12.3136
      vertex -4.75893 19.2022 12.6235
    endloop
  endfacet
  facet normal -0.290052 0 0.957011
    outer loop
      vertex -1.54291 22 17.7953
      vertex -1.24233 19.2022 17.8864
      vertex -1.24233 22 17.8864
    endloop
  endfacet
  facet normal -0.290052 0 0.957011
    outer loop
      vertex -1.24233 19.2022 17.8864
      vertex -1.54291 22 17.7953
      vertex -1.54291 19.2022 17.7953
    endloop
  endfacet
  facet normal 0.352243 0 -0.935909
    outer loop
      vertex 1.54291 19.2022 8.70474
      vertex 1.83688 22 8.81538
      vertex 1.83688 19.2022 8.81538
    endloop
  endfacet
  facet normal 0.352243 0 -0.935909
    outer loop
      vertex 1.83688 22 8.81538
      vertex 1.54291 19.2022 8.70474
      vertex 1.54291 22 8.70474
    endloop
  endfacet
  facet normal -0.227091 0 -0.973874
    outer loop
      vertex -1.24233 19.2022 8.61356
      vertex -0.936433 22 8.54223
      vertex -0.936433 19.2022 8.54223
    endloop
  endfacet
  facet normal -0.227091 0 -0.973874
    outer loop
      vertex -0.936433 22 8.54223
      vertex -1.24233 19.2022 8.61356
      vertex -1.24233 22 8.61356
    endloop
  endfacet
  facet normal 0.0980249 0 -0.995184
    outer loop
      vertex 0.313934 19.2022 8.46028
      vertex 0.626525 22 8.49107
      vertex 0.626525 19.2022 8.49107
    endloop
  endfacet
  facet normal 0.0980249 0 -0.995184
    outer loop
      vertex 0.626525 22 8.49107
      vertex 0.313934 19.2022 8.46028
      vertex 0.313934 22 8.46028
    endloop
  endfacet
  facet normal -0.162877 0 -0.986646
    outer loop
      vertex -0.936433 19.2022 8.54223
      vertex -0.626525 22 8.49107
      vertex -0.626525 19.2022 8.49107
    endloop
  endfacet
  facet normal -0.162877 0 -0.986646
    outer loop
      vertex -0.626525 22 8.49107
      vertex -0.936433 19.2022 8.54223
      vertex -0.936433 22 8.54223
    endloop
  endfacet
  facet normal 0.812948 0 -0.582337
    outer loop
      vertex 3.99105 19.2022 10.5833
      vertex 3.8081 22 10.3279
      vertex 3.99105 22 10.5833
    endloop
  endfacet
  facet normal 0.812948 0 -0.582337
    outer loop
      vertex 3.8081 22 10.3279
      vertex 3.99105 19.2022 10.5833
      vertex 3.8081 19.2022 10.3279
    endloop
  endfacet
  facet normal -0.995184 0 -0.0980221
    outer loop
      vertex -4.75893 19.2022 12.6235
      vertex -4.78972 22 12.9361
      vertex -4.75893 22 12.6235
    endloop
  endfacet
  facet normal -0.995184 -0 -0.0980221
    outer loop
      vertex -4.78972 22 12.9361
      vertex -4.75893 19.2022 12.6235
      vertex -4.78972 19.2022 12.9361
    endloop
  endfacet
  facet normal 0.683565 0 0.72989
    outer loop
      vertex 3.16486 22 16.8588
      vertex 3.39411 19.2022 16.6441
      vertex 3.39411 22 16.6441
    endloop
  endfacet
  facet normal 0.683565 0 0.72989
    outer loop
      vertex 3.39411 19.2022 16.6441
      vertex 3.16486 22 16.8588
      vertex 3.16486 19.2022 16.8588
    endloop
  endfacet
  facet normal -0.0327282 0 -0.999464
    outer loop
      vertex -0.313934 19.2022 8.46028
      vertex 0 22 8.45
      vertex 0 19.2022 8.45
    endloop
  endfacet
  facet normal -0.0327282 0 -0.999464
    outer loop
      vertex 0 22 8.45
      vertex -0.313934 19.2022 8.46028
      vertex -0.313934 22 8.46028
    endloop
  endfacet
  facet normal 0.986646 0 -0.162881
    outer loop
      vertex 4.75893 19.2022 12.6235
      vertex 4.70777 22 12.3136
      vertex 4.75893 22 12.6235
    endloop
  endfacet
  facet normal 0.986646 0 -0.162881
    outer loop
      vertex 4.70777 22 12.3136
      vertex 4.75893 19.2022 12.6235
      vertex 4.70777 19.2022 12.3136
    endloop
  endfacet
  facet normal -0.352243 0 -0.935909
    outer loop
      vertex -1.83688 19.2022 8.81538
      vertex -1.54291 22 8.70474
      vertex -1.54291 19.2022 8.70474
    endloop
  endfacet
  facet normal -0.352243 0 -0.935909
    outer loop
      vertex -1.54291 22 8.70474
      vertex -1.83688 19.2022 8.81538
      vertex -1.83688 22 8.81538
    endloop
  endfacet
  facet normal -0.973874 0 -0.227089
    outer loop
      vertex -4.63644 19.2022 12.0077
      vertex -4.70777 22 12.3136
      vertex -4.63644 22 12.0077
    endloop
  endfacet
  facet normal -0.973874 -0 -0.227089
    outer loop
      vertex -4.70777 22 12.3136
      vertex -4.63644 19.2022 12.0077
      vertex -4.70777 19.2022 12.3136
    endloop
  endfacet
  facet normal -0.729798 0 -0.683663
    outer loop
      vertex -3.39411 19.2022 9.85589
      vertex -3.60883 22 10.0851
      vertex -3.39411 22 9.85589
    endloop
  endfacet
  facet normal -0.729798 -0 -0.683663
    outer loop
      vertex -3.60883 22 10.0851
      vertex -3.39411 19.2022 9.85589
      vertex -3.60883 19.2022 10.0851
    endloop
  endfacet
  facet normal -0.995184 0 0.0980221
    outer loop
      vertex -4.78972 19.2022 13.5639
      vertex -4.75893 22 13.8765
      vertex -4.78972 22 13.5639
    endloop
  endfacet
  facet normal -0.995184 0 0.0980221
    outer loop
      vertex -4.75893 22 13.8765
      vertex -4.78972 19.2022 13.5639
      vertex -4.75893 19.2022 13.8765
    endloop
  endfacet
  facet normal 0.93592 -0 0.352212
    outer loop
      vertex 4.43462 19.2022 15.0869
      vertex 4.54526 22 14.7929
      vertex 4.43462 22 15.0869
    endloop
  endfacet
  facet normal 0.93592 0 0.352212
    outer loop
      vertex 4.54526 22 14.7929
      vertex 4.43462 19.2022 15.0869
      vertex 4.54526 19.2022 14.7929
    endloop
  endfacet
  facet normal -0.999464 0 -0.0327317
    outer loop
      vertex -4.78972 19.2022 12.9361
      vertex -4.8 22 13.25
      vertex -4.78972 22 12.9361
    endloop
  endfacet
  facet normal -0.999464 -0 -0.0327317
    outer loop
      vertex -4.8 22 13.25
      vertex -4.78972 19.2022 12.9361
      vertex -4.8 19.2022 13.25
    endloop
  endfacet
  facet normal 0.582577 0 0.812775
    outer loop
      vertex 2.66674 22 17.2411
      vertex 2.92205 19.2022 17.0581
      vertex 2.92205 22 17.0581
    endloop
  endfacet
  facet normal 0.582577 0 0.812775
    outer loop
      vertex 2.92205 19.2022 17.0581
      vertex 2.66674 22 17.2411
      vertex 2.66674 19.2022 17.2411
    endloop
  endfacet
  facet normal -0.582577 0 0.812775
    outer loop
      vertex -2.92205 22 17.0581
      vertex -2.66674 19.2022 17.2411
      vertex -2.66674 22 17.2411
    endloop
  endfacet
  facet normal -0.582577 0 0.812775
    outer loop
      vertex -2.66674 19.2022 17.2411
      vertex -2.92205 22 17.0581
      vertex -2.92205 19.2022 17.0581
    endloop
  endfacet
  facet normal -0.35241 0 0.935846
    outer loop
      vertex -1.83688 22 17.6846
      vertex -1.54291 19.2022 17.7953
      vertex -1.54291 22 17.7953
    endloop
  endfacet
  facet normal -0.35241 0 0.935846
    outer loop
      vertex -1.54291 19.2022 17.7953
      vertex -1.83688 22 17.6846
      vertex -1.83688 19.2022 17.6846
    endloop
  endfacet
  facet normal 0.0327918 0 0.999462
    outer loop
      vertex 0 22 18.05
      vertex 0.313934 19.2022 18.0397
      vertex 0.313934 22 18.0397
    endloop
  endfacet
  facet normal 0.0327918 0 0.999462
    outer loop
      vertex 0.313934 19.2022 18.0397
      vertex 0 22 18.05
      vertex 0 19.2022 18.05
    endloop
  endfacet
  facet normal -0.999464 0 0.0327317
    outer loop
      vertex -4.8 19.2022 13.25
      vertex -4.78972 22 13.5639
      vertex -4.8 22 13.25
    endloop
  endfacet
  facet normal -0.999464 0 0.0327317
    outer loop
      vertex -4.78972 22 13.5639
      vertex -4.8 19.2022 13.25
      vertex -4.78972 19.2022 13.5639
    endloop
  endfacet
  facet normal 0.910864 0 -0.412706
    outer loop
      vertex 4.43462 19.2022 11.4131
      vertex 4.30499 22 11.127
      vertex 4.43462 22 11.4131
    endloop
  endfacet
  facet normal 0.910864 0 -0.412706
    outer loop
      vertex 4.30499 22 11.127
      vertex 4.43462 19.2022 11.4131
      vertex 4.30499 19.2022 11.127
    endloop
  endfacet
  facet normal -0.412627 0 0.9109
    outer loop
      vertex -2.12298 22 17.555
      vertex -1.83688 19.2022 17.6846
      vertex -1.83688 22 17.6846
    endloop
  endfacet
  facet normal -0.412627 0 0.9109
    outer loop
      vertex -1.83688 19.2022 17.6846
      vertex -2.12298 22 17.555
      vertex -2.12298 19.2022 17.555
    endloop
  endfacet
  facet normal -0.881907 0 0.471423
    outer loop
      vertex -4.30499 19.2022 15.373
      vertex -4.15692 22 15.65
      vertex -4.30499 22 15.373
    endloop
  endfacet
  facet normal -0.881907 0 0.471423
    outer loop
      vertex -4.15692 22 15.65
      vertex -4.30499 19.2022 15.373
      vertex -4.15692 19.2022 15.65
    endloop
  endfacet
  facet normal -0.0980565 0 0.995181
    outer loop
      vertex -0.626525 22 18.0089
      vertex -0.313934 19.2022 18.0397
      vertex -0.313934 22 18.0397
    endloop
  endfacet
  facet normal -0.0980565 0 0.995181
    outer loop
      vertex -0.313934 19.2022 18.0397
      vertex -0.626525 22 18.0089
      vertex -0.626525 19.2022 18.0089
    endloop
  endfacet
  facet normal -0.973874 0 0.227089
    outer loop
      vertex -4.70777 19.2022 14.1864
      vertex -4.63644 22 14.4923
      vertex -4.70777 22 14.1864
    endloop
  endfacet
  facet normal -0.973874 0 0.227089
    outer loop
      vertex -4.63644 22 14.4923
      vertex -4.70777 19.2022 14.1864
      vertex -4.63644 19.2022 14.4923
    endloop
  endfacet
  facet normal -0.162691 0 0.986677
    outer loop
      vertex -0.936433 22 17.9578
      vertex -0.626525 19.2022 18.0089
      vertex -0.626525 22 18.0089
    endloop
  endfacet
  facet normal -0.162691 0 0.986677
    outer loop
      vertex -0.626525 19.2022 18.0089
      vertex -0.936433 22 17.9578
      vertex -0.936433 19.2022 17.9578
    endloop
  endfacet
  facet normal -0.93592 0 -0.352212
    outer loop
      vertex -4.43462 19.2022 11.4131
      vertex -4.54526 22 11.7071
      vertex -4.43462 22 11.4131
    endloop
  endfacet
  facet normal -0.93592 -0 -0.352212
    outer loop
      vertex -4.54526 22 11.7071
      vertex -4.43462 19.2022 11.4131
      vertex -4.54526 19.2022 11.7071
    endloop
  endfacet
  facet normal -0.47147 0 0.881882
    outer loop
      vertex -2.4 22 17.4069
      vertex -2.12298 19.2022 17.555
      vertex -2.12298 22 17.555
    endloop
  endfacet
  facet normal -0.47147 0 0.881882
    outer loop
      vertex -2.12298 19.2022 17.555
      vertex -2.4 22 17.4069
      vertex -2.4 19.2022 17.4069
    endloop
  endfacet
  facet normal 0 1 -0
    outer loop
      vertex 1.38771 22 14.7282
      vertex 1.24233 22 17.8864
      vertex 1.4857 22 14.7651
    endloop
  endfacet
  facet normal 0 1 0
    outer loop
      vertex 0 22 18.05
      vertex -1.89535 22 14.8466
      vertex -2 22 14.85
    endloop
  endfacet
  facet normal 0 1 0
    outer loop
      vertex 1.24233 22 17.8864
      vertex 1.38771 22 14.7282
      vertex 0.936433 22 17.9578
    endloop
  endfacet
  facet normal 0 1 0
    outer loop
      vertex 0 22 18.05
      vertex -1.79116 22 14.8363
      vertex -1.89535 22 14.8466
    endloop
  endfacet
  facet normal 0 1 -0
    outer loop
      vertex 1.29234 22 14.685
      vertex 0.936433 22 17.9578
      vertex 1.38771 22 14.7282
    endloop
  endfacet
  facet normal 0 1 0
    outer loop
      vertex 0 22 18.05
      vertex -1.68785 22 14.8193
      vertex -1.79116 22 14.8363
    endloop
  endfacet
  facet normal 0 1 0
    outer loop
      vertex 0.936433 22 17.9578
      vertex 1.29234 22 14.685
      vertex 0.626525 22 18.0089
    endloop
  endfacet
  facet normal 0 1 0
    outer loop
      vertex 0 22 18.05
      vertex -1.58589 22 14.7955
      vertex -1.68785 22 14.8193
    endloop
  endfacet
  facet normal 0 1 -0
    outer loop
      vertex 1.2 22 14.6356
      vertex 0.626525 22 18.0089
      vertex 1.29234 22 14.685
    endloop
  endfacet
  facet normal 0 1 0
    outer loop
      vertex 0 22 18.05
      vertex -1.4857 22 14.7651
      vertex -1.58589 22 14.7955
    endloop
  endfacet
  facet normal 0 1 0
    outer loop
      vertex 0.626525 22 18.0089
      vertex 1.2 22 14.6356
      vertex 0.313934 22 18.0397
    endloop
  endfacet
  facet normal 0 1 0
    outer loop
      vertex 0 22 18.05
      vertex -1.38771 22 14.7282
      vertex -1.4857 22 14.7651
    endloop
  endfacet
  facet normal 0 1 -0
    outer loop
      vertex 1.11109 22 14.5804
      vertex 0.313934 22 18.0397
      vertex 1.2 22 14.6356
    endloop
  endfacet
  facet normal 0 1 0
    outer loop
      vertex 0 22 18.05
      vertex -1.29234 22 14.685
      vertex -1.38771 22 14.7282
    endloop
  endfacet
  facet normal 0 1 0
    outer loop
      vertex 0.313934 22 18.0397
      vertex 1.11109 22 14.5804
      vertex 0 22 18.05
    endloop
  endfacet
  facet normal 0 1 0
    outer loop
      vertex 0 22 18.05
      vertex -1.2 22 14.6356
      vertex -1.29234 22 14.685
    endloop
  endfacet
  facet normal 0 1 0
    outer loop
      vertex -1.11109 22 14.5804
      vertex 0 22 18.05
      vertex 1.11109 22 14.5804
    endloop
  endfacet
  facet normal 0 1 0
    outer loop
      vertex 0 22 18.05
      vertex -1.11109 22 14.5804
      vertex -1.2 22 14.6356
    endloop
  endfacet
  facet normal 0 1 -0
    outer loop
      vertex 1.02598 22 14.5194
      vertex -1.11109 22 14.5804
      vertex 1.11109 22 14.5804
    endloop
  endfacet
  facet normal 0 1 0
    outer loop
      vertex 1.02598 22 14.5194
      vertex -1.02598 22 14.5194
      vertex -1.11109 22 14.5804
    endloop
  endfacet
  facet normal 0 1 -0
    outer loop
      vertex 0.945046 22 14.4529
      vertex -1.02598 22 14.5194
      vertex 1.02598 22 14.5194
    endloop
  endfacet
  facet normal 0 1 0
    outer loop
      vertex 0.945046 22 14.4529
      vertex -0.945046 22 14.4529
      vertex -1.02598 22 14.5194
    endloop
  endfacet
  facet normal 0 1 -0
    outer loop
      vertex 0.868629 22 14.3814
      vertex -0.945046 22 14.4529
      vertex 0.945046 22 14.4529
    endloop
  endfacet
  facet normal 0 1 0
    outer loop
      vertex 0.868629 22 14.3814
      vertex -0.868629 22 14.3814
      vertex -0.945046 22 14.4529
    endloop
  endfacet
  facet normal 0 1 -0
    outer loop
      vertex 0.797056 22 14.305
      vertex -0.868629 22 14.3814
      vertex 0.868629 22 14.3814
    endloop
  endfacet
  facet normal 0 1 0
    outer loop
      vertex 0.797056 22 14.305
      vertex -0.797056 22 14.305
      vertex -0.868629 22 14.3814
    endloop
  endfacet
  facet normal 0 1 -0
    outer loop
      vertex 0.730634 22 14.224
      vertex -0.797056 22 14.305
      vertex 0.797056 22 14.305
    endloop
  endfacet
  facet normal 0 1 0
    outer loop
      vertex 0.730634 22 14.224
      vertex -0.730634 22 14.224
      vertex -0.797056 22 14.305
    endloop
  endfacet
  facet normal 0 1 -0
    outer loop
      vertex 0.669648 22 14.1389
      vertex -0.730634 22 14.224
      vertex 0.730634 22 14.224
    endloop
  endfacet
  facet normal 0 1 0
    outer loop
      vertex 0.669648 22 14.1389
      vertex -0.669648 22 14.1389
      vertex -0.730634 22 14.224
    endloop
  endfacet
  facet normal 0 1 -0
    outer loop
      vertex 0.614359 22 14.05
      vertex -0.669648 22 14.1389
      vertex 0.669648 22 14.1389
    endloop
  endfacet
  facet normal 0 1 0
    outer loop
      vertex 0.614359 22 14.05
      vertex -0.614359 22 14.05
      vertex -0.669648 22 14.1389
    endloop
  endfacet
  facet normal 0 1 -0
    outer loop
      vertex 0.565003 22 13.9577
      vertex -0.614359 22 14.05
      vertex 0.614359 22 14.05
    endloop
  endfacet
  facet normal 0 1 0
    outer loop
      vertex 0.565003 22 13.9577
      vertex -0.565003 22 13.9577
      vertex -0.614359 22 14.05
    endloop
  endfacet
  facet normal 0 1 -0
    outer loop
      vertex 0.521792 22 13.8623
      vertex -0.565003 22 13.9577
      vertex 0.565003 22 13.9577
    endloop
  endfacet
  facet normal 0 1 0
    outer loop
      vertex 0.521792 22 13.8623
      vertex -0.521792 22 13.8623
      vertex -0.565003 22 13.9577
    endloop
  endfacet
  facet normal 0 1 -0
    outer loop
      vertex 0.484911 22 13.7643
      vertex -0.521792 22 13.8623
      vertex 0.521792 22 13.8623
    endloop
  endfacet
  facet normal 0 1 0
    outer loop
      vertex 0.484911 22 13.7643
      vertex -0.484911 22 13.7643
      vertex -0.521792 22 13.8623
    endloop
  endfacet
  facet normal 0 1 -0
    outer loop
      vertex 0.454518 22 13.6641
      vertex -0.484911 22 13.7643
      vertex 0.484911 22 13.7643
    endloop
  endfacet
  facet normal 0 1 0
    outer loop
      vertex 0.454518 22 13.6641
      vertex -0.454518 22 13.6641
      vertex -0.484911 22 13.7643
    endloop
  endfacet
  facet normal 0 1 -0
    outer loop
      vertex 0.430743 22 13.5621
      vertex -0.454518 22 13.6641
      vertex 0.454518 22 13.6641
    endloop
  endfacet
  facet normal 0 1 0
    outer loop
      vertex 0.430743 22 13.5621
      vertex -0.430743 22 13.5621
      vertex -0.454518 22 13.6641
    endloop
  endfacet
  facet normal 0 1 -0
    outer loop
      vertex 0.413688 22 13.4588
      vertex -0.430743 22 13.5621
      vertex 0.430743 22 13.5621
    endloop
  endfacet
  facet normal 0 1 0
    outer loop
      vertex 0.413688 22 13.4588
      vertex -0.413688 22 13.4588
      vertex -0.430743 22 13.5621
    endloop
  endfacet
  facet normal 0 1 -0
    outer loop
      vertex 0.403425 22 13.3546
      vertex -0.413688 22 13.4588
      vertex 0.413688 22 13.4588
    endloop
  endfacet
  facet normal 0 1 0
    outer loop
      vertex 0.403425 22 13.3546
      vertex -0.403425 22 13.3546
      vertex -0.413688 22 13.4588
    endloop
  endfacet
  facet normal 0 1 -0
    outer loop
      vertex 0.4 22 13.25
      vertex -0.403425 22 13.3546
      vertex 0.403425 22 13.3546
    endloop
  endfacet
  facet normal 0 1 0
    outer loop
      vertex 0.4 22 13.25
      vertex -0.4 22 13.25
      vertex -0.403425 22 13.3546
    endloop
  endfacet
  facet normal 0 1 0
    outer loop
      vertex 0.403425 22 13.1454
      vertex -0.4 22 13.25
      vertex 0.4 22 13.25
    endloop
  endfacet
  facet normal 0 1 0
    outer loop
      vertex 0.403425 22 13.1454
      vertex -0.403425 22 13.1454
      vertex -0.4 22 13.25
    endloop
  endfacet
  facet normal 0 1 0
    outer loop
      vertex 0.413688 22 13.0412
      vertex -0.403425 22 13.1454
      vertex 0.403425 22 13.1454
    endloop
  endfacet
  facet normal 0 1 0
    outer loop
      vertex 0.413688 22 13.0412
      vertex -0.413688 22 13.0412
      vertex -0.403425 22 13.1454
    endloop
  endfacet
  facet normal 0 1 0
    outer loop
      vertex 0.430743 22 12.9379
      vertex -0.413688 22 13.0412
      vertex 0.413688 22 13.0412
    endloop
  endfacet
  facet normal 0 1 0
    outer loop
      vertex 0.430743 22 12.9379
      vertex -0.430743 22 12.9379
      vertex -0.413688 22 13.0412
    endloop
  endfacet
  facet normal 0 1 0
    outer loop
      vertex 0.454518 22 12.8359
      vertex -0.430743 22 12.9379
      vertex 0.430743 22 12.9379
    endloop
  endfacet
  facet normal 0 1 0
    outer loop
      vertex 0.454518 22 12.8359
      vertex -0.454518 22 12.8359
      vertex -0.430743 22 12.9379
    endloop
  endfacet
  facet normal 0 1 0
    outer loop
      vertex 0.484911 22 12.7357
      vertex -0.454518 22 12.8359
      vertex 0.454518 22 12.8359
    endloop
  endfacet
  facet normal 0 1 0
    outer loop
      vertex 0.484911 22 12.7357
      vertex -0.484911 22 12.7357
      vertex -0.454518 22 12.8359
    endloop
  endfacet
  facet normal 0 1 0
    outer loop
      vertex 0.521792 22 12.6377
      vertex -0.484911 22 12.7357
      vertex 0.484911 22 12.7357
    endloop
  endfacet
  facet normal 0 1 0
    outer loop
      vertex 0.521792 22 12.6377
      vertex -0.521792 22 12.6377
      vertex -0.484911 22 12.7357
    endloop
  endfacet
  facet normal 0 1 0
    outer loop
      vertex 0.565003 22 12.5423
      vertex -0.521792 22 12.6377
      vertex 0.521792 22 12.6377
    endloop
  endfacet
  facet normal 0 1 0
    outer loop
      vertex 0.565003 22 12.5423
      vertex -0.565003 22 12.5423
      vertex -0.521792 22 12.6377
    endloop
  endfacet
  facet normal 0 1 0
    outer loop
      vertex 0.614359 22 12.45
      vertex -0.565003 22 12.5423
      vertex 0.565003 22 12.5423
    endloop
  endfacet
  facet normal 0 1 0
    outer loop
      vertex 0.614359 22 12.45
      vertex -0.614359 22 12.45
      vertex -0.565003 22 12.5423
    endloop
  endfacet
  facet normal 0 1 0
    outer loop
      vertex 0.669648 22 12.3611
      vertex -0.614359 22 12.45
      vertex 0.614359 22 12.45
    endloop
  endfacet
  facet normal 0 1 0
    outer loop
      vertex 0.669648 22 12.3611
      vertex -0.669648 22 12.3611
      vertex -0.614359 22 12.45
    endloop
  endfacet
  facet normal 0 1 0
    outer loop
      vertex 0.730634 22 12.276
      vertex -0.669648 22 12.3611
      vertex 0.669648 22 12.3611
    endloop
  endfacet
  facet normal 0 1 0
    outer loop
      vertex 0.730634 22 12.276
      vertex -0.730634 22 12.276
      vertex -0.669648 22 12.3611
    endloop
  endfacet
  facet normal 0 1 0
    outer loop
      vertex 0.797056 22 12.195
      vertex -0.730634 22 12.276
      vertex 0.730634 22 12.276
    endloop
  endfacet
  facet normal 0 1 0
    outer loop
      vertex 0.797056 22 12.195
      vertex -0.797056 22 12.195
      vertex -0.730634 22 12.276
    endloop
  endfacet
  facet normal 0 1 0
    outer loop
      vertex 0.868629 22 12.1186
      vertex -0.797056 22 12.195
      vertex 0.797056 22 12.195
    endloop
  endfacet
  facet normal 0 1 0
    outer loop
      vertex 0.868629 22 12.1186
      vertex -0.868629 22 12.1186
      vertex -0.797056 22 12.195
    endloop
  endfacet
  facet normal 0 1 0
    outer loop
      vertex 0.945046 22 12.0471
      vertex -0.868629 22 12.1186
      vertex 0.868629 22 12.1186
    endloop
  endfacet
  facet normal 0 1 0
    outer loop
      vertex 0.945046 22 12.0471
      vertex -0.945046 22 12.0471
      vertex -0.868629 22 12.1186
    endloop
  endfacet
  facet normal 0 1 0
    outer loop
      vertex 1.02598 22 11.9806
      vertex -0.945046 22 12.0471
      vertex 0.945046 22 12.0471
    endloop
  endfacet
  facet normal 0 1 0
    outer loop
      vertex 1.02598 22 11.9806
      vertex -1.02598 22 11.9806
      vertex -0.945046 22 12.0471
    endloop
  endfacet
  facet normal 0 1 0
    outer loop
      vertex 1.11109 22 11.9196
      vertex -1.02598 22 11.9806
      vertex 1.02598 22 11.9806
    endloop
  endfacet
  facet normal 0 1 0
    outer loop
      vertex 1.11109 22 11.9196
      vertex -1.11109 22 11.9196
      vertex -1.02598 22 11.9806
    endloop
  endfacet
  facet normal 0 1 0
    outer loop
      vertex 0.313934 22 8.46028
      vertex 1.11109 22 11.9196
      vertex 1.2 22 11.8644
    endloop
  endfacet
  facet normal 0 1 0
    outer loop
      vertex 1.11109 22 11.9196
      vertex 0 22 8.45
      vertex -1.11109 22 11.9196
    endloop
  endfacet
  facet normal 0 1 0
    outer loop
      vertex 0.626525 22 8.49107
      vertex 1.2 22 11.8644
      vertex 1.29234 22 11.815
    endloop
  endfacet
  facet normal -0 1 -0
    outer loop
      vertex -0.313934 22 8.46028
      vertex -1.11109 22 11.9196
      vertex 0 22 8.45
    endloop
  endfacet
  facet normal 0 1 0
    outer loop
      vertex 0.936433 22 8.54223
      vertex 1.29234 22 11.815
      vertex 1.38771 22 11.7718
    endloop
  endfacet
  facet normal 0 1 0
    outer loop
      vertex -1.11109 22 11.9196
      vertex -0.313934 22 8.46028
      vertex -1.2 22 11.8644
    endloop
  endfacet
  facet normal 0 1 0
    outer loop
      vertex 1.24233 22 8.61356
      vertex 1.38771 22 11.7718
      vertex 1.4857 22 11.7349
    endloop
  endfacet
  facet normal -0 1 -0
    outer loop
      vertex -0.626525 22 8.49107
      vertex -1.2 22 11.8644
      vertex -0.313934 22 8.46028
    endloop
  endfacet
  facet normal 0 1 -0
    outer loop
      vertex 1.54291 22 8.70474
      vertex 1.4857 22 11.7349
      vertex 1.58589 22 11.7045
    endloop
  endfacet
  facet normal 0 1 0
    outer loop
      vertex -1.2 22 11.8644
      vertex -0.626525 22 8.49107
      vertex -1.29234 22 11.815
    endloop
  endfacet
  facet normal 0 1 0
    outer loop
      vertex 1.83688 22 8.81538
      vertex 1.58589 22 11.7045
      vertex 1.68785 22 11.6807
    endloop
  endfacet
  facet normal -0 1 -0
    outer loop
      vertex -0.936433 22 8.54223
      vertex -1.29234 22 11.815
      vertex -0.626525 22 8.49107
    endloop
  endfacet
  facet normal 0 1 0
    outer loop
      vertex 2.12298 22 8.94501
      vertex 1.68785 22 11.6807
      vertex 1.79116 22 11.6637
    endloop
  endfacet
  facet normal 0 1 0
    outer loop
      vertex -1.29234 22 11.815
      vertex -0.936433 22 8.54223
      vertex -1.38771 22 11.7718
    endloop
  endfacet
  facet normal 0 1 0
    outer loop
      vertex 2.4 22 9.09308
      vertex 1.79116 22 11.6637
      vertex 1.89535 22 11.6534
    endloop
  endfacet
  facet normal -0 1 -0
    outer loop
      vertex -1.24233 22 8.61356
      vertex -1.38771 22 11.7718
      vertex -0.936433 22 8.54223
    endloop
  endfacet
  facet normal 0 1 0
    outer loop
      vertex 2.66674 22 9.25895
      vertex 1.89535 22 11.6534
      vertex 2 22 11.65
    endloop
  endfacet
  facet normal 0 1 0
    outer loop
      vertex -1.38771 22 11.7718
      vertex -1.24233 22 8.61356
      vertex -1.4857 22 11.7349
    endloop
  endfacet
  facet normal 0 1 0
    outer loop
      vertex 1.4857 22 14.7651
      vertex 1.54291 22 17.7953
      vertex 1.58589 22 14.7955
    endloop
  endfacet
  facet normal 0 1 0
    outer loop
      vertex 1.83688 22 17.6846
      vertex 1.58589 22 14.7955
      vertex 1.54291 22 17.7953
    endloop
  endfacet
  facet normal 0 1 0
    outer loop
      vertex 1.54291 22 17.7953
      vertex 1.4857 22 14.7651
      vertex 1.24233 22 17.8864
    endloop
  endfacet
  facet normal 0 1 0
    outer loop
      vertex 1.58589 22 14.7955
      vertex 1.83688 22 17.6846
      vertex 1.68785 22 14.8193
    endloop
  endfacet
  facet normal 0 1 0
    outer loop
      vertex 0 22 18.05
      vertex -2 22 14.85
      vertex -0.313934 22 18.0397
    endloop
  endfacet
  facet normal 0 1 0
    outer loop
      vertex 2.12298 22 17.555
      vertex 1.68785 22 14.8193
      vertex 1.83688 22 17.6846
    endloop
  endfacet
  facet normal 0 1 0
    outer loop
      vertex -0.313934 22 18.0397
      vertex -2 22 14.85
      vertex -0.626525 22 18.0089
    endloop
  endfacet
  facet normal 0 1 0
    outer loop
      vertex 1.68785 22 14.8193
      vertex 2.12298 22 17.555
      vertex 1.79116 22 14.8363
    endloop
  endfacet
  facet normal 0 1 0
    outer loop
      vertex -0.626525 22 18.0089
      vertex -2 22 14.85
      vertex -0.936433 22 17.9578
    endloop
  endfacet
  facet normal 0 1 0
    outer loop
      vertex 2.4 22 17.4069
      vertex 1.79116 22 14.8363
      vertex 2.12298 22 17.555
    endloop
  endfacet
  facet normal 0 1 0
    outer loop
      vertex -0.936433 22 17.9578
      vertex -2 22 14.85
      vertex -1.24233 22 17.8864
    endloop
  endfacet
  facet normal 0 1 0
    outer loop
      vertex 1.79116 22 14.8363
      vertex 2.4 22 17.4069
      vertex 1.89535 22 14.8466
    endloop
  endfacet
  facet normal 0 1 0
    outer loop
      vertex -1.24233 22 17.8864
      vertex -2 22 14.85
      vertex -1.54291 22 17.7953
    endloop
  endfacet
  facet normal 0 1 0
    outer loop
      vertex 2.66674 22 17.2411
      vertex 1.89535 22 14.8466
      vertex 2.4 22 17.4069
    endloop
  endfacet
  facet normal 0 1 0
    outer loop
      vertex -1.54291 22 17.7953
      vertex -2 22 14.85
      vertex -1.83688 22 17.6846
    endloop
  endfacet
  facet normal 0 1 0
    outer loop
      vertex 1.89535 22 14.8466
      vertex 2.66674 22 17.2411
      vertex 2 22 14.85
    endloop
  endfacet
  facet normal 0 1 0
    outer loop
      vertex -1.83688 22 17.6846
      vertex -2 22 14.85
      vertex -2.12298 22 17.555
    endloop
  endfacet
  facet normal 0 1 0
    outer loop
      vertex 2 22 14.85
      vertex 2.66674 22 17.2411
      vertex 2.92205 22 17.0581
    endloop
  endfacet
  facet normal 0 1 0
    outer loop
      vertex -2.12298 22 17.555
      vertex -2 22 14.85
      vertex -2.4 22 17.4069
    endloop
  endfacet
  facet normal 0 1 0
    outer loop
      vertex 2.20884 22 14.8363
      vertex 2.92205 22 17.0581
      vertex 3.16486 22 16.8588
    endloop
  endfacet
  facet normal 0 1 0
    outer loop
      vertex -2.4 22 17.4069
      vertex -2 22 14.85
      vertex -2.66674 22 17.2411
    endloop
  endfacet
  facet normal 0 1 0
    outer loop
      vertex 2.31214 22 14.8193
      vertex 3.16486 22 16.8588
      vertex 3.39411 22 16.6441
    endloop
  endfacet
  facet normal 0 1 0
    outer loop
      vertex -2.66674 22 17.2411
      vertex -2 22 14.85
      vertex -2.92205 22 17.0581
    endloop
  endfacet
  facet normal 0 1 0
    outer loop
      vertex 2.41411 22 14.7955
      vertex 3.39411 22 16.6441
      vertex 3.60883 22 16.4149
    endloop
  endfacet
  facet normal 0 1 -0
    outer loop
      vertex -2.10464 22 14.8466
      vertex -2.92205 22 17.0581
      vertex -2 22 14.85
    endloop
  endfacet
  facet normal 0 1 0
    outer loop
      vertex 2.61229 22 14.7282
      vertex 3.60883 22 16.4149
      vertex 3.8081 22 16.1721
    endloop
  endfacet
  facet normal 0 1 -0
    outer loop
      vertex -2.20884 22 14.8363
      vertex -2.92205 22 17.0581
      vertex -2.10464 22 14.8466
    endloop
  endfacet
  facet normal 0 1 0
    outer loop
      vertex 2.70766 22 14.685
      vertex 3.8081 22 16.1721
      vertex 3.99105 22 15.9167
    endloop
  endfacet
  facet normal 0 1 0
    outer loop
      vertex -2.92205 22 17.0581
      vertex -2.20884 22 14.8363
      vertex -3.16486 22 16.8588
    endloop
  endfacet
  facet normal 0 1 0
    outer loop
      vertex 2.88891 22 14.5804
      vertex 3.99105 22 15.9167
      vertex 4.15692 22 15.65
    endloop
  endfacet
  facet normal 0 1 -0
    outer loop
      vertex -2.31214 22 14.8193
      vertex -3.16486 22 16.8588
      vertex -2.20884 22 14.8363
    endloop
  endfacet
  facet normal 0 1 0
    outer loop
      vertex 2.97402 22 14.5194
      vertex 4.15692 22 15.65
      vertex 4.30499 22 15.373
    endloop
  endfacet
  facet normal 0 1 0
    outer loop
      vertex -3.16486 22 16.8588
      vertex -2.31214 22 14.8193
      vertex -3.39411 22 16.6441
    endloop
  endfacet
  facet normal 0 1 0
    outer loop
      vertex 3.13137 22 14.3814
      vertex 4.30499 22 15.373
      vertex 4.43462 22 15.0869
    endloop
  endfacet
  facet normal 0 1 -0
    outer loop
      vertex -2.41411 22 14.7955
      vertex -3.39411 22 16.6441
      vertex -2.31214 22 14.8193
    endloop
  endfacet
  facet normal 0 1 0
    outer loop
      vertex -3.39411 22 16.6441
      vertex -2.41411 22 14.7955
      vertex -3.60883 22 16.4149
    endloop
  endfacet
  facet normal 0 1 0
    outer loop
      vertex 2.92205 22 17.0581
      vertex 2.10464 22 14.8466
      vertex 2 22 14.85
    endloop
  endfacet
  facet normal 0 1 0
    outer loop
      vertex 2.92205 22 17.0581
      vertex 2.20884 22 14.8363
      vertex 2.10464 22 14.8466
    endloop
  endfacet
  facet normal 0 1 0
    outer loop
      vertex 3.16486 22 16.8588
      vertex 2.31214 22 14.8193
      vertex 2.20884 22 14.8363
    endloop
  endfacet
  facet normal 0 1 0
    outer loop
      vertex 3.39411 22 16.6441
      vertex 2.41411 22 14.7955
      vertex 2.31214 22 14.8193
    endloop
  endfacet
  facet normal 0 1 0
    outer loop
      vertex 3.26937 22 14.224
      vertex 4.43462 22 15.0869
      vertex 4.54526 22 14.7929
    endloop
  endfacet
  facet normal 0 1 0
    outer loop
      vertex 3.60883 22 16.4149
      vertex 2.5143 22 14.7651
      vertex 2.41411 22 14.7955
    endloop
  endfacet
  facet normal 0 1 0
    outer loop
      vertex 3.60883 22 16.4149
      vertex 2.61229 22 14.7282
      vertex 2.5143 22 14.7651
    endloop
  endfacet
  facet normal 0 1 0
    outer loop
      vertex 3.8081 22 16.1721
      vertex 2.70766 22 14.685
      vertex 2.61229 22 14.7282
    endloop
  endfacet
  facet normal 0 1 0
    outer loop
      vertex 3.99105 22 15.9167
      vertex 2.8 22 14.6356
      vertex 2.70766 22 14.685
    endloop
  endfacet
  facet normal 0 1 0
    outer loop
      vertex 3.99105 22 15.9167
      vertex 2.88891 22 14.5804
      vertex 2.8 22 14.6356
    endloop
  endfacet
  facet normal 0 1 0
    outer loop
      vertex 4.15692 22 15.65
      vertex 2.97402 22 14.5194
      vertex 2.88891 22 14.5804
    endloop
  endfacet
  facet normal 0 1 0
    outer loop
      vertex 3.38564 22 14.05
      vertex 4.54526 22 14.7929
      vertex 4.63644 22 14.4923
    endloop
  endfacet
  facet normal 0 1 0
    outer loop
      vertex 4.30499 22 15.373
      vertex 3.05495 22 14.4529
      vertex 2.97402 22 14.5194
    endloop
  endfacet
  facet normal 0 1 0
    outer loop
      vertex 4.30499 22 15.373
      vertex 3.13137 22 14.3814
      vertex 3.05495 22 14.4529
    endloop
  endfacet
  facet normal 0 1 0
    outer loop
      vertex 4.43462 22 15.0869
      vertex 3.20294 22 14.305
      vertex 3.13137 22 14.3814
    endloop
  endfacet
  facet normal 0 1 0
    outer loop
      vertex 4.43462 22 15.0869
      vertex 3.26937 22 14.224
      vertex 3.20294 22 14.305
    endloop
  endfacet
  facet normal 0 1 0
    outer loop
      vertex 3.435 22 13.9577
      vertex 4.63644 22 14.4923
      vertex 4.70777 22 14.1864
    endloop
  endfacet
  facet normal 0 1 0
    outer loop
      vertex 4.54526 22 14.7929
      vertex 3.33035 22 14.1389
      vertex 3.26937 22 14.224
    endloop
  endfacet
  facet normal 0 1 0
    outer loop
      vertex 4.54526 22 14.7929
      vertex 3.38564 22 14.05
      vertex 3.33035 22 14.1389
    endloop
  endfacet
  facet normal 0 1 0
    outer loop
      vertex 4.63644 22 14.4923
      vertex 3.435 22 13.9577
      vertex 3.38564 22 14.05
    endloop
  endfacet
  facet normal 0 1 0
    outer loop
      vertex 3.51509 22 13.7643
      vertex 4.70777 22 14.1864
      vertex 4.75893 22 13.8765
    endloop
  endfacet
  facet normal 0 1 0
    outer loop
      vertex 4.70777 22 14.1864
      vertex 3.47821 22 13.8623
      vertex 3.435 22 13.9577
    endloop
  endfacet
  facet normal 0 1 0
    outer loop
      vertex 4.70777 22 14.1864
      vertex 3.51509 22 13.7643
      vertex 3.47821 22 13.8623
    endloop
  endfacet
  facet normal 0 1 0
    outer loop
      vertex 4.75893 22 13.8765
      vertex 3.54548 22 13.6641
      vertex 3.51509 22 13.7643
    endloop
  endfacet
  facet normal 0 1 0
    outer loop
      vertex 3.56926 22 13.5621
      vertex 4.75893 22 13.8765
      vertex 4.78972 22 13.5639
    endloop
  endfacet
  facet normal 0 1 0
    outer loop
      vertex 4.75893 22 13.8765
      vertex 3.56926 22 13.5621
      vertex 3.54548 22 13.6641
    endloop
  endfacet
  facet normal 0 1 0
    outer loop
      vertex 4.78972 22 13.5639
      vertex 3.58631 22 13.4588
      vertex 3.56926 22 13.5621
    endloop
  endfacet
  facet normal 0 1 0
    outer loop
      vertex 4.78972 22 13.5639
      vertex 3.59657 22 13.3546
      vertex 3.58631 22 13.4588
    endloop
  endfacet
  facet normal 0 1 0
    outer loop
      vertex 4.8 22 13.25
      vertex 3.59657 22 13.3546
      vertex 4.78972 22 13.5639
    endloop
  endfacet
  facet normal 0 1 0
    outer loop
      vertex 4.8 22 13.25
      vertex 3.6 22 13.25
      vertex 3.59657 22 13.3546
    endloop
  endfacet
  facet normal 0 1 0
    outer loop
      vertex 4.8 22 13.25
      vertex 3.59657 22 13.1454
      vertex 3.6 22 13.25
    endloop
  endfacet
  facet normal 0 1 -0
    outer loop
      vertex 4.78972 22 12.9361
      vertex 3.59657 22 13.1454
      vertex 4.8 22 13.25
    endloop
  endfacet
  facet normal 0 1 0
    outer loop
      vertex 3.59657 22 13.1454
      vertex 4.78972 22 12.9361
      vertex 3.58631 22 13.0412
    endloop
  endfacet
  facet normal 0 1 0
    outer loop
      vertex 3.58631 22 13.0412
      vertex 4.78972 22 12.9361
      vertex 3.56926 22 12.9379
    endloop
  endfacet
  facet normal 0 1 -0
    outer loop
      vertex 4.75893 22 12.6235
      vertex 3.56926 22 12.9379
      vertex 4.78972 22 12.9361
    endloop
  endfacet
  facet normal 0 1 0
    outer loop
      vertex 3.56926 22 12.9379
      vertex 4.75893 22 12.6235
      vertex 3.54548 22 12.8359
    endloop
  endfacet
  facet normal 0 1 0
    outer loop
      vertex 3.54548 22 12.8359
      vertex 4.75893 22 12.6235
      vertex 3.51509 22 12.7357
    endloop
  endfacet
  facet normal 0 1 -0
    outer loop
      vertex 4.70777 22 12.3136
      vertex 3.51509 22 12.7357
      vertex 4.75893 22 12.6235
    endloop
  endfacet
  facet normal 0 1 0
    outer loop
      vertex 3.51509 22 12.7357
      vertex 4.70777 22 12.3136
      vertex 3.47821 22 12.6377
    endloop
  endfacet
  facet normal 0 1 0
    outer loop
      vertex 3.47821 22 12.6377
      vertex 4.70777 22 12.3136
      vertex 3.435 22 12.5423
    endloop
  endfacet
  facet normal 0 1 -0
    outer loop
      vertex 4.63644 22 12.0077
      vertex 3.435 22 12.5423
      vertex 4.70777 22 12.3136
    endloop
  endfacet
  facet normal 0 1 0
    outer loop
      vertex 3.435 22 12.5423
      vertex 4.63644 22 12.0077
      vertex 3.38564 22 12.45
    endloop
  endfacet
  facet normal 0 1 -0
    outer loop
      vertex 4.54526 22 11.7071
      vertex 3.38564 22 12.45
      vertex 4.63644 22 12.0077
    endloop
  endfacet
  facet normal 0 1 0
    outer loop
      vertex 3.38564 22 12.45
      vertex 4.54526 22 11.7071
      vertex 3.33035 22 12.3611
    endloop
  endfacet
  facet normal 0 1 0
    outer loop
      vertex 3.33035 22 12.3611
      vertex 4.54526 22 11.7071
      vertex 3.26937 22 12.276
    endloop
  endfacet
  facet normal 0 1 -0
    outer loop
      vertex 4.43462 22 11.4131
      vertex 3.26937 22 12.276
      vertex 4.54526 22 11.7071
    endloop
  endfacet
  facet normal 0 1 0
    outer loop
      vertex 3.26937 22 12.276
      vertex 4.43462 22 11.4131
      vertex 3.20294 22 12.195
    endloop
  endfacet
  facet normal 0 1 0
    outer loop
      vertex 3.20294 22 12.195
      vertex 4.43462 22 11.4131
      vertex 3.13137 22 12.1186
    endloop
  endfacet
  facet normal 0 1 -0
    outer loop
      vertex 4.30499 22 11.127
      vertex 3.13137 22 12.1186
      vertex 4.43462 22 11.4131
    endloop
  endfacet
  facet normal 0 1 0
    outer loop
      vertex 3.13137 22 12.1186
      vertex 4.30499 22 11.127
      vertex 3.05495 22 12.0471
    endloop
  endfacet
  facet normal 0 1 0
    outer loop
      vertex 3.05495 22 12.0471
      vertex 4.30499 22 11.127
      vertex 2.97402 22 11.9806
    endloop
  endfacet
  facet normal 0 1 -0
    outer loop
      vertex 4.15692 22 10.85
      vertex 2.97402 22 11.9806
      vertex 4.30499 22 11.127
    endloop
  endfacet
  facet normal 0 1 0
    outer loop
      vertex 2.97402 22 11.9806
      vertex 4.15692 22 10.85
      vertex 2.88891 22 11.9196
    endloop
  endfacet
  facet normal 0 1 -0
    outer loop
      vertex 3.99105 22 10.5833
      vertex 2.88891 22 11.9196
      vertex 4.15692 22 10.85
    endloop
  endfacet
  facet normal 0 1 0
    outer loop
      vertex 2.88891 22 11.9196
      vertex 3.99105 22 10.5833
      vertex 2.8 22 11.8644
    endloop
  endfacet
  facet normal 0 1 0
    outer loop
      vertex 2.8 22 11.8644
      vertex 3.99105 22 10.5833
      vertex 2.70766 22 11.815
    endloop
  endfacet
  facet normal 0 1 -0
    outer loop
      vertex 3.8081 22 10.3279
      vertex 2.70766 22 11.815
      vertex 3.99105 22 10.5833
    endloop
  endfacet
  facet normal 0 1 0
    outer loop
      vertex 2.70766 22 11.815
      vertex 3.8081 22 10.3279
      vertex 2.61229 22 11.7718
    endloop
  endfacet
  facet normal 0 1 -0
    outer loop
      vertex 3.60883 22 10.0851
      vertex 2.61229 22 11.7718
      vertex 3.8081 22 10.3279
    endloop
  endfacet
  facet normal 0 1 0
    outer loop
      vertex 2.5143 22 11.7349
      vertex 3.60883 22 10.0851
      vertex 2.41411 22 11.7045
    endloop
  endfacet
  facet normal 0 1 0
    outer loop
      vertex 2.61229 22 11.7718
      vertex 3.60883 22 10.0851
      vertex 2.5143 22 11.7349
    endloop
  endfacet
  facet normal 0 1 -0
    outer loop
      vertex -2.5143 22 14.7651
      vertex -3.60883 22 16.4149
      vertex -2.41411 22 14.7955
    endloop
  endfacet
  facet normal 0 1 -0
    outer loop
      vertex -2.61229 22 14.7282
      vertex -3.60883 22 16.4149
      vertex -2.5143 22 14.7651
    endloop
  endfacet
  facet normal 0 1 0
    outer loop
      vertex -3.60883 22 16.4149
      vertex -2.61229 22 14.7282
      vertex -3.8081 22 16.1721
    endloop
  endfacet
  facet normal 0 1 -0
    outer loop
      vertex -2.70766 22 14.685
      vertex -3.8081 22 16.1721
      vertex -2.61229 22 14.7282
    endloop
  endfacet
  facet normal 0 1 0
    outer loop
      vertex -3.8081 22 16.1721
      vertex -2.70766 22 14.685
      vertex -3.99105 22 15.9167
    endloop
  endfacet
  facet normal 0 1 -0
    outer loop
      vertex -2.8 22 14.6356
      vertex -3.99105 22 15.9167
      vertex -2.70766 22 14.685
    endloop
  endfacet
  facet normal 0 1 -0
    outer loop
      vertex -2.88891 22 14.5804
      vertex -3.99105 22 15.9167
      vertex -2.8 22 14.6356
    endloop
  endfacet
  facet normal 0 1 0
    outer loop
      vertex -3.99105 22 15.9167
      vertex -2.88891 22 14.5804
      vertex -4.15692 22 15.65
    endloop
  endfacet
  facet normal 0 1 -0
    outer loop
      vertex -2.97402 22 14.5194
      vertex -4.15692 22 15.65
      vertex -2.88891 22 14.5804
    endloop
  endfacet
  facet normal 0 1 0
    outer loop
      vertex -4.15692 22 15.65
      vertex -2.97402 22 14.5194
      vertex -4.30499 22 15.373
    endloop
  endfacet
  facet normal 0 1 -0
    outer loop
      vertex -3.05495 22 14.4529
      vertex -4.30499 22 15.373
      vertex -2.97402 22 14.5194
    endloop
  endfacet
  facet normal 0 1 -0
    outer loop
      vertex -3.13137 22 14.3814
      vertex -4.30499 22 15.373
      vertex -3.05495 22 14.4529
    endloop
  endfacet
  facet normal 0 1 0
    outer loop
      vertex -4.30499 22 15.373
      vertex -3.13137 22 14.3814
      vertex -4.43462 22 15.0869
    endloop
  endfacet
  facet normal 0 1 -0
    outer loop
      vertex -3.20294 22 14.305
      vertex -4.43462 22 15.0869
      vertex -3.13137 22 14.3814
    endloop
  endfacet
  facet normal 0 1 -0
    outer loop
      vertex -3.26937 22 14.224
      vertex -4.43462 22 15.0869
      vertex -3.20294 22 14.305
    endloop
  endfacet
  facet normal 0 1 0
    outer loop
      vertex -4.43462 22 15.0869
      vertex -3.26937 22 14.224
      vertex -4.54526 22 14.7929
    endloop
  endfacet
  facet normal 0 1 -0
    outer loop
      vertex -3.33035 22 14.1389
      vertex -4.54526 22 14.7929
      vertex -3.26937 22 14.224
    endloop
  endfacet
  facet normal 0 1 -0
    outer loop
      vertex -3.38564 22 14.05
      vertex -4.54526 22 14.7929
      vertex -3.33035 22 14.1389
    endloop
  endfacet
  facet normal 0 1 0
    outer loop
      vertex -4.54526 22 14.7929
      vertex -3.38564 22 14.05
      vertex -4.63644 22 14.4923
    endloop
  endfacet
  facet normal 0 1 -0
    outer loop
      vertex -3.435 22 13.9577
      vertex -4.63644 22 14.4923
      vertex -3.38564 22 14.05
    endloop
  endfacet
  facet normal 0 1 0
    outer loop
      vertex -4.63644 22 14.4923
      vertex -3.435 22 13.9577
      vertex -4.70777 22 14.1864
    endloop
  endfacet
  facet normal 0 1 -0
    outer loop
      vertex -3.47821 22 13.8623
      vertex -4.70777 22 14.1864
      vertex -3.435 22 13.9577
    endloop
  endfacet
  facet normal 0 1 -0
    outer loop
      vertex -3.51509 22 13.7643
      vertex -4.70777 22 14.1864
      vertex -3.47821 22 13.8623
    endloop
  endfacet
  facet normal 0 1 0
    outer loop
      vertex -4.70777 22 14.1864
      vertex -3.51509 22 13.7643
      vertex -4.75893 22 13.8765
    endloop
  endfacet
  facet normal 0 1 -0
    outer loop
      vertex -3.54548 22 13.6641
      vertex -4.75893 22 13.8765
      vertex -3.51509 22 13.7643
    endloop
  endfacet
  facet normal 0 1 -0
    outer loop
      vertex -3.56926 22 13.5621
      vertex -4.75893 22 13.8765
      vertex -3.54548 22 13.6641
    endloop
  endfacet
  facet normal 0 1 0
    outer loop
      vertex -4.75893 22 13.8765
      vertex -3.56926 22 13.5621
      vertex -4.78972 22 13.5639
    endloop
  endfacet
  facet normal 0 1 -0
    outer loop
      vertex -3.58631 22 13.4588
      vertex -4.78972 22 13.5639
      vertex -3.56926 22 13.5621
    endloop
  endfacet
  facet normal 0 1 -0
    outer loop
      vertex -3.59657 22 13.3546
      vertex -4.78972 22 13.5639
      vertex -3.58631 22 13.4588
    endloop
  endfacet
  facet normal 0 1 0
    outer loop
      vertex -4.8 22 13.25
      vertex -3.59657 22 13.3546
      vertex -3.6 22 13.25
    endloop
  endfacet
  facet normal 0 1 0
    outer loop
      vertex -3.59657 22 13.3546
      vertex -4.8 22 13.25
      vertex -4.78972 22 13.5639
    endloop
  endfacet
  facet normal 0 1 0
    outer loop
      vertex -3.59657 22 13.1454
      vertex -4.8 22 13.25
      vertex -3.6 22 13.25
    endloop
  endfacet
  facet normal 0 1 0
    outer loop
      vertex -4.78972 22 12.9361
      vertex -3.59657 22 13.1454
      vertex -3.58631 22 13.0412
    endloop
  endfacet
  facet normal 0 1 0
    outer loop
      vertex -4.78972 22 12.9361
      vertex -3.58631 22 13.0412
      vertex -3.56926 22 12.9379
    endloop
  endfacet
  facet normal 0 1 0
    outer loop
      vertex -3.59657 22 13.1454
      vertex -4.78972 22 12.9361
      vertex -4.8 22 13.25
    endloop
  endfacet
  facet normal 0 1 0
    outer loop
      vertex -4.75893 22 12.6235
      vertex -3.56926 22 12.9379
      vertex -3.54548 22 12.8359
    endloop
  endfacet
  facet normal 0 1 0
    outer loop
      vertex -4.75893 22 12.6235
      vertex -3.54548 22 12.8359
      vertex -3.51509 22 12.7357
    endloop
  endfacet
  facet normal 0 1 0
    outer loop
      vertex -4.70777 22 12.3136
      vertex -3.51509 22 12.7357
      vertex -3.47821 22 12.6377
    endloop
  endfacet
  facet normal 0 1 0
    outer loop
      vertex -3.56926 22 12.9379
      vertex -4.75893 22 12.6235
      vertex -4.78972 22 12.9361
    endloop
  endfacet
  facet normal 0 1 0
    outer loop
      vertex -4.70777 22 12.3136
      vertex -3.47821 22 12.6377
      vertex -3.435 22 12.5423
    endloop
  endfacet
  facet normal 0 1 0
    outer loop
      vertex -4.63644 22 12.0077
      vertex -3.435 22 12.5423
      vertex -3.38564 22 12.45
    endloop
  endfacet
  facet normal 0 1 0
    outer loop
      vertex -4.54526 22 11.7071
      vertex -3.38564 22 12.45
      vertex -3.33035 22 12.3611
    endloop
  endfacet
  facet normal 0 1 0
    outer loop
      vertex -3.51509 22 12.7357
      vertex -4.70777 22 12.3136
      vertex -4.75893 22 12.6235
    endloop
  endfacet
  facet normal 0 1 0
    outer loop
      vertex -4.54526 22 11.7071
      vertex -3.33035 22 12.3611
      vertex -3.26937 22 12.276
    endloop
  endfacet
  facet normal 0 1 0
    outer loop
      vertex -4.43462 22 11.4131
      vertex -3.26937 22 12.276
      vertex -3.20294 22 12.195
    endloop
  endfacet
  facet normal 0 1 0
    outer loop
      vertex -4.43462 22 11.4131
      vertex -3.20294 22 12.195
      vertex -3.13137 22 12.1186
    endloop
  endfacet
  facet normal 0 1 0
    outer loop
      vertex -4.30499 22 11.127
      vertex -3.13137 22 12.1186
      vertex -3.05495 22 12.0471
    endloop
  endfacet
  facet normal 0 1 0
    outer loop
      vertex -3.435 22 12.5423
      vertex -4.63644 22 12.0077
      vertex -4.70777 22 12.3136
    endloop
  endfacet
  facet normal 0 1 0
    outer loop
      vertex -4.30499 22 11.127
      vertex -3.05495 22 12.0471
      vertex -2.97402 22 11.9806
    endloop
  endfacet
  facet normal 0 1 0
    outer loop
      vertex -4.15692 22 10.85
      vertex -2.97402 22 11.9806
      vertex -2.88891 22 11.9196
    endloop
  endfacet
  facet normal 0 1 0
    outer loop
      vertex -3.99105 22 10.5833
      vertex -2.88891 22 11.9196
      vertex -2.8 22 11.8644
    endloop
  endfacet
  facet normal 0 1 0
    outer loop
      vertex -3.99105 22 10.5833
      vertex -2.8 22 11.8644
      vertex -2.70766 22 11.815
    endloop
  endfacet
  facet normal 0 1 0
    outer loop
      vertex -3.8081 22 10.3279
      vertex -2.70766 22 11.815
      vertex -2.61229 22 11.7718
    endloop
  endfacet
  facet normal 0 1 0
    outer loop
      vertex -3.60883 22 10.0851
      vertex -2.61229 22 11.7718
      vertex -2.5143 22 11.7349
    endloop
  endfacet
  facet normal 0 1 0
    outer loop
      vertex -3.38564 22 12.45
      vertex -4.54526 22 11.7071
      vertex -4.63644 22 12.0077
    endloop
  endfacet
  facet normal 0 1 0
    outer loop
      vertex -3.60883 22 10.0851
      vertex -2.5143 22 11.7349
      vertex -2.41411 22 11.7045
    endloop
  endfacet
  facet normal 0 1 0
    outer loop
      vertex -3.39411 22 9.85589
      vertex -2.41411 22 11.7045
      vertex -2.31214 22 11.6807
    endloop
  endfacet
  facet normal 0 1 0
    outer loop
      vertex -3.16486 22 9.64117
      vertex -2.31214 22 11.6807
      vertex -2.20884 22 11.6637
    endloop
  endfacet
  facet normal 0 1 0
    outer loop
      vertex -2.92205 22 9.4419
      vertex -2.20884 22 11.6637
      vertex -2.10464 22 11.6534
    endloop
  endfacet
  facet normal 0 1 0
    outer loop
      vertex -2.92205 22 9.4419
      vertex -2.10464 22 11.6534
      vertex -2 22 11.65
    endloop
  endfacet
  facet normal 0 1 -0
    outer loop
      vertex 3.39411 22 9.85589
      vertex 2.41411 22 11.7045
      vertex 3.60883 22 10.0851
    endloop
  endfacet
  facet normal 0 1 0
    outer loop
      vertex -3.26937 22 12.276
      vertex -4.43462 22 11.4131
      vertex -4.54526 22 11.7071
    endloop
  endfacet
  facet normal 0 1 0
    outer loop
      vertex 2.41411 22 11.7045
      vertex 3.39411 22 9.85589
      vertex 2.31214 22 11.6807
    endloop
  endfacet
  facet normal 0 1 0
    outer loop
      vertex -3.13137 22 12.1186
      vertex -4.30499 22 11.127
      vertex -4.43462 22 11.4131
    endloop
  endfacet
  facet normal 0 1 -0
    outer loop
      vertex 3.16486 22 9.64117
      vertex 2.31214 22 11.6807
      vertex 3.39411 22 9.85589
    endloop
  endfacet
  facet normal 0 1 0
    outer loop
      vertex -2.97402 22 11.9806
      vertex -4.15692 22 10.85
      vertex -4.30499 22 11.127
    endloop
  endfacet
  facet normal 0 1 0
    outer loop
      vertex 2.31214 22 11.6807
      vertex 3.16486 22 9.64117
      vertex 2.20884 22 11.6637
    endloop
  endfacet
  facet normal 0 1 0
    outer loop
      vertex -2.88891 22 11.9196
      vertex -3.99105 22 10.5833
      vertex -4.15692 22 10.85
    endloop
  endfacet
  facet normal 0 1 -0
    outer loop
      vertex 2.92205 22 9.4419
      vertex 2.20884 22 11.6637
      vertex 3.16486 22 9.64117
    endloop
  endfacet
  facet normal 0 1 0
    outer loop
      vertex -2.70766 22 11.815
      vertex -3.8081 22 10.3279
      vertex -3.99105 22 10.5833
    endloop
  endfacet
  facet normal 0 1 0
    outer loop
      vertex 2.20884 22 11.6637
      vertex 2.92205 22 9.4419
      vertex 2.10464 22 11.6534
    endloop
  endfacet
  facet normal 0 1 0
    outer loop
      vertex -2.61229 22 11.7718
      vertex -3.60883 22 10.0851
      vertex -3.8081 22 10.3279
    endloop
  endfacet
  facet normal 0 1 0
    outer loop
      vertex 2.10464 22 11.6534
      vertex 2.92205 22 9.4419
      vertex 2 22 11.65
    endloop
  endfacet
  facet normal 0 1 0
    outer loop
      vertex -2.41411 22 11.7045
      vertex -3.39411 22 9.85589
      vertex -3.60883 22 10.0851
    endloop
  endfacet
  facet normal 0 1 -0
    outer loop
      vertex 2.66674 22 9.25895
      vertex 2 22 11.65
      vertex 2.92205 22 9.4419
    endloop
  endfacet
  facet normal 0 1 0
    outer loop
      vertex -2.31214 22 11.6807
      vertex -3.16486 22 9.64117
      vertex -3.39411 22 9.85589
    endloop
  endfacet
  facet normal 0 1 0
    outer loop
      vertex 1.89535 22 11.6534
      vertex 2.66674 22 9.25895
      vertex 2.4 22 9.09308
    endloop
  endfacet
  facet normal 0 1 0
    outer loop
      vertex -2.20884 22 11.6637
      vertex -2.92205 22 9.4419
      vertex -3.16486 22 9.64117
    endloop
  endfacet
  facet normal 0 1 0
    outer loop
      vertex 1.79116 22 11.6637
      vertex 2.4 22 9.09308
      vertex 2.12298 22 8.94501
    endloop
  endfacet
  facet normal 0 1 0
    outer loop
      vertex -2 22 11.65
      vertex -2.66674 22 9.25895
      vertex -2.92205 22 9.4419
    endloop
  endfacet
  facet normal 0 1 0
    outer loop
      vertex 1.68785 22 11.6807
      vertex 2.12298 22 8.94501
      vertex 1.83688 22 8.81538
    endloop
  endfacet
  facet normal 0 1 0
    outer loop
      vertex -1.89535 22 11.6534
      vertex -2.66674 22 9.25895
      vertex -2 22 11.65
    endloop
  endfacet
  facet normal 0 1 0
    outer loop
      vertex 1.58589 22 11.7045
      vertex 1.83688 22 8.81538
      vertex 1.54291 22 8.70474
    endloop
  endfacet
  facet normal -0 1 0
    outer loop
      vertex -2.66674 22 9.25895
      vertex -1.89535 22 11.6534
      vertex -2.4 22 9.09308
    endloop
  endfacet
  facet normal 0 1 0
    outer loop
      vertex 1.4857 22 11.7349
      vertex 1.54291 22 8.70474
      vertex 1.24233 22 8.61356
    endloop
  endfacet
  facet normal 0 1 0
    outer loop
      vertex -1.79116 22 11.6637
      vertex -2.4 22 9.09308
      vertex -1.89535 22 11.6534
    endloop
  endfacet
  facet normal 0 1 0
    outer loop
      vertex 1.38771 22 11.7718
      vertex 1.24233 22 8.61356
      vertex 0.936433 22 8.54223
    endloop
  endfacet
  facet normal -0 1 0
    outer loop
      vertex -2.4 22 9.09308
      vertex -1.79116 22 11.6637
      vertex -2.12298 22 8.94501
    endloop
  endfacet
  facet normal 0 1 0
    outer loop
      vertex 1.29234 22 11.815
      vertex 0.936433 22 8.54223
      vertex 0.626525 22 8.49107
    endloop
  endfacet
  facet normal 0 1 0
    outer loop
      vertex -1.68785 22 11.6807
      vertex -2.12298 22 8.94501
      vertex -1.79116 22 11.6637
    endloop
  endfacet
  facet normal 0 1 0
    outer loop
      vertex 1.2 22 11.8644
      vertex 0.626525 22 8.49107
      vertex 0.313934 22 8.46028
    endloop
  endfacet
  facet normal -0 1 0
    outer loop
      vertex -2.12298 22 8.94501
      vertex -1.68785 22 11.6807
      vertex -1.83688 22 8.81538
    endloop
  endfacet
  facet normal 0 1 0
    outer loop
      vertex 1.11109 22 11.9196
      vertex 0.313934 22 8.46028
      vertex 0 22 8.45
    endloop
  endfacet
  facet normal 0 1 0
    outer loop
      vertex -1.58589 22 11.7045
      vertex -1.83688 22 8.81538
      vertex -1.68785 22 11.6807
    endloop
  endfacet
  facet normal -0 1 0
    outer loop
      vertex -1.54291 22 8.70474
      vertex -1.4857 22 11.7349
      vertex -1.24233 22 8.61356
    endloop
  endfacet
  facet normal -0 1 0
    outer loop
      vertex -1.83688 22 8.81538
      vertex -1.58589 22 11.7045
      vertex -1.54291 22 8.70474
    endloop
  endfacet
  facet normal 0 1 0
    outer loop
      vertex -1.4857 22 11.7349
      vertex -1.54291 22 8.70474
      vertex -1.58589 22 11.7045
    endloop
  endfacet
  facet normal -0.849166 0 0.528126
    outer loop
      vertex -4.15692 19.2022 15.65
      vertex -3.99105 22 15.9167
      vertex -4.15692 22 15.65
    endloop
  endfacet
  facet normal -0.849166 0 0.528126
    outer loop
      vertex -3.99105 22 15.9167
      vertex -4.15692 19.2022 15.65
      vertex -3.99105 19.2022 15.9167
    endloop
  endfacet
  facet normal -0.227302 0 0.973824
    outer loop
      vertex -1.24233 22 17.8864
      vertex -0.936433 19.2022 17.9578
      vertex -0.936433 22 17.9578
    endloop
  endfacet
  facet normal -0.227302 0 0.973824
    outer loop
      vertex -0.936433 19.2022 17.9578
      vertex -1.24233 22 17.8864
      vertex -1.24233 19.2022 17.8864
    endloop
  endfacet
  facet normal 0.70691 0.706922 -0.0232206
    outer loop
      vertex 7.74795 16.2403 12.8238
      vertex 4.8 19.2022 13.25
      vertex 7.77345 16.2288 13.25
    endloop
  endfacet
  facet normal 0.371319 0.706887 -0.602024
    outer loop
      vertex 3.51163 17.6541 7.96231
      vertex 2.66674 19.2022 9.25895
      vertex 3.52907 17.6501 7.96837
    endloop
  endfacet
  facet normal 0.373643 0.706919 -0.600547
    outer loop
      vertex 2.66674 19.2022 9.25895
      vertex 3.51163 17.6541 7.96231
      vertex 3.32414 17.6851 7.88215
    endloop
  endfacet
  facet normal -0.114972 0.70692 -0.697886
    outer loop
      vertex -0.78681 17.9742 7.27358
      vertex -0.962804 17.9685 7.2968
      vertex -0.626525 19.2022 8.49107
    endloop
  endfacet
  facet normal -0.676851 0.706928 -0.205244
    outer loop
      vertex -7.05091 16.5562 10.8565
      vertex -7.25124 16.4654 11.2044
      vertex -4.54526 19.2022 11.7071
    endloop
  endfacet
  facet normal -0.676837 0.706925 -0.205303
    outer loop
      vertex -7.25124 16.4654 11.2044
      vertex -4.63644 19.2022 12.0077
      vertex -4.54526 19.2022 11.7071
    endloop
  endfacet
  facet normal -0.676831 0.706925 -0.205322
    outer loop
      vertex -4.63644 19.2022 12.0077
      vertex -7.25124 16.4654 11.2044
      vertex -7.30244 16.4422 11.2933
    endloop
  endfacet
  facet normal 0.412149 0.706914 0.57481
    outer loop
      vertex 3.74449 17.5998 18.439
      vertex 2.66674 19.2022 17.2411
      vertex 3.52907 17.6501 18.5316
    endloop
  endfacet
  facet normal 0.574892 0.706924 0.412017
    outer loop
      vertex 5.78461 17.0451 17.1152
      vertex 3.99105 19.2022 15.9167
      vertex 5.55067 17.1161 17.3198
    endloop
  endfacet
  facet normal 0.448902 0.706906 -0.5466
    outer loop
      vertex 3.92284 17.5583 8.13765
      vertex 3.16486 19.2022 9.64117
      vertex 4.08681 17.52 8.22278
    endloop
  endfacet
  facet normal 0.448695 0.706933 -0.546734
    outer loop
      vertex 3.16486 19.2022 9.64117
      vertex 3.92284 17.5583 8.13765
      vertex 2.92205 19.2022 9.4419
    endloop
  endfacet
  facet normal -0.706916 0.706918 -0.023151
    outer loop
      vertex -4.78972 19.2022 12.9361
      vertex -7.74795 16.2403 12.8238
      vertex -4.8 19.2022 13.25
    endloop
  endfacet
  facet normal -0.706914 0.706918 -0.0232159
    outer loop
      vertex -7.74795 16.2403 12.8238
      vertex -4.78972 19.2022 12.9361
      vertex -7.74308 16.2425 12.7425
    endloop
  endfacet
  facet normal 0.688927 0.706896 -0.160241
    outer loop
      vertex 7.30244 16.4422 11.2933
      vertex 4.70777 19.2022 12.3136
      vertex 7.3412 16.4246 11.3823
    endloop
  endfacet
  facet normal 0.68881 0.706925 -0.160617
    outer loop
      vertex 4.70777 19.2022 12.3136
      vertex 7.30244 16.4422 11.2933
      vertex 4.63644 19.2022 12.0077
    endloop
  endfacet
  facet normal 0.0693316 0.706929 -0.703879
    outer loop
      vertex 0.610948 17.98 7.26204
      vertex 0.313934 19.2022 8.46028
      vertex 0.626525 19.2022 8.49107
    endloop
  endfacet
  facet normal 0.0692451 0.706922 -0.703894
    outer loop
      vertex 0.313934 19.2022 8.46028
      vertex 0.610948 17.98 7.26204
      vertex 0.393406 17.9871 7.24777
    endloop
  endfacet
  facet normal 0.516466 0.706891 -0.483289
    outer loop
      vertex 4.68314 17.3793 8.56686
      vertex 3.60883 19.2022 10.0851
      vertex 4.8289 17.335 8.65783
    endloop
  endfacet
  facet normal 0.516174 0.706931 -0.483543
    outer loop
      vertex 3.60883 19.2022 10.0851
      vertex 4.68314 17.3793 8.56686
      vertex 3.39411 19.2022 9.85589
    endloop
  endfacet
  facet normal -0.373495 0.706928 -0.600628
    outer loop
      vertex -2.4 19.2022 9.09308
      vertex -3.32414 17.6851 7.88215
      vertex -2.66674 19.2022 9.25895
    endloop
  endfacet
  facet normal -0.373496 0.706928 -0.600627
    outer loop
      vertex -3.32414 17.6851 7.88215
      vertex -2.4 19.2022 9.09308
      vertex -3.14367 17.7149 7.805
    endloop
  endfacet
  facet normal -0.68881 0.706925 0.160617
    outer loop
      vertex -4.70777 19.2022 14.1864
      vertex -7.30244 16.4422 15.2067
      vertex -4.63644 19.2022 14.4923
    endloop
  endfacet
  facet normal -0.688927 0.706896 0.160241
    outer loop
      vertex -7.30244 16.4422 15.2067
      vertex -4.70777 19.2022 14.1864
      vertex -7.3412 16.4246 15.1177
    endloop
  endfacet
  facet normal -0.333351 0.706927 -0.623804
    outer loop
      vertex -2.94244 17.7481 7.73509
      vertex -3.14367 17.7149 7.805
      vertex -2.4 19.2022 9.09308
    endloop
  endfacet
  facet normal -0.574992 0.70692 -0.411883
    outer loop
      vertex -5.43539 17.1511 9.07928
      vertex -3.99105 19.2022 10.5833
      vertex -3.8081 19.2022 10.3279
    endloop
  endfacet
  facet normal -0.575008 0.706918 -0.411865
    outer loop
      vertex -3.99105 19.2022 10.5833
      vertex -5.43539 17.1511 9.07928
      vertex -5.55067 17.1161 9.18015
    endloop
  endfacet
  facet normal -0.703915 0.706922 -0.0690199
    outer loop
      vertex -4.78972 19.2022 12.9361
      vertex -7.72837 16.2492 12.6611
      vertex -7.74308 16.2425 12.7425
    endloop
  endfacet
  facet normal -0.703886 0.706922 -0.0693303
    outer loop
      vertex -7.72837 16.2492 12.6611
      vertex -4.78972 19.2022 12.9361
      vertex -4.75893 19.2022 12.6235
    endloop
  endfacet
  facet normal -0.70691 0.706922 0.0232206
    outer loop
      vertex -4.8 19.2022 13.25
      vertex -7.77345 16.2288 13.25
      vertex -7.74795 16.2403 13.6762
    endloop
  endfacet
  facet normal -0.623766 0.706922 -0.333433
    outer loop
      vertex -6.38092 16.8208 9.96164
      vertex -4.30499 19.2022 11.127
      vertex -4.15692 19.2022 10.85
    endloop
  endfacet
  facet normal -0.62371 0.706923 -0.333535
    outer loop
      vertex -4.30499 19.2022 11.127
      vertex -6.38092 16.8208 9.96164
      vertex -6.47136 16.7868 10.0587
    endloop
  endfacet
  facet normal 0.333351 0.706927 -0.623804
    outer loop
      vertex 2.94244 17.7481 7.73509
      vertex 2.4 19.2022 9.09308
      vertex 3.14367 17.7149 7.805
    endloop
  endfacet
  facet normal 0.516243 0.706912 0.483496
    outer loop
      vertex 5.06694 17.2628 17.6936
      vertex 3.60883 19.2022 16.4149
      vertex 4.8289 17.335 17.8422
    endloop
  endfacet
  facet normal -0.661971 0.70692 -0.249117
    outer loop
      vertex -6.77011 16.6743 10.4457
      vertex -4.54526 19.2022 11.7071
      vertex -4.43462 19.2022 11.4131
    endloop
  endfacet
  facet normal -0.66196 0.706922 -0.24914
    outer loop
      vertex -4.54526 19.2022 11.7071
      vertex -6.77011 16.6743 10.4457
      vertex -6.83155 16.6512 10.5434
    endloop
  endfacet
  facet normal 0.688927 0.706896 0.160241
    outer loop
      vertex 4.70777 19.2022 14.1864
      vertex 7.30244 16.4422 15.2067
      vertex 7.3412 16.4246 15.1177
    endloop
  endfacet
  facet normal 0.68881 0.706925 0.160617
    outer loop
      vertex 7.30244 16.4422 15.2067
      vertex 4.70777 19.2022 14.1864
      vertex 4.63644 19.2022 14.4923
    endloop
  endfacet
  facet normal -0.371319 0.706887 -0.602024
    outer loop
      vertex -2.66674 19.2022 9.25895
      vertex -3.51163 17.6541 7.96231
      vertex -3.52907 17.6501 7.96837
    endloop
  endfacet
  facet normal -0.373643 0.706919 -0.600547
    outer loop
      vertex -3.51163 17.6541 7.96231
      vertex -2.66674 19.2022 9.25895
      vertex -3.32414 17.6851 7.88215
    endloop
  endfacet
  facet normal 0.156017 0.706985 -0.689805
    outer loop
      vertex 1.17726 17.9615 7.3251
      vertex 0.936433 19.2022 8.54223
      vertex 1.17852 17.9613 7.32518
    endloop
  endfacet
  facet normal 0.115163 0.706936 -0.697839
    outer loop
      vertex 0.962804 17.9685 7.2968
      vertex 0.936433 19.2022 8.54223
      vertex 1.17726 17.9615 7.3251
    endloop
  endfacet
  facet normal 0.1152 0.706933 -0.697836
    outer loop
      vertex 0.936433 19.2022 8.54223
      vertex 0.962804 17.9685 7.2968
      vertex 0.626525 19.2022 8.49107
    endloop
  endfacet
  facet normal -0.0697406 0.706926 0.703841
    outer loop
      vertex -0.626525 19.2022 18.0089
      vertex -0.78681 17.9742 19.2264
      vertex -0.610948 17.98 19.238
    endloop
  endfacet
  facet normal -0.448695 0.706933 -0.546734
    outer loop
      vertex -3.92284 17.5583 8.13765
      vertex -3.16486 19.2022 9.64117
      vertex -2.92205 19.2022 9.4419
    endloop
  endfacet
  facet normal -0.448902 0.706906 -0.5466
    outer loop
      vertex -3.16486 19.2022 9.64117
      vertex -3.92284 17.5583 8.13765
      vertex -4.08681 17.52 8.22278
    endloop
  endfacet
  facet normal -0.516243 0.706912 0.483496
    outer loop
      vertex -3.60883 19.2022 16.4149
      vertex -5.06694 17.2628 17.6936
      vertex -4.8289 17.335 17.8422
    endloop
  endfacet
  facet normal -0.516219 0.70691 -0.483524
    outer loop
      vertex -4.8289 17.335 8.65783
      vertex -5.06694 17.2628 8.80641
      vertex -3.60883 19.2022 10.0851
    endloop
  endfacet
  facet normal 0.248919 0.706915 0.662051
    outer loop
      vertex 2.15275 17.8654 18.9934
      vertex 1.54291 19.2022 17.7953
      vertex 1.96673 17.8837 19.0438
    endloop
  endfacet
  facet normal 0.697832 0.706923 0.115288
    outer loop
      vertex 7.65271 16.2835 14.2575
      vertex 4.75893 19.2022 13.8765
      vertex 7.53079 16.3387 14.657
    endloop
  endfacet
  facet normal -0.333414 0.706923 -0.623774
    outer loop
      vertex -2.75224 17.7795 7.66901
      vertex -2.4 19.2022 9.09308
      vertex -2.12298 19.2022 8.94501
    endloop
  endfacet
  facet normal -0.333419 0.706923 -0.623772
    outer loop
      vertex -2.4 19.2022 9.09308
      vertex -2.75224 17.7795 7.66901
      vertex -2.94244 17.7481 7.73509
    endloop
  endfacet
  facet normal -0.412166 0.706928 -0.57478
    outer loop
      vertex -3.52907 17.6501 7.96837
      vertex -3.74449 17.5998 8.06098
      vertex -2.66674 19.2022 9.25895
    endloop
  endfacet
  facet normal 0.70691 0.706922 0.0232206
    outer loop
      vertex 7.77345 16.2288 13.25
      vertex 4.8 19.2022 13.25
      vertex 7.74795 16.2403 13.6762
    endloop
  endfacet
  facet normal -0.703887 0.706923 -0.0692991
    outer loop
      vertex -7.65271 16.2835 12.2425
      vertex -7.72837 16.2492 12.6611
      vertex -4.75893 19.2022 12.6235
    endloop
  endfacet
  facet normal 0.205222 0.706924 -0.676862
    outer loop
      vertex 1.78174 17.9019 7.4191
      vertex 1.54291 19.2022 8.70474
      vertex 1.96673 17.8837 7.45618
    endloop
  endfacet
  facet normal 0.516219 0.70691 -0.483524
    outer loop
      vertex 4.8289 17.335 8.65783
      vertex 3.60883 19.2022 10.0851
      vertex 5.06694 17.2628 8.80641
    endloop
  endfacet
  facet normal 0.644263 0.706925 0.291861
    outer loop
      vertex 6.69557 16.7024 16.1508
      vertex 4.30499 19.2022 15.373
      vertex 6.47136 16.7868 16.4413
    endloop
  endfacet
  facet normal -0.623763 0.706925 0.333432
    outer loop
      vertex -4.30499 19.2022 15.373
      vertex -6.38092 16.8208 16.5384
      vertex -4.15692 19.2022 15.65
    endloop
  endfacet
  facet normal -0.623758 0.706925 0.333442
    outer loop
      vertex -6.38092 16.8208 16.5384
      vertex -4.30499 19.2022 15.373
      vertex -6.47136 16.7868 16.4413
    endloop
  endfacet
  facet normal 0.697926 0.706918 0.114748
    outer loop
      vertex 7.53079 16.3387 14.657
      vertex 4.70777 19.2022 14.1864
      vertex 7.50463 16.3506 14.7428
    endloop
  endfacet
  facet normal 0.69785 0.706918 0.115205
    outer loop
      vertex 4.70777 19.2022 14.1864
      vertex 7.53079 16.3387 14.657
      vertex 4.75893 19.2022 13.8765
    endloop
  endfacet
  facet normal -0.205317 0.706919 -0.676839
    outer loop
      vertex -1.24233 19.2022 8.61356
      vertex -1.78174 17.9019 7.4191
      vertex -1.54291 19.2022 8.70474
    endloop
  endfacet
  facet normal -0.205327 0.70692 -0.676835
    outer loop
      vertex -1.78174 17.9019 7.4191
      vertex -1.24233 19.2022 8.61356
      vertex -1.57357 17.9224 7.37736
    endloop
  endfacet
  facet normal 0.448749 0.706916 -0.546712
    outer loop
      vertex 4.08681 17.52 8.22278
      vertex 3.16486 19.2022 9.64117
      vertex 4.30803 17.4684 8.33764
    endloop
  endfacet
  facet normal -0.292055 0.706926 0.644174
    outer loop
      vertex -2.12298 19.2022 17.555
      vertex -2.75224 17.7795 18.831
      vertex -2.55557 17.812 18.8845
    endloop
  endfacet
  facet normal -0.160549 0.706917 -0.688834
    outer loop
      vertex -1.17852 17.9613 7.32518
      vertex -1.35844 17.9436 7.34895
      vertex -0.936433 19.2022 8.54223
    endloop
  endfacet
  facet normal 0.412166 0.706928 -0.57478
    outer loop
      vertex 3.52907 17.6501 7.96837
      vertex 2.66674 19.2022 9.25895
      vertex 3.74449 17.5998 8.06098
    endloop
  endfacet
  facet normal -0.0693316 0.706929 -0.703879
    outer loop
      vertex -0.313934 19.2022 8.46028
      vertex -0.610948 17.98 7.26204
      vertex -0.626525 19.2022 8.49107
    endloop
  endfacet
  facet normal -0.0692451 0.706922 -0.703894
    outer loop
      vertex -0.610948 17.98 7.26204
      vertex -0.313934 19.2022 8.46028
      vertex -0.393406 17.9871 7.24777
    endloop
  endfacet
  facet normal -0.574973 0.706921 -0.411909
    outer loop
      vertex -5.55067 17.1161 9.18015
      vertex -5.78461 17.0451 9.38485
      vertex -3.99105 19.2022 10.5833
    endloop
  endfacet
  facet normal 0.69785 0.706918 -0.115205
    outer loop
      vertex 7.53079 16.3387 11.843
      vertex 4.70777 19.2022 12.3136
      vertex 4.75893 19.2022 12.6235
    endloop
  endfacet
  facet normal 0.697926 0.706918 -0.114748
    outer loop
      vertex 4.70777 19.2022 12.3136
      vertex 7.53079 16.3387 11.843
      vertex 7.50463 16.3506 11.7572
    endloop
  endfacet
  facet normal -0.546755 0.706911 -0.448705
    outer loop
      vertex -5.06694 17.2628 8.80641
      vertex -5.30494 17.1906 8.98267
      vertex -3.60883 19.2022 10.0851
    endloop
  endfacet
  facet normal 0.483094 0.706932 0.516593
    outer loop
      vertex 3.39411 19.2022 16.6441
      vertex 4.52972 17.4167 18.0255
      vertex 4.65874 17.3867 17.9459
    endloop
  endfacet
  facet normal 0.484632 0.706951 0.515124
    outer loop
      vertex 3.39411 19.2022 16.6441
      vertex 4.65874 17.3867 17.9459
      vertex 4.68314 17.3793 17.9331
    endloop
  endfacet
  facet normal 0.483484 0.706915 0.51625
    outer loop
      vertex 4.52972 17.4167 18.0255
      vertex 3.39411 19.2022 16.6441
      vertex 3.16486 19.2022 16.8588
    endloop
  endfacet
  facet normal -0.448642 0.706925 0.546788
    outer loop
      vertex -3.16486 19.2022 16.8588
      vertex -4.30803 17.4684 18.1624
      vertex -4.08681 17.52 18.2772
    endloop
  endfacet
  facet normal 0.607711 0.706647 0.362404
    outer loop
      vertex 5.78591 17.0447 17.1138
      vertex 3.99105 19.2022 15.9167
      vertex 5.78461 17.0451 17.1152
    endloop
  endfacet
  facet normal 0.600622 0.706919 0.373523
    outer loop
      vertex 3.99105 19.2022 15.9167
      vertex 5.78591 17.0447 17.1138
      vertex 6.03354 16.9515 16.892
    endloop
  endfacet
  facet normal 0.023184 0.706926 -0.706908
    outer loop
      vertex 0.173804 17.9943 7.24777
      vertex 0 18 7.24777
      vertex 0 19.2022 8.45
    endloop
  endfacet
  facet normal 0.160549 0.706917 -0.688834
    outer loop
      vertex 1.17852 17.9613 7.32518
      vertex 0.936433 19.2022 8.54223
      vertex 1.35844 17.9436 7.34895
    endloop
  endfacet
  facet normal -0.205204 0.706922 0.67687
    outer loop
      vertex -1.24233 19.2022 17.8864
      vertex -1.78174 17.9019 19.0809
      vertex -1.57357 17.9224 19.1226
    endloop
  endfacet
  facet normal -0.205152 0.706918 0.676889
    outer loop
      vertex -1.78174 17.9019 19.0809
      vertex -1.24233 19.2022 17.8864
      vertex -1.54291 19.2022 17.7953
    endloop
  endfacet
  facet normal 0.205317 0.706919 -0.676839
    outer loop
      vertex 1.78174 17.9019 7.4191
      vertex 1.24233 19.2022 8.61356
      vertex 1.54291 19.2022 8.70474
    endloop
  endfacet
  facet normal 0.205327 0.70692 -0.676835
    outer loop
      vertex 1.24233 19.2022 8.61356
      vertex 1.78174 17.9019 7.4191
      vertex 1.57357 17.9224 7.37736
    endloop
  endfacet
  facet normal 0.703887 0.706923 0.0692991
    outer loop
      vertex 7.72837 16.2492 13.8389
      vertex 4.75893 19.2022 13.8765
      vertex 7.65271 16.2835 14.2575
    endloop
  endfacet
  facet normal -0.483509 0.706914 -0.516228
    outer loop
      vertex -4.52972 17.4167 8.47449
      vertex -3.39411 19.2022 9.85589
      vertex -3.16486 19.2022 9.64117
    endloop
  endfacet
  facet normal -0.483504 0.70693 -0.516211
    outer loop
      vertex -3.39411 19.2022 9.85589
      vertex -4.65874 17.3867 8.55414
      vertex -4.68314 17.3793 8.56686
    endloop
  endfacet
  facet normal -0.483223 0.706926 -0.516479
    outer loop
      vertex -3.39411 19.2022 9.85589
      vertex -4.52972 17.4167 8.47449
      vertex -4.65874 17.3867 8.55414
    endloop
  endfacet
  facet normal -0.411982 0.706915 -0.574928
    outer loop
      vertex -3.74449 17.5998 8.06098
      vertex -2.92205 19.2022 9.4419
      vertex -2.66674 19.2022 9.25895
    endloop
  endfacet
  facet normal -0.411721 0.706928 -0.575099
    outer loop
      vertex -2.92205 19.2022 9.4419
      vertex -3.74449 17.5998 8.06098
      vertex -3.92284 17.5583 8.13765
    endloop
  endfacet
  facet normal -0.703887 0.706923 0.0692991
    outer loop
      vertex -4.75893 19.2022 13.8765
      vertex -7.72837 16.2492 13.8389
      vertex -7.65271 16.2835 14.2575
    endloop
  endfacet
  facet normal 0.600634 0.706919 -0.373502
    outer loop
      vertex 5.78591 17.0447 9.38619
      vertex 3.99105 19.2022 10.5833
      vertex 6.03354 16.9515 9.60801
    endloop
  endfacet
  facet normal 0.601352 0.706897 -0.372387
    outer loop
      vertex 3.99105 19.2022 10.5833
      vertex 5.78591 17.0447 9.38619
      vertex 5.78461 17.0451 9.38485
    endloop
  endfacet
  facet normal 0.373627 0.70693 0.600544
    outer loop
      vertex 3.32414 17.6851 18.6178
      vertex 2.4 19.2022 17.4069
      vertex 3.14367 17.7149 18.695
    endloop
  endfacet
  facet normal 0.373388 0.706916 0.600709
    outer loop
      vertex 2.4 19.2022 17.4069
      vertex 3.32414 17.6851 18.6178
      vertex 2.66674 19.2022 17.2411
    endloop
  endfacet
  facet normal -0.623717 0.706919 0.333532
    outer loop
      vertex -4.15692 19.2022 15.65
      vertex -6.38092 16.8208 16.5384
      vertex -6.14115 16.911 16.7956
    endloop
  endfacet
  facet normal 0.546543 0.706917 -0.448953
    outer loop
      vertex 5.30494 17.1906 8.98267
      vertex 3.8081 19.2022 10.3279
      vertex 5.43539 17.1511 9.07928
    endloop
  endfacet
  facet normal 0.546743 0.70691 -0.448721
    outer loop
      vertex 3.8081 19.2022 10.3279
      vertex 5.30494 17.1906 8.98267
      vertex 3.60883 19.2022 10.0851
    endloop
  endfacet
  facet normal 0.66196 0.706922 0.24914
    outer loop
      vertex 4.54526 19.2022 14.7929
      vertex 6.77011 16.6743 16.0543
      vertex 6.83155 16.6512 15.9566
    endloop
  endfacet
  facet normal 0.661971 0.70692 0.249117
    outer loop
      vertex 6.77011 16.6743 16.0543
      vertex 4.54526 19.2022 14.7929
      vertex 4.43462 19.2022 15.0869
    endloop
  endfacet
  facet normal 0.600628 0.706916 -0.373518
    outer loop
      vertex 6.03354 16.9515 9.60801
      vertex 4.15692 19.2022 10.85
      vertex 6.14115 16.911 9.7044
    endloop
  endfacet
  facet normal 0.600613 0.706916 -0.373542
    outer loop
      vertex 4.15692 19.2022 10.85
      vertex 6.03354 16.9515 9.60801
      vertex 3.99105 19.2022 10.5833
    endloop
  endfacet
  facet normal 0.411547 0.706933 0.575217
    outer loop
      vertex 2.92205 19.2022 17.0581
      vertex 3.74449 17.5998 18.439
      vertex 3.92284 17.5583 18.3624
    endloop
  endfacet
  facet normal 0.412061 0.706907 0.574881
    outer loop
      vertex 3.74449 17.5998 18.439
      vertex 2.92205 19.2022 17.0581
      vertex 2.66674 19.2022 17.2411
    endloop
  endfacet
  facet normal 0.16029 0.706907 0.688905
    outer loop
      vertex 1.35844 17.9436 19.1511
      vertex 0.936433 19.2022 17.9578
      vertex 1.17852 17.9613 19.1748
    endloop
  endfacet
  facet normal -0.661885 0.706927 -0.249324
    outer loop
      vertex -4.54526 19.2022 11.7071
      vertex -6.8883 16.6298 10.6335
      vertex -7.05091 16.5562 10.8565
    endloop
  endfacet
  facet normal -0.661996 0.706917 -0.249059
    outer loop
      vertex -6.8883 16.6298 10.6335
      vertex -4.54526 19.2022 11.7071
      vertex -6.83155 16.6512 10.5434
    endloop
  endfacet
  facet normal 0.546794 0.706911 0.448656
    outer loop
      vertex 5.30494 17.1906 17.5173
      vertex 3.60883 19.2022 16.4149
      vertex 5.06694 17.2628 17.6936
    endloop
  endfacet
  facet normal 0.623736 0.706918 -0.333498
    outer loop
      vertex 6.14115 16.911 9.7044
      vertex 4.15692 19.2022 10.85
      vertex 6.38092 16.8208 9.96164
    endloop
  endfacet
  facet normal 0.114972 0.70692 -0.697886
    outer loop
      vertex 0.78681 17.9742 7.27358
      vertex 0.626525 19.2022 8.49107
      vertex 0.962804 17.9685 7.2968
    endloop
  endfacet
  facet normal 0.661996 0.706917 0.249059
    outer loop
      vertex 6.8883 16.6298 15.8665
      vertex 4.54526 19.2022 14.7929
      vertex 6.83155 16.6512 15.9566
    endloop
  endfacet
  facet normal 0.661885 0.706927 0.249324
    outer loop
      vertex 4.54526 19.2022 14.7929
      vertex 6.8883 16.6298 15.8665
      vertex 7.05091 16.5562 15.6435
    endloop
  endfacet
  facet normal -0.291996 0.706925 -0.644201
    outer loop
      vertex -2.55557 17.812 7.61553
      vertex -2.75224 17.7795 7.66901
      vertex -2.12298 19.2022 8.94501
    endloop
  endfacet
  facet normal 0.0231483 0.706924 -0.706911
    outer loop
      vertex 0.313934 19.2022 8.46028
      vertex 0.173804 17.9943 7.24777
      vertex 0 19.2022 8.45
    endloop
  endfacet
  facet normal 0.0231775 0.706921 -0.706912
    outer loop
      vertex 0.173804 17.9943 7.24777
      vertex 0.313934 19.2022 8.46028
      vertex 0.393406 17.9871 7.24777
    endloop
  endfacet
  facet normal -0.661971 0.70692 0.249117
    outer loop
      vertex -4.54526 19.2022 14.7929
      vertex -6.77011 16.6743 16.0543
      vertex -4.43462 19.2022 15.0869
    endloop
  endfacet
  facet normal -0.66196 0.706922 0.24914
    outer loop
      vertex -6.77011 16.6743 16.0543
      vertex -4.54526 19.2022 14.7929
      vertex -6.83155 16.6512 15.9566
    endloop
  endfacet
  facet normal 0.703915 0.706922 -0.0690199
    outer loop
      vertex 7.72837 16.2492 12.6611
      vertex 4.78972 19.2022 12.9361
      vertex 7.74308 16.2425 12.7425
    endloop
  endfacet
  facet normal 0.703886 0.706922 -0.0693303
    outer loop
      vertex 4.78972 19.2022 12.9361
      vertex 7.72837 16.2492 12.6611
      vertex 4.75893 19.2022 12.6235
    endloop
  endfacet
  facet normal 0.676851 0.706928 -0.205244
    outer loop
      vertex 7.05091 16.5562 10.8565
      vertex 4.54526 19.2022 11.7071
      vertex 7.25124 16.4654 11.2044
    endloop
  endfacet
  facet normal -0.68881 0.706925 -0.160617
    outer loop
      vertex -7.30244 16.4422 11.2933
      vertex -4.70777 19.2022 12.3136
      vertex -4.63644 19.2022 12.0077
    endloop
  endfacet
  facet normal -0.688927 0.706896 -0.160241
    outer loop
      vertex -4.70777 19.2022 12.3136
      vertex -7.30244 16.4422 11.2933
      vertex -7.3412 16.4246 11.3823
    endloop
  endfacet
  facet normal 0.114894 0.706924 0.697895
    outer loop
      vertex 0.962804 17.9685 19.2032
      vertex 0.626525 19.2022 18.0089
      vertex 0.78681 17.9742 19.2264
    endloop
  endfacet
  facet normal 0.449069 0.706896 0.546476
    outer loop
      vertex 3.16486 19.2022 16.8588
      vertex 3.92284 17.5583 18.3624
      vertex 4.08681 17.52 18.2772
    endloop
  endfacet
  facet normal 0.448731 0.706941 0.546695
    outer loop
      vertex 3.92284 17.5583 18.3624
      vertex 3.16486 19.2022 16.8588
      vertex 2.92205 19.2022 17.0581
    endloop
  endfacet
  facet normal -0.644263 0.706925 -0.291861
    outer loop
      vertex -6.47136 16.7868 10.0587
      vertex -6.69557 16.7024 10.3492
      vertex -4.30499 19.2022 11.127
    endloop
  endfacet
  facet normal 0.483521 0.706915 -0.516216
    outer loop
      vertex 4.30803 17.4684 8.33764
      vertex 3.16486 19.2022 9.64117
      vertex 4.52972 17.4167 8.47449
    endloop
  endfacet
  facet normal -0.516174 0.706931 -0.483543
    outer loop
      vertex -4.68314 17.3793 8.56686
      vertex -3.60883 19.2022 10.0851
      vertex -3.39411 19.2022 9.85589
    endloop
  endfacet
  facet normal -0.516466 0.706891 -0.483289
    outer loop
      vertex -3.60883 19.2022 10.0851
      vertex -4.68314 17.3793 8.56686
      vertex -4.8289 17.335 8.65783
    endloop
  endfacet
  facet normal 0.676831 0.706925 -0.205322
    outer loop
      vertex 7.25124 16.4654 11.2044
      vertex 4.63644 19.2022 12.0077
      vertex 7.30244 16.4422 11.2933
    endloop
  endfacet
  facet normal 0.676837 0.706925 -0.205303
    outer loop
      vertex 4.63644 19.2022 12.0077
      vertex 7.25124 16.4654 11.2044
      vertex 4.54526 19.2022 11.7071
    endloop
  endfacet
  facet normal -0.623736 0.706918 -0.333498
    outer loop
      vertex -6.14115 16.911 9.7044
      vertex -6.38092 16.8208 9.96164
      vertex -4.15692 19.2022 10.85
    endloop
  endfacet
  facet normal -0.70691 0.706922 -0.0232206
    outer loop
      vertex -7.74795 16.2403 12.8238
      vertex -7.77345 16.2288 13.25
      vertex -4.8 19.2022 13.25
    endloop
  endfacet
  facet normal -0.546743 0.70691 -0.448721
    outer loop
      vertex -5.30494 17.1906 8.98267
      vertex -3.8081 19.2022 10.3279
      vertex -3.60883 19.2022 10.0851
    endloop
  endfacet
  facet normal -0.546543 0.706917 -0.448953
    outer loop
      vertex -3.8081 19.2022 10.3279
      vertex -5.30494 17.1906 8.98267
      vertex -5.43539 17.1511 9.07928
    endloop
  endfacet
  facet normal 0.373494 0.706909 0.600651
    outer loop
      vertex 3.51163 17.6541 18.5377
      vertex 2.66674 19.2022 17.2411
      vertex 3.32414 17.6851 18.6178
    endloop
  endfacet
  facet normal 0.372454 0.706895 0.601313
    outer loop
      vertex 2.66674 19.2022 17.2411
      vertex 3.51163 17.6541 18.5377
      vertex 3.52907 17.6501 18.5316
    endloop
  endfacet
  facet normal 0.246139 0.706875 -0.663132
    outer loop
      vertex 2.34947 17.846 7.55998
      vertex 1.83688 19.2022 8.81538
      vertex 2.35632 17.8449 7.56135
    endloop
  endfacet
  facet normal 0.249227 0.706924 -0.661924
    outer loop
      vertex 2.15275 17.8654 7.50663
      vertex 1.83688 19.2022 8.81538
      vertex 2.34947 17.846 7.55998
    endloop
  endfacet
  facet normal 0.249136 0.70693 -0.661952
    outer loop
      vertex 1.83688 19.2022 8.81538
      vertex 2.15275 17.8654 7.50663
      vertex 1.54291 19.2022 8.70474
    endloop
  endfacet
  facet normal 0.623717 0.706919 0.333532
    outer loop
      vertex 6.38092 16.8208 16.5384
      vertex 4.15692 19.2022 15.65
      vertex 6.14115 16.911 16.7956
    endloop
  endfacet
  facet normal 0.676831 0.706925 0.205322
    outer loop
      vertex 4.63644 19.2022 14.4923
      vertex 7.25124 16.4654 15.2956
      vertex 7.30244 16.4422 15.2067
    endloop
  endfacet
  facet normal 0.676837 0.706925 0.205303
    outer loop
      vertex 7.25124 16.4654 15.2956
      vertex 4.63644 19.2022 14.4923
      vertex 4.54526 19.2022 14.7929
    endloop
  endfacet
  facet normal 0.676851 0.706928 0.205244
    outer loop
      vertex 7.25124 16.4654 15.2956
      vertex 4.54526 19.2022 14.7929
      vertex 7.05091 16.5562 15.6435
    endloop
  endfacet
  facet normal -0.291837 0.706949 0.644247
    outer loop
      vertex -2.12298 19.2022 17.555
      vertex -2.35632 17.8449 18.9387
      vertex -1.83688 19.2022 17.6846
    endloop
  endfacet
  facet normal -0.291965 0.706931 0.644208
    outer loop
      vertex -2.35632 17.8449 18.9387
      vertex -2.12298 19.2022 17.555
      vertex -2.55557 17.812 18.8845
    endloop
  endfacet
  facet normal 0.333419 0.706923 -0.623772
    outer loop
      vertex 2.75224 17.7795 7.66901
      vertex 2.4 19.2022 9.09308
      vertex 2.94244 17.7481 7.73509
    endloop
  endfacet
  facet normal 0.333414 0.706923 -0.623774
    outer loop
      vertex 2.4 19.2022 9.09308
      vertex 2.75224 17.7795 7.66901
      vertex 2.12298 19.2022 8.94501
    endloop
  endfacet
  facet normal 0.333474 0.706921 0.623744
    outer loop
      vertex 2.4 19.2022 17.4069
      vertex 2.75224 17.7795 18.831
      vertex 2.94244 17.7481 18.7649
    endloop
  endfacet
  facet normal 0.333467 0.706923 0.623747
    outer loop
      vertex 2.75224 17.7795 18.831
      vertex 2.4 19.2022 17.4069
      vertex 2.12298 19.2022 17.555
    endloop
  endfacet
  facet normal 0.06902 0.706923 0.703915
    outer loop
      vertex 0.610948 17.98 19.238
      vertex 0.313934 19.2022 18.0397
      vertex 0.393406 17.9871 19.2522
    endloop
  endfacet
  facet normal 0.069352 0.706947 0.703858
    outer loop
      vertex 0.313934 19.2022 18.0397
      vertex 0.610948 17.98 19.238
      vertex 0.626525 19.2022 18.0089
    endloop
  endfacet
  facet normal 0.688786 0.706924 0.160725
    outer loop
      vertex 7.50463 16.3506 14.7428
      vertex 4.70777 19.2022 14.1864
      vertex 7.3412 16.4246 15.1177
    endloop
  endfacet
  facet normal -0.574994 0.706918 0.411884
    outer loop
      vertex -3.99105 19.2022 15.9167
      vertex -5.43539 17.1511 17.4207
      vertex -3.8081 19.2022 16.1721
    endloop
  endfacet
  facet normal -0.575061 0.706909 0.411806
    outer loop
      vertex -5.43539 17.1511 17.4207
      vertex -3.99105 19.2022 15.9167
      vertex -5.55067 17.1161 17.3198
    endloop
  endfacet
  facet normal 0.249078 0.706927 -0.661978
    outer loop
      vertex 1.96673 17.8837 7.45618
      vertex 1.54291 19.2022 8.70474
      vertex 2.15275 17.8654 7.50663
    endloop
  endfacet
  facet normal -0.448749 0.706916 -0.546712
    outer loop
      vertex -4.08681 17.52 8.22278
      vertex -4.30803 17.4684 8.33764
      vertex -3.16486 19.2022 9.64117
    endloop
  endfacet
  facet normal 0.448642 0.706925 0.546788
    outer loop
      vertex 4.30803 17.4684 18.1624
      vertex 3.16486 19.2022 16.8588
      vertex 4.08681 17.52 18.2772
    endloop
  endfacet
  facet normal -0.644246 0.706922 0.291904
    outer loop
      vertex -4.43462 19.2022 15.0869
      vertex -6.69557 16.7024 16.1508
      vertex -4.30499 19.2022 15.373
    endloop
  endfacet
  facet normal -0.644285 0.706922 0.291819
    outer loop
      vertex -6.69557 16.7024 16.1508
      vertex -4.43462 19.2022 15.0869
      vertex -6.77011 16.6743 16.0543
    endloop
  endfacet
  facet normal -0.516166 0.706927 0.483556
    outer loop
      vertex -3.60883 19.2022 16.4149
      vertex -4.68314 17.3793 17.9331
      vertex -3.39411 19.2022 16.6441
    endloop
  endfacet
  facet normal -0.516321 0.706906 0.483421
    outer loop
      vertex -4.68314 17.3793 17.9331
      vertex -3.60883 19.2022 16.4149
      vertex -4.8289 17.335 17.8422
    endloop
  endfacet
  facet normal -0.546794 0.706911 0.448656
    outer loop
      vertex -3.60883 19.2022 16.4149
      vertex -5.30494 17.1906 17.5173
      vertex -5.06694 17.2628 17.6936
    endloop
  endfacet
  facet normal 0.574973 0.706921 -0.411909
    outer loop
      vertex 5.55067 17.1161 9.18015
      vertex 3.99105 19.2022 10.5833
      vertex 5.78461 17.0451 9.38485
    endloop
  endfacet
  facet normal 0.205204 0.706922 0.67687
    outer loop
      vertex 1.78174 17.9019 19.0809
      vertex 1.24233 19.2022 17.8864
      vertex 1.57357 17.9224 19.1226
    endloop
  endfacet
  facet normal 0.205152 0.706918 0.676889
    outer loop
      vertex 1.24233 19.2022 17.8864
      vertex 1.78174 17.9019 19.0809
      vertex 1.54291 19.2022 17.7953
    endloop
  endfacet
  facet normal -0.1152 0.706933 -0.697836
    outer loop
      vertex -0.962804 17.9685 7.2968
      vertex -0.936433 19.2022 8.54223
      vertex -0.626525 19.2022 8.49107
    endloop
  endfacet
  facet normal -0.156017 0.706985 -0.689805
    outer loop
      vertex -0.936433 19.2022 8.54223
      vertex -1.17726 17.9615 7.3251
      vertex -1.17852 17.9613 7.32518
    endloop
  endfacet
  facet normal -0.115163 0.706936 -0.697839
    outer loop
      vertex -0.936433 19.2022 8.54223
      vertex -0.962804 17.9685 7.2968
      vertex -1.17726 17.9615 7.3251
    endloop
  endfacet
  facet normal 0.292055 0.706926 0.644174
    outer loop
      vertex 2.75224 17.7795 18.831
      vertex 2.12298 19.2022 17.555
      vertex 2.55557 17.812 18.8845
    endloop
  endfacet
  facet normal -0.706914 0.706918 0.0232159
    outer loop
      vertex -4.78972 19.2022 13.5639
      vertex -7.74795 16.2403 13.6762
      vertex -7.74308 16.2425 13.7575
    endloop
  endfacet
  facet normal -0.706916 0.706918 0.023151
    outer loop
      vertex -7.74795 16.2403 13.6762
      vertex -4.78972 19.2022 13.5639
      vertex -4.8 19.2022 13.25
    endloop
  endfacet
  facet normal 0.575008 0.706918 -0.411865
    outer loop
      vertex 5.43539 17.1511 9.07928
      vertex 3.99105 19.2022 10.5833
      vertex 5.55067 17.1161 9.18015
    endloop
  endfacet
  facet normal 0.574992 0.70692 -0.411883
    outer loop
      vertex 3.99105 19.2022 10.5833
      vertex 5.43539 17.1511 9.07928
      vertex 3.8081 19.2022 10.3279
    endloop
  endfacet
  facet normal 0.205293 0.70691 0.676855
    outer loop
      vertex 1.96673 17.8837 19.0438
      vertex 1.54291 19.2022 17.7953
      vertex 1.78174 17.9019 19.0809
    endloop
  endfacet
  facet normal -0.373627 0.70693 0.600544
    outer loop
      vertex -2.4 19.2022 17.4069
      vertex -3.32414 17.6851 18.6178
      vertex -3.14367 17.7149 18.695
    endloop
  endfacet
  facet normal -0.373388 0.706916 0.600709
    outer loop
      vertex -3.32414 17.6851 18.6178
      vertex -2.4 19.2022 17.4069
      vertex -2.66674 19.2022 17.2411
    endloop
  endfacet
  facet normal 0.644263 0.706925 -0.291861
    outer loop
      vertex 6.47136 16.7868 10.0587
      vertex 4.30499 19.2022 11.127
      vertex 6.69557 16.7024 10.3492
    endloop
  endfacet
  facet normal 0.661885 0.706927 -0.249324
    outer loop
      vertex 6.8883 16.6298 10.6335
      vertex 4.54526 19.2022 11.7071
      vertex 7.05091 16.5562 10.8565
    endloop
  endfacet
  facet normal 0.661996 0.706917 -0.249059
    outer loop
      vertex 4.54526 19.2022 11.7071
      vertex 6.8883 16.6298 10.6335
      vertex 6.83155 16.6512 10.5434
    endloop
  endfacet
  facet normal 0.62371 0.706923 -0.333535
    outer loop
      vertex 6.38092 16.8208 9.96164
      vertex 4.30499 19.2022 11.127
      vertex 6.47136 16.7868 10.0587
    endloop
  endfacet
  facet normal 0.623766 0.706922 -0.333433
    outer loop
      vertex 4.30499 19.2022 11.127
      vertex 6.38092 16.8208 9.96164
      vertex 4.15692 19.2022 10.85
    endloop
  endfacet
  facet normal -0.205293 0.70691 0.676855
    outer loop
      vertex -1.54291 19.2022 17.7953
      vertex -1.96673 17.8837 19.0438
      vertex -1.78174 17.9019 19.0809
    endloop
  endfacet
  facet normal 0.706916 0.706918 -0.023151
    outer loop
      vertex 7.74795 16.2403 12.8238
      vertex 4.78972 19.2022 12.9361
      vertex 4.8 19.2022 13.25
    endloop
  endfacet
  facet normal 0.706914 0.706918 -0.0232159
    outer loop
      vertex 4.78972 19.2022 12.9361
      vertex 7.74795 16.2403 12.8238
      vertex 7.74308 16.2425 12.7425
    endloop
  endfacet
  facet normal 0.291965 0.706931 0.644208
    outer loop
      vertex 2.12298 19.2022 17.555
      vertex 2.35632 17.8449 18.9387
      vertex 2.55557 17.812 18.8845
    endloop
  endfacet
  facet normal 0.291837 0.706949 0.644247
    outer loop
      vertex 2.35632 17.8449 18.9387
      vertex 2.12298 19.2022 17.555
      vertex 1.83688 19.2022 17.6846
    endloop
  endfacet
  facet normal 0.644285 0.706922 0.291819
    outer loop
      vertex 4.43462 19.2022 15.0869
      vertex 6.69557 16.7024 16.1508
      vertex 6.77011 16.6743 16.0543
    endloop
  endfacet
  facet normal 0.644246 0.706922 0.291904
    outer loop
      vertex 6.69557 16.7024 16.1508
      vertex 4.43462 19.2022 15.0869
      vertex 4.30499 19.2022 15.373
    endloop
  endfacet
  facet normal 0.160628 0.70692 -0.688812
    outer loop
      vertex 1.35844 17.9436 7.34895
      vertex 1.24233 19.2022 8.61356
      vertex 1.57357 17.9224 7.37736
    endloop
  endfacet
  facet normal 0.16062 0.706921 -0.688814
    outer loop
      vertex 1.24233 19.2022 8.61356
      vertex 1.35844 17.9436 7.34895
      vertex 0.936433 19.2022 8.54223
    endloop
  endfacet
  facet normal -0.600613 0.706916 -0.373542
    outer loop
      vertex -6.03354 16.9515 9.60801
      vertex -4.15692 19.2022 10.85
      vertex -3.99105 19.2022 10.5833
    endloop
  endfacet
  facet normal -0.600628 0.706916 -0.373518
    outer loop
      vertex -4.15692 19.2022 10.85
      vertex -6.03354 16.9515 9.60801
      vertex -6.14115 16.911 9.7044
    endloop
  endfacet
  facet normal 0.703915 0.706922 0.0690199
    outer loop
      vertex 4.78972 19.2022 13.5639
      vertex 7.72837 16.2492 13.8389
      vertex 7.74308 16.2425 13.7575
    endloop
  endfacet
  facet normal 0.703886 0.706922 0.0693303
    outer loop
      vertex 7.72837 16.2492 13.8389
      vertex 4.78972 19.2022 13.5639
      vertex 4.75893 19.2022 13.8765
    endloop
  endfacet
  facet normal 0.706914 0.706918 0.0232159
    outer loop
      vertex 7.74795 16.2403 13.6762
      vertex 4.78972 19.2022 13.5639
      vertex 7.74308 16.2425 13.7575
    endloop
  endfacet
  facet normal 0.706916 0.706918 0.023151
    outer loop
      vertex 4.78972 19.2022 13.5639
      vertex 7.74795 16.2403 13.6762
      vertex 4.8 19.2022 13.25
    endloop
  endfacet
  facet normal -0.412061 0.706907 0.574881
    outer loop
      vertex -2.92205 19.2022 17.0581
      vertex -3.74449 17.5998 18.439
      vertex -2.66674 19.2022 17.2411
    endloop
  endfacet
  facet normal -0.411547 0.706933 0.575217
    outer loop
      vertex -3.74449 17.5998 18.439
      vertex -2.92205 19.2022 17.0581
      vertex -3.92284 17.5583 18.3624
    endloop
  endfacet
  facet normal -0.249252 0.706935 0.661903
    outer loop
      vertex -1.83688 19.2022 17.6846
      vertex -2.15275 17.8654 18.9934
      vertex -1.54291 19.2022 17.7953
    endloop
  endfacet
  facet normal -0.24938 0.706927 0.661864
    outer loop
      vertex -2.15275 17.8654 18.9934
      vertex -1.83688 19.2022 17.6846
      vertex -2.34947 17.846 18.94
    endloop
  endfacet
  facet normal -0.239807 0.706749 0.665581
    outer loop
      vertex -2.34947 17.846 18.94
      vertex -1.83688 19.2022 17.6846
      vertex -2.35632 17.8449 18.9387
    endloop
  endfacet
  facet normal -0.644263 0.706925 0.291861
    outer loop
      vertex -4.30499 19.2022 15.373
      vertex -6.69557 16.7024 16.1508
      vertex -6.47136 16.7868 16.4413
    endloop
  endfacet
  facet normal -0.249078 0.706927 -0.661978
    outer loop
      vertex -1.96673 17.8837 7.45618
      vertex -2.15275 17.8654 7.50663
      vertex -1.54291 19.2022 8.70474
    endloop
  endfacet
  facet normal -0.248919 0.706915 0.662051
    outer loop
      vertex -1.54291 19.2022 17.7953
      vertex -2.15275 17.8654 18.9934
      vertex -1.96673 17.8837 19.0438
    endloop
  endfacet
  facet normal -0.16029 0.706907 0.688905
    outer loop
      vertex -0.936433 19.2022 17.9578
      vertex -1.35844 17.9436 19.1511
      vertex -1.17852 17.9613 19.1748
    endloop
  endfacet
  facet normal -0.205222 0.706924 -0.676862
    outer loop
      vertex -1.78174 17.9019 7.4191
      vertex -1.96673 17.8837 7.45618
      vertex -1.54291 19.2022 8.70474
    endloop
  endfacet
  facet normal 0.373495 0.706928 -0.600628
    outer loop
      vertex 3.32414 17.6851 7.88215
      vertex 2.4 19.2022 9.09308
      vertex 2.66674 19.2022 9.25895
    endloop
  endfacet
  facet normal 0.373496 0.706928 -0.600627
    outer loop
      vertex 2.4 19.2022 9.09308
      vertex 3.32414 17.6851 7.88215
      vertex 3.14367 17.7149 7.805
    endloop
  endfacet
  facet normal -0.483591 0.706924 0.516138
    outer loop
      vertex -3.16486 19.2022 16.8588
      vertex -4.52972 17.4167 18.0255
      vertex -4.30803 17.4684 18.1624
    endloop
  endfacet
  facet normal -0.661885 0.706927 0.249324
    outer loop
      vertex -6.8883 16.6298 15.8665
      vertex -4.54526 19.2022 14.7929
      vertex -7.05091 16.5562 15.6435
    endloop
  endfacet
  facet normal -0.661996 0.706917 0.249059
    outer loop
      vertex -4.54526 19.2022 14.7929
      vertex -6.8883 16.6298 15.8665
      vertex -6.83155 16.6512 15.9566
    endloop
  endfacet
  facet normal -0.2919 0.706931 -0.644238
    outer loop
      vertex -2.35632 17.8449 7.56135
      vertex -2.12298 19.2022 8.94501
      vertex -1.83688 19.2022 8.81538
    endloop
  endfacet
  facet normal -0.291908 0.70693 -0.644235
    outer loop
      vertex -2.12298 19.2022 8.94501
      vertex -2.35632 17.8449 7.56135
      vertex -2.55557 17.812 7.61553
    endloop
  endfacet
  facet normal -0.0695023 0.706919 -0.703871
    outer loop
      vertex -0.610948 17.98 7.26204
      vertex -0.78681 17.9742 7.27358
      vertex -0.626525 19.2022 8.49107
    endloop
  endfacet
  facet normal -0.676851 0.706928 0.205244
    outer loop
      vertex -4.54526 19.2022 14.7929
      vertex -7.25124 16.4654 15.2956
      vertex -7.05091 16.5562 15.6435
    endloop
  endfacet
  facet normal -0.676837 0.706925 0.205303
    outer loop
      vertex -4.63644 19.2022 14.4923
      vertex -7.25124 16.4654 15.2956
      vertex -4.54526 19.2022 14.7929
    endloop
  endfacet
  facet normal -0.676831 0.706925 0.205322
    outer loop
      vertex -7.25124 16.4654 15.2956
      vertex -4.63644 19.2022 14.4923
      vertex -7.30244 16.4422 15.2067
    endloop
  endfacet
  facet normal 0.575061 0.706909 0.411806
    outer loop
      vertex 3.99105 19.2022 15.9167
      vertex 5.43539 17.1511 17.4207
      vertex 5.55067 17.1161 17.3198
    endloop
  endfacet
  facet normal 0.574994 0.706918 0.411884
    outer loop
      vertex 5.43539 17.1511 17.4207
      vertex 3.99105 19.2022 15.9167
      vertex 3.8081 19.2022 16.1721
    endloop
  endfacet
  facet normal 0.546527 0.706914 0.448978
    outer loop
      vertex 3.8081 19.2022 16.1721
      vertex 5.30494 17.1906 17.5173
      vertex 5.43539 17.1511 17.4207
    endloop
  endfacet
  facet normal 0.546746 0.706906 0.448723
    outer loop
      vertex 5.30494 17.1906 17.5173
      vertex 3.8081 19.2022 16.1721
      vertex 3.60883 19.2022 16.4149
    endloop
  endfacet
  facet normal -0.16062 0.706921 -0.688814
    outer loop
      vertex -1.35844 17.9436 7.34895
      vertex -1.24233 19.2022 8.61356
      vertex -0.936433 19.2022 8.54223
    endloop
  endfacet
  facet normal -0.160628 0.70692 -0.688812
    outer loop
      vertex -1.24233 19.2022 8.61356
      vertex -1.35844 17.9436 7.34895
      vertex -1.57357 17.9224 7.37736
    endloop
  endfacet
  facet normal -0.483521 0.706915 -0.516216
    outer loop
      vertex -4.30803 17.4684 8.33764
      vertex -4.52972 17.4167 8.47449
      vertex -3.16486 19.2022 9.64117
    endloop
  endfacet
  facet normal 0.483591 0.706924 0.516138
    outer loop
      vertex 4.52972 17.4167 18.0255
      vertex 3.16486 19.2022 16.8588
      vertex 4.30803 17.4684 18.1624
    endloop
  endfacet
  facet normal 0.0231774 0.706918 0.706915
    outer loop
      vertex 0.313934 19.2022 18.0397
      vertex 0.173804 17.9943 19.2522
      vertex 0.393406 17.9871 19.2522
    endloop
  endfacet
  facet normal 0.0231935 0.706917 0.706916
    outer loop
      vertex 0.173804 17.9943 19.2522
      vertex 0.313934 19.2022 18.0397
      vertex 0 19.2022 18.05
    endloop
  endfacet
  facet normal 0.516321 0.706906 0.483421
    outer loop
      vertex 3.60883 19.2022 16.4149
      vertex 4.68314 17.3793 17.9331
      vertex 4.8289 17.335 17.8422
    endloop
  endfacet
  facet normal 0.516166 0.706927 0.483556
    outer loop
      vertex 4.68314 17.3793 17.9331
      vertex 3.60883 19.2022 16.4149
      vertex 3.39411 19.2022 16.6441
    endloop
  endfacet
  facet normal 0.0695023 0.706919 -0.703871
    outer loop
      vertex 0.78681 17.9742 7.27358
      vertex 0.610948 17.98 7.26204
      vertex 0.626525 19.2022 8.49107
    endloop
  endfacet
  facet normal -0.249136 0.70693 -0.661952
    outer loop
      vertex -2.15275 17.8654 7.50663
      vertex -1.83688 19.2022 8.81538
      vertex -1.54291 19.2022 8.70474
    endloop
  endfacet
  facet normal -0.246139 0.706875 -0.663132
    outer loop
      vertex -1.83688 19.2022 8.81538
      vertex -2.34947 17.846 7.55998
      vertex -2.35632 17.8449 7.56135
    endloop
  endfacet
  facet normal -0.249227 0.706924 -0.661924
    outer loop
      vertex -1.83688 19.2022 8.81538
      vertex -2.15275 17.8654 7.50663
      vertex -2.34947 17.846 7.55998
    endloop
  endfacet
  facet normal -0.115068 0.706934 0.697856
    outer loop
      vertex -0.936433 19.2022 17.9578
      vertex -0.962804 17.9685 19.2032
      vertex -0.626525 19.2022 18.0089
    endloop
  endfacet
  facet normal -0.115164 0.706927 0.697847
    outer loop
      vertex -0.962804 17.9685 19.2032
      vertex -0.936433 19.2022 17.9578
      vertex -1.17726 17.9615 19.1749
    endloop
  endfacet
  facet normal -0.166751 0.706785 0.687495
    outer loop
      vertex -1.17726 17.9615 19.1749
      vertex -0.936433 19.2022 17.9578
      vertex -1.17852 17.9613 19.1748
    endloop
  endfacet
  facet normal -0.0231483 0.706924 -0.706911
    outer loop
      vertex -0.173804 17.9943 7.24777
      vertex -0.313934 19.2022 8.46028
      vertex 0 19.2022 8.45
    endloop
  endfacet
  facet normal -0.0231775 0.706921 -0.706912
    outer loop
      vertex -0.313934 19.2022 8.46028
      vertex -0.173804 17.9943 7.24777
      vertex -0.393406 17.9871 7.24777
    endloop
  endfacet
  facet normal -0.023184 0.706926 -0.706908
    outer loop
      vertex 0 18 7.24777
      vertex -0.173804 17.9943 7.24777
      vertex 0 19.2022 8.45
    endloop
  endfacet
  facet normal 0.333324 0.706931 0.623814
    outer loop
      vertex 3.14367 17.7149 18.695
      vertex 2.4 19.2022 17.4069
      vertex 2.94244 17.7481 18.7649
    endloop
  endfacet
  facet normal 0.291996 0.706925 -0.644201
    outer loop
      vertex 2.55557 17.812 7.61553
      vertex 2.12298 19.2022 8.94501
      vertex 2.75224 17.7795 7.66901
    endloop
  endfacet
  facet normal -0.160766 0.706935 0.688765
    outer loop
      vertex -1.24233 19.2022 17.8864
      vertex -1.35844 17.9436 19.1511
      vertex -0.936433 19.2022 17.9578
    endloop
  endfacet
  facet normal -0.160907 0.706925 0.688742
    outer loop
      vertex -1.35844 17.9436 19.1511
      vertex -1.24233 19.2022 17.8864
      vertex -1.57357 17.9224 19.1226
    endloop
  endfacet
  facet normal 0.688786 0.706924 -0.160725
    outer loop
      vertex 7.3412 16.4246 11.3823
      vertex 4.70777 19.2022 12.3136
      vertex 7.50463 16.3506 11.7572
    endloop
  endfacet
  facet normal -0.483484 0.706915 0.51625
    outer loop
      vertex -3.39411 19.2022 16.6441
      vertex -4.52972 17.4167 18.0255
      vertex -3.16486 19.2022 16.8588
    endloop
  endfacet
  facet normal -0.483094 0.706932 0.516593
    outer loop
      vertex -4.52972 17.4167 18.0255
      vertex -3.39411 19.2022 16.6441
      vertex -4.65874 17.3867 17.9459
    endloop
  endfacet
  facet normal -0.484632 0.706951 0.515124
    outer loop
      vertex -4.65874 17.3867 17.9459
      vertex -3.39411 19.2022 16.6441
      vertex -4.68314 17.3793 17.9331
    endloop
  endfacet
  facet normal 0.160907 0.706925 0.688742
    outer loop
      vertex 1.24233 19.2022 17.8864
      vertex 1.35844 17.9436 19.1511
      vertex 1.57357 17.9224 19.1226
    endloop
  endfacet
  facet normal 0.160766 0.706935 0.688765
    outer loop
      vertex 1.35844 17.9436 19.1511
      vertex 1.24233 19.2022 17.8864
      vertex 0.936433 19.2022 17.9578
    endloop
  endfacet
  facet normal 0.24938 0.706927 0.661864
    outer loop
      vertex 1.83688 19.2022 17.6846
      vertex 2.15275 17.8654 18.9934
      vertex 2.34947 17.846 18.94
    endloop
  endfacet
  facet normal 0.239807 0.706749 0.665581
    outer loop
      vertex 1.83688 19.2022 17.6846
      vertex 2.34947 17.846 18.94
      vertex 2.35632 17.8449 18.9387
    endloop
  endfacet
  facet normal 0.249252 0.706935 0.661903
    outer loop
      vertex 2.15275 17.8654 18.9934
      vertex 1.83688 19.2022 17.6846
      vertex 1.54291 19.2022 17.7953
    endloop
  endfacet
  facet normal -0.0231837 0.706917 0.706917
    outer loop
      vertex 0 19.2022 18.05
      vertex -0.173804 17.9943 19.2522
      vertex 0 18 19.2522
    endloop
  endfacet
  facet normal 0.66196 0.706922 -0.24914
    outer loop
      vertex 6.77011 16.6743 10.4457
      vertex 4.54526 19.2022 11.7071
      vertex 6.83155 16.6512 10.5434
    endloop
  endfacet
  facet normal 0.661971 0.70692 -0.249117
    outer loop
      vertex 4.54526 19.2022 11.7071
      vertex 6.77011 16.6743 10.4457
      vertex 4.43462 19.2022 11.4131
    endloop
  endfacet
  facet normal 0.546755 0.706911 -0.448705
    outer loop
      vertex 5.06694 17.2628 8.80641
      vertex 3.60883 19.2022 10.0851
      vertex 5.30494 17.1906 8.98267
    endloop
  endfacet
  facet normal -0.600634 0.706919 -0.373502
    outer loop
      vertex -3.99105 19.2022 10.5833
      vertex -5.78591 17.0447 9.38619
      vertex -6.03354 16.9515 9.60801
    endloop
  endfacet
  facet normal -0.601352 0.706897 -0.372387
    outer loop
      vertex -5.78591 17.0447 9.38619
      vertex -3.99105 19.2022 10.5833
      vertex -5.78461 17.0451 9.38485
    endloop
  endfacet
  facet normal -0.06902 0.706923 0.703915
    outer loop
      vertex -0.313934 19.2022 18.0397
      vertex -0.610948 17.98 19.238
      vertex -0.393406 17.9871 19.2522
    endloop
  endfacet
  facet normal -0.069352 0.706947 0.703858
    outer loop
      vertex -0.610948 17.98 19.238
      vertex -0.313934 19.2022 18.0397
      vertex -0.626525 19.2022 18.0089
    endloop
  endfacet
  facet normal 0.644285 0.706922 -0.291819
    outer loop
      vertex 6.69557 16.7024 10.3492
      vertex 4.43462 19.2022 11.4131
      vertex 6.77011 16.6743 10.4457
    endloop
  endfacet
  facet normal 0.644246 0.706922 -0.291904
    outer loop
      vertex 4.43462 19.2022 11.4131
      vertex 6.69557 16.7024 10.3492
      vertex 4.30499 19.2022 11.127
    endloop
  endfacet
  facet normal -0.0231935 0.706917 0.706916
    outer loop
      vertex -0.313934 19.2022 18.0397
      vertex -0.173804 17.9943 19.2522
      vertex 0 19.2022 18.05
    endloop
  endfacet
  facet normal -0.0231774 0.706918 0.706915
    outer loop
      vertex -0.173804 17.9943 19.2522
      vertex -0.313934 19.2022 18.0397
      vertex -0.393406 17.9871 19.2522
    endloop
  endfacet
  facet normal 0.697832 0.706923 -0.115288
    outer loop
      vertex 7.53079 16.3387 11.843
      vertex 4.75893 19.2022 12.6235
      vertex 7.65271 16.2835 12.2425
    endloop
  endfacet
  facet normal 0.703887 0.706923 -0.0692991
    outer loop
      vertex 7.65271 16.2835 12.2425
      vertex 4.75893 19.2022 12.6235
      vertex 7.72837 16.2492 12.6611
    endloop
  endfacet
  facet normal 0.0231837 0.706917 0.706917
    outer loop
      vertex 0 19.2022 18.05
      vertex 0 18 19.2522
      vertex 0.173804 17.9943 19.2522
    endloop
  endfacet
  facet normal -0.546746 0.706906 0.448723
    outer loop
      vertex -3.8081 19.2022 16.1721
      vertex -5.30494 17.1906 17.5173
      vertex -3.60883 19.2022 16.4149
    endloop
  endfacet
  facet normal -0.546527 0.706914 0.448978
    outer loop
      vertex -5.30494 17.1906 17.5173
      vertex -3.8081 19.2022 16.1721
      vertex -5.43539 17.1511 17.4207
    endloop
  endfacet
  facet normal 0.623758 0.706925 0.333442
    outer loop
      vertex 4.30499 19.2022 15.373
      vertex 6.38092 16.8208 16.5384
      vertex 6.47136 16.7868 16.4413
    endloop
  endfacet
  facet normal 0.623763 0.706925 0.333432
    outer loop
      vertex 6.38092 16.8208 16.5384
      vertex 4.30499 19.2022 15.373
      vertex 4.15692 19.2022 15.65
    endloop
  endfacet
  facet normal 0.600642 0.706917 0.373495
    outer loop
      vertex 4.15692 19.2022 15.65
      vertex 6.03354 16.9515 16.892
      vertex 6.14115 16.911 16.7956
    endloop
  endfacet
  facet normal 0.600612 0.706917 0.373541
    outer loop
      vertex 6.03354 16.9515 16.892
      vertex 4.15692 19.2022 15.65
      vertex 3.99105 19.2022 15.9167
    endloop
  endfacet
  facet normal -0.114894 0.706924 0.697895
    outer loop
      vertex -0.626525 19.2022 18.0089
      vertex -0.962804 17.9685 19.2032
      vertex -0.78681 17.9742 19.2264
    endloop
  endfacet
  facet normal -0.333467 0.706923 0.623747
    outer loop
      vertex -2.4 19.2022 17.4069
      vertex -2.75224 17.7795 18.831
      vertex -2.12298 19.2022 17.555
    endloop
  endfacet
  facet normal -0.333474 0.706921 0.623744
    outer loop
      vertex -2.75224 17.7795 18.831
      vertex -2.4 19.2022 17.4069
      vertex -2.94244 17.7481 18.7649
    endloop
  endfacet
  facet normal -0.372454 0.706895 0.601313
    outer loop
      vertex -3.51163 17.6541 18.5377
      vertex -2.66674 19.2022 17.2411
      vertex -3.52907 17.6501 18.5316
    endloop
  endfacet
  facet normal -0.373494 0.706909 0.600651
    outer loop
      vertex -2.66674 19.2022 17.2411
      vertex -3.51163 17.6541 18.5377
      vertex -3.32414 17.6851 18.6178
    endloop
  endfacet
  facet normal -0.703886 0.706922 0.0693303
    outer loop
      vertex -4.78972 19.2022 13.5639
      vertex -7.72837 16.2492 13.8389
      vertex -4.75893 19.2022 13.8765
    endloop
  endfacet
  facet normal -0.703915 0.706922 0.0690199
    outer loop
      vertex -7.72837 16.2492 13.8389
      vertex -4.78972 19.2022 13.5639
      vertex -7.74308 16.2425 13.7575
    endloop
  endfacet
  facet normal -0.688786 0.706924 0.160725
    outer loop
      vertex -4.70777 19.2022 14.1864
      vertex -7.50463 16.3506 14.7428
      vertex -7.3412 16.4246 15.1177
    endloop
  endfacet
  facet normal 0.0697406 0.706926 0.703841
    outer loop
      vertex 0.626525 19.2022 18.0089
      vertex 0.610948 17.98 19.238
      vertex 0.78681 17.9742 19.2264
    endloop
  endfacet
  facet normal -0.688786 0.706924 -0.160725
    outer loop
      vertex -7.3412 16.4246 11.3823
      vertex -7.50463 16.3506 11.7572
      vertex -4.70777 19.2022 12.3136
    endloop
  endfacet
  facet normal 0.483504 0.70693 -0.516211
    outer loop
      vertex 4.65874 17.3867 8.55414
      vertex 3.39411 19.2022 9.85589
      vertex 4.68314 17.3793 8.56686
    endloop
  endfacet
  facet normal 0.483223 0.706926 -0.516479
    outer loop
      vertex 4.52972 17.4167 8.47449
      vertex 3.39411 19.2022 9.85589
      vertex 4.65874 17.3867 8.55414
    endloop
  endfacet
  facet normal 0.483509 0.706914 -0.516228
    outer loop
      vertex 3.39411 19.2022 9.85589
      vertex 4.52972 17.4167 8.47449
      vertex 3.16486 19.2022 9.64117
    endloop
  endfacet
  facet normal -0.644246 0.706922 -0.291904
    outer loop
      vertex -6.69557 16.7024 10.3492
      vertex -4.43462 19.2022 11.4131
      vertex -4.30499 19.2022 11.127
    endloop
  endfacet
  facet normal -0.644285 0.706922 -0.291819
    outer loop
      vertex -4.43462 19.2022 11.4131
      vertex -6.69557 16.7024 10.3492
      vertex -6.77011 16.6743 10.4457
    endloop
  endfacet
  facet normal -0.697832 0.706923 0.115288
    outer loop
      vertex -4.75893 19.2022 13.8765
      vertex -7.65271 16.2835 14.2575
      vertex -7.53079 16.3387 14.657
    endloop
  endfacet
  facet normal -0.333324 0.706931 0.623814
    outer loop
      vertex -2.4 19.2022 17.4069
      vertex -3.14367 17.7149 18.695
      vertex -2.94244 17.7481 18.7649
    endloop
  endfacet
  facet normal -0.697926 0.706918 0.114748
    outer loop
      vertex -4.70777 19.2022 14.1864
      vertex -7.53079 16.3387 14.657
      vertex -7.50463 16.3506 14.7428
    endloop
  endfacet
  facet normal -0.69785 0.706918 0.115205
    outer loop
      vertex -7.53079 16.3387 14.657
      vertex -4.70777 19.2022 14.1864
      vertex -4.75893 19.2022 13.8765
    endloop
  endfacet
  facet normal 0.291908 0.70693 -0.644235
    outer loop
      vertex 2.35632 17.8449 7.56135
      vertex 2.12298 19.2022 8.94501
      vertex 2.55557 17.812 7.61553
    endloop
  endfacet
  facet normal 0.2919 0.706931 -0.644238
    outer loop
      vertex 2.12298 19.2022 8.94501
      vertex 2.35632 17.8449 7.56135
      vertex 1.83688 19.2022 8.81538
    endloop
  endfacet
  facet normal -0.69785 0.706918 -0.115205
    outer loop
      vertex -4.70777 19.2022 12.3136
      vertex -7.53079 16.3387 11.843
      vertex -4.75893 19.2022 12.6235
    endloop
  endfacet
  facet normal -0.697926 0.706918 -0.114748
    outer loop
      vertex -7.53079 16.3387 11.843
      vertex -4.70777 19.2022 12.3136
      vertex -7.50463 16.3506 11.7572
    endloop
  endfacet
  facet normal -0.697832 0.706923 -0.115288
    outer loop
      vertex -7.53079 16.3387 11.843
      vertex -7.65271 16.2835 12.2425
      vertex -4.75893 19.2022 12.6235
    endloop
  endfacet
  facet normal 0.115164 0.706927 0.697847
    outer loop
      vertex 0.936433 19.2022 17.9578
      vertex 0.962804 17.9685 19.2032
      vertex 1.17726 17.9615 19.1749
    endloop
  endfacet
  facet normal 0.166751 0.706785 0.687495
    outer loop
      vertex 0.936433 19.2022 17.9578
      vertex 1.17726 17.9615 19.1749
      vertex 1.17852 17.9613 19.1748
    endloop
  endfacet
  facet normal 0.115068 0.706934 0.697856
    outer loop
      vertex 0.962804 17.9685 19.2032
      vertex 0.936433 19.2022 17.9578
      vertex 0.626525 19.2022 18.0089
    endloop
  endfacet
  facet normal 0.411721 0.706928 -0.575099
    outer loop
      vertex 3.74449 17.5998 8.06098
      vertex 2.92205 19.2022 9.4419
      vertex 3.92284 17.5583 8.13765
    endloop
  endfacet
  facet normal 0.411982 0.706915 -0.574928
    outer loop
      vertex 2.92205 19.2022 9.4419
      vertex 3.74449 17.5998 8.06098
      vertex 2.66674 19.2022 9.25895
    endloop
  endfacet
  facet normal -0.448731 0.706941 0.546695
    outer loop
      vertex -3.16486 19.2022 16.8588
      vertex -3.92284 17.5583 18.3624
      vertex -2.92205 19.2022 17.0581
    endloop
  endfacet
  facet normal -0.449069 0.706896 0.546476
    outer loop
      vertex -3.92284 17.5583 18.3624
      vertex -3.16486 19.2022 16.8588
      vertex -4.08681 17.52 18.2772
    endloop
  endfacet
  facet normal -0.600622 0.706919 0.373523
    outer loop
      vertex -5.78591 17.0447 17.1138
      vertex -3.99105 19.2022 15.9167
      vertex -6.03354 16.9515 16.892
    endloop
  endfacet
  facet normal -0.607711 0.706647 0.362404
    outer loop
      vertex -3.99105 19.2022 15.9167
      vertex -5.78591 17.0447 17.1138
      vertex -5.78461 17.0451 17.1152
    endloop
  endfacet
  facet normal -0.600612 0.706917 0.373541
    outer loop
      vertex -4.15692 19.2022 15.65
      vertex -6.03354 16.9515 16.892
      vertex -3.99105 19.2022 15.9167
    endloop
  endfacet
  facet normal -0.600642 0.706917 0.373495
    outer loop
      vertex -6.03354 16.9515 16.892
      vertex -4.15692 19.2022 15.65
      vertex -6.14115 16.911 16.7956
    endloop
  endfacet
  facet normal -0.574892 0.706924 0.412017
    outer loop
      vertex -3.99105 19.2022 15.9167
      vertex -5.78461 17.0451 17.1152
      vertex -5.55067 17.1161 17.3198
    endloop
  endfacet
  facet normal -0.412149 0.706914 0.57481
    outer loop
      vertex -2.66674 19.2022 17.2411
      vertex -3.74449 17.5998 18.439
      vertex -3.52907 17.6501 18.5316
    endloop
  endfacet
  facet normal 0.910872 -0.41269 0
    outer loop
      vertex 16.1437 -7.9612 22.6
      vertex 16.6298 -6.8883 0
      vertex 16.6298 -6.8883 22.6
    endloop
  endfacet
  facet normal 0.910872 -0.41269 0
    outer loop
      vertex 16.6298 -6.8883 0
      vertex 16.1437 -7.9612 22.6
      vertex 16.1437 -7.9612 0
    endloop
  endfacet
  facet normal 0.849212 -0.528052 0
    outer loop
      vertex 14.9665 -10.0003 22.6
      vertex 15.5885 -9 0
      vertex 15.5885 -9 22.6
    endloop
  endfacet
  facet normal 0.849212 -0.528052 0
    outer loop
      vertex 15.5885 -9 0
      vertex 14.9665 -10.0003 22.6
      vertex 14.9665 -10.0003 0
    endloop
  endfacet
  facet normal 0.999466 0.0326856 0
    outer loop
      vertex 18 0 22.6
      vertex 17.9615 1.17726 0
      vertex 17.9615 1.17726 22.6
    endloop
  endfacet
  facet normal 0.999466 0.0326856 0
    outer loop
      vertex 17.9615 1.17726 0
      vertex 18 0 22.6
      vertex 18 0 0
    endloop
  endfacet
  facet normal 0.582498 0.812832 -0
    outer loop
      vertex 10.9577 14.2804 0
      vertex 10.0003 14.9665 22.6
      vertex 10.9577 14.2804 22.6
    endloop
  endfacet
  facet normal 0.582498 0.812832 0
    outer loop
      vertex 10.0003 14.9665 22.6
      vertex 10.9577 14.2804 0
      vertex 10.0003 14.9665 0
    endloop
  endfacet
  facet normal 0.97389 -0.227021 0
    outer loop
      vertex 17.3867 -4.65874 22.6
      vertex 17.6541 -3.51163 0
      vertex 17.6541 -3.51163 22.6
    endloop
  endfacet
  facet normal 0.97389 -0.227021 0
    outer loop
      vertex 17.6541 -3.51163 0
      vertex 17.3867 -4.65874 22.6
      vertex 17.3867 -4.65874 0
    endloop
  endfacet
  facet normal -0.582498 0.812832 0
    outer loop
      vertex -10.0003 14.9665 0
      vertex -10.9577 14.2804 22.6
      vertex -10.0003 14.9665 22.6
    endloop
  endfacet
  facet normal -0.582498 0.812832 0
    outer loop
      vertex -10.9577 14.2804 22.6
      vertex -10.0003 14.9665 0
      vertex -10.9577 14.2804 0
    endloop
  endfacet
  facet normal 0.881939 0.471364 0
    outer loop
      vertex 16.1437 7.9612 22.6
      vertex 15.5885 9 0
      vertex 15.5885 9 22.6
    endloop
  endfacet
  facet normal 0.881939 0.471364 0
    outer loop
      vertex 15.5885 9 0
      vertex 16.1437 7.9612 22.6
      vertex 16.1437 7.9612 0
    endloop
  endfacet
  facet normal 0.995181 0.098057 0
    outer loop
      vertex 17.9615 1.17726 22.6
      vertex 17.846 2.34947 0
      vertex 17.846 2.34947 22.6
    endloop
  endfacet
  facet normal 0.995181 0.098057 0
    outer loop
      vertex 17.846 2.34947 0
      vertex 17.9615 1.17726 22.6
      vertex 17.9615 1.17726 0
    endloop
  endfacet
  facet normal 0.956922 -0.290344 0
    outer loop
      vertex 17.0447 -5.78591 22.6
      vertex 17.3867 -4.65874 0
      vertex 17.3867 -4.65874 22.6
    endloop
  endfacet
  facet normal 0.956922 -0.290344 0
    outer loop
      vertex 17.3867 -4.65874 0
      vertex 17.0447 -5.78591 22.6
      vertex 17.0447 -5.78591 0
    endloop
  endfacet
  facet normal -0.910872 0.41269 0
    outer loop
      vertex -16.6298 6.8883 0
      vertex -16.1437 7.9612 22.6
      vertex -16.1437 7.9612 0
    endloop
  endfacet
  facet normal -0.910872 0.41269 0
    outer loop
      vertex -16.1437 7.9612 22.6
      vertex -16.6298 6.8883 0
      vertex -16.6298 6.8883 22.6
    endloop
  endfacet
  facet normal -0.227021 0.97389 0
    outer loop
      vertex -3.51163 17.6541 18.5377
      vertex -4.65874 17.3867 22.6
      vertex -3.51163 17.6541 22.6
    endloop
  endfacet
  facet normal -0.223865 0.97462 0.000939214
    outer loop
      vertex -3.52907 17.6501 18.5316
      vertex -4.65874 17.3867 22.6
      vertex -3.51163 17.6541 18.5377
    endloop
  endfacet
  facet normal -0.227348 0.973813 -8.01795e-05
    outer loop
      vertex -3.74449 17.5998 18.439
      vertex -4.65874 17.3867 22.6
      vertex -3.52907 17.6501 18.5316
    endloop
  endfacet
  facet normal -0.226666 0.973973 7.79638e-05
    outer loop
      vertex -3.92284 17.5583 18.3624
      vertex -4.65874 17.3867 22.6
      vertex -3.74449 17.5998 18.439
    endloop
  endfacet
  facet normal -0.227427 0.973795 -6.13402e-05
    outer loop
      vertex -4.08681 17.52 18.2772
      vertex -4.65874 17.3867 22.6
      vertex -3.92284 17.5583 18.3624
    endloop
  endfacet
  facet normal -0.227144 0.973861 -2.18816e-05
    outer loop
      vertex -4.30803 17.4684 18.1624
      vertex -4.65874 17.3867 22.6
      vertex -4.08681 17.52 18.2772
    endloop
  endfacet
  facet normal -0.227103 0.973871 -1.8532e-05
    outer loop
      vertex -4.52972 17.4167 18.0255
      vertex -4.65874 17.3867 22.6
      vertex -4.30803 17.4684 18.1624
    endloop
  endfacet
  facet normal -0.22648 0.974016 0
    outer loop
      vertex -4.65874 17.3867 22.6
      vertex -4.52972 17.4167 18.0255
      vertex -4.65874 17.3867 17.9459
    endloop
  endfacet
  facet normal -0.22744 0.973792 3.32628e-05
    outer loop
      vertex -4.65874 17.3867 0
      vertex -4.08681 17.52 8.22278
      vertex -3.92284 17.5583 8.13765
    endloop
  endfacet
  facet normal -0.227021 0.97389 0
    outer loop
      vertex -4.65874 17.3867 0
      vertex -3.51163 17.6541 7.96231
      vertex -3.51163 17.6541 0
    endloop
  endfacet
  facet normal -0.223719 0.974654 -0.000501423
    outer loop
      vertex -3.51163 17.6541 7.96231
      vertex -4.65874 17.3867 0
      vertex -3.52907 17.6501 7.96837
    endloop
  endfacet
  facet normal -0.227363 0.97381 4.31908e-05
    outer loop
      vertex -3.52907 17.6501 7.96837
      vertex -4.65874 17.3867 0
      vertex -3.74449 17.5998 8.06098
    endloop
  endfacet
  facet normal -0.226651 0.973976 -4.19946e-05
    outer loop
      vertex -3.74449 17.5998 8.06098
      vertex -4.65874 17.3867 0
      vertex -3.92284 17.5583 8.13765
    endloop
  endfacet
  facet normal -0.227149 0.97386 1.18647e-05
    outer loop
      vertex -4.08681 17.52 8.22278
      vertex -4.65874 17.3867 0
      vertex -4.30803 17.4684 8.33764
    endloop
  endfacet
  facet normal -0.227108 0.973869 1.00829e-05
    outer loop
      vertex -4.30803 17.4684 8.33764
      vertex -4.65874 17.3867 0
      vertex -4.52972 17.4167 8.47449
    endloop
  endfacet
  facet normal -0.22648 0.974016 0
    outer loop
      vertex -4.52972 17.4167 8.47449
      vertex -4.65874 17.3867 0
      vertex -4.65874 17.3867 8.55414
    endloop
  endfacet
  facet normal 0.41269 -0.910872 0
    outer loop
      vertex 6.8883 -16.6298 0
      vertex 7.9612 -16.1437 22.6
      vertex 6.8883 -16.6298 22.6
    endloop
  endfacet
  facet normal 0.41269 -0.910872 0
    outer loop
      vertex 7.9612 -16.1437 22.6
      vertex 6.8883 -16.6298 0
      vertex 7.9612 -16.1437 0
    endloop
  endfacet
  facet normal 0.63443 -0.77298 0
    outer loop
      vertex 10.9577 -14.2804 0
      vertex 11.8682 -13.5331 22.6
      vertex 10.9577 -14.2804 22.6
    endloop
  endfacet
  facet normal 0.63443 -0.77298 0
    outer loop
      vertex 11.8682 -13.5331 22.6
      vertex 10.9577 -14.2804 0
      vertex 11.8682 -13.5331 0
    endloop
  endfacet
  facet normal -0.881939 -0.471364 0
    outer loop
      vertex -15.5885 -9 0
      vertex -16.1437 -7.9612 22.6
      vertex -16.1437 -7.9612 0
    endloop
  endfacet
  facet normal -0.881939 -0.471364 0
    outer loop
      vertex -16.1437 -7.9612 22.6
      vertex -15.5885 -9 0
      vertex -15.5885 -9 22.6
    endloop
  endfacet
  facet normal -0.471364 0.881939 0
    outer loop
      vertex -7.9612 16.1437 0
      vertex -9 15.5885 22.6
      vertex -7.9612 16.1437 22.6
    endloop
  endfacet
  facet normal -0.471364 0.881939 0
    outer loop
      vertex -9 15.5885 22.6
      vertex -7.9612 16.1437 0
      vertex -9 15.5885 0
    endloop
  endfacet
  facet normal 0.471364 0.881939 -0
    outer loop
      vertex 9 15.5885 0
      vertex 7.9612 16.1437 22.6
      vertex 9 15.5885 22.6
    endloop
  endfacet
  facet normal 0.471364 0.881939 0
    outer loop
      vertex 7.9612 16.1437 22.6
      vertex 9 15.5885 0
      vertex 7.9612 16.1437 0
    endloop
  endfacet
  facet normal -0.97389 -0.227021 0
    outer loop
      vertex -17.3867 -4.65874 0
      vertex -17.6541 -3.51163 22.6
      vertex -17.6541 -3.51163 0
    endloop
  endfacet
  facet normal -0.97389 -0.227021 0
    outer loop
      vertex -17.6541 -3.51163 22.6
      vertex -17.3867 -4.65874 0
      vertex -17.3867 -4.65874 22.6
    endloop
  endfacet
  facet normal 0.290344 -0.956922 0
    outer loop
      vertex 4.65874 -17.3867 0
      vertex 5.78591 -17.0447 22.6
      vertex 4.65874 -17.3867 22.6
    endloop
  endfacet
  facet normal 0.290344 -0.956922 0
    outer loop
      vertex 5.78591 -17.0447 22.6
      vertex 4.65874 -17.3867 0
      vertex 5.78591 -17.0447 0
    endloop
  endfacet
  facet normal -0.956922 0.290344 0
    outer loop
      vertex -17.3867 4.65874 0
      vertex -17.0447 5.78591 22.6
      vertex -17.0447 5.78591 0
    endloop
  endfacet
  facet normal -0.956922 0.290344 0
    outer loop
      vertex -17.0447 5.78591 22.6
      vertex -17.3867 4.65874 0
      vertex -17.3867 4.65874 22.6
    endloop
  endfacet
  facet normal -0.290344 0.956922 0
    outer loop
      vertex -5.78591 17.0447 0
      vertex -4.65874 17.3867 8.55414
      vertex -4.65874 17.3867 0
    endloop
  endfacet
  facet normal -0.290233 0.956956 -1.60538e-05
    outer loop
      vertex -4.65874 17.3867 8.55414
      vertex -5.78591 17.0447 0
      vertex -4.68314 17.3793 8.56686
    endloop
  endfacet
  facet normal -0.290758 0.956797 5.77437e-05
    outer loop
      vertex -4.68314 17.3793 8.56686
      vertex -5.78591 17.0447 0
      vertex -4.8289 17.335 8.65783
    endloop
  endfacet
  facet normal -0.290255 0.956949 -2.99277e-06
    outer loop
      vertex -4.8289 17.335 8.65783
      vertex -5.78591 17.0447 0
      vertex -5.06694 17.2628 8.80641
    endloop
  endfacet
  facet normal -0.290297 0.956937 7.89607e-07
    outer loop
      vertex -5.06694 17.2628 8.80641
      vertex -5.78591 17.0447 0
      vertex -5.30494 17.1906 8.98267
    endloop
  endfacet
  facet normal -0.289822 0.957081 -2.6978e-05
    outer loop
      vertex -5.30494 17.1906 8.98267
      vertex -5.78591 17.0447 0
      vertex -5.43539 17.1511 9.07928
    endloop
  endfacet
  facet normal -0.290512 0.956871 2.12949e-06
    outer loop
      vertex -5.43539 17.1511 9.07928
      vertex -5.78591 17.0447 0
      vertex -5.55067 17.1161 9.18015
    endloop
  endfacet
  facet normal -0.290417 0.9569 -5.56074e-07
    outer loop
      vertex -5.55067 17.1161 9.18015
      vertex -5.78591 17.0447 0
      vertex -5.78461 17.0451 9.38485
    endloop
  endfacet
  facet normal -0.294086 0.955779 0
    outer loop
      vertex -5.78461 17.0451 9.38485
      vertex -5.78591 17.0447 0
      vertex -5.78591 17.0447 9.38619
    endloop
  endfacet
  facet normal -0.290344 0.956922 0
    outer loop
      vertex -4.65874 17.3867 17.9459
      vertex -5.78591 17.0447 22.6
      vertex -4.65874 17.3867 22.6
    endloop
  endfacet
  facet normal -0.290239 0.956954 2.79786e-05
    outer loop
      vertex -4.68314 17.3793 17.9331
      vertex -5.78591 17.0447 22.6
      vertex -4.65874 17.3867 17.9459
    endloop
  endfacet
  facet normal -0.290734 0.956804 -9.98069e-05
    outer loop
      vertex -4.8289 17.335 17.8422
      vertex -5.78591 17.0447 22.6
      vertex -4.68314 17.3793 17.9331
    endloop
  endfacet
  facet normal -0.290256 0.956949 5.17226e-06
    outer loop
      vertex -5.06694 17.2628 17.6936
      vertex -5.78591 17.0447 22.6
      vertex -4.8289 17.335 17.8422
    endloop
  endfacet
  facet normal -0.290297 0.956937 -1.35578e-06
    outer loop
      vertex -5.30494 17.1906 17.5173
      vertex -5.78591 17.0447 22.6
      vertex -5.06694 17.2628 17.6936
    endloop
  endfacet
  facet normal -0.289835 0.957077 4.63228e-05
    outer loop
      vertex -5.43539 17.1511 17.4207
      vertex -5.78591 17.0447 22.6
      vertex -5.30494 17.1906 17.5173
    endloop
  endfacet
  facet normal -0.290511 0.956872 -3.64328e-06
    outer loop
      vertex -5.55067 17.1161 17.3198
      vertex -5.78591 17.0447 22.6
      vertex -5.43539 17.1511 17.4207
    endloop
  endfacet
  facet normal -0.290417 0.9569 9.51398e-07
    outer loop
      vertex -5.78461 17.0451 17.1152
      vertex -5.78591 17.0447 22.6
      vertex -5.55067 17.1161 17.3198
    endloop
  endfacet
  facet normal -0.294086 0.955779 0
    outer loop
      vertex -5.78591 17.0447 22.6
      vertex -5.78461 17.0451 17.1152
      vertex -5.78591 17.0447 17.1138
    endloop
  endfacet
  facet normal 0.41269 0.910872 0
    outer loop
      vertex 7.9612 16.1437 22.6
      vertex 6.8883 16.6298 15.8665
      vertex 6.8883 16.6298 22.6
    endloop
  endfacet
  facet normal 0.412408 0.910999 5.41339e-05
    outer loop
      vertex 7.9612 16.1437 22.6
      vertex 7.05091 16.5562 15.6435
      vertex 6.8883 16.6298 15.8665
    endloop
  endfacet
  facet normal 0.412812 0.910816 -9.69617e-06
    outer loop
      vertex 7.9612 16.1437 22.6
      vertex 7.25124 16.4654 15.2956
      vertex 7.05091 16.5562 15.6435
    endloop
  endfacet
  facet normal 0.41273 0.910853 -6.66833e-08
    outer loop
      vertex 7.9612 16.1437 22.6
      vertex 7.30244 16.4422 15.2067
      vertex 7.25124 16.4654 15.2956
    endloop
  endfacet
  facet normal 0.413327 0.910583 -6.41429e-05
    outer loop
      vertex 7.9612 16.1437 22.6
      vertex 7.3412 16.4246 15.1177
      vertex 7.30244 16.4422 15.2067
    endloop
  endfacet
  facet normal 0.412512 0.910952 1.7206e-05
    outer loop
      vertex 7.9612 16.1437 22.6
      vertex 7.50463 16.3506 14.7428
      vertex 7.3412 16.4246 15.1177
    endloop
  endfacet
  facet normal 0.413856 0.910342 -7.69251e-05
    outer loop
      vertex 7.9612 16.1437 22.6
      vertex 7.53079 16.3387 14.657
      vertex 7.50463 16.3506 14.7428
    endloop
  endfacet
  facet normal 0.412486 0.910964 1.25961e-05
    outer loop
      vertex 7.9612 16.1437 22.6
      vertex 7.65271 16.2835 14.2575
      vertex 7.53079 16.3387 14.657
    endloop
  endfacet
  facet normal 0.412874 0.910788 -4.71849e-06
    outer loop
      vertex 7.9612 16.1437 22.6
      vertex 7.72837 16.2492 13.8389
      vertex 7.65271 16.2835 14.2575
    endloop
  endfacet
  facet normal 0.414275 0.910152 -4.95994e-05
    outer loop
      vertex 7.9612 16.1437 22.6
      vertex 7.74308 16.2425 13.7575
      vertex 7.72837 16.2492 13.8389
    endloop
  endfacet
  facet normal 0.411955 0.911204 1.93643e-05
    outer loop
      vertex 7.9612 16.1437 22.6
      vertex 7.74795 16.2403 13.6762
      vertex 7.74308 16.2425 13.7575
    endloop
  endfacet
  facet normal 0.411542 0.911391 3.12675e-05
    outer loop
      vertex 7.9612 16.1437 22.6
      vertex 7.77345 16.2288 13.25
      vertex 7.74795 16.2403 13.6762
    endloop
  endfacet
  facet normal 0.412502 0.910957 -1.19654e-05
    outer loop
      vertex 7.9612 16.1437 0
      vertex 7.3412 16.4246 11.3823
      vertex 7.50463 16.3506 11.7572
    endloop
  endfacet
  facet normal 0.412834 0.910806 -0
    outer loop
      vertex 7.9612 16.1437 0
      vertex 7.77345 16.2288 13.25
      vertex 7.9612 16.1437 22.6
    endloop
  endfacet
  facet normal 0.411439 0.911437 -2.38277e-05
    outer loop
      vertex 7.9612 16.1437 0
      vertex 7.74795 16.2403 12.8238
      vertex 7.77345 16.2288 13.25
    endloop
  endfacet
  facet normal 0.411892 0.911233 -1.47553e-05
    outer loop
      vertex 7.9612 16.1437 0
      vertex 7.74308 16.2425 12.7425
      vertex 7.74795 16.2403 12.8238
    endloop
  endfacet
  facet normal 0.414338 0.910123 3.57313e-05
    outer loop
      vertex 7.9612 16.1437 0
      vertex 7.72837 16.2492 12.6611
      vertex 7.74308 16.2425 12.7425
    endloop
  endfacet
  facet normal 0.41288 0.910785 3.39926e-06
    outer loop
      vertex 7.9612 16.1437 0
      vertex 7.65271 16.2835 12.2425
      vertex 7.72837 16.2492 12.6611
    endloop
  endfacet
  facet normal 0.412476 0.910969 -8.88955e-06
    outer loop
      vertex 7.9612 16.1437 0
      vertex 7.53079 16.3387 11.843
      vertex 7.65271 16.2835 12.2425
    endloop
  endfacet
  facet normal 0.413918 0.910314 5.42893e-05
    outer loop
      vertex 7.9612 16.1437 0
      vertex 7.50463 16.3506 11.7572
      vertex 7.53079 16.3387 11.843
    endloop
  endfacet
  facet normal 0.413364 0.910566 4.46076e-05
    outer loop
      vertex 7.3412 16.4246 11.3823
      vertex 7.9612 16.1437 0
      vertex 7.30244 16.4422 11.2933
    endloop
  endfacet
  facet normal 0.41273 0.910853 4.57729e-08
    outer loop
      vertex 7.9612 16.1437 0
      vertex 7.25124 16.4654 11.2044
      vertex 7.30244 16.4422 11.2933
    endloop
  endfacet
  facet normal 0.412817 0.910814 6.65571e-06
    outer loop
      vertex 7.9612 16.1437 0
      vertex 7.05091 16.5562 10.8565
      vertex 7.25124 16.4654 11.2044
    endloop
  endfacet
  facet normal 0.412388 0.911008 -3.66931e-05
    outer loop
      vertex 7.9612 16.1437 0
      vertex 6.8883 16.6298 10.6335
      vertex 7.05091 16.5562 10.8565
    endloop
  endfacet
  facet normal 0.41269 0.910872 0
    outer loop
      vertex 6.8883 16.6298 10.6335
      vertex 7.9612 16.1437 0
      vertex 6.8883 16.6298 0
    endloop
  endfacet
  facet normal -0.98664 -0.162917 0
    outer loop
      vertex -17.6541 -3.51163 0
      vertex -17.846 -2.34947 22.6
      vertex -17.846 -2.34947 0
    endloop
  endfacet
  facet normal -0.98664 -0.162917 0
    outer loop
      vertex -17.846 -2.34947 22.6
      vertex -17.6541 -3.51163 0
      vertex -17.6541 -3.51163 22.6
    endloop
  endfacet
  facet normal 0.227024 -0.973889 0
    outer loop
      vertex 3.51163 -17.6541 21.4
      vertex 3.51163 -17.6541 0
      vertex 4.5 -17.4237 21.4
    endloop
  endfacet
  facet normal 0.227001 -0.973895 0
    outer loop
      vertex 4.5 -17.4237 21.4
      vertex 4.65874 -17.3867 22.6
      vertex 4.5 -17.4237 22.6
    endloop
  endfacet
  facet normal 0.227021 -0.97389 1.58929e-07
    outer loop
      vertex 4.65874 -17.3867 0
      vertex 4.5 -17.4237 21.4
      vertex 3.51163 -17.6541 0
    endloop
  endfacet
  facet normal 0.227001 -0.973895 0
    outer loop
      vertex 4.5 -17.4237 21.4
      vertex 4.65874 -17.3867 0
      vertex 4.65874 -17.3867 22.6
    endloop
  endfacet
  facet normal -0.683594 0.729863 0
    outer loop
      vertex -11.8682 13.5331 0
      vertex -12.7279 12.7279 22.6
      vertex -11.8682 13.5331 22.6
    endloop
  endfacet
  facet normal -0.683594 0.729863 0
    outer loop
      vertex -12.7279 12.7279 22.6
      vertex -11.8682 13.5331 0
      vertex -12.7279 12.7279 0
    endloop
  endfacet
  facet normal 0.471364 -0.881939 0
    outer loop
      vertex 7.9612 -16.1437 0
      vertex 9 -15.5885 22.6
      vertex 7.9612 -16.1437 22.6
    endloop
  endfacet
  facet normal 0.471364 -0.881939 0
    outer loop
      vertex 9 -15.5885 22.6
      vertex 7.9612 -16.1437 0
      vertex 9 -15.5885 0
    endloop
  endfacet
  facet normal 0.0326856 0.999466 -1.02763e-05
    outer loop
      vertex 1.17726 17.9615 22.6
      vertex 0.393406 17.9871 19.2522
      vertex 0 18 22.6
    endloop
  endfacet
  facet normal 0.0326203 0.999468 5.01722e-06
    outer loop
      vertex 1.17726 17.9615 22.6
      vertex 0.610948 17.98 19.238
      vertex 0.393406 17.9871 19.2522
    endloop
  endfacet
  facet normal 0.0329591 0.999457 -5.2099e-05
    outer loop
      vertex 1.17726 17.9615 22.6
      vertex 0.78681 17.9742 19.2264
      vertex 0.610948 17.98 19.238
    endloop
  endfacet
  facet normal 0.0323726 0.999476 1.58492e-05
    outer loop
      vertex 1.17726 17.9615 22.6
      vertex 0.962804 17.9685 19.2032
      vertex 0.78681 17.9742 19.2264
    endloop
  endfacet
  facet normal 0.0326234 0.999468 0
    outer loop
      vertex 0.962804 17.9685 19.2032
      vertex 1.17726 17.9615 22.6
      vertex 1.17726 17.9615 19.1749
    endloop
  endfacet
  facet normal 0.032769 0.999463 -4.65756e-07
    outer loop
      vertex 0.173804 17.9943 19.2522
      vertex 0 18 22.6
      vertex 0.393406 17.9871 19.2522
    endloop
  endfacet
  facet normal 0.0327779 0.999463 0
    outer loop
      vertex 0 18 22.6
      vertex 0.173804 17.9943 19.2522
      vertex 0 18 19.2522
    endloop
  endfacet
  facet normal 0.0329609 0.999457 2.42633e-05
    outer loop
      vertex 1.17726 17.9615 0
      vertex 0.610948 17.98 7.26204
      vertex 0.78681 17.9742 7.27358
    endloop
  endfacet
  facet normal 0.0326202 0.999468 -2.33634e-06
    outer loop
      vertex 0.610948 17.98 7.26204
      vertex 1.17726 17.9615 0
      vertex 0.393406 17.9871 7.24777
    endloop
  endfacet
  facet normal 0.0323715 0.999476 -7.41079e-06
    outer loop
      vertex 0.962804 17.9685 7.2968
      vertex 1.17726 17.9615 0
      vertex 0.78681 17.9742 7.27358
    endloop
  endfacet
  facet normal 0.0326234 0.999468 -0
    outer loop
      vertex 1.17726 17.9615 0
      vertex 0.962804 17.9685 7.2968
      vertex 1.17726 17.9615 7.3251
    endloop
  endfacet
  facet normal 0.0326856 0.999466 4.74671e-06
    outer loop
      vertex 0 18 0
      vertex 0.393406 17.9871 7.24777
      vertex 1.17726 17.9615 0
    endloop
  endfacet
  facet normal 0.032769 0.999463 2.15136e-07
    outer loop
      vertex 0.393406 17.9871 7.24777
      vertex 0 18 0
      vertex 0.173804 17.9943 7.24777
    endloop
  endfacet
  facet normal 0.0327779 0.999463 0
    outer loop
      vertex 0.173804 17.9943 7.24777
      vertex 0 18 0
      vertex 0 18 7.24777
    endloop
  endfacet
  facet normal -0.729863 -0.683594 0
    outer loop
      vertex -12.7279 -12.7279 0
      vertex -13.5331 -11.8682 22.6
      vertex -13.5331 -11.8682 0
    endloop
  endfacet
  facet normal -0.729863 -0.683594 0
    outer loop
      vertex -13.5331 -11.8682 22.6
      vertex -12.7279 -12.7279 0
      vertex -12.7279 -12.7279 22.6
    endloop
  endfacet
  facet normal 0.352242 -0.935909 0
    outer loop
      vertex 5.78591 -17.0447 0
      vertex 6.8883 -16.6298 22.6
      vertex 5.78591 -17.0447 22.6
    endloop
  endfacet
  facet normal 0.352242 -0.935909 0
    outer loop
      vertex 6.8883 -16.6298 22.6
      vertex 5.78591 -17.0447 0
      vertex 6.8883 -16.6298 0
    endloop
  endfacet
  facet normal -0.729863 0.683594 0
    outer loop
      vertex -13.5331 11.8682 0
      vertex -12.7279 12.7279 22.6
      vertex -12.7279 12.7279 0
    endloop
  endfacet
  facet normal -0.729863 0.683594 0
    outer loop
      vertex -12.7279 12.7279 22.6
      vertex -13.5331 11.8682 0
      vertex -13.5331 11.8682 22.6
    endloop
  endfacet
  facet normal 0.849212 0.528052 0
    outer loop
      vertex 15.5885 9 22.6
      vertex 14.9665 10.0003 0
      vertex 14.9665 10.0003 22.6
    endloop
  endfacet
  facet normal 0.849212 0.528052 0
    outer loop
      vertex 14.9665 10.0003 0
      vertex 15.5885 9 22.6
      vertex 15.5885 9 0
    endloop
  endfacet
  facet normal -0.162917 0.98664 0
    outer loop
      vertex -3.51163 17.6541 0
      vertex -2.34947 17.846 7.55998
      vertex -2.34947 17.846 0
    endloop
  endfacet
  facet normal -0.158683 0.987329 -0.00066846
    outer loop
      vertex -2.34947 17.846 7.55998
      vertex -3.51163 17.6541 0
      vertex -2.35632 17.8449 7.56135
    endloop
  endfacet
  facet normal -0.162914 0.98664 -4.52767e-06
    outer loop
      vertex -2.35632 17.8449 7.56135
      vertex -3.51163 17.6541 0
      vertex -2.55557 17.812 7.61553
    endloop
  endfacet
  facet normal -0.163037 0.98662 1.1311e-05
    outer loop
      vertex -2.55557 17.812 7.61553
      vertex -3.51163 17.6541 0
      vertex -2.75224 17.7795 7.66901
    endloop
  endfacet
  facet normal -0.162886 0.986645 -4.07651e-06
    outer loop
      vertex -2.75224 17.7795 7.66901
      vertex -3.51163 17.6541 0
      vertex -2.94244 17.7481 7.73509
    endloop
  endfacet
  facet normal -0.162789 0.986661 -1.1442e-05
    outer loop
      vertex -2.94244 17.7481 7.73509
      vertex -3.51163 17.6541 0
      vertex -3.14367 17.7149 7.805
    endloop
  endfacet
  facet normal -0.16292 0.986639 -5.059e-06
    outer loop
      vertex -3.14367 17.7149 7.805
      vertex -3.51163 17.6541 0
      vertex -3.32414 17.6851 7.88215
    endloop
  endfacet
  facet normal -0.163127 0.986605 0
    outer loop
      vertex -3.32414 17.6851 7.88215
      vertex -3.51163 17.6541 0
      vertex -3.51163 17.6541 7.96231
    endloop
  endfacet
  facet normal -0.158553 0.987351 0
    outer loop
      vertex -2.35632 17.8449 18.9387
      vertex -2.34947 17.846 22.6
      vertex -2.34947 17.846 18.94
    endloop
  endfacet
  facet normal -0.162917 0.98664 8.3798e-06
    outer loop
      vertex -2.34947 17.846 22.6
      vertex -2.35632 17.8449 18.9387
      vertex -3.51163 17.6541 22.6
    endloop
  endfacet
  facet normal -0.162916 0.98664 8.96921e-06
    outer loop
      vertex -2.55557 17.812 18.8845
      vertex -3.51163 17.6541 22.6
      vertex -2.35632 17.8449 18.9387
    endloop
  endfacet
  facet normal -0.163034 0.98662 -2.24069e-05
    outer loop
      vertex -2.75224 17.7795 18.831
      vertex -3.51163 17.6541 22.6
      vertex -2.55557 17.812 18.8845
    endloop
  endfacet
  facet normal -0.162887 0.986645 8.0186e-06
    outer loop
      vertex -2.94244 17.7481 18.7649
      vertex -3.51163 17.6541 22.6
      vertex -2.75224 17.7795 18.831
    endloop
  endfacet
  facet normal -0.162792 0.98666 2.25071e-05
    outer loop
      vertex -3.14367 17.7149 18.695
      vertex -3.51163 17.6541 22.6
      vertex -2.94244 17.7481 18.7649
    endloop
  endfacet
  facet normal -0.162922 0.986639 9.91562e-06
    outer loop
      vertex -3.32414 17.6851 18.6178
      vertex -3.51163 17.6541 22.6
      vertex -3.14367 17.7149 18.695
    endloop
  endfacet
  facet normal -0.163127 0.986605 0
    outer loop
      vertex -3.51163 17.6541 22.6
      vertex -3.32414 17.6851 18.6178
      vertex -3.51163 17.6541 18.5377
    endloop
  endfacet
  facet normal 0.162917 -0.98664 0
    outer loop
      vertex 2.34947 -17.846 0
      vertex 3.51163 -17.6541 21.4
      vertex 2.34947 -17.846 21.4
    endloop
  endfacet
  facet normal 0.162917 -0.98664 0
    outer loop
      vertex 3.51163 -17.6541 21.4
      vertex 2.34947 -17.846 0
      vertex 3.51163 -17.6541 0
    endloop
  endfacet
  facet normal 0.63443 0.77298 -0
    outer loop
      vertex 11.8682 13.5331 0
      vertex 10.9577 14.2804 22.6
      vertex 11.8682 13.5331 22.6
    endloop
  endfacet
  facet normal 0.63443 0.77298 0
    outer loop
      vertex 10.9577 14.2804 22.6
      vertex 11.8682 13.5331 0
      vertex 10.9577 14.2804 0
    endloop
  endfacet
  facet normal 0.098057 -0.995181 0
    outer loop
      vertex 1.17726 -17.9615 0
      vertex 2.34947 -17.846 21.4
      vertex 1.17726 -17.9615 21.4
    endloop
  endfacet
  facet normal 0.098057 -0.995181 0
    outer loop
      vertex 2.34947 -17.846 21.4
      vertex 1.17726 -17.9615 0
      vertex 2.34947 -17.846 0
    endloop
  endfacet
  facet normal -0.999466 -0.0326856 0
    outer loop
      vertex -17.9615 -1.17726 0
      vertex -18 0 22.6
      vertex -18 0 0
    endloop
  endfacet
  facet normal -0.999466 -0.0326856 0
    outer loop
      vertex -18 0 22.6
      vertex -17.9615 -1.17726 0
      vertex -17.9615 -1.17726 22.6
    endloop
  endfacet
  facet normal 0.812832 -0.582498 0
    outer loop
      vertex 14.2804 -10.9577 22.6
      vertex 14.9665 -10.0003 0
      vertex 14.9665 -10.0003 22.6
    endloop
  endfacet
  facet normal 0.812832 -0.582498 0
    outer loop
      vertex 14.9665 -10.0003 0
      vertex 14.2804 -10.9577 22.6
      vertex 14.2804 -10.9577 0
    endloop
  endfacet
  facet normal 0.162917 0.98664 8.3798e-06
    outer loop
      vertex 2.35632 17.8449 18.9387
      vertex 2.34947 17.846 22.6
      vertex 3.51163 17.6541 22.6
    endloop
  endfacet
  facet normal 0.158553 0.987351 0
    outer loop
      vertex 2.34947 17.846 22.6
      vertex 2.35632 17.8449 18.9387
      vertex 2.34947 17.846 18.94
    endloop
  endfacet
  facet normal 0.162916 0.98664 8.96921e-06
    outer loop
      vertex 3.51163 17.6541 22.6
      vertex 2.55557 17.812 18.8845
      vertex 2.35632 17.8449 18.9387
    endloop
  endfacet
  facet normal 0.163034 0.98662 -2.24069e-05
    outer loop
      vertex 3.51163 17.6541 22.6
      vertex 2.75224 17.7795 18.831
      vertex 2.55557 17.812 18.8845
    endloop
  endfacet
  facet normal 0.162887 0.986645 8.0186e-06
    outer loop
      vertex 3.51163 17.6541 22.6
      vertex 2.94244 17.7481 18.7649
      vertex 2.75224 17.7795 18.831
    endloop
  endfacet
  facet normal 0.162792 0.98666 2.25071e-05
    outer loop
      vertex 3.51163 17.6541 22.6
      vertex 3.14367 17.7149 18.695
      vertex 2.94244 17.7481 18.7649
    endloop
  endfacet
  facet normal 0.162922 0.986639 9.91562e-06
    outer loop
      vertex 3.51163 17.6541 22.6
      vertex 3.32414 17.6851 18.6178
      vertex 3.14367 17.7149 18.695
    endloop
  endfacet
  facet normal 0.163127 0.986605 0
    outer loop
      vertex 3.32414 17.6851 18.6178
      vertex 3.51163 17.6541 22.6
      vertex 3.51163 17.6541 18.5377
    endloop
  endfacet
  facet normal 0.163127 0.986605 -0
    outer loop
      vertex 3.51163 17.6541 0
      vertex 3.32414 17.6851 7.88215
      vertex 3.51163 17.6541 7.96231
    endloop
  endfacet
  facet normal 0.16292 0.986639 -5.059e-06
    outer loop
      vertex 3.51163 17.6541 0
      vertex 3.14367 17.7149 7.805
      vertex 3.32414 17.6851 7.88215
    endloop
  endfacet
  facet normal 0.162789 0.986661 -1.1442e-05
    outer loop
      vertex 3.51163 17.6541 0
      vertex 2.94244 17.7481 7.73509
      vertex 3.14367 17.7149 7.805
    endloop
  endfacet
  facet normal 0.162886 0.986645 -4.07651e-06
    outer loop
      vertex 3.51163 17.6541 0
      vertex 2.75224 17.7795 7.66901
      vertex 2.94244 17.7481 7.73509
    endloop
  endfacet
  facet normal 0.163037 0.98662 1.1311e-05
    outer loop
      vertex 3.51163 17.6541 0
      vertex 2.55557 17.812 7.61553
      vertex 2.75224 17.7795 7.66901
    endloop
  endfacet
  facet normal 0.162914 0.98664 -4.52767e-06
    outer loop
      vertex 3.51163 17.6541 0
      vertex 2.35632 17.8449 7.56135
      vertex 2.55557 17.812 7.61553
    endloop
  endfacet
  facet normal 0.158683 0.987329 -0.00066846
    outer loop
      vertex 3.51163 17.6541 0
      vertex 2.34947 17.846 7.55998
      vertex 2.35632 17.8449 7.56135
    endloop
  endfacet
  facet normal 0.162917 0.98664 0
    outer loop
      vertex 2.34947 17.846 7.55998
      vertex 3.51163 17.6541 0
      vertex 2.34947 17.846 0
    endloop
  endfacet
  facet normal 0.812832 0.582498 0
    outer loop
      vertex 14.9665 10.0003 22.6
      vertex 14.2804 10.9577 0
      vertex 14.2804 10.9577 22.6
    endloop
  endfacet
  facet normal 0.812832 0.582498 0
    outer loop
      vertex 14.2804 10.9577 0
      vertex 14.9665 10.0003 22.6
      vertex 14.9665 10.0003 0
    endloop
  endfacet
  facet normal -0.935909 0.352242 0
    outer loop
      vertex -17.0447 5.78591 0
      vertex -16.6298 6.8883 22.6
      vertex -16.6298 6.8883 0
    endloop
  endfacet
  facet normal -0.935909 0.352242 0
    outer loop
      vertex -16.6298 6.8883 22.6
      vertex -17.0447 5.78591 0
      vertex -17.0447 5.78591 22.6
    endloop
  endfacet
  facet normal -0.77298 0.63443 0
    outer loop
      vertex -14.2804 10.9577 0
      vertex -13.5331 11.8682 22.6
      vertex -13.5331 11.8682 0
    endloop
  endfacet
  facet normal -0.77298 0.63443 0
    outer loop
      vertex -13.5331 11.8682 22.6
      vertex -14.2804 10.9577 0
      vertex -14.2804 10.9577 22.6
    endloop
  endfacet
  facet normal -0.032769 0.999463 2.15136e-07
    outer loop
      vertex -0.173804 17.9943 7.24777
      vertex 0 18 0
      vertex -0.393406 17.9871 7.24777
    endloop
  endfacet
  facet normal -0.0327779 0.999463 0
    outer loop
      vertex 0 18 0
      vertex -0.173804 17.9943 7.24777
      vertex 0 18 7.24777
    endloop
  endfacet
  facet normal -0.0326202 0.999468 -2.33634e-06
    outer loop
      vertex -1.17726 17.9615 0
      vertex -0.610948 17.98 7.26204
      vertex -0.393406 17.9871 7.24777
    endloop
  endfacet
  facet normal -0.0326856 0.999466 4.74671e-06
    outer loop
      vertex -1.17726 17.9615 0
      vertex -0.393406 17.9871 7.24777
      vertex 0 18 0
    endloop
  endfacet
  facet normal -0.0329609 0.999457 2.42633e-05
    outer loop
      vertex -0.610948 17.98 7.26204
      vertex -1.17726 17.9615 0
      vertex -0.78681 17.9742 7.27358
    endloop
  endfacet
  facet normal -0.0323715 0.999476 -7.41079e-06
    outer loop
      vertex -0.78681 17.9742 7.27358
      vertex -1.17726 17.9615 0
      vertex -0.962804 17.9685 7.2968
    endloop
  endfacet
  facet normal -0.0326234 0.999468 0
    outer loop
      vertex -0.962804 17.9685 7.2968
      vertex -1.17726 17.9615 0
      vertex -1.17726 17.9615 7.3251
    endloop
  endfacet
  facet normal -0.0326856 0.999466 -1.02763e-05
    outer loop
      vertex 0 18 22.6
      vertex -0.393406 17.9871 19.2522
      vertex -1.17726 17.9615 22.6
    endloop
  endfacet
  facet normal -0.0327779 0.999463 0
    outer loop
      vertex -0.173804 17.9943 19.2522
      vertex 0 18 22.6
      vertex 0 18 19.2522
    endloop
  endfacet
  facet normal -0.032769 0.999463 -4.65756e-07
    outer loop
      vertex 0 18 22.6
      vertex -0.173804 17.9943 19.2522
      vertex -0.393406 17.9871 19.2522
    endloop
  endfacet
  facet normal -0.0326203 0.999468 5.01722e-06
    outer loop
      vertex -0.610948 17.98 19.238
      vertex -1.17726 17.9615 22.6
      vertex -0.393406 17.9871 19.2522
    endloop
  endfacet
  facet normal -0.0329591 0.999457 -5.2099e-05
    outer loop
      vertex -0.78681 17.9742 19.2264
      vertex -1.17726 17.9615 22.6
      vertex -0.610948 17.98 19.238
    endloop
  endfacet
  facet normal -0.0323726 0.999476 1.58492e-05
    outer loop
      vertex -0.962804 17.9685 19.2032
      vertex -1.17726 17.9615 22.6
      vertex -0.78681 17.9742 19.2264
    endloop
  endfacet
  facet normal -0.0326234 0.999468 0
    outer loop
      vertex -1.17726 17.9615 22.6
      vertex -0.962804 17.9685 19.2032
      vertex -1.17726 17.9615 19.1749
    endloop
  endfacet
  facet normal 0.528052 0.849212 -0
    outer loop
      vertex 10.0003 14.9665 0
      vertex 9 15.5885 22.6
      vertex 10.0003 14.9665 22.6
    endloop
  endfacet
  facet normal 0.528052 0.849212 0
    outer loop
      vertex 9 15.5885 22.6
      vertex 10.0003 14.9665 0
      vertex 9 15.5885 0
    endloop
  endfacet
  facet normal 0.0326856 -0.999466 0
    outer loop
      vertex 0 -18 0
      vertex 1.17726 -17.9615 21.4
      vertex 0 -18 21.4
    endloop
  endfacet
  facet normal 0.0326856 -0.999466 0
    outer loop
      vertex 1.17726 -17.9615 21.4
      vertex 0 -18 0
      vertex 1.17726 -17.9615 0
    endloop
  endfacet
  facet normal -0.956922 -0.290344 0
    outer loop
      vertex -17.0447 -5.78591 0
      vertex -17.3867 -4.65874 22.6
      vertex -17.3867 -4.65874 0
    endloop
  endfacet
  facet normal -0.956922 -0.290344 0
    outer loop
      vertex -17.3867 -4.65874 22.6
      vertex -17.0447 -5.78591 0
      vertex -17.0447 -5.78591 22.6
    endloop
  endfacet
  facet normal 0.935909 0.352242 0
    outer loop
      vertex 17.0447 5.78591 22.6
      vertex 16.6298 6.8883 0
      vertex 16.6298 6.8883 22.6
    endloop
  endfacet
  facet normal 0.935909 0.352242 0
    outer loop
      vertex 16.6298 6.8883 0
      vertex 17.0447 5.78591 22.6
      vertex 17.0447 5.78591 0
    endloop
  endfacet
  facet normal 0.729863 0.683594 0
    outer loop
      vertex 13.5331 11.8682 22.6
      vertex 12.7279 12.7279 0
      vertex 12.7279 12.7279 22.6
    endloop
  endfacet
  facet normal 0.729863 0.683594 0
    outer loop
      vertex 12.7279 12.7279 0
      vertex 13.5331 11.8682 22.6
      vertex 13.5331 11.8682 0
    endloop
  endfacet
  facet normal 0.098057 0.995181 -1.45523e-05
    outer loop
      vertex 1.57357 17.9224 19.1226
      vertex 1.17726 17.9615 22.6
      vertex 2.34947 17.846 22.6
    endloop
  endfacet
  facet normal 0.156768 0.987636 0
    outer loop
      vertex 1.17726 17.9615 22.6
      vertex 1.17852 17.9613 19.1748
      vertex 1.17726 17.9615 19.1749
    endloop
  endfacet
  facet normal 0.0979016 0.995196 -2.2096e-05
    outer loop
      vertex 1.17726 17.9615 22.6
      vertex 1.35844 17.9436 19.1511
      vertex 1.17852 17.9613 19.1748
    endloop
  endfacet
  facet normal 0.0980683 0.99518 -1.32515e-05
    outer loop
      vertex 1.17726 17.9615 22.6
      vertex 1.57357 17.9224 19.1226
      vertex 1.35844 17.9436 19.1511
    endloop
  endfacet
  facet normal 0.0980027 0.995186 -2.31872e-06
    outer loop
      vertex 2.34947 17.846 22.6
      vertex 1.78174 17.9019 19.0809
      vertex 1.57357 17.9224 19.1226
    endloop
  endfacet
  facet normal 0.0979134 0.995195 1.22241e-05
    outer loop
      vertex 2.34947 17.846 22.6
      vertex 1.96673 17.8837 19.0438
      vertex 1.78174 17.9019 19.0809
    endloop
  endfacet
  facet normal 0.0979074 0.995196 1.28811e-05
    outer loop
      vertex 2.34947 17.846 22.6
      vertex 2.15275 17.8654 18.9934
      vertex 1.96673 17.8837 19.0438
    endloop
  endfacet
  facet normal 0.0981412 0.995172 0
    outer loop
      vertex 2.15275 17.8654 18.9934
      vertex 2.34947 17.846 22.6
      vertex 2.34947 17.846 18.94
    endloop
  endfacet
  facet normal 0.0979122 0.995195 -5.89542e-06
    outer loop
      vertex 2.34947 17.846 0
      vertex 1.78174 17.9019 7.4191
      vertex 1.96673 17.8837 7.45618
    endloop
  endfacet
  facet normal 0.0981412 0.995172 -0
    outer loop
      vertex 2.34947 17.846 0
      vertex 2.15275 17.8654 7.50663
      vertex 2.34947 17.846 7.55998
    endloop
  endfacet
  facet normal 0.0979056 0.995196 -6.23595e-06
    outer loop
      vertex 2.34947 17.846 0
      vertex 1.96673 17.8837 7.45618
      vertex 2.15275 17.8654 7.50663
    endloop
  endfacet
  facet normal 0.0980029 0.995186 1.11822e-06
    outer loop
      vertex 1.78174 17.9019 7.4191
      vertex 2.34947 17.846 0
      vertex 1.57357 17.9224 7.37736
    endloop
  endfacet
  facet normal 0.098069 0.99518 8.13146e-06
    outer loop
      vertex 2.34947 17.846 0
      vertex 1.35844 17.9436 7.34895
      vertex 1.57357 17.9224 7.37736
    endloop
  endfacet
  facet normal 0.0979063 0.995196 -1.40215e-05
    outer loop
      vertex 2.34947 17.846 0
      vertex 1.17852 17.9613 7.32518
      vertex 1.35844 17.9436 7.34895
    endloop
  endfacet
  facet normal 0.098057 0.995181 1.03048e-05
    outer loop
      vertex 1.17726 17.9615 0
      vertex 1.17852 17.9613 7.32518
      vertex 2.34947 17.846 0
    endloop
  endfacet
  facet normal 0.156768 0.987636 0
    outer loop
      vertex 1.17852 17.9613 7.32518
      vertex 1.17726 17.9615 0
      vertex 1.17726 17.9615 7.3251
    endloop
  endfacet
  facet normal 0.910872 0.41269 0
    outer loop
      vertex 16.6298 6.8883 22.6
      vertex 16.1437 7.9612 0
      vertex 16.1437 7.9612 22.6
    endloop
  endfacet
  facet normal 0.910872 0.41269 0
    outer loop
      vertex 16.1437 7.9612 0
      vertex 16.6298 6.8883 22.6
      vertex 16.6298 6.8883 0
    endloop
  endfacet
  facet normal -0.162917 -0.98664 0
    outer loop
      vertex -3.51163 -17.6541 0
      vertex -2.34947 -17.846 21.4
      vertex -3.51163 -17.6541 21.4
    endloop
  endfacet
  facet normal -0.162917 -0.98664 -0
    outer loop
      vertex -2.34947 -17.846 21.4
      vertex -3.51163 -17.6541 0
      vertex -2.34947 -17.846 0
    endloop
  endfacet
  facet normal -0.0980029 0.995186 1.11822e-06
    outer loop
      vertex -2.34947 17.846 0
      vertex -1.78174 17.9019 7.4191
      vertex -1.57357 17.9224 7.37736
    endloop
  endfacet
  facet normal -0.156768 0.987636 0
    outer loop
      vertex -1.17726 17.9615 0
      vertex -1.17852 17.9613 7.32518
      vertex -1.17726 17.9615 7.3251
    endloop
  endfacet
  facet normal -0.0979031 0.995196 1.03317e-05
    outer loop
      vertex -1.17726 17.9615 0
      vertex -1.35844 17.9436 7.34895
      vertex -1.17852 17.9613 7.32518
    endloop
  endfacet
  facet normal -0.098057 0.995181 6.50041e-06
    outer loop
      vertex -2.34947 17.846 0
      vertex -1.35844 17.9436 7.34895
      vertex -1.17726 17.9615 0
    endloop
  endfacet
  facet normal -0.098069 0.99518 8.13146e-06
    outer loop
      vertex -1.35844 17.9436 7.34895
      vertex -2.34947 17.846 0
      vertex -1.57357 17.9224 7.37736
    endloop
  endfacet
  facet normal -0.0979122 0.995195 -5.89542e-06
    outer loop
      vertex -1.78174 17.9019 7.4191
      vertex -2.34947 17.846 0
      vertex -1.96673 17.8837 7.45618
    endloop
  endfacet
  facet normal -0.0979056 0.995196 -6.23595e-06
    outer loop
      vertex -1.96673 17.8837 7.45618
      vertex -2.34947 17.846 0
      vertex -2.15275 17.8654 7.50663
    endloop
  endfacet
  facet normal -0.0981412 0.995172 0
    outer loop
      vertex -2.15275 17.8654 7.50663
      vertex -2.34947 17.846 0
      vertex -2.34947 17.846 7.55998
    endloop
  endfacet
  facet normal -0.156768 0.987636 0
    outer loop
      vertex -1.17852 17.9613 19.1748
      vertex -1.17726 17.9615 22.6
      vertex -1.17726 17.9615 19.1749
    endloop
  endfacet
  facet normal -0.0979016 0.995196 -2.2096e-05
    outer loop
      vertex -1.35844 17.9436 19.1511
      vertex -1.17726 17.9615 22.6
      vertex -1.17852 17.9613 19.1748
    endloop
  endfacet
  facet normal -0.0980683 0.99518 -1.32515e-05
    outer loop
      vertex -1.57357 17.9224 19.1226
      vertex -1.17726 17.9615 22.6
      vertex -1.35844 17.9436 19.1511
    endloop
  endfacet
  facet normal -0.098057 0.995181 -1.45523e-05
    outer loop
      vertex -1.17726 17.9615 22.6
      vertex -1.57357 17.9224 19.1226
      vertex -2.34947 17.846 22.6
    endloop
  endfacet
  facet normal -0.0980027 0.995186 -2.31872e-06
    outer loop
      vertex -1.78174 17.9019 19.0809
      vertex -2.34947 17.846 22.6
      vertex -1.57357 17.9224 19.1226
    endloop
  endfacet
  facet normal -0.0979134 0.995195 1.22241e-05
    outer loop
      vertex -1.96673 17.8837 19.0438
      vertex -2.34947 17.846 22.6
      vertex -1.78174 17.9019 19.0809
    endloop
  endfacet
  facet normal -0.0979074 0.995196 1.28811e-05
    outer loop
      vertex -2.15275 17.8654 18.9934
      vertex -2.34947 17.846 22.6
      vertex -1.96673 17.8837 19.0438
    endloop
  endfacet
  facet normal -0.0981412 0.995172 0
    outer loop
      vertex -2.34947 17.846 22.6
      vertex -2.15275 17.8654 18.9934
      vertex -2.34947 17.846 18.94
    endloop
  endfacet
  facet normal -0.528052 0.849212 0
    outer loop
      vertex -9 15.5885 0
      vertex -10.0003 14.9665 22.6
      vertex -9 15.5885 22.6
    endloop
  endfacet
  facet normal -0.528052 0.849212 0
    outer loop
      vertex -10.0003 14.9665 22.6
      vertex -9 15.5885 0
      vertex -10.0003 14.9665 0
    endloop
  endfacet
  facet normal 0.956922 0.290344 0
    outer loop
      vertex 17.3867 4.65874 22.6
      vertex 17.0447 5.78591 0
      vertex 17.0447 5.78591 22.6
    endloop
  endfacet
  facet normal 0.956922 0.290344 0
    outer loop
      vertex 17.0447 5.78591 0
      vertex 17.3867 4.65874 22.6
      vertex 17.3867 4.65874 0
    endloop
  endfacet
  facet normal -0.995181 0.098057 0
    outer loop
      vertex -17.9615 1.17726 0
      vertex -17.846 2.34947 22.6
      vertex -17.846 2.34947 0
    endloop
  endfacet
  facet normal -0.995181 0.098057 0
    outer loop
      vertex -17.846 2.34947 22.6
      vertex -17.9615 1.17726 0
      vertex -17.9615 1.17726 22.6
    endloop
  endfacet
  facet normal 0.683594 -0.729863 0
    outer loop
      vertex 11.8682 -13.5331 0
      vertex 12.7279 -12.7279 22.6
      vertex 11.8682 -13.5331 22.6
    endloop
  endfacet
  facet normal 0.683594 -0.729863 0
    outer loop
      vertex 12.7279 -12.7279 22.6
      vertex 11.8682 -13.5331 0
      vertex 12.7279 -12.7279 0
    endloop
  endfacet
  facet normal 0.528052 -0.849212 0
    outer loop
      vertex 9 -15.5885 0
      vertex 10.0003 -14.9665 22.6
      vertex 9 -15.5885 22.6
    endloop
  endfacet
  facet normal 0.528052 -0.849212 0
    outer loop
      vertex 10.0003 -14.9665 22.6
      vertex 9 -15.5885 0
      vertex 10.0003 -14.9665 0
    endloop
  endfacet
  facet normal -0.98664 0.162917 0
    outer loop
      vertex -17.846 2.34947 0
      vertex -17.6541 3.51163 22.6
      vertex -17.6541 3.51163 0
    endloop
  endfacet
  facet normal -0.98664 0.162917 0
    outer loop
      vertex -17.6541 3.51163 22.6
      vertex -17.846 2.34947 0
      vertex -17.846 2.34947 22.6
    endloop
  endfacet
  facet normal -0.471364 -0.881939 0
    outer loop
      vertex -9 -15.5885 0
      vertex -7.9612 -16.1437 22.6
      vertex -9 -15.5885 22.6
    endloop
  endfacet
  facet normal -0.471364 -0.881939 -0
    outer loop
      vertex -7.9612 -16.1437 22.6
      vertex -9 -15.5885 0
      vertex -7.9612 -16.1437 0
    endloop
  endfacet
  facet normal -0.97389 0.227021 0
    outer loop
      vertex -17.6541 3.51163 0
      vertex -17.3867 4.65874 22.6
      vertex -17.3867 4.65874 0
    endloop
  endfacet
  facet normal -0.97389 0.227021 0
    outer loop
      vertex -17.3867 4.65874 22.6
      vertex -17.6541 3.51163 0
      vertex -17.6541 3.51163 22.6
    endloop
  endfacet
  facet normal -0.290344 -0.956922 0
    outer loop
      vertex -5.78591 -17.0447 0
      vertex -4.65874 -17.3867 22.6
      vertex -5.78591 -17.0447 22.6
    endloop
  endfacet
  facet normal -0.290344 -0.956922 -0
    outer loop
      vertex -4.65874 -17.3867 22.6
      vertex -5.78591 -17.0447 0
      vertex -4.65874 -17.3867 0
    endloop
  endfacet
  facet normal 0.77298 -0.63443 0
    outer loop
      vertex 13.5331 -11.8682 22.6
      vertex 14.2804 -10.9577 0
      vertex 14.2804 -10.9577 22.6
    endloop
  endfacet
  facet normal 0.77298 -0.63443 0
    outer loop
      vertex 14.2804 -10.9577 0
      vertex 13.5331 -11.8682 22.6
      vertex 13.5331 -11.8682 0
    endloop
  endfacet
  facet normal 0.98664 0.162917 0
    outer loop
      vertex 17.846 2.34947 22.6
      vertex 17.6541 3.51163 0
      vertex 17.6541 3.51163 22.6
    endloop
  endfacet
  facet normal 0.98664 0.162917 0
    outer loop
      vertex 17.6541 3.51163 0
      vertex 17.846 2.34947 22.6
      vertex 17.846 2.34947 0
    endloop
  endfacet
  facet normal 0.97389 0.227021 0
    outer loop
      vertex 17.6541 3.51163 22.6
      vertex 17.3867 4.65874 0
      vertex 17.3867 4.65874 22.6
    endloop
  endfacet
  facet normal 0.97389 0.227021 0
    outer loop
      vertex 17.3867 4.65874 0
      vertex 17.6541 3.51163 22.6
      vertex 17.6541 3.51163 0
    endloop
  endfacet
  facet normal 0.77298 0.63443 0
    outer loop
      vertex 14.2804 10.9577 22.6
      vertex 13.5331 11.8682 0
      vertex 13.5331 11.8682 22.6
    endloop
  endfacet
  facet normal 0.77298 0.63443 0
    outer loop
      vertex 13.5331 11.8682 0
      vertex 14.2804 10.9577 22.6
      vertex 14.2804 10.9577 0
    endloop
  endfacet
  facet normal -0.0326856 -0.999466 0
    outer loop
      vertex -1.17726 -17.9615 0
      vertex 0 -18 21.4
      vertex -1.17726 -17.9615 21.4
    endloop
  endfacet
  facet normal -0.0326856 -0.999466 -0
    outer loop
      vertex 0 -18 21.4
      vertex -1.17726 -17.9615 0
      vertex 0 -18 0
    endloop
  endfacet
  facet normal -0.41269 0.910872 0
    outer loop
      vertex -6.8883 16.6298 15.8665
      vertex -7.9612 16.1437 22.6
      vertex -6.8883 16.6298 22.6
    endloop
  endfacet
  facet normal -0.412408 0.910999 5.41339e-05
    outer loop
      vertex -7.05091 16.5562 15.6435
      vertex -7.9612 16.1437 22.6
      vertex -6.8883 16.6298 15.8665
    endloop
  endfacet
  facet normal -0.412812 0.910816 -9.69617e-06
    outer loop
      vertex -7.25124 16.4654 15.2956
      vertex -7.9612 16.1437 22.6
      vertex -7.05091 16.5562 15.6435
    endloop
  endfacet
  facet normal -0.41273 0.910853 -6.66833e-08
    outer loop
      vertex -7.30244 16.4422 15.2067
      vertex -7.9612 16.1437 22.6
      vertex -7.25124 16.4654 15.2956
    endloop
  endfacet
  facet normal -0.413327 0.910583 -6.41429e-05
    outer loop
      vertex -7.3412 16.4246 15.1177
      vertex -7.9612 16.1437 22.6
      vertex -7.30244 16.4422 15.2067
    endloop
  endfacet
  facet normal -0.412512 0.910952 1.7206e-05
    outer loop
      vertex -7.50463 16.3506 14.7428
      vertex -7.9612 16.1437 22.6
      vertex -7.3412 16.4246 15.1177
    endloop
  endfacet
  facet normal -0.413856 0.910342 -7.69251e-05
    outer loop
      vertex -7.53079 16.3387 14.657
      vertex -7.9612 16.1437 22.6
      vertex -7.50463 16.3506 14.7428
    endloop
  endfacet
  facet normal -0.412486 0.910964 1.25961e-05
    outer loop
      vertex -7.65271 16.2835 14.2575
      vertex -7.9612 16.1437 22.6
      vertex -7.53079 16.3387 14.657
    endloop
  endfacet
  facet normal -0.412874 0.910788 -4.71849e-06
    outer loop
      vertex -7.72837 16.2492 13.8389
      vertex -7.9612 16.1437 22.6
      vertex -7.65271 16.2835 14.2575
    endloop
  endfacet
  facet normal -0.414275 0.910152 -4.95994e-05
    outer loop
      vertex -7.74308 16.2425 13.7575
      vertex -7.9612 16.1437 22.6
      vertex -7.72837 16.2492 13.8389
    endloop
  endfacet
  facet normal -0.411955 0.911204 1.93643e-05
    outer loop
      vertex -7.74795 16.2403 13.6762
      vertex -7.9612 16.1437 22.6
      vertex -7.74308 16.2425 13.7575
    endloop
  endfacet
  facet normal -0.411542 0.911391 3.12675e-05
    outer loop
      vertex -7.77345 16.2288 13.25
      vertex -7.9612 16.1437 22.6
      vertex -7.74795 16.2403 13.6762
    endloop
  endfacet
  facet normal -0.413364 0.910566 4.46076e-05
    outer loop
      vertex -7.9612 16.1437 0
      vertex -7.3412 16.4246 11.3823
      vertex -7.30244 16.4422 11.2933
    endloop
  endfacet
  facet normal -0.41269 0.910872 0
    outer loop
      vertex -7.9612 16.1437 0
      vertex -6.8883 16.6298 10.6335
      vertex -6.8883 16.6298 0
    endloop
  endfacet
  facet normal -0.412388 0.911008 -3.66931e-05
    outer loop
      vertex -6.8883 16.6298 10.6335
      vertex -7.9612 16.1437 0
      vertex -7.05091 16.5562 10.8565
    endloop
  endfacet
  facet normal -0.412817 0.910814 6.65571e-06
    outer loop
      vertex -7.05091 16.5562 10.8565
      vertex -7.9612 16.1437 0
      vertex -7.25124 16.4654 11.2044
    endloop
  endfacet
  facet normal -0.41273 0.910853 4.57729e-08
    outer loop
      vertex -7.25124 16.4654 11.2044
      vertex -7.9612 16.1437 0
      vertex -7.30244 16.4422 11.2933
    endloop
  endfacet
  facet normal -0.412502 0.910957 -1.19654e-05
    outer loop
      vertex -7.3412 16.4246 11.3823
      vertex -7.9612 16.1437 0
      vertex -7.50463 16.3506 11.7572
    endloop
  endfacet
  facet normal -0.413918 0.910314 5.42893e-05
    outer loop
      vertex -7.50463 16.3506 11.7572
      vertex -7.9612 16.1437 0
      vertex -7.53079 16.3387 11.843
    endloop
  endfacet
  facet normal -0.412476 0.910969 -8.88955e-06
    outer loop
      vertex -7.53079 16.3387 11.843
      vertex -7.9612 16.1437 0
      vertex -7.65271 16.2835 12.2425
    endloop
  endfacet
  facet normal -0.41288 0.910785 3.39926e-06
    outer loop
      vertex -7.65271 16.2835 12.2425
      vertex -7.9612 16.1437 0
      vertex -7.72837 16.2492 12.6611
    endloop
  endfacet
  facet normal -0.412834 0.910806 0
    outer loop
      vertex -7.77345 16.2288 13.25
      vertex -7.9612 16.1437 0
      vertex -7.9612 16.1437 22.6
    endloop
  endfacet
  facet normal -0.411439 0.911437 -2.38277e-05
    outer loop
      vertex -7.74795 16.2403 12.8238
      vertex -7.9612 16.1437 0
      vertex -7.77345 16.2288 13.25
    endloop
  endfacet
  facet normal -0.411892 0.911233 -1.47553e-05
    outer loop
      vertex -7.74308 16.2425 12.7425
      vertex -7.9612 16.1437 0
      vertex -7.74795 16.2403 12.8238
    endloop
  endfacet
  facet normal -0.414338 0.910123 3.57313e-05
    outer loop
      vertex -7.72837 16.2492 12.6611
      vertex -7.9612 16.1437 0
      vertex -7.74308 16.2425 12.7425
    endloop
  endfacet
  facet normal 0.935909 -0.352242 0
    outer loop
      vertex 16.6298 -6.8883 22.6
      vertex 17.0447 -5.78591 0
      vertex 17.0447 -5.78591 22.6
    endloop
  endfacet
  facet normal 0.935909 -0.352242 0
    outer loop
      vertex 17.0447 -5.78591 0
      vertex 16.6298 -6.8883 22.6
      vertex 16.6298 -6.8883 0
    endloop
  endfacet
  facet normal 0.881939 -0.471364 0
    outer loop
      vertex 15.5885 -9 22.6
      vertex 16.1437 -7.9612 0
      vertex 16.1437 -7.9612 22.6
    endloop
  endfacet
  facet normal 0.881939 -0.471364 0
    outer loop
      vertex 16.1437 -7.9612 0
      vertex 15.5885 -9 22.6
      vertex 15.5885 -9 0
    endloop
  endfacet
  facet normal -0.351932 0.936025 -5.57462e-06
    outer loop
      vertex -6.8883 16.6298 0
      vertex -6.83155 16.6512 10.5434
      vertex -6.77011 16.6743 10.4457
    endloop
  endfacet
  facet normal -0.352304 0.935886 -4.42426e-06
    outer loop
      vertex -6.8883 16.6298 0
      vertex -6.69557 16.7024 10.3492
      vertex -6.47136 16.7868 10.0587
    endloop
  endfacet
  facet normal -0.352245 0.935908 3.86556e-07
    outer loop
      vertex -6.8883 16.6298 0
      vertex -6.03354 16.9515 9.60801
      vertex -5.78591 17.0447 9.38619
    endloop
  endfacet
  facet normal -0.352242 0.935909 0
    outer loop
      vertex -6.8883 16.6298 0
      vertex -5.78591 17.0447 9.38619
      vertex -5.78591 17.0447 0
    endloop
  endfacet
  facet normal -0.352239 0.93591 -2.99308e-07
    outer loop
      vertex -6.03354 16.9515 9.60801
      vertex -6.8883 16.6298 0
      vertex -6.14115 16.911 9.7044
    endloop
  endfacet
  facet normal -0.352114 0.935957 -1.12931e-05
    outer loop
      vertex -6.14115 16.911 9.7044
      vertex -6.8883 16.6298 0
      vertex -6.38092 16.8208 9.96164
    endloop
  endfacet
  facet normal -0.351916 0.936032 -2.27758e-05
    outer loop
      vertex -6.38092 16.8208 9.96164
      vertex -6.8883 16.6298 0
      vertex -6.47136 16.7868 10.0587
    endloop
  endfacet
  facet normal -0.352741 0.935721 4.86676e-06
    outer loop
      vertex -6.69557 16.7024 10.3492
      vertex -6.8883 16.6298 0
      vertex -6.77011 16.6743 10.4457
    endloop
  endfacet
  facet normal -0.352839 0.935684 0
    outer loop
      vertex -6.83155 16.6512 10.5434
      vertex -6.8883 16.6298 0
      vertex -6.8883 16.6298 10.6335
    endloop
  endfacet
  facet normal -0.352242 0.935909 0
    outer loop
      vertex -5.78591 17.0447 17.1138
      vertex -6.8883 16.6298 22.6
      vertex -5.78591 17.0447 22.6
    endloop
  endfacet
  facet normal -0.352245 0.935908 -6.1944e-07
    outer loop
      vertex -6.03354 16.9515 16.892
      vertex -6.8883 16.6298 22.6
      vertex -5.78591 17.0447 17.1138
    endloop
  endfacet
  facet normal -0.352239 0.93591 4.79619e-07
    outer loop
      vertex -6.14115 16.911 16.7956
      vertex -6.8883 16.6298 22.6
      vertex -6.03354 16.9515 16.892
    endloop
  endfacet
  facet normal -0.35212 0.935955 1.79605e-05
    outer loop
      vertex -6.38092 16.8208 16.5384
      vertex -6.8883 16.6298 22.6
      vertex -6.14115 16.911 16.7956
    endloop
  endfacet
  facet normal -0.351929 0.936027 3.62205e-05
    outer loop
      vertex -6.47136 16.7868 16.4413
      vertex -6.8883 16.6298 22.6
      vertex -6.38092 16.8208 16.5384
    endloop
  endfacet
  facet normal -0.352307 0.935885 6.99999e-06
    outer loop
      vertex -6.69557 16.7024 16.1508
      vertex -6.8883 16.6298 22.6
      vertex -6.47136 16.7868 16.4413
    endloop
  endfacet
  facet normal -0.352738 0.935722 -7.70021e-06
    outer loop
      vertex -6.77011 16.6743 16.0543
      vertex -6.8883 16.6298 22.6
      vertex -6.69557 16.7024 16.1508
    endloop
  endfacet
  facet normal -0.351937 0.936024 8.80333e-06
    outer loop
      vertex -6.83155 16.6512 15.9566
      vertex -6.8883 16.6298 22.6
      vertex -6.77011 16.6743 16.0543
    endloop
  endfacet
  facet normal -0.352839 0.935684 0
    outer loop
      vertex -6.8883 16.6298 22.6
      vertex -6.83155 16.6512 15.9566
      vertex -6.8883 16.6298 15.8665
    endloop
  endfacet
  facet normal -0.849212 -0.528052 0
    outer loop
      vertex -14.9665 -10.0003 0
      vertex -15.5885 -9 22.6
      vertex -15.5885 -9 0
    endloop
  endfacet
  facet normal -0.849212 -0.528052 0
    outer loop
      vertex -15.5885 -9 22.6
      vertex -14.9665 -10.0003 0
      vertex -14.9665 -10.0003 22.6
    endloop
  endfacet
  facet normal -0.352242 -0.935909 0
    outer loop
      vertex -6.8883 -16.6298 0
      vertex -5.78591 -17.0447 22.6
      vertex -6.8883 -16.6298 22.6
    endloop
  endfacet
  facet normal -0.352242 -0.935909 -0
    outer loop
      vertex -5.78591 -17.0447 22.6
      vertex -6.8883 -16.6298 0
      vertex -5.78591 -17.0447 0
    endloop
  endfacet
  facet normal -0.77298 -0.63443 0
    outer loop
      vertex -13.5331 -11.8682 0
      vertex -14.2804 -10.9577 22.6
      vertex -14.2804 -10.9577 0
    endloop
  endfacet
  facet normal -0.77298 -0.63443 0
    outer loop
      vertex -14.2804 -10.9577 22.6
      vertex -13.5331 -11.8682 0
      vertex -13.5331 -11.8682 22.6
    endloop
  endfacet
  facet normal 0.98664 -0.162917 0
    outer loop
      vertex 17.6541 -3.51163 22.6
      vertex 17.846 -2.34947 0
      vertex 17.846 -2.34947 22.6
    endloop
  endfacet
  facet normal 0.98664 -0.162917 0
    outer loop
      vertex 17.846 -2.34947 0
      vertex 17.6541 -3.51163 22.6
      vertex 17.6541 -3.51163 0
    endloop
  endfacet
  facet normal -0.910872 -0.41269 0
    outer loop
      vertex -16.1437 -7.9612 0
      vertex -16.6298 -6.8883 22.6
      vertex -16.6298 -6.8883 0
    endloop
  endfacet
  facet normal -0.910872 -0.41269 0
    outer loop
      vertex -16.6298 -6.8883 22.6
      vertex -16.1437 -7.9612 0
      vertex -16.1437 -7.9612 22.6
    endloop
  endfacet
  facet normal 0.683594 0.729863 -0
    outer loop
      vertex 12.7279 12.7279 0
      vertex 11.8682 13.5331 22.6
      vertex 12.7279 12.7279 22.6
    endloop
  endfacet
  facet normal 0.683594 0.729863 0
    outer loop
      vertex 11.8682 13.5331 22.6
      vertex 12.7279 12.7279 0
      vertex 11.8682 13.5331 0
    endloop
  endfacet
  facet normal -0.63443 0.77298 0
    outer loop
      vertex -10.9577 14.2804 0
      vertex -11.8682 13.5331 22.6
      vertex -10.9577 14.2804 22.6
    endloop
  endfacet
  facet normal -0.63443 0.77298 0
    outer loop
      vertex -11.8682 13.5331 22.6
      vertex -10.9577 14.2804 0
      vertex -11.8682 13.5331 0
    endloop
  endfacet
  facet normal -0.995181 -0.098057 0
    outer loop
      vertex -17.846 -2.34947 0
      vertex -17.9615 -1.17726 22.6
      vertex -17.9615 -1.17726 0
    endloop
  endfacet
  facet normal -0.995181 -0.098057 0
    outer loop
      vertex -17.9615 -1.17726 22.6
      vertex -17.846 -2.34947 0
      vertex -17.846 -2.34947 22.6
    endloop
  endfacet
  facet normal -0.999466 0.0326856 0
    outer loop
      vertex -18 0 0
      vertex -17.9615 1.17726 22.6
      vertex -17.9615 1.17726 0
    endloop
  endfacet
  facet normal -0.999466 0.0326856 0
    outer loop
      vertex -17.9615 1.17726 22.6
      vertex -18 0 0
      vertex -18 0 22.6
    endloop
  endfacet
  facet normal 0 0 -1
    outer loop
      vertex 10.1417 0 0
      vertex 18 0 0
      vertex 17.9615 -1.17726 0
    endloop
  endfacet
  facet normal 0 0 -1
    outer loop
      vertex 10.1195 -0.668262 0
      vertex 17.9615 -1.17726 0
      vertex 17.846 -2.34947 0
    endloop
  endfacet
  facet normal 0 0 -1
    outer loop
      vertex 18 0 0
      vertex 10.1417 0 0
      vertex 17.9615 1.17726 0
    endloop
  endfacet
  facet normal 0 0 -1
    outer loop
      vertex 10.0549 -1.32375 0
      vertex 17.846 -2.34947 0
      vertex 17.6541 -3.51163 0
    endloop
  endfacet
  facet normal 0 0 -1
    outer loop
      vertex 10.1201 0.65831 0
      vertex 17.9615 1.17726 0
      vertex 10.1417 0 0
    endloop
  endfacet
  facet normal 0 0 -1
    outer loop
      vertex 9.9468 -1.97854 0
      vertex 17.6541 -3.51163 0
      vertex 17.3867 -4.65874 0
    endloop
  endfacet
  facet normal 0 0 -1
    outer loop
      vertex 10.12 0.663296 0
      vertex 17.9615 1.17726 0
      vertex 10.1201 0.65831 0
    endloop
  endfacet
  facet normal 0 0 -1
    outer loop
      vertex 9.79465 -2.62963 0
      vertex 17.3867 -4.65874 0
      vertex 17.0447 -5.78591 0
    endloop
  endfacet
  facet normal 0 0 -1
    outer loop
      vertex 10.1195 0.668262 0
      vertex 17.9615 1.17726 0
      vertex 10.12 0.663296 0
    endloop
  endfacet
  facet normal 0 0 -1
    outer loop
      vertex 9.60345 -3.25993 0
      vertex 17.0447 -5.78591 0
      vertex 16.6298 -6.8883 0
    endloop
  endfacet
  facet normal -0 0 -1
    outer loop
      vertex 17.9615 1.17726 0
      vertex 10.1195 0.668262 0
      vertex 17.846 2.34947 0
    endloop
  endfacet
  facet normal 0 0 -1
    outer loop
      vertex 9.36968 -3.88105 0
      vertex 16.6298 -6.8883 0
      vertex 16.1437 -7.9612 0
    endloop
  endfacet
  facet normal 0 0 -1
    outer loop
      vertex 10.0549 1.32375 0
      vertex 17.846 2.34947 0
      vertex 10.1195 0.668262 0
    endloop
  endfacet
  facet normal 0 0 -1
    outer loop
      vertex 9.09343 -4.48994 0
      vertex 16.1437 -7.9612 0
      vertex 15.5885 -9 0
    endloop
  endfacet
  facet normal -0 0 -1
    outer loop
      vertex 17.846 2.34947 0
      vertex 10.0549 1.32375 0
      vertex 17.6541 3.51163 0
    endloop
  endfacet
  facet normal 0 0 -1
    outer loop
      vertex 8.78294 -5.07083 0
      vertex 15.5885 -9 0
      vertex 14.9665 -10.0003 0
    endloop
  endfacet
  facet normal 0 0 -1
    outer loop
      vertex 9.94761 1.97362 0
      vertex 17.6541 3.51163 0
      vertex 10.0549 1.32375 0
    endloop
  endfacet
  facet normal 0 0 -1
    outer loop
      vertex 8.43249 -5.63441 0
      vertex 14.9665 -10.0003 0
      vertex 14.2804 -10.9577 0
    endloop
  endfacet
  facet normal 0 0 -1
    outer loop
      vertex 9.9468 1.97854 0
      vertex 17.6541 3.51163 0
      vertex 9.94761 1.97362 0
    endloop
  endfacet
  facet normal 0 0 -1
    outer loop
      vertex 8.04593 -6.17386 0
      vertex 14.2804 -10.9577 0
      vertex 13.5331 -11.8682 0
    endloop
  endfacet
  facet normal -0 0 -1
    outer loop
      vertex 17.6541 3.51163 0
      vertex 9.9468 1.97854 0
      vertex 17.3867 4.65874 0
    endloop
  endfacet
  facet normal 0 0 -1
    outer loop
      vertex 7.6215 -6.69051 0
      vertex 13.5331 -11.8682 0
      vertex 12.7279 -12.7279 0
    endloop
  endfacet
  facet normal 0 0 -1
    outer loop
      vertex 9.79723 2.62 0
      vertex 17.3867 4.65874 0
      vertex 9.9468 1.97854 0
    endloop
  endfacet
  facet normal 0 0 -1
    outer loop
      vertex 7.17124 -7.17124 0
      vertex 12.7279 -12.7279 0
      vertex 11.8682 -13.5331 0
    endloop
  endfacet
  facet normal 0 0 -1
    outer loop
      vertex 9.7961 2.62486 0
      vertex 17.3867 4.65874 0
      vertex 9.79723 2.62 0
    endloop
  endfacet
  facet normal 0 0 -1
    outer loop
      vertex 6.68301 -7.62807 0
      vertex 11.8682 -13.5331 0
      vertex 10.9577 -14.2804 0
    endloop
  endfacet
  facet normal 0 0 -1
    outer loop
      vertex 9.79465 2.62963 0
      vertex 17.3867 4.65874 0
      vertex 9.7961 2.62486 0
    endloop
  endfacet
  facet normal -0 0 -1
    outer loop
      vertex 17.3867 4.65874 0
      vertex 9.79465 2.62963 0
      vertex 17.0447 5.78591 0
    endloop
  endfacet
  facet normal 0 0 -1
    outer loop
      vertex 17.9615 -1.17726 0
      vertex 10.1201 -0.65831 0
      vertex 10.1417 0 0
    endloop
  endfacet
  facet normal 0 0 -1
    outer loop
      vertex 17.9615 -1.17726 0
      vertex 10.12 -0.663296 0
      vertex 10.1201 -0.65831 0
    endloop
  endfacet
  facet normal 0 0 -1
    outer loop
      vertex 17.9615 -1.17726 0
      vertex 10.1195 -0.668262 0
      vertex 10.12 -0.663296 0
    endloop
  endfacet
  facet normal 0 0 -1
    outer loop
      vertex 17.846 -2.34947 0
      vertex 10.0549 -1.32375 0
      vertex 10.1195 -0.668262 0
    endloop
  endfacet
  facet normal 0 0 -1
    outer loop
      vertex 6.1698 -8.04883 0
      vertex 10.9577 -14.2804 0
      vertex 10.0003 -14.9665 0
    endloop
  endfacet
  facet normal 0 0 -1
    outer loop
      vertex 17.6541 -3.51163 0
      vertex 9.94761 -1.97362 0
      vertex 10.0549 -1.32375 0
    endloop
  endfacet
  facet normal 0 0 -1
    outer loop
      vertex 17.6541 -3.51163 0
      vertex 9.9468 -1.97854 0
      vertex 9.94761 -1.97362 0
    endloop
  endfacet
  facet normal 0 0 -1
    outer loop
      vertex 17.3867 -4.65874 0
      vertex 9.79723 -2.62 0
      vertex 9.9468 -1.97854 0
    endloop
  endfacet
  facet normal 0 0 -1
    outer loop
      vertex 17.3867 -4.65874 0
      vertex 9.7961 -2.62486 0
      vertex 9.79723 -2.62 0
    endloop
  endfacet
  facet normal 0 0 -1
    outer loop
      vertex 17.3867 -4.65874 0
      vertex 9.79465 -2.62963 0
      vertex 9.7961 -2.62486 0
    endloop
  endfacet
  facet normal 0 0 -1
    outer loop
      vertex 17.0447 -5.78591 0
      vertex 9.60345 -3.25993 0
      vertex 9.79465 -2.62963 0
    endloop
  endfacet
  facet normal 0 0 -1
    outer loop
      vertex 16.6298 -6.8883 0
      vertex 9.37144 -3.87638 0
      vertex 9.60345 -3.25993 0
    endloop
  endfacet
  facet normal 0 0 -1
    outer loop
      vertex 16.6298 -6.8883 0
      vertex 9.36968 -3.88105 0
      vertex 9.37144 -3.87638 0
    endloop
  endfacet
  facet normal 0 0 -1
    outer loop
      vertex 16.1437 -7.9612 0
      vertex 9.09784 -4.481 0
      vertex 9.36968 -3.88105 0
    endloop
  endfacet
  facet normal 0 0 -1
    outer loop
      vertex 16.1437 -7.9612 0
      vertex 9.09579 -4.48554 0
      vertex 9.09784 -4.481 0
    endloop
  endfacet
  facet normal 0 0 -1
    outer loop
      vertex 16.1437 -7.9612 0
      vertex 9.09343 -4.48994 0
      vertex 9.09579 -4.48554 0
    endloop
  endfacet
  facet normal 0 0 -1
    outer loop
      vertex 5.63017 -8.43512 0
      vertex 10.0003 -14.9665 0
      vertex 9 -15.5885 0
    endloop
  endfacet
  facet normal 0 0 -1
    outer loop
      vertex 15.5885 -9 0
      vertex 8.78294 -5.07083 0
      vertex 9.09343 -4.48994 0
    endloop
  endfacet
  facet normal 0 0 -1
    outer loop
      vertex 14.9665 -10.0003 0
      vertex 8.43512 -5.63017 0
      vertex 8.78294 -5.07083 0
    endloop
  endfacet
  facet normal 0 0 -1
    outer loop
      vertex 14.9665 -10.0003 0
      vertex 8.43249 -5.63441 0
      vertex 8.43512 -5.63017 0
    endloop
  endfacet
  facet normal 0 0 -1
    outer loop
      vertex 14.2804 -10.9577 0
      vertex 8.04883 -6.1698 0
      vertex 8.43249 -5.63441 0
    endloop
  endfacet
  facet normal 0 0 -1
    outer loop
      vertex 14.2804 -10.9577 0
      vertex 8.04593 -6.17386 0
      vertex 8.04883 -6.1698 0
    endloop
  endfacet
  facet normal 0 0 -1
    outer loop
      vertex 5.07083 -8.78294 0
      vertex 9 -15.5885 0
      vertex 7.9612 -16.1437 0
    endloop
  endfacet
  facet normal 0 0 -1
    outer loop
      vertex 13.5331 -11.8682 0
      vertex 7.62807 -6.68301 0
      vertex 8.04593 -6.17386 0
    endloop
  endfacet
  facet normal 0 0 -1
    outer loop
      vertex 13.5331 -11.8682 0
      vertex 7.62491 -6.68687 0
      vertex 7.62807 -6.68301 0
    endloop
  endfacet
  facet normal 0 0 -1
    outer loop
      vertex 13.5331 -11.8682 0
      vertex 7.6215 -6.69051 0
      vertex 7.62491 -6.68687 0
    endloop
  endfacet
  facet normal 0 0 -1
    outer loop
      vertex 12.7279 -12.7279 0
      vertex 7.17124 -7.17124 0
      vertex 7.6215 -6.69051 0
    endloop
  endfacet
  facet normal 0 0 -1
    outer loop
      vertex 4.481 -9.09784 0
      vertex 7.9612 -16.1437 0
      vertex 6.8883 -16.6298 0
    endloop
  endfacet
  facet normal 0 0 -1
    outer loop
      vertex 11.8682 -13.5331 0
      vertex 6.69051 -7.6215 0
      vertex 7.17124 -7.17124 0
    endloop
  endfacet
  facet normal 0 0 -1
    outer loop
      vertex 11.8682 -13.5331 0
      vertex 6.68687 -7.62491 0
      vertex 6.69051 -7.6215 0
    endloop
  endfacet
  facet normal 0 0 -1
    outer loop
      vertex 11.8682 -13.5331 0
      vertex 6.68301 -7.62807 0
      vertex 6.68687 -7.62491 0
    endloop
  endfacet
  facet normal 0 0 -1
    outer loop
      vertex 10.9577 -14.2804 0
      vertex 6.17386 -8.04593 0
      vertex 6.68301 -7.62807 0
    endloop
  endfacet
  facet normal 0 0 -1
    outer loop
      vertex 10.9577 -14.2804 0
      vertex 6.1698 -8.04883 0
      vertex 6.17386 -8.04593 0
    endloop
  endfacet
  facet normal 0 0 -1
    outer loop
      vertex 3.87638 -9.37144 0
      vertex 6.8883 -16.6298 0
      vertex 5.78591 -17.0447 0
    endloop
  endfacet
  facet normal 0 0 -1
    outer loop
      vertex 10.0003 -14.9665 0
      vertex 5.63441 -8.43249 0
      vertex 6.1698 -8.04883 0
    endloop
  endfacet
  facet normal 0 0 -1
    outer loop
      vertex 10.0003 -14.9665 0
      vertex 5.63017 -8.43512 0
      vertex 5.63441 -8.43249 0
    endloop
  endfacet
  facet normal 0 0 -1
    outer loop
      vertex 9 -15.5885 0
      vertex 5.07083 -8.78294 0
      vertex 5.63017 -8.43512 0
    endloop
  endfacet
  facet normal 0 0 -1
    outer loop
      vertex 3.25993 -9.60345 0
      vertex 5.78591 -17.0447 0
      vertex 4.65874 -17.3867 0
    endloop
  endfacet
  facet normal 0 0 -1
    outer loop
      vertex 7.9612 -16.1437 0
      vertex 4.48994 -9.09343 0
      vertex 5.07083 -8.78294 0
    endloop
  endfacet
  facet normal 0 0 -1
    outer loop
      vertex 7.9612 -16.1437 0
      vertex 4.48554 -9.09579 0
      vertex 4.48994 -9.09343 0
    endloop
  endfacet
  facet normal 0 0 -1
    outer loop
      vertex 7.9612 -16.1437 0
      vertex 4.481 -9.09784 0
      vertex 4.48554 -9.09579 0
    endloop
  endfacet
  facet normal 0 0 -1
    outer loop
      vertex 6.8883 -16.6298 0
      vertex 3.88105 -9.36968 0
      vertex 4.481 -9.09784 0
    endloop
  endfacet
  facet normal 0 0 -1
    outer loop
      vertex 6.8883 -16.6298 0
      vertex 3.87638 -9.37144 0
      vertex 3.88105 -9.36968 0
    endloop
  endfacet
  facet normal 0 0 -1
    outer loop
      vertex 2.62 -9.79723 0
      vertex 4.65874 -17.3867 0
      vertex 3.51163 -17.6541 0
    endloop
  endfacet
  facet normal 0 0 -1
    outer loop
      vertex 5.78591 -17.0447 0
      vertex 3.25993 -9.60345 0
      vertex 3.87638 -9.37144 0
    endloop
  endfacet
  facet normal 0 0 -1
    outer loop
      vertex 4.65874 -17.3867 0
      vertex 2.62963 -9.79465 0
      vertex 3.25993 -9.60345 0
    endloop
  endfacet
  facet normal 0 0 -1
    outer loop
      vertex 4.65874 -17.3867 0
      vertex 2.62486 -9.7961 0
      vertex 2.62963 -9.79465 0
    endloop
  endfacet
  facet normal 0 0 -1
    outer loop
      vertex 4.65874 -17.3867 0
      vertex 2.62 -9.79723 0
      vertex 2.62486 -9.7961 0
    endloop
  endfacet
  facet normal 0 0 -1
    outer loop
      vertex 1.97362 -9.94761 0
      vertex 3.51163 -17.6541 0
      vertex 2.34947 -17.846 0
    endloop
  endfacet
  facet normal 0 0 -1
    outer loop
      vertex 3.51163 -17.6541 0
      vertex 1.97854 -9.9468 0
      vertex 2.62 -9.79723 0
    endloop
  endfacet
  facet normal 0 0 -1
    outer loop
      vertex 3.51163 -17.6541 0
      vertex 1.97362 -9.94761 0
      vertex 1.97854 -9.9468 0
    endloop
  endfacet
  facet normal 0 0 -1
    outer loop
      vertex 2.34947 -17.846 0
      vertex 1.32375 -10.0549 0
      vertex 1.97362 -9.94761 0
    endloop
  endfacet
  facet normal 0 0 -1
    outer loop
      vertex 1.17726 -17.9615 0
      vertex 1.32375 -10.0549 0
      vertex 2.34947 -17.846 0
    endloop
  endfacet
  facet normal 0 0 -1
    outer loop
      vertex 1.17726 -17.9615 0
      vertex 0.668262 -10.1195 0
      vertex 1.32375 -10.0549 0
    endloop
  endfacet
  facet normal 0 0 -1
    outer loop
      vertex 1.17726 -17.9615 0
      vertex 0.663296 -10.12 0
      vertex 0.668262 -10.1195 0
    endloop
  endfacet
  facet normal 0 0 -1
    outer loop
      vertex 1.17726 -17.9615 0
      vertex 0.65831 -10.1201 0
      vertex 0.663296 -10.12 0
    endloop
  endfacet
  facet normal 0 0 -1
    outer loop
      vertex 0 -18 0
      vertex 0.65831 -10.1201 0
      vertex 1.17726 -17.9615 0
    endloop
  endfacet
  facet normal 0 0 -1
    outer loop
      vertex 0 -18 0
      vertex 0 -10.1417 0
      vertex 0.65831 -10.1201 0
    endloop
  endfacet
  facet normal 0 0 -1
    outer loop
      vertex 0 -18 0
      vertex -0.65831 -10.1201 0
      vertex 0 -10.1417 0
    endloop
  endfacet
  facet normal 0 0 -1
    outer loop
      vertex -1.17726 -17.9615 0
      vertex -0.65831 -10.1201 0
      vertex 0 -18 0
    endloop
  endfacet
  facet normal -0 0 -1
    outer loop
      vertex -0.65831 -10.1201 0
      vertex -1.17726 -17.9615 0
      vertex -0.663296 -10.12 0
    endloop
  endfacet
  facet normal -0 0 -1
    outer loop
      vertex -0.663296 -10.12 0
      vertex -1.17726 -17.9615 0
      vertex -0.668262 -10.1195 0
    endloop
  endfacet
  facet normal 0 0 -1
    outer loop
      vertex -1.17726 -17.9615 0
      vertex -1.32375 -10.0549 0
      vertex -0.668262 -10.1195 0
    endloop
  endfacet
  facet normal 0 0 -1
    outer loop
      vertex -2.34947 -17.846 0
      vertex -1.32375 -10.0549 0
      vertex -1.17726 -17.9615 0
    endloop
  endfacet
  facet normal -0 0 -1
    outer loop
      vertex -1.32375 -10.0549 0
      vertex -2.34947 -17.846 0
      vertex -1.97362 -9.94761 0
    endloop
  endfacet
  facet normal 0 0 -1
    outer loop
      vertex -3.51163 -17.6541 0
      vertex -1.97362 -9.94761 0
      vertex -2.34947 -17.846 0
    endloop
  endfacet
  facet normal -0 0 -1
    outer loop
      vertex -1.97362 -9.94761 0
      vertex -3.51163 -17.6541 0
      vertex -1.97854 -9.9468 0
    endloop
  endfacet
  facet normal -0 0 -1
    outer loop
      vertex -1.97854 -9.9468 0
      vertex -3.51163 -17.6541 0
      vertex -2.62 -9.79723 0
    endloop
  endfacet
  facet normal 0 0 -1
    outer loop
      vertex -4.65874 -17.3867 0
      vertex -2.62 -9.79723 0
      vertex -3.51163 -17.6541 0
    endloop
  endfacet
  facet normal -0 0 -1
    outer loop
      vertex -2.62 -9.79723 0
      vertex -4.65874 -17.3867 0
      vertex -2.62486 -9.7961 0
    endloop
  endfacet
  facet normal -0 0 -1
    outer loop
      vertex -2.62486 -9.7961 0
      vertex -4.65874 -17.3867 0
      vertex -2.62963 -9.79465 0
    endloop
  endfacet
  facet normal -0 0 -1
    outer loop
      vertex -2.62963 -9.79465 0
      vertex -4.65874 -17.3867 0
      vertex -3.25993 -9.60345 0
    endloop
  endfacet
  facet normal 0 0 -1
    outer loop
      vertex -5.78591 -17.0447 0
      vertex -3.25993 -9.60345 0
      vertex -4.65874 -17.3867 0
    endloop
  endfacet
  facet normal -0 0 -1
    outer loop
      vertex -3.25993 -9.60345 0
      vertex -5.78591 -17.0447 0
      vertex -3.87638 -9.37144 0
    endloop
  endfacet
  facet normal 0 0 -1
    outer loop
      vertex -6.8883 -16.6298 0
      vertex -3.87638 -9.37144 0
      vertex -5.78591 -17.0447 0
    endloop
  endfacet
  facet normal -0 0 -1
    outer loop
      vertex -3.87638 -9.37144 0
      vertex -6.8883 -16.6298 0
      vertex -3.88105 -9.36968 0
    endloop
  endfacet
  facet normal -0 0 -1
    outer loop
      vertex -3.88105 -9.36968 0
      vertex -6.8883 -16.6298 0
      vertex -4.481 -9.09784 0
    endloop
  endfacet
  facet normal 0 0 -1
    outer loop
      vertex -7.9612 -16.1437 0
      vertex -4.481 -9.09784 0
      vertex -6.8883 -16.6298 0
    endloop
  endfacet
  facet normal -0 0 -1
    outer loop
      vertex -4.481 -9.09784 0
      vertex -7.9612 -16.1437 0
      vertex -4.48554 -9.09579 0
    endloop
  endfacet
  facet normal -0 0 -1
    outer loop
      vertex -4.48554 -9.09579 0
      vertex -7.9612 -16.1437 0
      vertex -4.48994 -9.09343 0
    endloop
  endfacet
  facet normal -0 0 -1
    outer loop
      vertex -4.48994 -9.09343 0
      vertex -7.9612 -16.1437 0
      vertex -5.07083 -8.78294 0
    endloop
  endfacet
  facet normal 0 0 -1
    outer loop
      vertex -9 -15.5885 0
      vertex -5.07083 -8.78294 0
      vertex -7.9612 -16.1437 0
    endloop
  endfacet
  facet normal -0 0 -1
    outer loop
      vertex -5.07083 -8.78294 0
      vertex -9 -15.5885 0
      vertex -5.63017 -8.43512 0
    endloop
  endfacet
  facet normal 0 0 -1
    outer loop
      vertex -10.0003 -14.9665 0
      vertex -5.63017 -8.43512 0
      vertex -9 -15.5885 0
    endloop
  endfacet
  facet normal -0 0 -1
    outer loop
      vertex -5.63017 -8.43512 0
      vertex -10.0003 -14.9665 0
      vertex -5.63441 -8.43249 0
    endloop
  endfacet
  facet normal -0 0 -1
    outer loop
      vertex -5.63441 -8.43249 0
      vertex -10.0003 -14.9665 0
      vertex -6.1698 -8.04883 0
    endloop
  endfacet
  facet normal 0 0 -1
    outer loop
      vertex -10.9577 -14.2804 0
      vertex -6.1698 -8.04883 0
      vertex -10.0003 -14.9665 0
    endloop
  endfacet
  facet normal -0 0 -1
    outer loop
      vertex -6.1698 -8.04883 0
      vertex -10.9577 -14.2804 0
      vertex -6.17386 -8.04593 0
    endloop
  endfacet
  facet normal -0 0 -1
    outer loop
      vertex -6.17386 -8.04593 0
      vertex -10.9577 -14.2804 0
      vertex -6.68301 -7.62807 0
    endloop
  endfacet
  facet normal 0 0 -1
    outer loop
      vertex -11.8682 -13.5331 0
      vertex -6.68301 -7.62807 0
      vertex -10.9577 -14.2804 0
    endloop
  endfacet
  facet normal -0 0 -1
    outer loop
      vertex -6.68301 -7.62807 0
      vertex -11.8682 -13.5331 0
      vertex -6.68687 -7.62491 0
    endloop
  endfacet
  facet normal -0 0 -1
    outer loop
      vertex -6.68687 -7.62491 0
      vertex -11.8682 -13.5331 0
      vertex -6.69051 -7.6215 0
    endloop
  endfacet
  facet normal -0 0 -1
    outer loop
      vertex -6.69051 -7.6215 0
      vertex -11.8682 -13.5331 0
      vertex -7.17124 -7.17124 0
    endloop
  endfacet
  facet normal 0 0 -1
    outer loop
      vertex -12.7279 -12.7279 0
      vertex -7.17124 -7.17124 0
      vertex -11.8682 -13.5331 0
    endloop
  endfacet
  facet normal -0 0 -1
    outer loop
      vertex -7.17124 -7.17124 0
      vertex -12.7279 -12.7279 0
      vertex -7.6215 -6.69051 0
    endloop
  endfacet
  facet normal 0 0 -1
    outer loop
      vertex -13.5331 -11.8682 0
      vertex -7.6215 -6.69051 0
      vertex -12.7279 -12.7279 0
    endloop
  endfacet
  facet normal -0 0 -1
    outer loop
      vertex -7.6215 -6.69051 0
      vertex -13.5331 -11.8682 0
      vertex -7.62491 -6.68687 0
    endloop
  endfacet
  facet normal -0 0 -1
    outer loop
      vertex -7.62491 -6.68687 0
      vertex -13.5331 -11.8682 0
      vertex -7.62807 -6.68301 0
    endloop
  endfacet
  facet normal -0 0 -1
    outer loop
      vertex -7.62807 -6.68301 0
      vertex -13.5331 -11.8682 0
      vertex -8.04593 -6.17386 0
    endloop
  endfacet
  facet normal 0 0 -1
    outer loop
      vertex -14.2804 -10.9577 0
      vertex -8.04593 -6.17386 0
      vertex -13.5331 -11.8682 0
    endloop
  endfacet
  facet normal -0 0 -1
    outer loop
      vertex -8.04593 -6.17386 0
      vertex -14.2804 -10.9577 0
      vertex -8.04883 -6.1698 0
    endloop
  endfacet
  facet normal -0 0 -1
    outer loop
      vertex -8.04883 -6.1698 0
      vertex -14.2804 -10.9577 0
      vertex -8.43249 -5.63441 0
    endloop
  endfacet
  facet normal 0 0 -1
    outer loop
      vertex -14.9665 -10.0003 0
      vertex -8.43249 -5.63441 0
      vertex -14.2804 -10.9577 0
    endloop
  endfacet
  facet normal -0 0 -1
    outer loop
      vertex -8.43249 -5.63441 0
      vertex -14.9665 -10.0003 0
      vertex -8.43512 -5.63017 0
    endloop
  endfacet
  facet normal -0 0 -1
    outer loop
      vertex -8.43512 -5.63017 0
      vertex -14.9665 -10.0003 0
      vertex -8.78294 -5.07083 0
    endloop
  endfacet
  facet normal 0 0 -1
    outer loop
      vertex -15.5885 -9 0
      vertex -8.78294 -5.07083 0
      vertex -14.9665 -10.0003 0
    endloop
  endfacet
  facet normal -0 0 -1
    outer loop
      vertex -8.78294 -5.07083 0
      vertex -15.5885 -9 0
      vertex -9.09343 -4.48994 0
    endloop
  endfacet
  facet normal 0 0 -1
    outer loop
      vertex -16.1437 -7.9612 0
      vertex -9.09343 -4.48994 0
      vertex -15.5885 -9 0
    endloop
  endfacet
  facet normal -0 0 -1
    outer loop
      vertex -9.09343 -4.48994 0
      vertex -16.1437 -7.9612 0
      vertex -9.09579 -4.48554 0
    endloop
  endfacet
  facet normal -0 0 -1
    outer loop
      vertex -9.09579 -4.48554 0
      vertex -16.1437 -7.9612 0
      vertex -9.09784 -4.481 0
    endloop
  endfacet
  facet normal -0 0 -1
    outer loop
      vertex -9.09784 -4.481 0
      vertex -16.1437 -7.9612 0
      vertex -9.36968 -3.88105 0
    endloop
  endfacet
  facet normal 0 0 -1
    outer loop
      vertex -16.6298 -6.8883 0
      vertex -9.36968 -3.88105 0
      vertex -16.1437 -7.9612 0
    endloop
  endfacet
  facet normal -0 0 -1
    outer loop
      vertex -9.36968 -3.88105 0
      vertex -16.6298 -6.8883 0
      vertex -9.37144 -3.87638 0
    endloop
  endfacet
  facet normal -0 0 -1
    outer loop
      vertex -9.37144 -3.87638 0
      vertex -16.6298 -6.8883 0
      vertex -9.60345 -3.25993 0
    endloop
  endfacet
  facet normal 0 0 -1
    outer loop
      vertex -17.0447 -5.78591 0
      vertex -9.60345 -3.25993 0
      vertex -16.6298 -6.8883 0
    endloop
  endfacet
  facet normal -0 0 -1
    outer loop
      vertex -9.60345 -3.25993 0
      vertex -17.0447 -5.78591 0
      vertex -9.79465 -2.62963 0
    endloop
  endfacet
  facet normal 0 0 -1
    outer loop
      vertex 9.60345 3.25993 0
      vertex 17.0447 5.78591 0
      vertex 9.79465 2.62963 0
    endloop
  endfacet
  facet normal -0 0 -1
    outer loop
      vertex 17.0447 5.78591 0
      vertex 9.60345 3.25993 0
      vertex 16.6298 6.8883 0
    endloop
  endfacet
  facet normal 0 0 -1
    outer loop
      vertex 9.37144 3.87638 0
      vertex 16.6298 6.8883 0
      vertex 9.60345 3.25993 0
    endloop
  endfacet
  facet normal 0 0 -1
    outer loop
      vertex 9.36968 3.88105 0
      vertex 16.6298 6.8883 0
      vertex 9.37144 3.87638 0
    endloop
  endfacet
  facet normal -0 0 -1
    outer loop
      vertex 16.6298 6.8883 0
      vertex 9.36968 3.88105 0
      vertex 16.1437 7.9612 0
    endloop
  endfacet
  facet normal 0 0 -1
    outer loop
      vertex 9.09784 4.481 0
      vertex 16.1437 7.9612 0
      vertex 9.36968 3.88105 0
    endloop
  endfacet
  facet normal 0 0 -1
    outer loop
      vertex 9.09579 4.48554 0
      vertex 16.1437 7.9612 0
      vertex 9.09784 4.481 0
    endloop
  endfacet
  facet normal 0 0 -1
    outer loop
      vertex 9.09343 4.48994 0
      vertex 16.1437 7.9612 0
      vertex 9.09579 4.48554 0
    endloop
  endfacet
  facet normal -0 0 -1
    outer loop
      vertex 16.1437 7.9612 0
      vertex 9.09343 4.48994 0
      vertex 15.5885 9 0
    endloop
  endfacet
  facet normal 0 0 -1
    outer loop
      vertex 8.78294 5.07083 0
      vertex 15.5885 9 0
      vertex 9.09343 4.48994 0
    endloop
  endfacet
  facet normal -0 0 -1
    outer loop
      vertex 15.5885 9 0
      vertex 8.78294 5.07083 0
      vertex 14.9665 10.0003 0
    endloop
  endfacet
  facet normal 0 0 -1
    outer loop
      vertex 8.43512 5.63017 0
      vertex 14.9665 10.0003 0
      vertex 8.78294 5.07083 0
    endloop
  endfacet
  facet normal 0 0 -1
    outer loop
      vertex 8.43249 5.63441 0
      vertex 14.9665 10.0003 0
      vertex 8.43512 5.63017 0
    endloop
  endfacet
  facet normal -0 0 -1
    outer loop
      vertex 14.9665 10.0003 0
      vertex 8.43249 5.63441 0
      vertex 14.2804 10.9577 0
    endloop
  endfacet
  facet normal 0 0 -1
    outer loop
      vertex 8.04883 6.1698 0
      vertex 14.2804 10.9577 0
      vertex 8.43249 5.63441 0
    endloop
  endfacet
  facet normal 0 0 -1
    outer loop
      vertex 8.04593 6.17386 0
      vertex 14.2804 10.9577 0
      vertex 8.04883 6.1698 0
    endloop
  endfacet
  facet normal -0 0 -1
    outer loop
      vertex 14.2804 10.9577 0
      vertex 8.04593 6.17386 0
      vertex 13.5331 11.8682 0
    endloop
  endfacet
  facet normal 0 0 -1
    outer loop
      vertex 7.62807 6.68301 0
      vertex 13.5331 11.8682 0
      vertex 8.04593 6.17386 0
    endloop
  endfacet
  facet normal 0 0 -1
    outer loop
      vertex 7.62491 6.68687 0
      vertex 13.5331 11.8682 0
      vertex 7.62807 6.68301 0
    endloop
  endfacet
  facet normal 0 0 -1
    outer loop
      vertex 7.6215 6.69051 0
      vertex 13.5331 11.8682 0
      vertex 7.62491 6.68687 0
    endloop
  endfacet
  facet normal -0 0 -1
    outer loop
      vertex 13.5331 11.8682 0
      vertex 7.6215 6.69051 0
      vertex 12.7279 12.7279 0
    endloop
  endfacet
  facet normal 0 0 -1
    outer loop
      vertex 7.17124 7.17124 0
      vertex 12.7279 12.7279 0
      vertex 7.6215 6.69051 0
    endloop
  endfacet
  facet normal -0 0 -1
    outer loop
      vertex 12.7279 12.7279 0
      vertex 7.17124 7.17124 0
      vertex 11.8682 13.5331 0
    endloop
  endfacet
  facet normal 0 0 -1
    outer loop
      vertex 6.69051 7.6215 0
      vertex 11.8682 13.5331 0
      vertex 7.17124 7.17124 0
    endloop
  endfacet
  facet normal 0 0 -1
    outer loop
      vertex 6.68687 7.62491 0
      vertex 11.8682 13.5331 0
      vertex 6.69051 7.6215 0
    endloop
  endfacet
  facet normal 0 0 -1
    outer loop
      vertex 6.68301 7.62807 0
      vertex 11.8682 13.5331 0
      vertex 6.68687 7.62491 0
    endloop
  endfacet
  facet normal -0 0 -1
    outer loop
      vertex 11.8682 13.5331 0
      vertex 6.68301 7.62807 0
      vertex 10.9577 14.2804 0
    endloop
  endfacet
  facet normal 0 0 -1
    outer loop
      vertex 6.17386 8.04593 0
      vertex 10.9577 14.2804 0
      vertex 6.68301 7.62807 0
    endloop
  endfacet
  facet normal 0 0 -1
    outer loop
      vertex 6.1698 8.04883 0
      vertex 10.9577 14.2804 0
      vertex 6.17386 8.04593 0
    endloop
  endfacet
  facet normal -0 0 -1
    outer loop
      vertex 10.9577 14.2804 0
      vertex 6.1698 8.04883 0
      vertex 10.0003 14.9665 0
    endloop
  endfacet
  facet normal 0 0 -1
    outer loop
      vertex 5.63441 8.43249 0
      vertex 10.0003 14.9665 0
      vertex 6.1698 8.04883 0
    endloop
  endfacet
  facet normal 0 0 -1
    outer loop
      vertex 5.63017 8.43512 0
      vertex 10.0003 14.9665 0
      vertex 5.63441 8.43249 0
    endloop
  endfacet
  facet normal -0 0 -1
    outer loop
      vertex 10.0003 14.9665 0
      vertex 5.63017 8.43512 0
      vertex 9 15.5885 0
    endloop
  endfacet
  facet normal 0 0 -1
    outer loop
      vertex 5.07083 8.78294 0
      vertex 9 15.5885 0
      vertex 5.63017 8.43512 0
    endloop
  endfacet
  facet normal -0 0 -1
    outer loop
      vertex 9 15.5885 0
      vertex 5.07083 8.78294 0
      vertex 7.9612 16.1437 0
    endloop
  endfacet
  facet normal 0 0 -1
    outer loop
      vertex 4.48994 9.09343 0
      vertex 7.9612 16.1437 0
      vertex 5.07083 8.78294 0
    endloop
  endfacet
  facet normal 0 0 -1
    outer loop
      vertex 4.48554 9.09579 0
      vertex 7.9612 16.1437 0
      vertex 4.48994 9.09343 0
    endloop
  endfacet
  facet normal 0 0 -1
    outer loop
      vertex 4.481 9.09784 0
      vertex 7.9612 16.1437 0
      vertex 4.48554 9.09579 0
    endloop
  endfacet
  facet normal -0 0 -1
    outer loop
      vertex 7.9612 16.1437 0
      vertex 4.481 9.09784 0
      vertex 6.8883 16.6298 0
    endloop
  endfacet
  facet normal 0 0 -1
    outer loop
      vertex 3.88105 9.36968 0
      vertex 6.8883 16.6298 0
      vertex 4.481 9.09784 0
    endloop
  endfacet
  facet normal 0 0 -1
    outer loop
      vertex 3.87638 9.37144 0
      vertex 6.8883 16.6298 0
      vertex 3.88105 9.36968 0
    endloop
  endfacet
  facet normal -0 0 -1
    outer loop
      vertex 6.8883 16.6298 0
      vertex 3.87638 9.37144 0
      vertex 5.78591 17.0447 0
    endloop
  endfacet
  facet normal 0 0 -1
    outer loop
      vertex 3.25993 9.60345 0
      vertex 5.78591 17.0447 0
      vertex 3.87638 9.37144 0
    endloop
  endfacet
  facet normal -0 0 -1
    outer loop
      vertex 5.78591 17.0447 0
      vertex 3.25993 9.60345 0
      vertex 4.65874 17.3867 0
    endloop
  endfacet
  facet normal 0 0 -1
    outer loop
      vertex 2.62963 9.79465 0
      vertex 4.65874 17.3867 0
      vertex 3.25993 9.60345 0
    endloop
  endfacet
  facet normal 0 0 -1
    outer loop
      vertex 2.62486 9.7961 0
      vertex 4.65874 17.3867 0
      vertex 2.62963 9.79465 0
    endloop
  endfacet
  facet normal 0 0 -1
    outer loop
      vertex 2.62 9.79723 0
      vertex 4.65874 17.3867 0
      vertex 2.62486 9.7961 0
    endloop
  endfacet
  facet normal -0 0 -1
    outer loop
      vertex 4.65874 17.3867 0
      vertex 2.62 9.79723 0
      vertex 3.51163 17.6541 0
    endloop
  endfacet
  facet normal 0 0 -1
    outer loop
      vertex 1.97854 9.9468 0
      vertex 3.51163 17.6541 0
      vertex 2.62 9.79723 0
    endloop
  endfacet
  facet normal 0 0 -1
    outer loop
      vertex 1.97362 9.94761 0
      vertex 3.51163 17.6541 0
      vertex 1.97854 9.9468 0
    endloop
  endfacet
  facet normal -0 0 -1
    outer loop
      vertex 3.51163 17.6541 0
      vertex 1.97362 9.94761 0
      vertex 2.34947 17.846 0
    endloop
  endfacet
  facet normal 0 0 -1
    outer loop
      vertex 1.32375 10.0549 0
      vertex 2.34947 17.846 0
      vertex 1.97362 9.94761 0
    endloop
  endfacet
  facet normal 0 0 -1
    outer loop
      vertex 1.32375 10.0549 0
      vertex 1.17726 17.9615 0
      vertex 2.34947 17.846 0
    endloop
  endfacet
  facet normal 0 0 -1
    outer loop
      vertex 0.668262 10.1195 0
      vertex 1.17726 17.9615 0
      vertex 1.32375 10.0549 0
    endloop
  endfacet
  facet normal 0 0 -1
    outer loop
      vertex 0.663296 10.12 0
      vertex 1.17726 17.9615 0
      vertex 0.668262 10.1195 0
    endloop
  endfacet
  facet normal 0 0 -1
    outer loop
      vertex 0.65831 10.1201 0
      vertex 1.17726 17.9615 0
      vertex 0.663296 10.12 0
    endloop
  endfacet
  facet normal 0 0 -1
    outer loop
      vertex 0 10.1417 0
      vertex 1.17726 17.9615 0
      vertex 0.65831 10.1201 0
    endloop
  endfacet
  facet normal 0 0 -1
    outer loop
      vertex 0 10.1417 0
      vertex 0 18 0
      vertex 1.17726 17.9615 0
    endloop
  endfacet
  facet normal 0 0 -1
    outer loop
      vertex -0.65831 10.1201 0
      vertex 0 18 0
      vertex 0 10.1417 0
    endloop
  endfacet
  facet normal 0 0 -1
    outer loop
      vertex -1.17726 17.9615 0
      vertex -0.65831 10.1201 0
      vertex -0.663296 10.12 0
    endloop
  endfacet
  facet normal 0 0 -1
    outer loop
      vertex -1.17726 17.9615 0
      vertex -0.663296 10.12 0
      vertex -0.668262 10.1195 0
    endloop
  endfacet
  facet normal 0 0 -1
    outer loop
      vertex -0.65831 10.1201 0
      vertex -1.17726 17.9615 0
      vertex 0 18 0
    endloop
  endfacet
  facet normal 0 0 -1
    outer loop
      vertex -1.32375 10.0549 0
      vertex -1.17726 17.9615 0
      vertex -0.668262 10.1195 0
    endloop
  endfacet
  facet normal 0 0 -1
    outer loop
      vertex -2.34947 17.846 0
      vertex -1.32375 10.0549 0
      vertex -1.97362 9.94761 0
    endloop
  endfacet
  facet normal 0 0 -1
    outer loop
      vertex -3.51163 17.6541 0
      vertex -1.97362 9.94761 0
      vertex -1.97854 9.9468 0
    endloop
  endfacet
  facet normal 0 0 -1
    outer loop
      vertex -1.32375 10.0549 0
      vertex -2.34947 17.846 0
      vertex -1.17726 17.9615 0
    endloop
  endfacet
  facet normal 0 0 -1
    outer loop
      vertex -3.51163 17.6541 0
      vertex -1.97854 9.9468 0
      vertex -2.62 9.79723 0
    endloop
  endfacet
  facet normal 0 0 -1
    outer loop
      vertex -4.65874 17.3867 0
      vertex -2.62 9.79723 0
      vertex -2.62486 9.7961 0
    endloop
  endfacet
  facet normal 0 0 -1
    outer loop
      vertex -4.65874 17.3867 0
      vertex -2.62486 9.7961 0
      vertex -2.62963 9.79465 0
    endloop
  endfacet
  facet normal 0 0 -1
    outer loop
      vertex -4.65874 17.3867 0
      vertex -2.62963 9.79465 0
      vertex -3.25993 9.60345 0
    endloop
  endfacet
  facet normal 0 0 -1
    outer loop
      vertex -1.97362 9.94761 0
      vertex -3.51163 17.6541 0
      vertex -2.34947 17.846 0
    endloop
  endfacet
  facet normal 0 0 -1
    outer loop
      vertex -5.78591 17.0447 0
      vertex -3.25993 9.60345 0
      vertex -3.87638 9.37144 0
    endloop
  endfacet
  facet normal 0 0 -1
    outer loop
      vertex -6.8883 16.6298 0
      vertex -3.87638 9.37144 0
      vertex -3.88105 9.36968 0
    endloop
  endfacet
  facet normal 0 0 -1
    outer loop
      vertex -6.8883 16.6298 0
      vertex -3.88105 9.36968 0
      vertex -4.481 9.09784 0
    endloop
  endfacet
  facet normal 0 0 -1
    outer loop
      vertex -7.9612 16.1437 0
      vertex -4.481 9.09784 0
      vertex -4.48554 9.09579 0
    endloop
  endfacet
  facet normal 0 0 -1
    outer loop
      vertex -7.9612 16.1437 0
      vertex -4.48554 9.09579 0
      vertex -4.48994 9.09343 0
    endloop
  endfacet
  facet normal 0 0 -1
    outer loop
      vertex -2.62 9.79723 0
      vertex -4.65874 17.3867 0
      vertex -3.51163 17.6541 0
    endloop
  endfacet
  facet normal 0 0 -1
    outer loop
      vertex -7.9612 16.1437 0
      vertex -4.48994 9.09343 0
      vertex -5.07083 8.78294 0
    endloop
  endfacet
  facet normal 0 0 -1
    outer loop
      vertex -9 15.5885 0
      vertex -5.07083 8.78294 0
      vertex -5.63017 8.43512 0
    endloop
  endfacet
  facet normal 0 0 -1
    outer loop
      vertex -10.0003 14.9665 0
      vertex -5.63017 8.43512 0
      vertex -5.63441 8.43249 0
    endloop
  endfacet
  facet normal 0 0 -1
    outer loop
      vertex -3.25993 9.60345 0
      vertex -5.78591 17.0447 0
      vertex -4.65874 17.3867 0
    endloop
  endfacet
  facet normal 0 0 -1
    outer loop
      vertex -10.0003 14.9665 0
      vertex -5.63441 8.43249 0
      vertex -6.1698 8.04883 0
    endloop
  endfacet
  facet normal 0 0 -1
    outer loop
      vertex -10.9577 14.2804 0
      vertex -6.1698 8.04883 0
      vertex -6.17386 8.04593 0
    endloop
  endfacet
  facet normal 0 0 -1
    outer loop
      vertex -10.9577 14.2804 0
      vertex -6.17386 8.04593 0
      vertex -6.68301 7.62807 0
    endloop
  endfacet
  facet normal 0 0 -1
    outer loop
      vertex -11.8682 13.5331 0
      vertex -6.68301 7.62807 0
      vertex -6.68687 7.62491 0
    endloop
  endfacet
  facet normal 0 0 -1
    outer loop
      vertex -11.8682 13.5331 0
      vertex -6.68687 7.62491 0
      vertex -6.69051 7.6215 0
    endloop
  endfacet
  facet normal 0 0 -1
    outer loop
      vertex -3.87638 9.37144 0
      vertex -6.8883 16.6298 0
      vertex -5.78591 17.0447 0
    endloop
  endfacet
  facet normal 0 0 -1
    outer loop
      vertex -11.8682 13.5331 0
      vertex -6.69051 7.6215 0
      vertex -7.17124 7.17124 0
    endloop
  endfacet
  facet normal 0 0 -1
    outer loop
      vertex -12.7279 12.7279 0
      vertex -7.17124 7.17124 0
      vertex -7.6215 6.69051 0
    endloop
  endfacet
  facet normal 0 0 -1
    outer loop
      vertex -13.5331 11.8682 0
      vertex -7.6215 6.69051 0
      vertex -7.62491 6.68687 0
    endloop
  endfacet
  facet normal 0 0 -1
    outer loop
      vertex -13.5331 11.8682 0
      vertex -7.62491 6.68687 0
      vertex -7.62807 6.68301 0
    endloop
  endfacet
  facet normal 0 0 -1
    outer loop
      vertex -4.481 9.09784 0
      vertex -7.9612 16.1437 0
      vertex -6.8883 16.6298 0
    endloop
  endfacet
  facet normal 0 0 -1
    outer loop
      vertex -13.5331 11.8682 0
      vertex -7.62807 6.68301 0
      vertex -8.04593 6.17386 0
    endloop
  endfacet
  facet normal 0 0 -1
    outer loop
      vertex -14.2804 10.9577 0
      vertex -8.04593 6.17386 0
      vertex -8.04883 6.1698 0
    endloop
  endfacet
  facet normal 0 0 -1
    outer loop
      vertex -14.2804 10.9577 0
      vertex -8.04883 6.1698 0
      vertex -8.43249 5.63441 0
    endloop
  endfacet
  facet normal 0 0 -1
    outer loop
      vertex -14.9665 10.0003 0
      vertex -8.43249 5.63441 0
      vertex -8.43512 5.63017 0
    endloop
  endfacet
  facet normal 0 0 -1
    outer loop
      vertex -14.9665 10.0003 0
      vertex -8.43512 5.63017 0
      vertex -8.78294 5.07083 0
    endloop
  endfacet
  facet normal 0 0 -1
    outer loop
      vertex -5.07083 8.78294 0
      vertex -9 15.5885 0
      vertex -7.9612 16.1437 0
    endloop
  endfacet
  facet normal 0 0 -1
    outer loop
      vertex -15.5885 9 0
      vertex -8.78294 5.07083 0
      vertex -9.09343 4.48994 0
    endloop
  endfacet
  facet normal 0 0 -1
    outer loop
      vertex -16.1437 7.9612 0
      vertex -9.09343 4.48994 0
      vertex -9.09579 4.48554 0
    endloop
  endfacet
  facet normal 0 0 -1
    outer loop
      vertex -16.1437 7.9612 0
      vertex -9.09579 4.48554 0
      vertex -9.09784 4.481 0
    endloop
  endfacet
  facet normal 0 0 -1
    outer loop
      vertex -16.1437 7.9612 0
      vertex -9.09784 4.481 0
      vertex -9.36968 3.88105 0
    endloop
  endfacet
  facet normal 0 0 -1
    outer loop
      vertex -16.6298 6.8883 0
      vertex -9.36968 3.88105 0
      vertex -9.37144 3.87638 0
    endloop
  endfacet
  facet normal 0 0 -1
    outer loop
      vertex -16.6298 6.8883 0
      vertex -9.37144 3.87638 0
      vertex -9.60345 3.25993 0
    endloop
  endfacet
  facet normal 0 0 -1
    outer loop
      vertex -17.0447 5.78591 0
      vertex -9.60345 3.25993 0
      vertex -9.79465 2.62963 0
    endloop
  endfacet
  facet normal 0 0 -1
    outer loop
      vertex -17.3867 4.65874 0
      vertex -9.79465 2.62963 0
      vertex -9.7961 2.62486 0
    endloop
  endfacet
  facet normal 0 0 -1
    outer loop
      vertex -17.3867 4.65874 0
      vertex -9.7961 2.62486 0
      vertex -9.79723 2.62 0
    endloop
  endfacet
  facet normal 0 0 -1
    outer loop
      vertex -17.3867 4.65874 0
      vertex -9.79723 2.62 0
      vertex -9.9468 1.97854 0
    endloop
  endfacet
  facet normal 0 0 -1
    outer loop
      vertex -17.6541 3.51163 0
      vertex -9.9468 1.97854 0
      vertex -9.94761 1.97362 0
    endloop
  endfacet
  facet normal 0 0 -1
    outer loop
      vertex -5.63017 8.43512 0
      vertex -10.0003 14.9665 0
      vertex -9 15.5885 0
    endloop
  endfacet
  facet normal 0 0 -1
    outer loop
      vertex -17.6541 3.51163 0
      vertex -9.94761 1.97362 0
      vertex -10.0549 1.32375 0
    endloop
  endfacet
  facet normal 0 0 -1
    outer loop
      vertex -17.846 2.34947 0
      vertex -10.0549 1.32375 0
      vertex -10.1195 0.668262 0
    endloop
  endfacet
  facet normal 0 0 -1
    outer loop
      vertex -17.9615 1.17726 0
      vertex -10.1195 0.668262 0
      vertex -10.12 0.663296 0
    endloop
  endfacet
  facet normal 0 0 -1
    outer loop
      vertex -17.9615 1.17726 0
      vertex -10.12 0.663296 0
      vertex -10.1201 0.65831 0
    endloop
  endfacet
  facet normal 0 0 -1
    outer loop
      vertex -17.9615 1.17726 0
      vertex -10.1201 0.65831 0
      vertex -10.1417 0 0
    endloop
  endfacet
  facet normal 0 0 -1
    outer loop
      vertex -17.3867 -4.65874 0
      vertex -9.79465 -2.62963 0
      vertex -17.0447 -5.78591 0
    endloop
  endfacet
  facet normal 0 0 -1
    outer loop
      vertex -6.1698 8.04883 0
      vertex -10.9577 14.2804 0
      vertex -10.0003 14.9665 0
    endloop
  endfacet
  facet normal -0 0 -1
    outer loop
      vertex -9.79465 -2.62963 0
      vertex -17.3867 -4.65874 0
      vertex -9.7961 -2.62486 0
    endloop
  endfacet
  facet normal 0 0 -1
    outer loop
      vertex -6.68301 7.62807 0
      vertex -11.8682 13.5331 0
      vertex -10.9577 14.2804 0
    endloop
  endfacet
  facet normal -0 0 -1
    outer loop
      vertex -9.7961 -2.62486 0
      vertex -17.3867 -4.65874 0
      vertex -9.79723 -2.62 0
    endloop
  endfacet
  facet normal 0 0 -1
    outer loop
      vertex -7.17124 7.17124 0
      vertex -12.7279 12.7279 0
      vertex -11.8682 13.5331 0
    endloop
  endfacet
  facet normal -0 0 -1
    outer loop
      vertex -9.79723 -2.62 0
      vertex -17.3867 -4.65874 0
      vertex -9.9468 -1.97854 0
    endloop
  endfacet
  facet normal 0 0 -1
    outer loop
      vertex -7.6215 6.69051 0
      vertex -13.5331 11.8682 0
      vertex -12.7279 12.7279 0
    endloop
  endfacet
  facet normal 0 0 -1
    outer loop
      vertex -17.6541 -3.51163 0
      vertex -9.9468 -1.97854 0
      vertex -17.3867 -4.65874 0
    endloop
  endfacet
  facet normal 0 0 -1
    outer loop
      vertex -8.04593 6.17386 0
      vertex -14.2804 10.9577 0
      vertex -13.5331 11.8682 0
    endloop
  endfacet
  facet normal -0 0 -1
    outer loop
      vertex -9.9468 -1.97854 0
      vertex -17.6541 -3.51163 0
      vertex -9.94761 -1.97362 0
    endloop
  endfacet
  facet normal 0 0 -1
    outer loop
      vertex -8.43249 5.63441 0
      vertex -14.9665 10.0003 0
      vertex -14.2804 10.9577 0
    endloop
  endfacet
  facet normal -0 0 -1
    outer loop
      vertex -9.94761 -1.97362 0
      vertex -17.6541 -3.51163 0
      vertex -10.0549 -1.32375 0
    endloop
  endfacet
  facet normal 0 0 -1
    outer loop
      vertex -8.78294 5.07083 0
      vertex -15.5885 9 0
      vertex -14.9665 10.0003 0
    endloop
  endfacet
  facet normal 0 0 -1
    outer loop
      vertex -17.846 -2.34947 0
      vertex -10.0549 -1.32375 0
      vertex -17.6541 -3.51163 0
    endloop
  endfacet
  facet normal 0 0 -1
    outer loop
      vertex -9.09343 4.48994 0
      vertex -16.1437 7.9612 0
      vertex -15.5885 9 0
    endloop
  endfacet
  facet normal -0 0 -1
    outer loop
      vertex -10.0549 -1.32375 0
      vertex -17.846 -2.34947 0
      vertex -10.1195 -0.668262 0
    endloop
  endfacet
  facet normal 0 0 -1
    outer loop
      vertex -9.36968 3.88105 0
      vertex -16.6298 6.8883 0
      vertex -16.1437 7.9612 0
    endloop
  endfacet
  facet normal 0 0 -1
    outer loop
      vertex -17.9615 -1.17726 0
      vertex -10.1195 -0.668262 0
      vertex -17.846 -2.34947 0
    endloop
  endfacet
  facet normal 0 0 -1
    outer loop
      vertex -9.60345 3.25993 0
      vertex -17.0447 5.78591 0
      vertex -16.6298 6.8883 0
    endloop
  endfacet
  facet normal -0 0 -1
    outer loop
      vertex -10.1195 -0.668262 0
      vertex -17.9615 -1.17726 0
      vertex -10.12 -0.663296 0
    endloop
  endfacet
  facet normal 0 0 -1
    outer loop
      vertex -9.79465 2.62963 0
      vertex -17.3867 4.65874 0
      vertex -17.0447 5.78591 0
    endloop
  endfacet
  facet normal -0 0 -1
    outer loop
      vertex -10.12 -0.663296 0
      vertex -17.9615 -1.17726 0
      vertex -10.1201 -0.65831 0
    endloop
  endfacet
  facet normal 0 0 -1
    outer loop
      vertex -9.9468 1.97854 0
      vertex -17.6541 3.51163 0
      vertex -17.3867 4.65874 0
    endloop
  endfacet
  facet normal -0 0 -1
    outer loop
      vertex -10.1201 -0.65831 0
      vertex -17.9615 -1.17726 0
      vertex -10.1417 0 0
    endloop
  endfacet
  facet normal 0 0 -1
    outer loop
      vertex -10.0549 1.32375 0
      vertex -17.846 2.34947 0
      vertex -17.6541 3.51163 0
    endloop
  endfacet
  facet normal 0 0 -1
    outer loop
      vertex -18 0 0
      vertex -10.1417 0 0
      vertex -17.9615 -1.17726 0
    endloop
  endfacet
  facet normal 0 0 -1
    outer loop
      vertex -10.1195 0.668262 0
      vertex -17.9615 1.17726 0
      vertex -17.846 2.34947 0
    endloop
  endfacet
  facet normal 0 0 -1
    outer loop
      vertex -10.1417 0 0
      vertex -18 0 0
      vertex -17.9615 1.17726 0
    endloop
  endfacet
  facet normal 0.582498 -0.812832 0
    outer loop
      vertex 10.0003 -14.9665 0
      vertex 10.9577 -14.2804 22.6
      vertex 10.0003 -14.9665 22.6
    endloop
  endfacet
  facet normal 0.582498 -0.812832 0
    outer loop
      vertex 10.9577 -14.2804 22.6
      vertex 10.0003 -14.9665 0
      vertex 10.9577 -14.2804 0
    endloop
  endfacet
  facet normal 0.999466 -0.0326856 0
    outer loop
      vertex 17.9615 -1.17726 22.6
      vertex 18 0 0
      vertex 18 0 22.6
    endloop
  endfacet
  facet normal 0.999466 -0.0326856 0
    outer loop
      vertex 18 0 0
      vertex 17.9615 -1.17726 22.6
      vertex 17.9615 -1.17726 0
    endloop
  endfacet
  facet normal -0 0 1
    outer loop
      vertex 14.5 2 22.6
      vertex 15.8718 -2 22.6
      vertex 15.8718 2 22.6
    endloop
  endfacet
  facet normal 0 0 1
    outer loop
      vertex 15.8718 -2 22.6
      vertex 14.5 2 22.6
      vertex 14.5 -2 22.6
    endloop
  endfacet
  facet normal 0 0 1
    outer loop
      vertex 15.8718 2 22.6
      vertex 18 0 22.6
      vertex 17.9615 1.17726 22.6
    endloop
  endfacet
  facet normal -0 0 1
    outer loop
      vertex 15.8718 2 22.6
      vertex 17.9615 1.17726 22.6
      vertex 17.846 2.34947 22.6
    endloop
  endfacet
  facet normal 0 0 1
    outer loop
      vertex 15.8718 -2 22.6
      vertex 18 0 22.6
      vertex 15.8718 2 22.6
    endloop
  endfacet
  facet normal 0 0 1
    outer loop
      vertex 15.8631 2.08842 22.6
      vertex 17.846 2.34947 22.6
      vertex 17.6541 3.51163 22.6
    endloop
  endfacet
  facet normal 0 0 1
    outer loop
      vertex 18 0 22.6
      vertex 15.8718 -2 22.6
      vertex 17.9615 -1.17726 22.6
    endloop
  endfacet
  facet normal 0 0 1
    outer loop
      vertex 15.6926 3.12144 22.6
      vertex 17.6541 3.51163 22.6
      vertex 17.3867 4.65874 22.6
    endloop
  endfacet
  facet normal 0 0 1
    outer loop
      vertex 17.9615 -1.17726 22.6
      vertex 15.8718 -2 22.6
      vertex 17.846 -2.34947 22.6
    endloop
  endfacet
  facet normal 0 0 1
    outer loop
      vertex 15.4548 4.1411 22.6
      vertex 17.3867 4.65874 22.6
      vertex 17.0447 5.78591 22.6
    endloop
  endfacet
  facet normal -0 0 1
    outer loop
      vertex 15.8631 -2.08842 22.6
      vertex 17.846 -2.34947 22.6
      vertex 15.8718 -2 22.6
    endloop
  endfacet
  facet normal 0 0 1
    outer loop
      vertex 15.1509 5.14303 22.6
      vertex 17.0447 5.78591 22.6
      vertex 16.6298 6.8883 22.6
    endloop
  endfacet
  facet normal 0 0 1
    outer loop
      vertex 17.846 -2.34947 22.6
      vertex 15.8631 -2.08842 22.6
      vertex 17.6541 -3.51163 22.6
    endloop
  endfacet
  facet normal 0 0 1
    outer loop
      vertex 14.7821 6.12293 22.6
      vertex 16.6298 6.8883 22.6
      vertex 16.1437 7.9612 22.6
    endloop
  endfacet
  facet normal -0 0 1
    outer loop
      vertex 15.6926 -3.12144 22.6
      vertex 17.6541 -3.51163 22.6
      vertex 15.8631 -2.08842 22.6
    endloop
  endfacet
  facet normal 0 0 1
    outer loop
      vertex 17.6541 -3.51163 22.6
      vertex 15.6926 -3.12144 22.6
      vertex 17.3867 -4.65874 22.6
    endloop
  endfacet
  facet normal 0 0 1
    outer loop
      vertex 17.846 2.34947 22.6
      vertex 15.8631 2.08842 22.6
      vertex 15.8718 2 22.6
    endloop
  endfacet
  facet normal 0 0 1
    outer loop
      vertex 17.6541 3.51163 22.6
      vertex 15.6926 3.12144 22.6
      vertex 15.8631 2.08842 22.6
    endloop
  endfacet
  facet normal 0 0 1
    outer loop
      vertex 14.35 7.07662 22.6
      vertex 16.1437 7.9612 22.6
      vertex 15.5885 9 22.6
    endloop
  endfacet
  facet normal 0 0 1
    outer loop
      vertex 17.3867 4.65874 22.6
      vertex 15.4548 4.1411 22.6
      vertex 15.6926 3.12144 22.6
    endloop
  endfacet
  facet normal 0 0 1
    outer loop
      vertex 17.0447 5.78591 22.6
      vertex 15.1509 5.14303 22.6
      vertex 15.4548 4.1411 22.6
    endloop
  endfacet
  facet normal 0 0 1
    outer loop
      vertex 13.8564 8 22.6
      vertex 15.5885 9 22.6
      vertex 14.9665 10.0003 22.6
    endloop
  endfacet
  facet normal 0 0 1
    outer loop
      vertex 16.6298 6.8883 22.6
      vertex 14.7821 6.12293 22.6
      vertex 15.1509 5.14303 22.6
    endloop
  endfacet
  facet normal 0 0 1
    outer loop
      vertex 16.1437 7.9612 22.6
      vertex 14.35 7.07662 22.6
      vertex 14.7821 6.12293 22.6
    endloop
  endfacet
  facet normal 0 0 1
    outer loop
      vertex 13.3035 8.88912 22.6
      vertex 14.9665 10.0003 22.6
      vertex 14.2804 10.9577 22.6
    endloop
  endfacet
  facet normal 0 0 1
    outer loop
      vertex 15.5885 9 22.6
      vertex 13.8564 8 22.6
      vertex 14.35 7.07662 22.6
    endloop
  endfacet
  facet normal 0 0 1
    outer loop
      vertex 12.6937 9.74018 22.6
      vertex 14.2804 10.9577 22.6
      vertex 13.5331 11.8682 22.6
    endloop
  endfacet
  facet normal 0 0 1
    outer loop
      vertex 14.9665 10.0003 22.6
      vertex 13.3035 8.88912 22.6
      vertex 13.8564 8 22.6
    endloop
  endfacet
  facet normal 0 0 1
    outer loop
      vertex 12.0294 10.5495 22.6
      vertex 13.5331 11.8682 22.6
      vertex 12.7279 12.7279 22.6
    endloop
  endfacet
  facet normal 0 0 1
    outer loop
      vertex 14.2804 10.9577 22.6
      vertex 12.6937 9.74018 22.6
      vertex 13.3035 8.88912 22.6
    endloop
  endfacet
  facet normal 0 0 1
    outer loop
      vertex 13.5331 11.8682 22.6
      vertex 12.0294 10.5495 22.6
      vertex 12.6937 9.74018 22.6
    endloop
  endfacet
  facet normal 0 0 1
    outer loop
      vertex 11.3137 11.3137 22.6
      vertex 12.7279 12.7279 22.6
      vertex 11.8682 13.5331 22.6
    endloop
  endfacet
  facet normal 0 0 1
    outer loop
      vertex 12.7279 12.7279 22.6
      vertex 11.3137 11.3137 22.6
      vertex 12.0294 10.5495 22.6
    endloop
  endfacet
  facet normal 0 0 1
    outer loop
      vertex 10.5495 12.0294 22.6
      vertex 11.8682 13.5331 22.6
      vertex 10.9577 14.2804 22.6
    endloop
  endfacet
  facet normal 0 0 1
    outer loop
      vertex 11.8682 13.5331 22.6
      vertex 10.5495 12.0294 22.6
      vertex 11.3137 11.3137 22.6
    endloop
  endfacet
  facet normal 0 0 1
    outer loop
      vertex 9.74018 12.6937 22.6
      vertex 10.9577 14.2804 22.6
      vertex 10.0003 14.9665 22.6
    endloop
  endfacet
  facet normal 0 0 1
    outer loop
      vertex 10.9577 14.2804 22.6
      vertex 9.74018 12.6937 22.6
      vertex 10.5495 12.0294 22.6
    endloop
  endfacet
  facet normal 0 0 1
    outer loop
      vertex 8.88912 13.3035 22.6
      vertex 10.0003 14.9665 22.6
      vertex 9 15.5885 22.6
    endloop
  endfacet
  facet normal 0 0 1
    outer loop
      vertex 10.0003 14.9665 22.6
      vertex 8.88912 13.3035 22.6
      vertex 9.74018 12.6937 22.6
    endloop
  endfacet
  facet normal 0 0 1
    outer loop
      vertex 9 15.5885 22.6
      vertex 8 13.8564 22.6
      vertex 8.88912 13.3035 22.6
    endloop
  endfacet
  facet normal 0 0 1
    outer loop
      vertex 7.9612 16.1437 22.6
      vertex 8 13.8564 22.6
      vertex 9 15.5885 22.6
    endloop
  endfacet
  facet normal 0 0 1
    outer loop
      vertex 7.9612 16.1437 22.6
      vertex 7.07662 14.35 22.6
      vertex 8 13.8564 22.6
    endloop
  endfacet
  facet normal 0 0 1
    outer loop
      vertex 6.8883 16.6298 22.6
      vertex 7.07662 14.35 22.6
      vertex 7.9612 16.1437 22.6
    endloop
  endfacet
  facet normal 0 0 1
    outer loop
      vertex 6.8883 16.6298 22.6
      vertex 6.12293 14.7821 22.6
      vertex 7.07662 14.35 22.6
    endloop
  endfacet
  facet normal 0 0 1
    outer loop
      vertex 5.78591 17.0447 22.6
      vertex 6.12293 14.7821 22.6
      vertex 6.8883 16.6298 22.6
    endloop
  endfacet
  facet normal 0 0 1
    outer loop
      vertex 5.78591 17.0447 22.6
      vertex 5.14303 15.1509 22.6
      vertex 6.12293 14.7821 22.6
    endloop
  endfacet
  facet normal 0 0 1
    outer loop
      vertex 4.65874 17.3867 22.6
      vertex 5.14303 15.1509 22.6
      vertex 5.78591 17.0447 22.6
    endloop
  endfacet
  facet normal 0 0 1
    outer loop
      vertex 4.65874 17.3867 22.6
      vertex 4.1411 15.4548 22.6
      vertex 5.14303 15.1509 22.6
    endloop
  endfacet
  facet normal 0 0 1
    outer loop
      vertex 3.51163 17.6541 22.6
      vertex 4.1411 15.4548 22.6
      vertex 4.65874 17.3867 22.6
    endloop
  endfacet
  facet normal 0 0 1
    outer loop
      vertex 3.51163 17.6541 22.6
      vertex 3.12144 15.6926 22.6
      vertex 4.1411 15.4548 22.6
    endloop
  endfacet
  facet normal 0 0 1
    outer loop
      vertex 2.34947 17.846 22.6
      vertex 3.12144 15.6926 22.6
      vertex 3.51163 17.6541 22.6
    endloop
  endfacet
  facet normal 0 0 1
    outer loop
      vertex 2.34947 17.846 22.6
      vertex 2.08842 15.8631 22.6
      vertex 3.12144 15.6926 22.6
    endloop
  endfacet
  facet normal 0 0 1
    outer loop
      vertex 1.17726 17.9615 22.6
      vertex 2.08842 15.8631 22.6
      vertex 2.34947 17.846 22.6
    endloop
  endfacet
  facet normal 0 0 1
    outer loop
      vertex 1.17726 17.9615 22.6
      vertex 1.04645 15.9657 22.6
      vertex 2.08842 15.8631 22.6
    endloop
  endfacet
  facet normal 0 0 1
    outer loop
      vertex 0 18 22.6
      vertex 1.04645 15.9657 22.6
      vertex 1.17726 17.9615 22.6
    endloop
  endfacet
  facet normal 0 0 1
    outer loop
      vertex 0 18 22.6
      vertex 0 16 22.6
      vertex 1.04645 15.9657 22.6
    endloop
  endfacet
  facet normal 0 0 1
    outer loop
      vertex 0 18 22.6
      vertex -1.04645 15.9657 22.6
      vertex 0 16 22.6
    endloop
  endfacet
  facet normal -0 0 1
    outer loop
      vertex -1.17726 17.9615 22.6
      vertex -1.04645 15.9657 22.6
      vertex 0 18 22.6
    endloop
  endfacet
  facet normal 0 0 1
    outer loop
      vertex -1.17726 17.9615 22.6
      vertex -2.08842 15.8631 22.6
      vertex -1.04645 15.9657 22.6
    endloop
  endfacet
  facet normal -0 0 1
    outer loop
      vertex -2.34947 17.846 22.6
      vertex -2.08842 15.8631 22.6
      vertex -1.17726 17.9615 22.6
    endloop
  endfacet
  facet normal 0 0 1
    outer loop
      vertex -2.34947 17.846 22.6
      vertex -3.12144 15.6926 22.6
      vertex -2.08842 15.8631 22.6
    endloop
  endfacet
  facet normal -0 0 1
    outer loop
      vertex -3.51163 17.6541 22.6
      vertex -3.12144 15.6926 22.6
      vertex -2.34947 17.846 22.6
    endloop
  endfacet
  facet normal 0 0 1
    outer loop
      vertex -3.51163 17.6541 22.6
      vertex -4.1411 15.4548 22.6
      vertex -3.12144 15.6926 22.6
    endloop
  endfacet
  facet normal -0 0 1
    outer loop
      vertex -4.65874 17.3867 22.6
      vertex -4.1411 15.4548 22.6
      vertex -3.51163 17.6541 22.6
    endloop
  endfacet
  facet normal 0 0 1
    outer loop
      vertex -4.65874 17.3867 22.6
      vertex -5.14303 15.1509 22.6
      vertex -4.1411 15.4548 22.6
    endloop
  endfacet
  facet normal -0 0 1
    outer loop
      vertex -5.78591 17.0447 22.6
      vertex -5.14303 15.1509 22.6
      vertex -4.65874 17.3867 22.6
    endloop
  endfacet
  facet normal 0 0 1
    outer loop
      vertex -5.78591 17.0447 22.6
      vertex -6.12293 14.7821 22.6
      vertex -5.14303 15.1509 22.6
    endloop
  endfacet
  facet normal -0 0 1
    outer loop
      vertex -6.8883 16.6298 22.6
      vertex -6.12293 14.7821 22.6
      vertex -5.78591 17.0447 22.6
    endloop
  endfacet
  facet normal 0 0 1
    outer loop
      vertex -6.8883 16.6298 22.6
      vertex -7.07662 14.35 22.6
      vertex -6.12293 14.7821 22.6
    endloop
  endfacet
  facet normal -0 0 1
    outer loop
      vertex -7.9612 16.1437 22.6
      vertex -7.07662 14.35 22.6
      vertex -6.8883 16.6298 22.6
    endloop
  endfacet
  facet normal 0 0 1
    outer loop
      vertex -7.9612 16.1437 22.6
      vertex -8 13.8564 22.6
      vertex -7.07662 14.35 22.6
    endloop
  endfacet
  facet normal -0 0 1
    outer loop
      vertex -9 15.5885 22.6
      vertex -8 13.8564 22.6
      vertex -7.9612 16.1437 22.6
    endloop
  endfacet
  facet normal 0 0 1
    outer loop
      vertex -8 13.8564 22.6
      vertex -9 15.5885 22.6
      vertex -8.88912 13.3035 22.6
    endloop
  endfacet
  facet normal -0 0 1
    outer loop
      vertex -10.0003 14.9665 22.6
      vertex -8.88912 13.3035 22.6
      vertex -9 15.5885 22.6
    endloop
  endfacet
  facet normal 0 0 1
    outer loop
      vertex -8.88912 13.3035 22.6
      vertex -10.0003 14.9665 22.6
      vertex -9.74018 12.6937 22.6
    endloop
  endfacet
  facet normal -0 0 1
    outer loop
      vertex -10.9577 14.2804 22.6
      vertex -9.74018 12.6937 22.6
      vertex -10.0003 14.9665 22.6
    endloop
  endfacet
  facet normal 0 0 1
    outer loop
      vertex -9.74018 12.6937 22.6
      vertex -10.9577 14.2804 22.6
      vertex -10.5495 12.0294 22.6
    endloop
  endfacet
  facet normal -0 0 1
    outer loop
      vertex -11.8682 13.5331 22.6
      vertex -10.5495 12.0294 22.6
      vertex -10.9577 14.2804 22.6
    endloop
  endfacet
  facet normal 0 0 1
    outer loop
      vertex -10.5495 12.0294 22.6
      vertex -11.8682 13.5331 22.6
      vertex -11.3137 11.3137 22.6
    endloop
  endfacet
  facet normal -0 0 1
    outer loop
      vertex -12.7279 12.7279 22.6
      vertex -11.3137 11.3137 22.6
      vertex -11.8682 13.5331 22.6
    endloop
  endfacet
  facet normal 0 0 1
    outer loop
      vertex -11.3137 11.3137 22.6
      vertex -12.7279 12.7279 22.6
      vertex -12.0294 10.5495 22.6
    endloop
  endfacet
  facet normal -0 0 1
    outer loop
      vertex -13.5331 11.8682 22.6
      vertex -12.0294 10.5495 22.6
      vertex -12.7279 12.7279 22.6
    endloop
  endfacet
  facet normal 0 0 1
    outer loop
      vertex -12.0294 10.5495 22.6
      vertex -13.5331 11.8682 22.6
      vertex -12.6937 9.74018 22.6
    endloop
  endfacet
  facet normal -0 0 1
    outer loop
      vertex -14.2804 10.9577 22.6
      vertex -12.6937 9.74018 22.6
      vertex -13.5331 11.8682 22.6
    endloop
  endfacet
  facet normal 0 0 1
    outer loop
      vertex -12.6937 9.74018 22.6
      vertex -14.2804 10.9577 22.6
      vertex -13.3035 8.88912 22.6
    endloop
  endfacet
  facet normal -0 0 1
    outer loop
      vertex -14.9665 10.0003 22.6
      vertex -13.3035 8.88912 22.6
      vertex -14.2804 10.9577 22.6
    endloop
  endfacet
  facet normal 0 0 1
    outer loop
      vertex -13.3035 8.88912 22.6
      vertex -14.9665 10.0003 22.6
      vertex -13.8564 8 22.6
    endloop
  endfacet
  facet normal -0 0 1
    outer loop
      vertex -15.5885 9 22.6
      vertex -13.8564 8 22.6
      vertex -14.9665 10.0003 22.6
    endloop
  endfacet
  facet normal 0 0 1
    outer loop
      vertex -13.8564 8 22.6
      vertex -15.5885 9 22.6
      vertex -14.35 7.07662 22.6
    endloop
  endfacet
  facet normal -0 0 1
    outer loop
      vertex -16.1437 7.9612 22.6
      vertex -14.35 7.07662 22.6
      vertex -15.5885 9 22.6
    endloop
  endfacet
  facet normal 0 0 1
    outer loop
      vertex -14.35 7.07662 22.6
      vertex -16.1437 7.9612 22.6
      vertex -14.7821 6.12293 22.6
    endloop
  endfacet
  facet normal -0 0 1
    outer loop
      vertex -16.6298 6.8883 22.6
      vertex -14.7821 6.12293 22.6
      vertex -16.1437 7.9612 22.6
    endloop
  endfacet
  facet normal 0 0 1
    outer loop
      vertex -14.7821 6.12293 22.6
      vertex -16.6298 6.8883 22.6
      vertex -15.1509 5.14303 22.6
    endloop
  endfacet
  facet normal -0 0 1
    outer loop
      vertex -17.0447 5.78591 22.6
      vertex -15.1509 5.14303 22.6
      vertex -16.6298 6.8883 22.6
    endloop
  endfacet
  facet normal 0 0 1
    outer loop
      vertex -15.1509 5.14303 22.6
      vertex -17.0447 5.78591 22.6
      vertex -15.4548 4.1411 22.6
    endloop
  endfacet
  facet normal 0 0 1
    outer loop
      vertex -15.4548 4.1411 22.6
      vertex -17.3867 4.65874 22.6
      vertex -15.6926 3.12144 22.6
    endloop
  endfacet
  facet normal -0 0 1
    outer loop
      vertex -17.3867 4.65874 22.6
      vertex -15.4548 4.1411 22.6
      vertex -17.0447 5.78591 22.6
    endloop
  endfacet
  facet normal -0 0 1
    outer loop
      vertex 15.4548 -4.1411 22.6
      vertex 17.3867 -4.65874 22.6
      vertex 15.6926 -3.12144 22.6
    endloop
  endfacet
  facet normal 0 0 1
    outer loop
      vertex 17.3867 -4.65874 22.6
      vertex 15.4548 -4.1411 22.6
      vertex 17.0447 -5.78591 22.6
    endloop
  endfacet
  facet normal -0 0 1
    outer loop
      vertex 15.1509 -5.14303 22.6
      vertex 17.0447 -5.78591 22.6
      vertex 15.4548 -4.1411 22.6
    endloop
  endfacet
  facet normal 0 0 1
    outer loop
      vertex 17.0447 -5.78591 22.6
      vertex 15.1509 -5.14303 22.6
      vertex 16.6298 -6.8883 22.6
    endloop
  endfacet
  facet normal -0 0 1
    outer loop
      vertex 14.7821 -6.12293 22.6
      vertex 16.6298 -6.8883 22.6
      vertex 15.1509 -5.14303 22.6
    endloop
  endfacet
  facet normal 0 0 1
    outer loop
      vertex 16.6298 -6.8883 22.6
      vertex 14.7821 -6.12293 22.6
      vertex 16.1437 -7.9612 22.6
    endloop
  endfacet
  facet normal -0 0 1
    outer loop
      vertex 14.35 -7.07662 22.6
      vertex 16.1437 -7.9612 22.6
      vertex 14.7821 -6.12293 22.6
    endloop
  endfacet
  facet normal 0 0 1
    outer loop
      vertex 16.1437 -7.9612 22.6
      vertex 14.35 -7.07662 22.6
      vertex 15.5885 -9 22.6
    endloop
  endfacet
  facet normal -0 0 1
    outer loop
      vertex 13.8564 -8 22.6
      vertex 15.5885 -9 22.6
      vertex 14.35 -7.07662 22.6
    endloop
  endfacet
  facet normal 0 0 1
    outer loop
      vertex 15.5885 -9 22.6
      vertex 13.8564 -8 22.6
      vertex 14.9665 -10.0003 22.6
    endloop
  endfacet
  facet normal -0 0 1
    outer loop
      vertex 13.3035 -8.88912 22.6
      vertex 14.9665 -10.0003 22.6
      vertex 13.8564 -8 22.6
    endloop
  endfacet
  facet normal 0 0 1
    outer loop
      vertex 14.9665 -10.0003 22.6
      vertex 13.3035 -8.88912 22.6
      vertex 14.2804 -10.9577 22.6
    endloop
  endfacet
  facet normal -0 0 1
    outer loop
      vertex 12.6937 -9.74018 22.6
      vertex 14.2804 -10.9577 22.6
      vertex 13.3035 -8.88912 22.6
    endloop
  endfacet
  facet normal 0 0 1
    outer loop
      vertex 14.2804 -10.9577 22.6
      vertex 12.6937 -9.74018 22.6
      vertex 13.5331 -11.8682 22.6
    endloop
  endfacet
  facet normal -0 0 1
    outer loop
      vertex 12.0294 -10.5495 22.6
      vertex 13.5331 -11.8682 22.6
      vertex 12.6937 -9.74018 22.6
    endloop
  endfacet
  facet normal 0 0 1
    outer loop
      vertex 13.5331 -11.8682 22.6
      vertex 12.0294 -10.5495 22.6
      vertex 12.7279 -12.7279 22.6
    endloop
  endfacet
  facet normal -0 0 1
    outer loop
      vertex 11.3137 -11.3137 22.6
      vertex 12.7279 -12.7279 22.6
      vertex 12.0294 -10.5495 22.6
    endloop
  endfacet
  facet normal 0 0 1
    outer loop
      vertex 12.7279 -12.7279 22.6
      vertex 11.3137 -11.3137 22.6
      vertex 11.8682 -13.5331 22.6
    endloop
  endfacet
  facet normal -0 0 1
    outer loop
      vertex 10.5495 -12.0294 22.6
      vertex 11.8682 -13.5331 22.6
      vertex 11.3137 -11.3137 22.6
    endloop
  endfacet
  facet normal 0 0 1
    outer loop
      vertex 11.8682 -13.5331 22.6
      vertex 10.5495 -12.0294 22.6
      vertex 10.9577 -14.2804 22.6
    endloop
  endfacet
  facet normal -0 0 1
    outer loop
      vertex 9.74018 -12.6937 22.6
      vertex 10.9577 -14.2804 22.6
      vertex 10.5495 -12.0294 22.6
    endloop
  endfacet
  facet normal 0 0 1
    outer loop
      vertex 10.9577 -14.2804 22.6
      vertex 9.74018 -12.6937 22.6
      vertex 10.0003 -14.9665 22.6
    endloop
  endfacet
  facet normal -0 0 1
    outer loop
      vertex 8.88912 -13.3035 22.6
      vertex 10.0003 -14.9665 22.6
      vertex 9.74018 -12.6937 22.6
    endloop
  endfacet
  facet normal 0 0 1
    outer loop
      vertex 10.0003 -14.9665 22.6
      vertex 8.88912 -13.3035 22.6
      vertex 9 -15.5885 22.6
    endloop
  endfacet
  facet normal -0 0 1
    outer loop
      vertex 8 -13.8564 22.6
      vertex 9 -15.5885 22.6
      vertex 8.88912 -13.3035 22.6
    endloop
  endfacet
  facet normal 0 0 1
    outer loop
      vertex 8 -13.8564 22.6
      vertex 7.9612 -16.1437 22.6
      vertex 9 -15.5885 22.6
    endloop
  endfacet
  facet normal -0 0 1
    outer loop
      vertex 7.07662 -14.35 22.6
      vertex 7.9612 -16.1437 22.6
      vertex 8 -13.8564 22.6
    endloop
  endfacet
  facet normal 0 0 1
    outer loop
      vertex 7.07662 -14.35 22.6
      vertex 6.8883 -16.6298 22.6
      vertex 7.9612 -16.1437 22.6
    endloop
  endfacet
  facet normal -0 0 1
    outer loop
      vertex 6.12293 -14.7821 22.6
      vertex 6.8883 -16.6298 22.6
      vertex 7.07662 -14.35 22.6
    endloop
  endfacet
  facet normal 0 0 1
    outer loop
      vertex 6.12293 -14.7821 22.6
      vertex 5.78591 -17.0447 22.6
      vertex 6.8883 -16.6298 22.6
    endloop
  endfacet
  facet normal -0 0 1
    outer loop
      vertex 5.14303 -15.1509 22.6
      vertex 5.78591 -17.0447 22.6
      vertex 6.12293 -14.7821 22.6
    endloop
  endfacet
  facet normal -0 0 1
    outer loop
      vertex 4.5 -16.5 22.6
      vertex 5.78591 -17.0447 22.6
      vertex 5.14303 -15.1509 22.6
    endloop
  endfacet
  facet normal 0 0 1
    outer loop
      vertex 5.78591 -17.0447 22.6
      vertex 4.5 -16.5 22.6
      vertex 4.65874 -17.3867 22.6
    endloop
  endfacet
  facet normal -0 0 1
    outer loop
      vertex 4.1411 -15.4548 22.6
      vertex 4.5 -16.5 22.6
      vertex 5.14303 -15.1509 22.6
    endloop
  endfacet
  facet normal -0 0 1
    outer loop
      vertex 3.12144 -15.6926 22.6
      vertex 4.5 -16.5 22.6
      vertex 4.1411 -15.4548 22.6
    endloop
  endfacet
  facet normal -0 0 1
    outer loop
      vertex 2.08842 -15.8631 22.6
      vertex 4.5 -16.5 22.6
      vertex 3.12144 -15.6926 22.6
    endloop
  endfacet
  facet normal -0 0 1
    outer loop
      vertex 1.04645 -15.9657 22.6
      vertex 4.5 -16.5 22.6
      vertex 2.08842 -15.8631 22.6
    endloop
  endfacet
  facet normal -0 0 1
    outer loop
      vertex 0 -16 22.6
      vertex 4.5 -16.5 22.6
      vertex 1.04645 -15.9657 22.6
    endloop
  endfacet
  facet normal 0 0 1
    outer loop
      vertex -4.5 -16.5 22.6
      vertex 0 -16 22.6
      vertex -1.04645 -15.9657 22.6
    endloop
  endfacet
  facet normal 0 0 1
    outer loop
      vertex 0 -16 22.6
      vertex -4.5 -16.5 22.6
      vertex 4.5 -16.5 22.6
    endloop
  endfacet
  facet normal 0 0 1
    outer loop
      vertex -2.08842 -15.8631 22.6
      vertex -4.5 -16.5 22.6
      vertex -1.04645 -15.9657 22.6
    endloop
  endfacet
  facet normal 0 0 1
    outer loop
      vertex -3.12144 -15.6926 22.6
      vertex -4.5 -16.5 22.6
      vertex -2.08842 -15.8631 22.6
    endloop
  endfacet
  facet normal 0 0 1
    outer loop
      vertex -4.1411 -15.4548 22.6
      vertex -4.5 -16.5 22.6
      vertex -3.12144 -15.6926 22.6
    endloop
  endfacet
  facet normal 0 0 1
    outer loop
      vertex -4.5 -16.5 22.6
      vertex -4.65874 -17.3867 22.6
      vertex -4.5 -17.4237 22.6
    endloop
  endfacet
  facet normal 0 0 1
    outer loop
      vertex -5.14303 -15.1509 22.6
      vertex -4.5 -16.5 22.6
      vertex -4.1411 -15.4548 22.6
    endloop
  endfacet
  facet normal 0 0 1
    outer loop
      vertex -5.78591 -17.0447 22.6
      vertex -4.5 -16.5 22.6
      vertex -5.14303 -15.1509 22.6
    endloop
  endfacet
  facet normal 0 0 1
    outer loop
      vertex -4.5 -16.5 22.6
      vertex -5.78591 -17.0447 22.6
      vertex -4.65874 -17.3867 22.6
    endloop
  endfacet
  facet normal 0 0 1
    outer loop
      vertex -6.12293 -14.7821 22.6
      vertex -5.78591 -17.0447 22.6
      vertex -5.14303 -15.1509 22.6
    endloop
  endfacet
  facet normal 0 0 1
    outer loop
      vertex -6.12293 -14.7821 22.6
      vertex -6.8883 -16.6298 22.6
      vertex -5.78591 -17.0447 22.6
    endloop
  endfacet
  facet normal 0 0 1
    outer loop
      vertex -7.07662 -14.35 22.6
      vertex -6.8883 -16.6298 22.6
      vertex -6.12293 -14.7821 22.6
    endloop
  endfacet
  facet normal 0 0 1
    outer loop
      vertex -7.07662 -14.35 22.6
      vertex -7.9612 -16.1437 22.6
      vertex -6.8883 -16.6298 22.6
    endloop
  endfacet
  facet normal 0 0 1
    outer loop
      vertex -8 -13.8564 22.6
      vertex -7.9612 -16.1437 22.6
      vertex -7.07662 -14.35 22.6
    endloop
  endfacet
  facet normal 0 0 1
    outer loop
      vertex -9 -15.5885 22.6
      vertex -8 -13.8564 22.6
      vertex -8.88912 -13.3035 22.6
    endloop
  endfacet
  facet normal 0 0 1
    outer loop
      vertex -8 -13.8564 22.6
      vertex -9 -15.5885 22.6
      vertex -7.9612 -16.1437 22.6
    endloop
  endfacet
  facet normal 0 0 1
    outer loop
      vertex -10.0003 -14.9665 22.6
      vertex -8.88912 -13.3035 22.6
      vertex -9.74018 -12.6937 22.6
    endloop
  endfacet
  facet normal 0 0 1
    outer loop
      vertex -8.88912 -13.3035 22.6
      vertex -10.0003 -14.9665 22.6
      vertex -9 -15.5885 22.6
    endloop
  endfacet
  facet normal 0 0 1
    outer loop
      vertex -10.9577 -14.2804 22.6
      vertex -9.74018 -12.6937 22.6
      vertex -10.5495 -12.0294 22.6
    endloop
  endfacet
  facet normal 0 0 1
    outer loop
      vertex -9.74018 -12.6937 22.6
      vertex -10.9577 -14.2804 22.6
      vertex -10.0003 -14.9665 22.6
    endloop
  endfacet
  facet normal 0 0 1
    outer loop
      vertex -11.8682 -13.5331 22.6
      vertex -10.5495 -12.0294 22.6
      vertex -11.3137 -11.3137 22.6
    endloop
  endfacet
  facet normal 0 0 1
    outer loop
      vertex -10.5495 -12.0294 22.6
      vertex -11.8682 -13.5331 22.6
      vertex -10.9577 -14.2804 22.6
    endloop
  endfacet
  facet normal 0 0 1
    outer loop
      vertex -12.7279 -12.7279 22.6
      vertex -11.3137 -11.3137 22.6
      vertex -12.0294 -10.5495 22.6
    endloop
  endfacet
  facet normal 0 0 1
    outer loop
      vertex -13.5331 -11.8682 22.6
      vertex -12.0294 -10.5495 22.6
      vertex -12.6937 -9.74018 22.6
    endloop
  endfacet
  facet normal 0 0 1
    outer loop
      vertex -11.3137 -11.3137 22.6
      vertex -12.7279 -12.7279 22.6
      vertex -11.8682 -13.5331 22.6
    endloop
  endfacet
  facet normal 0 0 1
    outer loop
      vertex -14.2804 -10.9577 22.6
      vertex -12.6937 -9.74018 22.6
      vertex -13.3035 -8.88912 22.6
    endloop
  endfacet
  facet normal 0 0 1
    outer loop
      vertex -12.0294 -10.5495 22.6
      vertex -13.5331 -11.8682 22.6
      vertex -12.7279 -12.7279 22.6
    endloop
  endfacet
  facet normal 0 0 1
    outer loop
      vertex -14.9665 -10.0003 22.6
      vertex -13.3035 -8.88912 22.6
      vertex -13.8564 -8 22.6
    endloop
  endfacet
  facet normal 0 0 1
    outer loop
      vertex -12.6937 -9.74018 22.6
      vertex -14.2804 -10.9577 22.6
      vertex -13.5331 -11.8682 22.6
    endloop
  endfacet
  facet normal 0 0 1
    outer loop
      vertex -15.5885 -9 22.6
      vertex -13.8564 -8 22.6
      vertex -14.35 -7.07662 22.6
    endloop
  endfacet
  facet normal 0 0 1
    outer loop
      vertex -16.1437 -7.9612 22.6
      vertex -14.35 -7.07662 22.6
      vertex -14.7821 -6.12293 22.6
    endloop
  endfacet
  facet normal 0 0 1
    outer loop
      vertex -13.3035 -8.88912 22.6
      vertex -14.9665 -10.0003 22.6
      vertex -14.2804 -10.9577 22.6
    endloop
  endfacet
  facet normal 0 0 1
    outer loop
      vertex -16.6298 -6.8883 22.6
      vertex -14.7821 -6.12293 22.6
      vertex -15.1509 -5.14303 22.6
    endloop
  endfacet
  facet normal 0 0 1
    outer loop
      vertex -17.0447 -5.78591 22.6
      vertex -15.1509 -5.14303 22.6
      vertex -15.4548 -4.1411 22.6
    endloop
  endfacet
  facet normal 0 0 1
    outer loop
      vertex -13.8564 -8 22.6
      vertex -15.5885 -9 22.6
      vertex -14.9665 -10.0003 22.6
    endloop
  endfacet
  facet normal 0 0 1
    outer loop
      vertex -17.3867 -4.65874 22.6
      vertex -15.4548 -4.1411 22.6
      vertex -15.6926 -3.12144 22.6
    endloop
  endfacet
  facet normal 0 0 1
    outer loop
      vertex -17.6541 -3.51163 22.6
      vertex -15.6926 -3.12144 22.6
      vertex -15.8631 -2.08842 22.6
    endloop
  endfacet
  facet normal 0 0 1
    outer loop
      vertex -17.846 -2.34947 22.6
      vertex -15.8631 -2.08842 22.6
      vertex -15.8718 -2 22.6
    endloop
  endfacet
  facet normal 0 0 1
    outer loop
      vertex -14.35 -7.07662 22.6
      vertex -16.1437 -7.9612 22.6
      vertex -15.5885 -9 22.6
    endloop
  endfacet
  facet normal -0 0 1
    outer loop
      vertex -17.6541 3.51163 22.6
      vertex -15.6926 3.12144 22.6
      vertex -17.3867 4.65874 22.6
    endloop
  endfacet
  facet normal 0 0 1
    outer loop
      vertex -15.6926 3.12144 22.6
      vertex -17.6541 3.51163 22.6
      vertex -15.8631 2.08842 22.6
    endloop
  endfacet
  facet normal 0 0 1
    outer loop
      vertex -14.7821 -6.12293 22.6
      vertex -16.6298 -6.8883 22.6
      vertex -16.1437 -7.9612 22.6
    endloop
  endfacet
  facet normal -0 0 1
    outer loop
      vertex -17.846 2.34947 22.6
      vertex -15.8631 2.08842 22.6
      vertex -17.6541 3.51163 22.6
    endloop
  endfacet
  facet normal 0 0 1
    outer loop
      vertex -15.1509 -5.14303 22.6
      vertex -17.0447 -5.78591 22.6
      vertex -16.6298 -6.8883 22.6
    endloop
  endfacet
  facet normal 0 0 1
    outer loop
      vertex -15.8631 2.08842 22.6
      vertex -17.846 2.34947 22.6
      vertex -15.8718 2 22.6
    endloop
  endfacet
  facet normal 0 0 1
    outer loop
      vertex -15.4548 -4.1411 22.6
      vertex -17.3867 -4.65874 22.6
      vertex -17.0447 -5.78591 22.6
    endloop
  endfacet
  facet normal 0 0 1
    outer loop
      vertex -17.9615 1.17726 22.6
      vertex -15.8718 2 22.6
      vertex -17.846 2.34947 22.6
    endloop
  endfacet
  facet normal 0 0 1
    outer loop
      vertex -15.6926 -3.12144 22.6
      vertex -17.6541 -3.51163 22.6
      vertex -17.3867 -4.65874 22.6
    endloop
  endfacet
  facet normal 0 0 1
    outer loop
      vertex -18 0 22.6
      vertex -15.8718 2 22.6
      vertex -17.9615 1.17726 22.6
    endloop
  endfacet
  facet normal 0 0 1
    outer loop
      vertex -15.8631 -2.08842 22.6
      vertex -17.846 -2.34947 22.6
      vertex -17.6541 -3.51163 22.6
    endloop
  endfacet
  facet normal 0 0 1
    outer loop
      vertex -15.8718 2 22.6
      vertex -18 0 22.6
      vertex -15.8718 -2 22.6
    endloop
  endfacet
  facet normal 0 0 1
    outer loop
      vertex -15.8718 -2 22.6
      vertex -17.9615 -1.17726 22.6
      vertex -17.846 -2.34947 22.6
    endloop
  endfacet
  facet normal 0 0 1
    outer loop
      vertex -15.8718 -2 22.6
      vertex -18 0 22.6
      vertex -17.9615 -1.17726 22.6
    endloop
  endfacet
  facet normal 0 0 1
    outer loop
      vertex 4.65874 -17.3867 22.6
      vertex 4.5 -16.5 22.6
      vertex 4.5 -17.4237 22.6
    endloop
  endfacet
  facet normal -0 0 1
    outer loop
      vertex -15.8718 2 22.6
      vertex -14.5 -2 22.6
      vertex -14.5 2 22.6
    endloop
  endfacet
  facet normal 0 0 1
    outer loop
      vertex -14.5 -2 22.6
      vertex -15.8718 2 22.6
      vertex -15.8718 -2 22.6
    endloop
  endfacet
  facet normal -0.935909 -0.352242 0
    outer loop
      vertex -16.6298 -6.8883 0
      vertex -17.0447 -5.78591 22.6
      vertex -17.0447 -5.78591 0
    endloop
  endfacet
  facet normal -0.935909 -0.352242 0
    outer loop
      vertex -17.0447 -5.78591 22.6
      vertex -16.6298 -6.8883 0
      vertex -16.6298 -6.8883 22.6
    endloop
  endfacet
  facet normal -0.849212 0.528052 0
    outer loop
      vertex -15.5885 9 0
      vertex -14.9665 10.0003 22.6
      vertex -14.9665 10.0003 0
    endloop
  endfacet
  facet normal -0.849212 0.528052 0
    outer loop
      vertex -14.9665 10.0003 22.6
      vertex -15.5885 9 0
      vertex -15.5885 9 22.6
    endloop
  endfacet
  facet normal -0.227001 -0.973895 0
    outer loop
      vertex -4.65874 -17.3867 22.6
      vertex -4.5 -17.4237 21.4
      vertex -4.5 -17.4237 22.6
    endloop
  endfacet
  facet normal -0.227001 -0.973895 0
    outer loop
      vertex -4.65874 -17.3867 0
      vertex -4.5 -17.4237 21.4
      vertex -4.65874 -17.3867 22.6
    endloop
  endfacet
  facet normal -0.227024 -0.973889 1.84454e-07
    outer loop
      vertex -4.65874 -17.3867 0
      vertex -3.51163 -17.6541 21.4
      vertex -4.5 -17.4237 21.4
    endloop
  endfacet
  facet normal -0.227021 -0.97389 -0
    outer loop
      vertex -3.51163 -17.6541 21.4
      vertex -4.65874 -17.3867 0
      vertex -3.51163 -17.6541 0
    endloop
  endfacet
  facet normal -0.812832 0.582498 0
    outer loop
      vertex -14.9665 10.0003 0
      vertex -14.2804 10.9577 22.6
      vertex -14.2804 10.9577 0
    endloop
  endfacet
  facet normal -0.812832 0.582498 0
    outer loop
      vertex -14.2804 10.9577 22.6
      vertex -14.9665 10.0003 0
      vertex -14.9665 10.0003 22.6
    endloop
  endfacet
  facet normal 0.729863 -0.683594 0
    outer loop
      vertex 12.7279 -12.7279 22.6
      vertex 13.5331 -11.8682 0
      vertex 13.5331 -11.8682 22.6
    endloop
  endfacet
  facet normal 0.729863 -0.683594 0
    outer loop
      vertex 13.5331 -11.8682 0
      vertex 12.7279 -12.7279 22.6
      vertex 12.7279 -12.7279 0
    endloop
  endfacet
  facet normal 0.995181 -0.098057 0
    outer loop
      vertex 17.846 -2.34947 22.6
      vertex 17.9615 -1.17726 0
      vertex 17.9615 -1.17726 22.6
    endloop
  endfacet
  facet normal 0.995181 -0.098057 0
    outer loop
      vertex 17.9615 -1.17726 0
      vertex 17.846 -2.34947 22.6
      vertex 17.846 -2.34947 0
    endloop
  endfacet
  facet normal 0.294086 0.955779 -0
    outer loop
      vertex 5.78591 17.0447 0
      vertex 5.78461 17.0451 9.38485
      vertex 5.78591 17.0447 9.38619
    endloop
  endfacet
  facet normal 0.290417 0.9569 -5.56074e-07
    outer loop
      vertex 5.78591 17.0447 0
      vertex 5.55067 17.1161 9.18015
      vertex 5.78461 17.0451 9.38485
    endloop
  endfacet
  facet normal 0.290512 0.956871 2.12949e-06
    outer loop
      vertex 5.78591 17.0447 0
      vertex 5.43539 17.1511 9.07928
      vertex 5.55067 17.1161 9.18015
    endloop
  endfacet
  facet normal 0.289822 0.957081 -2.6978e-05
    outer loop
      vertex 5.78591 17.0447 0
      vertex 5.30494 17.1906 8.98267
      vertex 5.43539 17.1511 9.07928
    endloop
  endfacet
  facet normal 0.290297 0.956937 7.89607e-07
    outer loop
      vertex 5.78591 17.0447 0
      vertex 5.06694 17.2628 8.80641
      vertex 5.30494 17.1906 8.98267
    endloop
  endfacet
  facet normal 0.290255 0.956949 -2.99277e-06
    outer loop
      vertex 5.78591 17.0447 0
      vertex 4.8289 17.335 8.65783
      vertex 5.06694 17.2628 8.80641
    endloop
  endfacet
  facet normal 0.290758 0.956797 5.77437e-05
    outer loop
      vertex 5.78591 17.0447 0
      vertex 4.68314 17.3793 8.56686
      vertex 4.8289 17.335 8.65783
    endloop
  endfacet
  facet normal 0.290233 0.956956 -1.60538e-05
    outer loop
      vertex 5.78591 17.0447 0
      vertex 4.65874 17.3867 8.55414
      vertex 4.68314 17.3793 8.56686
    endloop
  endfacet
  facet normal 0.290344 0.956922 0
    outer loop
      vertex 4.65874 17.3867 8.55414
      vertex 5.78591 17.0447 0
      vertex 4.65874 17.3867 0
    endloop
  endfacet
  facet normal 0.290344 0.956922 0
    outer loop
      vertex 5.78591 17.0447 22.6
      vertex 4.65874 17.3867 17.9459
      vertex 4.65874 17.3867 22.6
    endloop
  endfacet
  facet normal 0.290239 0.956954 2.79786e-05
    outer loop
      vertex 5.78591 17.0447 22.6
      vertex 4.68314 17.3793 17.9331
      vertex 4.65874 17.3867 17.9459
    endloop
  endfacet
  facet normal 0.290734 0.956804 -9.98069e-05
    outer loop
      vertex 5.78591 17.0447 22.6
      vertex 4.8289 17.335 17.8422
      vertex 4.68314 17.3793 17.9331
    endloop
  endfacet
  facet normal 0.290256 0.956949 5.17226e-06
    outer loop
      vertex 5.78591 17.0447 22.6
      vertex 5.06694 17.2628 17.6936
      vertex 4.8289 17.335 17.8422
    endloop
  endfacet
  facet normal 0.290297 0.956937 -1.35578e-06
    outer loop
      vertex 5.78591 17.0447 22.6
      vertex 5.30494 17.1906 17.5173
      vertex 5.06694 17.2628 17.6936
    endloop
  endfacet
  facet normal 0.289835 0.957077 4.63228e-05
    outer loop
      vertex 5.78591 17.0447 22.6
      vertex 5.43539 17.1511 17.4207
      vertex 5.30494 17.1906 17.5173
    endloop
  endfacet
  facet normal 0.290511 0.956872 -3.64328e-06
    outer loop
      vertex 5.78591 17.0447 22.6
      vertex 5.55067 17.1161 17.3198
      vertex 5.43539 17.1511 17.4207
    endloop
  endfacet
  facet normal 0.290417 0.9569 9.51398e-07
    outer loop
      vertex 5.78591 17.0447 22.6
      vertex 5.78461 17.0451 17.1152
      vertex 5.55067 17.1161 17.3198
    endloop
  endfacet
  facet normal 0.294086 0.955779 0
    outer loop
      vertex 5.78461 17.0451 17.1152
      vertex 5.78591 17.0447 22.6
      vertex 5.78591 17.0447 17.1138
    endloop
  endfacet
  facet normal -0.683594 -0.729863 0
    outer loop
      vertex -12.7279 -12.7279 0
      vertex -11.8682 -13.5331 22.6
      vertex -12.7279 -12.7279 22.6
    endloop
  endfacet
  facet normal -0.683594 -0.729863 -0
    outer loop
      vertex -11.8682 -13.5331 22.6
      vertex -12.7279 -12.7279 0
      vertex -11.8682 -13.5331 0
    endloop
  endfacet
  facet normal -0.582498 -0.812832 0
    outer loop
      vertex -10.9577 -14.2804 0
      vertex -10.0003 -14.9665 22.6
      vertex -10.9577 -14.2804 22.6
    endloop
  endfacet
  facet normal -0.582498 -0.812832 -0
    outer loop
      vertex -10.0003 -14.9665 22.6
      vertex -10.9577 -14.2804 0
      vertex -10.0003 -14.9665 0
    endloop
  endfacet
  facet normal -0.41269 -0.910872 0
    outer loop
      vertex -7.9612 -16.1437 0
      vertex -6.8883 -16.6298 22.6
      vertex -7.9612 -16.1437 22.6
    endloop
  endfacet
  facet normal -0.41269 -0.910872 -0
    outer loop
      vertex -6.8883 -16.6298 22.6
      vertex -7.9612 -16.1437 0
      vertex -6.8883 -16.6298 0
    endloop
  endfacet
  facet normal 0.227021 0.97389 0
    outer loop
      vertex 4.65874 17.3867 22.6
      vertex 3.51163 17.6541 18.5377
      vertex 3.51163 17.6541 22.6
    endloop
  endfacet
  facet normal 0.223865 0.97462 0.000939214
    outer loop
      vertex 4.65874 17.3867 22.6
      vertex 3.52907 17.6501 18.5316
      vertex 3.51163 17.6541 18.5377
    endloop
  endfacet
  facet normal 0.227348 0.973813 -8.01795e-05
    outer loop
      vertex 4.65874 17.3867 22.6
      vertex 3.74449 17.5998 18.439
      vertex 3.52907 17.6501 18.5316
    endloop
  endfacet
  facet normal 0.226666 0.973973 7.79638e-05
    outer loop
      vertex 4.65874 17.3867 22.6
      vertex 3.92284 17.5583 18.3624
      vertex 3.74449 17.5998 18.439
    endloop
  endfacet
  facet normal 0.227427 0.973795 -6.13402e-05
    outer loop
      vertex 4.65874 17.3867 22.6
      vertex 4.08681 17.52 18.2772
      vertex 3.92284 17.5583 18.3624
    endloop
  endfacet
  facet normal 0.227144 0.973861 -2.18816e-05
    outer loop
      vertex 4.65874 17.3867 22.6
      vertex 4.30803 17.4684 18.1624
      vertex 4.08681 17.52 18.2772
    endloop
  endfacet
  facet normal 0.227103 0.973871 -1.8532e-05
    outer loop
      vertex 4.65874 17.3867 22.6
      vertex 4.52972 17.4167 18.0255
      vertex 4.30803 17.4684 18.1624
    endloop
  endfacet
  facet normal 0.22648 0.974016 0
    outer loop
      vertex 4.52972 17.4167 18.0255
      vertex 4.65874 17.3867 22.6
      vertex 4.65874 17.3867 17.9459
    endloop
  endfacet
  facet normal 0.227149 0.97386 1.18647e-05
    outer loop
      vertex 4.65874 17.3867 0
      vertex 4.08681 17.52 8.22278
      vertex 4.30803 17.4684 8.33764
    endloop
  endfacet
  facet normal 0.22648 0.974016 -0
    outer loop
      vertex 4.65874 17.3867 0
      vertex 4.52972 17.4167 8.47449
      vertex 4.65874 17.3867 8.55414
    endloop
  endfacet
  facet normal 0.227108 0.973869 1.00829e-05
    outer loop
      vertex 4.65874 17.3867 0
      vertex 4.30803 17.4684 8.33764
      vertex 4.52972 17.4167 8.47449
    endloop
  endfacet
  facet normal 0.22744 0.973792 3.32628e-05
    outer loop
      vertex 4.08681 17.52 8.22278
      vertex 4.65874 17.3867 0
      vertex 3.92284 17.5583 8.13765
    endloop
  endfacet
  facet normal 0.226651 0.973976 -4.19946e-05
    outer loop
      vertex 4.65874 17.3867 0
      vertex 3.74449 17.5998 8.06098
      vertex 3.92284 17.5583 8.13765
    endloop
  endfacet
  facet normal 0.227363 0.97381 4.31908e-05
    outer loop
      vertex 4.65874 17.3867 0
      vertex 3.52907 17.6501 7.96837
      vertex 3.74449 17.5998 8.06098
    endloop
  endfacet
  facet normal 0.223719 0.974654 -0.000501423
    outer loop
      vertex 4.65874 17.3867 0
      vertex 3.51163 17.6541 7.96231
      vertex 3.52907 17.6501 7.96837
    endloop
  endfacet
  facet normal 0.227021 0.97389 0
    outer loop
      vertex 3.51163 17.6541 7.96231
      vertex 4.65874 17.3867 0
      vertex 3.51163 17.6541 0
    endloop
  endfacet
  facet normal -0.812832 -0.582498 0
    outer loop
      vertex -14.2804 -10.9577 0
      vertex -14.9665 -10.0003 22.6
      vertex -14.9665 -10.0003 0
    endloop
  endfacet
  facet normal -0.812832 -0.582498 0
    outer loop
      vertex -14.9665 -10.0003 22.6
      vertex -14.2804 -10.9577 0
      vertex -14.2804 -10.9577 22.6
    endloop
  endfacet
  facet normal -0.098057 -0.995181 0
    outer loop
      vertex -2.34947 -17.846 0
      vertex -1.17726 -17.9615 21.4
      vertex -2.34947 -17.846 21.4
    endloop
  endfacet
  facet normal -0.098057 -0.995181 -0
    outer loop
      vertex -1.17726 -17.9615 21.4
      vertex -2.34947 -17.846 0
      vertex -1.17726 -17.9615 0
    endloop
  endfacet
  facet normal -0.528052 -0.849212 0
    outer loop
      vertex -10.0003 -14.9665 0
      vertex -9 -15.5885 22.6
      vertex -10.0003 -14.9665 22.6
    endloop
  endfacet
  facet normal -0.528052 -0.849212 -0
    outer loop
      vertex -9 -15.5885 22.6
      vertex -10.0003 -14.9665 0
      vertex -9 -15.5885 0
    endloop
  endfacet
  facet normal -0.881939 0.471364 0
    outer loop
      vertex -16.1437 7.9612 0
      vertex -15.5885 9 22.6
      vertex -15.5885 9 0
    endloop
  endfacet
  facet normal -0.881939 0.471364 0
    outer loop
      vertex -15.5885 9 22.6
      vertex -16.1437 7.9612 0
      vertex -16.1437 7.9612 22.6
    endloop
  endfacet
  facet normal 0.352242 0.935909 0
    outer loop
      vertex 6.8883 16.6298 22.6
      vertex 5.78591 17.0447 17.1138
      vertex 5.78591 17.0447 22.6
    endloop
  endfacet
  facet normal 0.352245 0.935908 -6.1944e-07
    outer loop
      vertex 6.8883 16.6298 22.6
      vertex 6.03354 16.9515 16.892
      vertex 5.78591 17.0447 17.1138
    endloop
  endfacet
  facet normal 0.352239 0.93591 4.79619e-07
    outer loop
      vertex 6.8883 16.6298 22.6
      vertex 6.14115 16.911 16.7956
      vertex 6.03354 16.9515 16.892
    endloop
  endfacet
  facet normal 0.35212 0.935955 1.79605e-05
    outer loop
      vertex 6.8883 16.6298 22.6
      vertex 6.38092 16.8208 16.5384
      vertex 6.14115 16.911 16.7956
    endloop
  endfacet
  facet normal 0.351929 0.936027 3.62205e-05
    outer loop
      vertex 6.8883 16.6298 22.6
      vertex 6.47136 16.7868 16.4413
      vertex 6.38092 16.8208 16.5384
    endloop
  endfacet
  facet normal 0.352307 0.935885 6.99999e-06
    outer loop
      vertex 6.8883 16.6298 22.6
      vertex 6.69557 16.7024 16.1508
      vertex 6.47136 16.7868 16.4413
    endloop
  endfacet
  facet normal 0.352738 0.935722 -7.70021e-06
    outer loop
      vertex 6.8883 16.6298 22.6
      vertex 6.77011 16.6743 16.0543
      vertex 6.69557 16.7024 16.1508
    endloop
  endfacet
  facet normal 0.351937 0.936024 8.80333e-06
    outer loop
      vertex 6.8883 16.6298 22.6
      vertex 6.83155 16.6512 15.9566
      vertex 6.77011 16.6743 16.0543
    endloop
  endfacet
  facet normal 0.352839 0.935684 0
    outer loop
      vertex 6.83155 16.6512 15.9566
      vertex 6.8883 16.6298 22.6
      vertex 6.8883 16.6298 15.8665
    endloop
  endfacet
  facet normal 0.352839 0.935684 -0
    outer loop
      vertex 6.8883 16.6298 0
      vertex 6.83155 16.6512 10.5434
      vertex 6.8883 16.6298 10.6335
    endloop
  endfacet
  facet normal 0.352741 0.935721 4.86676e-06
    outer loop
      vertex 6.8883 16.6298 0
      vertex 6.69557 16.7024 10.3492
      vertex 6.77011 16.6743 10.4457
    endloop
  endfacet
  facet normal 0.352239 0.93591 -2.99308e-07
    outer loop
      vertex 6.8883 16.6298 0
      vertex 6.03354 16.9515 9.60801
      vertex 6.14115 16.911 9.7044
    endloop
  endfacet
  facet normal 0.351932 0.936025 -5.57462e-06
    outer loop
      vertex 6.83155 16.6512 10.5434
      vertex 6.8883 16.6298 0
      vertex 6.77011 16.6743 10.4457
    endloop
  endfacet
  facet normal 0.352304 0.935886 -4.42426e-06
    outer loop
      vertex 6.69557 16.7024 10.3492
      vertex 6.8883 16.6298 0
      vertex 6.47136 16.7868 10.0587
    endloop
  endfacet
  facet normal 0.351916 0.936032 -2.27758e-05
    outer loop
      vertex 6.8883 16.6298 0
      vertex 6.38092 16.8208 9.96164
      vertex 6.47136 16.7868 10.0587
    endloop
  endfacet
  facet normal 0.352114 0.935957 -1.12931e-05
    outer loop
      vertex 6.8883 16.6298 0
      vertex 6.14115 16.911 9.7044
      vertex 6.38092 16.8208 9.96164
    endloop
  endfacet
  facet normal 0.352245 0.935908 3.86556e-07
    outer loop
      vertex 6.03354 16.9515 9.60801
      vertex 6.8883 16.6298 0
      vertex 5.78591 17.0447 9.38619
    endloop
  endfacet
  facet normal 0.352242 0.935909 0
    outer loop
      vertex 5.78591 17.0447 9.38619
      vertex 6.8883 16.6298 0
      vertex 5.78591 17.0447 0
    endloop
  endfacet
  facet normal -0.63443 -0.77298 0
    outer loop
      vertex -11.8682 -13.5331 0
      vertex -10.9577 -14.2804 22.6
      vertex -11.8682 -13.5331 22.6
    endloop
  endfacet
  facet normal -0.63443 -0.77298 -0
    outer loop
      vertex -10.9577 -14.2804 22.6
      vertex -11.8682 -13.5331 0
      vertex -10.9577 -14.2804 0
    endloop
  endfacet
  facet normal -0.474741 -0.38961 0.789192
    outer loop
      vertex 7.25918 5.57017 6.15
      vertex 7.61619 5.84411 6.5
      vertex 7.21766 6.32972 6.5
    endloop
  endfacet
  facet normal -0.357732 0.499207 0.78919
    outer loop
      vertex 5.33347 -7.98211 6.5
      vertex 5.57017 -7.25918 6.15
      vertex 5.08347 -7.60795 6.15
    endloop
  endfacet
  facet normal 0.389612 0.474734 0.789196
    outer loop
      vertex -5.57017 -7.25918 6.15
      vertex -6.03301 -6.87933 6.15
      vertex -6.32972 -7.21766 6.5
    endloop
  endfacet
  facet normal -0.613817 -0.0200998 0.789193
    outer loop
      vertex 9.6 0 6.5
      vertex 9.57944 0.62787 6.5
      vertex 9.15 0 6.15
    endloop
  endfacet
  facet normal -0.613822 -0.0200936 0.789189
    outer loop
      vertex 9.15 0 6.15
      vertex 9.57944 0.62787 6.5
      vertex 9.13041 0.598438 6.15
    endloop
  endfacet
  facet normal -0.419836 0.448246 0.789185
    outer loop
      vertex 6.78822 -6.78822 6.5
      vertex 6.47003 -6.47003 6.15
      vertex 6.32972 -7.21766 6.5
    endloop
  endfacet
  facet normal -0.474734 0.389612 0.789196
    outer loop
      vertex 7.21766 -6.32972 6.5
      vertex 7.25918 -5.57017 6.15
      vertex 6.87933 -6.03301 6.15
    endloop
  endfacet
  facet normal 0.357732 -0.499207 0.78919
    outer loop
      vertex -5.08347 7.60795 6.15
      vertex -5.33347 7.98211 6.5
      vertex -5.57017 7.25918 6.15
    endloop
  endfacet
  facet normal -0.605938 0.100038 0.789197
    outer loop
      vertex 9.41554 -1.87287 6.5
      vertex 9.51787 -1.25305 6.5
      vertex 8.97418 -1.78508 6.15
    endloop
  endfacet
  facet normal -0.499206 0.357727 0.789192
    outer loop
      vertex 7.61619 -5.84411 6.5
      vertex 7.98211 -5.33347 6.5
      vertex 7.25918 -5.57017 6.15
    endloop
  endfacet
  facet normal 0.587699 -0.178277 0.789194
    outer loop
      vertex -8.66441 2.94117 6.15
      vertex -9.09053 3.08582 6.5
      vertex -9.27289 2.48466 6.5
    endloop
  endfacet
  facet normal -0.25346 -0.559408 0.78919
    outer loop
      vertex 4.24597 8.60998 6.5
      vertex 3.67376 8.86924 6.5
      vertex 3.50155 8.4535 6.15
    endloop
  endfacet
  facet normal -0.587699 0.178277 0.789194
    outer loop
      vertex 9.09053 -3.08582 6.5
      vertex 9.27289 -2.48466 6.5
      vertex 8.66441 -2.94117 6.15
    endloop
  endfacet
  facet normal -0.499207 0.357732 0.78919
    outer loop
      vertex 7.98211 -5.33347 6.5
      vertex 7.60795 -5.08347 6.15
      vertex 7.25918 -5.57017 6.15
    endloop
  endfacet
  facet normal -0.100038 0.605938 0.789197
    outer loop
      vertex 1.87287 -9.41554 6.5
      vertex 1.78508 -8.97418 6.15
      vertex 1.25305 -9.51787 6.5
    endloop
  endfacet
  facet normal -0.139455 0.5981 0.789195
    outer loop
      vertex 2.48466 -9.27289 6.5
      vertex 2.36819 -8.83822 6.15
      vertex 1.78508 -8.97418 6.15
    endloop
  endfacet
  facet normal -0.587698 0.178275 0.789195
    outer loop
      vertex 9.27289 -2.48466 6.5
      vertex 8.83822 -2.36819 6.15
      vertex 8.66441 -2.94117 6.15
    endloop
  endfacet
  facet normal -0.216336 0.574779 0.789194
    outer loop
      vertex 3.08582 -9.09053 6.5
      vertex 3.67376 -8.86924 6.5
      vertex 2.94117 -8.66441 6.15
    endloop
  endfacet
  facet normal 0.499207 0.357732 0.78919
    outer loop
      vertex -7.25918 -5.57017 6.15
      vertex -7.60795 -5.08347 6.15
      vertex -7.98211 -5.33347 6.5
    endloop
  endfacet
  facet normal -0.324309 0.521536 0.789192
    outer loop
      vertex 4.8 -8.31384 6.5
      vertex 5.33347 -7.98211 6.5
      vertex 4.575 -7.92413 6.15
    endloop
  endfacet
  facet normal -0.389612 -0.474734 0.789196
    outer loop
      vertex 6.03301 6.87933 6.15
      vertex 6.32972 7.21766 6.5
      vertex 5.57017 7.25918 6.15
    endloop
  endfacet
  facet normal -0.0200936 0.613822 0.789189
    outer loop
      vertex 0.62787 -9.57944 6.5
      vertex 0.598438 -9.13041 6.15
      vertex 0 -9.15 6.15
    endloop
  endfacet
  facet normal -0.541627 0.28951 0.789192
    outer loop
      vertex 8.31384 -4.8 6.5
      vertex 8.60998 -4.24597 6.5
      vertex 7.92413 -4.575 6.15
    endloop
  endfacet
  facet normal 0.587698 0.178275 0.789195
    outer loop
      vertex -8.66441 -2.94117 6.15
      vertex -8.83822 -2.36819 6.15
      vertex -9.27289 -2.48466 6.5
    endloop
  endfacet
  facet normal 0.216332 0.574787 0.78919
    outer loop
      vertex -2.94117 -8.66441 6.15
      vertex -3.50155 -8.4535 6.15
      vertex -3.67376 -8.86924 6.5
    endloop
  endfacet
  facet normal -0.100038 -0.605938 0.789197
    outer loop
      vertex 1.78508 8.97418 6.15
      vertex 1.87287 9.41554 6.5
      vertex 1.25305 9.51787 6.5
    endloop
  endfacet
  facet normal -0.448246 0.419836 0.789185
    outer loop
      vertex 6.78822 -6.78822 6.5
      vertex 7.21766 -6.32972 6.5
      vertex 6.47003 -6.47003 6.15
    endloop
  endfacet
  facet normal -0.100045 0.605942 0.789193
    outer loop
      vertex 1.25305 -9.51787 6.5
      vertex 1.78508 -8.97418 6.15
      vertex 1.19431 -9.07172 6.15
    endloop
  endfacet
  facet normal 0.178275 0.587698 0.789195
    outer loop
      vertex -2.48466 -9.27289 6.5
      vertex -2.36819 -8.83822 6.15
      vertex -2.94117 -8.66441 6.15
    endloop
  endfacet
  facet normal 0.474734 -0.389612 0.789196
    outer loop
      vertex -6.87933 6.03301 6.15
      vertex -7.21766 6.32972 6.5
      vertex -7.25918 5.57017 6.15
    endloop
  endfacet
  facet normal -0.0601921 -0.611189 0.789193
    outer loop
      vertex 1.19431 9.07172 6.15
      vertex 1.25305 9.51787 6.5
      vertex 0.62787 9.57944 6.5
    endloop
  endfacet
  facet normal 0.448247 0.419815 0.789196
    outer loop
      vertex -6.47003 -6.47003 6.15
      vertex -6.87933 -6.03301 6.15
      vertex -7.21766 -6.32972 6.5
    endloop
  endfacet
  facet normal 0.559408 0.25346 0.78919
    outer loop
      vertex -8.60998 -4.24597 6.5
      vertex -8.4535 -3.50155 6.15
      vertex -8.86924 -3.67376 6.5
    endloop
  endfacet
  facet normal -0.541625 0.2895 0.789197
    outer loop
      vertex 8.60998 -4.24597 6.5
      vertex 8.20638 -4.04694 6.15
      vertex 7.92413 -4.575 6.15
    endloop
  endfacet
  facet normal -0.357727 0.499206 0.789192
    outer loop
      vertex 5.84411 -7.61619 6.5
      vertex 5.57017 -7.25918 6.15
      vertex 5.33347 -7.98211 6.5
    endloop
  endfacet
  facet normal -0.559395 0.253466 0.789197
    outer loop
      vertex 8.60998 -4.24597 6.5
      vertex 8.4535 -3.50155 6.15
      vertex 8.20638 -4.04694 6.15
    endloop
  endfacet
  facet normal 0.0601921 0.611189 0.789193
    outer loop
      vertex -0.62787 -9.57944 6.5
      vertex -1.19431 -9.07172 6.15
      vertex -1.25305 -9.51787 6.5
    endloop
  endfacet
  facet normal -0.598097 0.139457 0.789197
    outer loop
      vertex 9.27289 -2.48466 6.5
      vertex 9.41554 -1.87287 6.5
      vertex 8.97418 -1.78508 6.15
    endloop
  endfacet
  facet normal 0.0200998 0.613817 0.789193
    outer loop
      vertex 0 -9.6 6.5
      vertex 0 -9.15 6.15
      vertex -0.62787 -9.57944 6.5
    endloop
  endfacet
  facet normal 0.613822 0.0200936 0.789189
    outer loop
      vertex -9.13041 -0.598438 6.15
      vertex -9.15 0 6.15
      vertex -9.57944 -0.62787 6.5
    endloop
  endfacet
  facet normal 0.474734 0.389612 0.789196
    outer loop
      vertex -7.21766 -6.32972 6.5
      vertex -6.87933 -6.03301 6.15
      vertex -7.25918 -5.57017 6.15
    endloop
  endfacet
  facet normal 0.541625 -0.2895 0.789197
    outer loop
      vertex -8.20638 4.04694 6.15
      vertex -7.92413 4.575 6.15
      vertex -8.60998 4.24597 6.5
    endloop
  endfacet
  facet normal -0.448246 -0.419836 0.789185
    outer loop
      vertex 7.21766 6.32972 6.5
      vertex 6.78822 6.78822 6.5
      vertex 6.47003 6.47003 6.15
    endloop
  endfacet
  facet normal 0.0200936 0.613822 0.789189
    outer loop
      vertex 0 -9.15 6.15
      vertex -0.598438 -9.13041 6.15
      vertex -0.62787 -9.57944 6.5
    endloop
  endfacet
  facet normal -0.605942 0.100045 0.789193
    outer loop
      vertex 9.51787 -1.25305 6.5
      vertex 9.07172 -1.19431 6.15
      vertex 8.97418 -1.78508 6.15
    endloop
  endfacet
  facet normal 0.357732 0.499207 0.78919
    outer loop
      vertex -5.33347 -7.98211 6.5
      vertex -5.08347 -7.60795 6.15
      vertex -5.57017 -7.25918 6.15
    endloop
  endfacet
  facet normal 0.605942 0.100045 0.789193
    outer loop
      vertex -8.97418 -1.78508 6.15
      vertex -9.07172 -1.19431 6.15
      vertex -9.51787 -1.25305 6.5
    endloop
  endfacet
  facet normal -0.521536 0.324309 0.789192
    outer loop
      vertex 7.98211 -5.33347 6.5
      vertex 8.31384 -4.8 6.5
      vertex 7.92413 -4.575 6.15
    endloop
  endfacet
  facet normal -0.324307 0.52154 0.78919
    outer loop
      vertex 5.33347 -7.98211 6.5
      vertex 5.08347 -7.60795 6.15
      vertex 4.575 -7.92413 6.15
    endloop
  endfacet
  facet normal 0.587699 0.178277 0.789194
    outer loop
      vertex -9.09053 -3.08582 6.5
      vertex -8.66441 -2.94117 6.15
      vertex -9.27289 -2.48466 6.5
    endloop
  endfacet
  facet normal -0.52154 0.324307 0.78919
    outer loop
      vertex 7.98211 -5.33347 6.5
      vertex 7.92413 -4.575 6.15
      vertex 7.60795 -5.08347 6.15
    endloop
  endfacet
  facet normal 0.559395 -0.253466 0.789197
    outer loop
      vertex -8.4535 3.50155 6.15
      vertex -8.20638 4.04694 6.15
      vertex -8.60998 4.24597 6.5
    endloop
  endfacet
  facet normal -0.178275 0.587698 0.789195
    outer loop
      vertex 2.48466 -9.27289 6.5
      vertex 2.94117 -8.66441 6.15
      vertex 2.36819 -8.83822 6.15
    endloop
  endfacet
  facet normal 0.611189 -0.0601921 0.789193
    outer loop
      vertex -9.07172 1.19431 6.15
      vertex -9.51787 1.25305 6.5
      vertex -9.57944 0.62787 6.5
    endloop
  endfacet
  facet normal -0.611189 0.0601921 0.789193
    outer loop
      vertex 9.51787 -1.25305 6.5
      vertex 9.57944 -0.62787 6.5
      vertex 9.07172 -1.19431 6.15
    endloop
  endfacet
  facet normal -0.613817 0.0200998 0.789193
    outer loop
      vertex 9.57944 -0.62787 6.5
      vertex 9.6 0 6.5
      vertex 9.15 0 6.15
    endloop
  endfacet
  facet normal -0.216332 -0.574787 0.78919
    outer loop
      vertex 3.50155 8.4535 6.15
      vertex 3.67376 8.86924 6.5
      vertex 2.94117 8.66441 6.15
    endloop
  endfacet
  facet normal 0.474741 -0.38961 0.789192
    outer loop
      vertex -7.25918 5.57017 6.15
      vertex -7.21766 6.32972 6.5
      vertex -7.61619 5.84411 6.5
    endloop
  endfacet
  facet normal 0.605942 -0.100045 0.789193
    outer loop
      vertex -9.07172 1.19431 6.15
      vertex -8.97418 1.78508 6.15
      vertex -9.51787 1.25305 6.5
    endloop
  endfacet
  facet normal 0.613817 0.0200998 0.789193
    outer loop
      vertex -9.57944 -0.62787 6.5
      vertex -9.15 0 6.15
      vertex -9.6 0 6.5
    endloop
  endfacet
  facet normal -0.38961 0.474741 0.789192
    outer loop
      vertex 5.84411 -7.61619 6.5
      vertex 6.32972 -7.21766 6.5
      vertex 5.57017 -7.25918 6.15
    endloop
  endfacet
  facet normal -0.499206 -0.357727 0.789192
    outer loop
      vertex 7.98211 5.33347 6.5
      vertex 7.61619 5.84411 6.5
      vertex 7.25918 5.57017 6.15
    endloop
  endfacet
  facet normal -0.613822 0.0200936 0.789189
    outer loop
      vertex 9.57944 -0.62787 6.5
      vertex 9.15 0 6.15
      vertex 9.13041 -0.598438 6.15
    endloop
  endfacet
  facet normal 0.100045 0.605942 0.789193
    outer loop
      vertex -1.25305 -9.51787 6.5
      vertex -1.19431 -9.07172 6.15
      vertex -1.78508 -8.97418 6.15
    endloop
  endfacet
  facet normal -0.216332 0.574787 0.78919
    outer loop
      vertex 3.67376 -8.86924 6.5
      vertex 3.50155 -8.4535 6.15
      vertex 2.94117 -8.66441 6.15
    endloop
  endfacet
  facet normal -0.587699 -0.178277 0.789194
    outer loop
      vertex 9.27289 2.48466 6.5
      vertex 9.09053 3.08582 6.5
      vertex 8.66441 2.94117 6.15
    endloop
  endfacet
  facet normal 0.357727 0.499206 0.789192
    outer loop
      vertex -5.33347 -7.98211 6.5
      vertex -5.57017 -7.25918 6.15
      vertex -5.84411 -7.61619 6.5
    endloop
  endfacet
  facet normal 0.139457 -0.598097 0.789197
    outer loop
      vertex -1.78508 8.97418 6.15
      vertex -1.87287 9.41554 6.5
      vertex -2.48466 9.27289 6.5
    endloop
  endfacet
  facet normal -0.25346 0.559408 0.78919
    outer loop
      vertex 3.67376 -8.86924 6.5
      vertex 4.24597 -8.60998 6.5
      vertex 3.50155 -8.4535 6.15
    endloop
  endfacet
  facet normal -0.419815 0.448247 0.789196
    outer loop
      vertex 6.32972 -7.21766 6.5
      vertex 6.47003 -6.47003 6.15
      vertex 6.03301 -6.87933 6.15
    endloop
  endfacet
  facet normal -0.611193 0.0601991 0.789189
    outer loop
      vertex 9.57944 -0.62787 6.5
      vertex 9.13041 -0.598438 6.15
      vertex 9.07172 -1.19431 6.15
    endloop
  endfacet
  facet normal -0.448247 -0.419815 0.789196
    outer loop
      vertex 6.87933 6.03301 6.15
      vertex 7.21766 6.32972 6.5
      vertex 6.47003 6.47003 6.15
    endloop
  endfacet
  facet normal 0.178277 0.587699 0.789194
    outer loop
      vertex -2.48466 -9.27289 6.5
      vertex -2.94117 -8.66441 6.15
      vertex -3.08582 -9.09053 6.5
    endloop
  endfacet
  facet normal -0.559408 0.25346 0.78919
    outer loop
      vertex 8.60998 -4.24597 6.5
      vertex 8.86924 -3.67376 6.5
      vertex 8.4535 -3.50155 6.15
    endloop
  endfacet
  facet normal 0.611193 -0.0601991 0.789189
    outer loop
      vertex -9.13041 0.598438 6.15
      vertex -9.07172 1.19431 6.15
      vertex -9.57944 0.62787 6.5
    endloop
  endfacet
  facet normal -0.2895 -0.541625 0.789197
    outer loop
      vertex 4.575 7.92413 6.15
      vertex 4.24597 8.60998 6.5
      vertex 4.04694 8.20638 6.15
    endloop
  endfacet
  facet normal -0.0200998 0.613817 0.789193
    outer loop
      vertex 0.62787 -9.57944 6.5
      vertex 0 -9.15 6.15
      vertex 0 -9.6 6.5
    endloop
  endfacet
  facet normal 0.419815 0.448247 0.789196
    outer loop
      vertex -6.32972 -7.21766 6.5
      vertex -6.03301 -6.87933 6.15
      vertex -6.47003 -6.47003 6.15
    endloop
  endfacet
  facet normal 0.2895 -0.541625 0.789197
    outer loop
      vertex -4.04694 8.20638 6.15
      vertex -4.24597 8.60998 6.5
      vertex -4.575 7.92413 6.15
    endloop
  endfacet
  facet normal -0.474741 0.38961 0.789192
    outer loop
      vertex 7.61619 -5.84411 6.5
      vertex 7.25918 -5.57017 6.15
      vertex 7.21766 -6.32972 6.5
    endloop
  endfacet
  facet normal -0.357732 -0.499207 0.78919
    outer loop
      vertex 5.57017 7.25918 6.15
      vertex 5.33347 7.98211 6.5
      vertex 5.08347 7.60795 6.15
    endloop
  endfacet
  facet normal 0.521536 -0.324309 0.789192
    outer loop
      vertex -7.92413 4.575 6.15
      vertex -7.98211 5.33347 6.5
      vertex -8.31384 4.8 6.5
    endloop
  endfacet
  facet normal 0.28951 -0.541627 0.789192
    outer loop
      vertex -4.575 7.92413 6.15
      vertex -4.24597 8.60998 6.5
      vertex -4.8 8.31384 6.5
    endloop
  endfacet
  facet normal 0.0601991 0.611193 0.789189
    outer loop
      vertex -0.62787 -9.57944 6.5
      vertex -0.598438 -9.13041 6.15
      vertex -1.19431 -9.07172 6.15
    endloop
  endfacet
  facet normal -0.574779 0.216336 0.789194
    outer loop
      vertex 8.86924 -3.67376 6.5
      vertex 9.09053 -3.08582 6.5
      vertex 8.66441 -2.94117 6.15
    endloop
  endfacet
  facet normal 0.324309 0.521536 0.789192
    outer loop
      vertex -4.8 -8.31384 6.5
      vertex -4.575 -7.92413 6.15
      vertex -5.33347 -7.98211 6.5
    endloop
  endfacet
  facet normal 0.0200998 -0.613817 0.789193
    outer loop
      vertex 0 9.15 6.15
      vertex 0 9.6 6.5
      vertex -0.62787 9.57944 6.5
    endloop
  endfacet
  facet normal -0.52154 -0.324307 0.78919
    outer loop
      vertex 7.92413 4.575 6.15
      vertex 7.98211 5.33347 6.5
      vertex 7.60795 5.08347 6.15
    endloop
  endfacet
  facet normal -0.574787 0.216332 0.78919
    outer loop
      vertex 8.86924 -3.67376 6.5
      vertex 8.66441 -2.94117 6.15
      vertex 8.4535 -3.50155 6.15
    endloop
  endfacet
  facet normal 0.25346 0.559408 0.78919
    outer loop
      vertex -3.67376 -8.86924 6.5
      vertex -3.50155 -8.4535 6.15
      vertex -4.24597 -8.60998 6.5
    endloop
  endfacet
  facet normal -0.100045 -0.605942 0.789193
    outer loop
      vertex 1.78508 8.97418 6.15
      vertex 1.25305 9.51787 6.5
      vertex 1.19431 9.07172 6.15
    endloop
  endfacet
  facet normal -0.28951 0.541627 0.789192
    outer loop
      vertex 4.8 -8.31384 6.5
      vertex 4.575 -7.92413 6.15
      vertex 4.24597 -8.60998 6.5
    endloop
  endfacet
  facet normal -0.574787 -0.216332 0.78919
    outer loop
      vertex 8.66441 2.94117 6.15
      vertex 8.86924 3.67376 6.5
      vertex 8.4535 3.50155 6.15
    endloop
  endfacet
  facet normal -0.611193 -0.0601991 0.789189
    outer loop
      vertex 9.13041 0.598438 6.15
      vertex 9.57944 0.62787 6.5
      vertex 9.07172 1.19431 6.15
    endloop
  endfacet
  facet normal 0.611193 0.0601991 0.789189
    outer loop
      vertex -9.07172 -1.19431 6.15
      vertex -9.13041 -0.598438 6.15
      vertex -9.57944 -0.62787 6.5
    endloop
  endfacet
  facet normal 0.216336 0.574779 0.789194
    outer loop
      vertex -3.08582 -9.09053 6.5
      vertex -2.94117 -8.66441 6.15
      vertex -3.67376 -8.86924 6.5
    endloop
  endfacet
  facet normal 0.574787 0.216332 0.78919
    outer loop
      vertex -8.4535 -3.50155 6.15
      vertex -8.66441 -2.94117 6.15
      vertex -8.86924 -3.67376 6.5
    endloop
  endfacet
  facet normal 0.598097 0.139457 0.789197
    outer loop
      vertex -9.27289 -2.48466 6.5
      vertex -8.97418 -1.78508 6.15
      vertex -9.41554 -1.87287 6.5
    endloop
  endfacet
  facet normal 0.559408 -0.25346 0.78919
    outer loop
      vertex -8.4535 3.50155 6.15
      vertex -8.60998 4.24597 6.5
      vertex -8.86924 3.67376 6.5
    endloop
  endfacet
  facet normal -0.574779 -0.216336 0.789194
    outer loop
      vertex 9.09053 3.08582 6.5
      vertex 8.86924 3.67376 6.5
      vertex 8.66441 2.94117 6.15
    endloop
  endfacet
  facet normal 0.38961 0.474741 0.789192
    outer loop
      vertex -5.84411 -7.61619 6.5
      vertex -5.57017 -7.25918 6.15
      vertex -6.32972 -7.21766 6.5
    endloop
  endfacet
  facet normal 0.5981 -0.139455 0.789195
    outer loop
      vertex -8.97418 1.78508 6.15
      vertex -8.83822 2.36819 6.15
      vertex -9.27289 2.48466 6.5
    endloop
  endfacet
  facet normal -0.2895 0.541625 0.789197
    outer loop
      vertex 4.24597 -8.60998 6.5
      vertex 4.575 -7.92413 6.15
      vertex 4.04694 -8.20638 6.15
    endloop
  endfacet
  facet normal -0.324309 -0.521536 0.789192
    outer loop
      vertex 5.33347 7.98211 6.5
      vertex 4.8 8.31384 6.5
      vertex 4.575 7.92413 6.15
    endloop
  endfacet
  facet normal -0.178277 0.587699 0.789194
    outer loop
      vertex 3.08582 -9.09053 6.5
      vertex 2.94117 -8.66441 6.15
      vertex 2.48466 -9.27289 6.5
    endloop
  endfacet
  facet normal -0.178275 -0.587698 0.789195
    outer loop
      vertex 2.94117 8.66441 6.15
      vertex 2.48466 9.27289 6.5
      vertex 2.36819 8.83822 6.15
    endloop
  endfacet
  facet normal 0.541627 0.28951 0.789192
    outer loop
      vertex -8.31384 -4.8 6.5
      vertex -7.92413 -4.575 6.15
      vertex -8.60998 -4.24597 6.5
    endloop
  endfacet
  facet normal 0.419836 -0.448246 0.789185
    outer loop
      vertex -6.47003 6.47003 6.15
      vertex -6.32972 7.21766 6.5
      vertex -6.78822 6.78822 6.5
    endloop
  endfacet
  facet normal 0.541627 -0.28951 0.789192
    outer loop
      vertex -7.92413 4.575 6.15
      vertex -8.31384 4.8 6.5
      vertex -8.60998 4.24597 6.5
    endloop
  endfacet
  facet normal -0.0601921 0.611189 0.789193
    outer loop
      vertex 1.25305 -9.51787 6.5
      vertex 1.19431 -9.07172 6.15
      vertex 0.62787 -9.57944 6.5
    endloop
  endfacet
  facet normal 0.178277 -0.587699 0.789194
    outer loop
      vertex -2.94117 8.66441 6.15
      vertex -2.48466 9.27289 6.5
      vertex -3.08582 9.09053 6.5
    endloop
  endfacet
  facet normal -0.598097 -0.139457 0.789197
    outer loop
      vertex 9.41554 1.87287 6.5
      vertex 9.27289 2.48466 6.5
      vertex 8.97418 1.78508 6.15
    endloop
  endfacet
  facet normal -0.357727 -0.499206 0.789192
    outer loop
      vertex 5.57017 7.25918 6.15
      vertex 5.84411 7.61619 6.5
      vertex 5.33347 7.98211 6.5
    endloop
  endfacet
  facet normal -0.474734 -0.389612 0.789196
    outer loop
      vertex 7.25918 5.57017 6.15
      vertex 7.21766 6.32972 6.5
      vertex 6.87933 6.03301 6.15
    endloop
  endfacet
  facet normal 0.2895 0.541625 0.789197
    outer loop
      vertex -4.24597 -8.60998 6.5
      vertex -4.04694 -8.20638 6.15
      vertex -4.575 -7.92413 6.15
    endloop
  endfacet
  facet normal -0.499207 -0.357732 0.78919
    outer loop
      vertex 7.60795 5.08347 6.15
      vertex 7.98211 5.33347 6.5
      vertex 7.25918 5.57017 6.15
    endloop
  endfacet
  facet normal -0.216336 -0.574779 0.789194
    outer loop
      vertex 3.67376 8.86924 6.5
      vertex 3.08582 9.09053 6.5
      vertex 2.94117 8.66441 6.15
    endloop
  endfacet
  facet normal 0.0601991 -0.611193 0.789189
    outer loop
      vertex -0.598438 9.13041 6.15
      vertex -0.62787 9.57944 6.5
      vertex -1.19431 9.07172 6.15
    endloop
  endfacet
  facet normal 0.0200936 -0.613822 0.789189
    outer loop
      vertex -0.598438 9.13041 6.15
      vertex 0 9.15 6.15
      vertex -0.62787 9.57944 6.5
    endloop
  endfacet
  facet normal 0.28951 0.541627 0.789192
    outer loop
      vertex -4.24597 -8.60998 6.5
      vertex -4.575 -7.92413 6.15
      vertex -4.8 -8.31384 6.5
    endloop
  endfacet
  facet normal 0.613817 -0.0200998 0.789193
    outer loop
      vertex -9.15 0 6.15
      vertex -9.57944 0.62787 6.5
      vertex -9.6 0 6.5
    endloop
  endfacet
  facet normal -0.448247 0.419815 0.789196
    outer loop
      vertex 7.21766 -6.32972 6.5
      vertex 6.87933 -6.03301 6.15
      vertex 6.47003 -6.47003 6.15
    endloop
  endfacet
  facet normal -0.253466 0.559395 0.789197
    outer loop
      vertex 4.24597 -8.60998 6.5
      vertex 4.04694 -8.20638 6.15
      vertex 3.50155 -8.4535 6.15
    endloop
  endfacet
  facet normal 0.389612 -0.474734 0.789196
    outer loop
      vertex -6.03301 6.87933 6.15
      vertex -5.57017 7.25918 6.15
      vertex -6.32972 7.21766 6.5
    endloop
  endfacet
  facet normal 0.216336 -0.574779 0.789194
    outer loop
      vertex -2.94117 8.66441 6.15
      vertex -3.08582 9.09053 6.5
      vertex -3.67376 8.86924 6.5
    endloop
  endfacet
  facet normal 0.474741 0.38961 0.789192
    outer loop
      vertex -7.21766 -6.32972 6.5
      vertex -7.25918 -5.57017 6.15
      vertex -7.61619 -5.84411 6.5
    endloop
  endfacet
  facet normal -0.139457 -0.598097 0.789197
    outer loop
      vertex 2.48466 9.27289 6.5
      vertex 1.87287 9.41554 6.5
      vertex 1.78508 8.97418 6.15
    endloop
  endfacet
  facet normal -0.139455 -0.5981 0.789195
    outer loop
      vertex 2.36819 8.83822 6.15
      vertex 2.48466 9.27289 6.5
      vertex 1.78508 8.97418 6.15
    endloop
  endfacet
  facet normal 0.324307 0.52154 0.78919
    outer loop
      vertex -4.575 -7.92413 6.15
      vertex -5.08347 -7.60795 6.15
      vertex -5.33347 -7.98211 6.5
    endloop
  endfacet
  facet normal -0.5981 0.139455 0.789195
    outer loop
      vertex 9.27289 -2.48466 6.5
      vertex 8.97418 -1.78508 6.15
      vertex 8.83822 -2.36819 6.15
    endloop
  endfacet
  facet normal 0.559395 0.253466 0.789197
    outer loop
      vertex -8.20638 -4.04694 6.15
      vertex -8.4535 -3.50155 6.15
      vertex -8.60998 -4.24597 6.5
    endloop
  endfacet
  facet normal 0.139457 0.598097 0.789197
    outer loop
      vertex -1.87287 -9.41554 6.5
      vertex -1.78508 -8.97418 6.15
      vertex -2.48466 -9.27289 6.5
    endloop
  endfacet
  facet normal -0.389612 0.474734 0.789196
    outer loop
      vertex 6.32972 -7.21766 6.5
      vertex 6.03301 -6.87933 6.15
      vertex 5.57017 -7.25918 6.15
    endloop
  endfacet
  facet normal 0.139455 0.5981 0.789195
    outer loop
      vertex -1.78508 -8.97418 6.15
      vertex -2.36819 -8.83822 6.15
      vertex -2.48466 -9.27289 6.5
    endloop
  endfacet
  facet normal -0.419815 -0.448247 0.789196
    outer loop
      vertex 6.47003 6.47003 6.15
      vertex 6.32972 7.21766 6.5
      vertex 6.03301 6.87933 6.15
    endloop
  endfacet
  facet normal -0.139457 0.598097 0.789197
    outer loop
      vertex 1.87287 -9.41554 6.5
      vertex 2.48466 -9.27289 6.5
      vertex 1.78508 -8.97418 6.15
    endloop
  endfacet
  facet normal -0.419836 -0.448246 0.789185
    outer loop
      vertex 6.47003 6.47003 6.15
      vertex 6.78822 6.78822 6.5
      vertex 6.32972 7.21766 6.5
    endloop
  endfacet
  facet normal -0.0601991 0.611193 0.789189
    outer loop
      vertex 0.62787 -9.57944 6.5
      vertex 1.19431 -9.07172 6.15
      vertex 0.598438 -9.13041 6.15
    endloop
  endfacet
  facet normal 0.605938 0.100038 0.789197
    outer loop
      vertex -9.41554 -1.87287 6.5
      vertex -8.97418 -1.78508 6.15
      vertex -9.51787 -1.25305 6.5
    endloop
  endfacet
  facet normal 0.611189 0.0601921 0.789193
    outer loop
      vertex -9.51787 -1.25305 6.5
      vertex -9.07172 -1.19431 6.15
      vertex -9.57944 -0.62787 6.5
    endloop
  endfacet
  facet normal 0.100038 0.605938 0.789197
    outer loop
      vertex -1.25305 -9.51787 6.5
      vertex -1.78508 -8.97418 6.15
      vertex -1.87287 -9.41554 6.5
    endloop
  endfacet
  facet normal 0.574779 0.216336 0.789194
    outer loop
      vertex -8.86924 -3.67376 6.5
      vertex -8.66441 -2.94117 6.15
      vertex -9.09053 -3.08582 6.5
    endloop
  endfacet
  facet normal 0.499206 0.357727 0.789192
    outer loop
      vertex -7.61619 -5.84411 6.5
      vertex -7.25918 -5.57017 6.15
      vertex -7.98211 -5.33347 6.5
    endloop
  endfacet
  facet normal 0.448246 -0.419836 0.789185
    outer loop
      vertex -6.47003 6.47003 6.15
      vertex -6.78822 6.78822 6.5
      vertex -7.21766 6.32972 6.5
    endloop
  endfacet
  facet normal -0.0200998 -0.613817 0.789193
    outer loop
      vertex 0.62787 9.57944 6.5
      vertex 0 9.6 6.5
      vertex 0 9.15 6.15
    endloop
  endfacet
  facet normal 0.216332 -0.574787 0.78919
    outer loop
      vertex -3.50155 8.4535 6.15
      vertex -2.94117 8.66441 6.15
      vertex -3.67376 8.86924 6.5
    endloop
  endfacet
  facet normal -0.541627 -0.28951 0.789192
    outer loop
      vertex 8.60998 4.24597 6.5
      vertex 8.31384 4.8 6.5
      vertex 7.92413 4.575 6.15
    endloop
  endfacet
  facet normal 0.541625 0.2895 0.789197
    outer loop
      vertex -7.92413 -4.575 6.15
      vertex -8.20638 -4.04694 6.15
      vertex -8.60998 -4.24597 6.5
    endloop
  endfacet
  facet normal 0.499206 -0.357727 0.789192
    outer loop
      vertex -7.25918 5.57017 6.15
      vertex -7.61619 5.84411 6.5
      vertex -7.98211 5.33347 6.5
    endloop
  endfacet
  facet normal 0.574787 -0.216332 0.78919
    outer loop
      vertex -8.66441 2.94117 6.15
      vertex -8.4535 3.50155 6.15
      vertex -8.86924 3.67376 6.5
    endloop
  endfacet
  facet normal 0.253466 0.559395 0.789197
    outer loop
      vertex -3.50155 -8.4535 6.15
      vertex -4.04694 -8.20638 6.15
      vertex -4.24597 -8.60998 6.5
    endloop
  endfacet
  facet normal 0.448247 -0.419815 0.789196
    outer loop
      vertex -6.87933 6.03301 6.15
      vertex -6.47003 6.47003 6.15
      vertex -7.21766 6.32972 6.5
    endloop
  endfacet
  facet normal 0.587698 -0.178275 0.789195
    outer loop
      vertex -8.83822 2.36819 6.15
      vertex -8.66441 2.94117 6.15
      vertex -9.27289 2.48466 6.5
    endloop
  endfacet
  facet normal 0.574779 -0.216336 0.789194
    outer loop
      vertex -8.66441 2.94117 6.15
      vertex -8.86924 3.67376 6.5
      vertex -9.09053 3.08582 6.5
    endloop
  endfacet
  facet normal 0.100038 -0.605938 0.789197
    outer loop
      vertex -1.78508 8.97418 6.15
      vertex -1.25305 9.51787 6.5
      vertex -1.87287 9.41554 6.5
    endloop
  endfacet
  facet normal 0.25346 -0.559408 0.78919
    outer loop
      vertex -3.50155 8.4535 6.15
      vertex -3.67376 8.86924 6.5
      vertex -4.24597 8.60998 6.5
    endloop
  endfacet
  facet normal 0.100045 -0.605942 0.789193
    outer loop
      vertex -1.19431 9.07172 6.15
      vertex -1.25305 9.51787 6.5
      vertex -1.78508 8.97418 6.15
    endloop
  endfacet
  facet normal 0.0601921 -0.611189 0.789193
    outer loop
      vertex -1.19431 9.07172 6.15
      vertex -0.62787 9.57944 6.5
      vertex -1.25305 9.51787 6.5
    endloop
  endfacet
  facet normal -0.587698 -0.178275 0.789195
    outer loop
      vertex 8.83822 2.36819 6.15
      vertex 9.27289 2.48466 6.5
      vertex 8.66441 2.94117 6.15
    endloop
  endfacet
  facet normal -0.178277 -0.587699 0.789194
    outer loop
      vertex 2.94117 8.66441 6.15
      vertex 3.08582 9.09053 6.5
      vertex 2.48466 9.27289 6.5
    endloop
  endfacet
  facet normal 0.324309 -0.521536 0.789192
    outer loop
      vertex -4.575 7.92413 6.15
      vertex -4.8 8.31384 6.5
      vertex -5.33347 7.98211 6.5
    endloop
  endfacet
  facet normal 0.419836 0.448246 0.789185
    outer loop
      vertex -6.32972 -7.21766 6.5
      vertex -6.47003 -6.47003 6.15
      vertex -6.78822 -6.78822 6.5
    endloop
  endfacet
  facet normal 0.448246 0.419836 0.789185
    outer loop
      vertex -6.78822 -6.78822 6.5
      vertex -6.47003 -6.47003 6.15
      vertex -7.21766 -6.32972 6.5
    endloop
  endfacet
  facet normal 0.613822 -0.0200936 0.789189
    outer loop
      vertex -9.15 0 6.15
      vertex -9.13041 0.598438 6.15
      vertex -9.57944 0.62787 6.5
    endloop
  endfacet
  facet normal -0.324307 -0.52154 0.78919
    outer loop
      vertex 5.08347 7.60795 6.15
      vertex 5.33347 7.98211 6.5
      vertex 4.575 7.92413 6.15
    endloop
  endfacet
  facet normal 0.5981 0.139455 0.789195
    outer loop
      vertex -8.83822 -2.36819 6.15
      vertex -8.97418 -1.78508 6.15
      vertex -9.27289 -2.48466 6.5
    endloop
  endfacet
  facet normal -0.541625 -0.2895 0.789197
    outer loop
      vertex 8.20638 4.04694 6.15
      vertex 8.60998 4.24597 6.5
      vertex 7.92413 4.575 6.15
    endloop
  endfacet
  facet normal -0.28951 -0.541627 0.789192
    outer loop
      vertex 4.575 7.92413 6.15
      vertex 4.8 8.31384 6.5
      vertex 4.24597 8.60998 6.5
    endloop
  endfacet
  facet normal -0.559395 -0.253466 0.789197
    outer loop
      vertex 8.4535 3.50155 6.15
      vertex 8.60998 4.24597 6.5
      vertex 8.20638 4.04694 6.15
    endloop
  endfacet
  facet normal -0.38961 -0.474741 0.789192
    outer loop
      vertex 6.32972 7.21766 6.5
      vertex 5.84411 7.61619 6.5
      vertex 5.57017 7.25918 6.15
    endloop
  endfacet
  facet normal -0.559408 -0.25346 0.78919
    outer loop
      vertex 8.86924 3.67376 6.5
      vertex 8.60998 4.24597 6.5
      vertex 8.4535 3.50155 6.15
    endloop
  endfacet
  facet normal -0.0200936 -0.613822 0.789189
    outer loop
      vertex 0.598438 9.13041 6.15
      vertex 0.62787 9.57944 6.5
      vertex 0 9.15 6.15
    endloop
  endfacet
  facet normal 0.52154 0.324307 0.78919
    outer loop
      vertex -7.60795 -5.08347 6.15
      vertex -7.92413 -4.575 6.15
      vertex -7.98211 -5.33347 6.5
    endloop
  endfacet
  facet normal 0.253466 -0.559395 0.789197
    outer loop
      vertex -4.04694 8.20638 6.15
      vertex -3.50155 8.4535 6.15
      vertex -4.24597 8.60998 6.5
    endloop
  endfacet
  facet normal 0.139455 -0.5981 0.789195
    outer loop
      vertex -2.36819 8.83822 6.15
      vertex -1.78508 8.97418 6.15
      vertex -2.48466 9.27289 6.5
    endloop
  endfacet
  facet normal -0.521536 -0.324309 0.789192
    outer loop
      vertex 8.31384 4.8 6.5
      vertex 7.98211 5.33347 6.5
      vertex 7.92413 4.575 6.15
    endloop
  endfacet
  facet normal 0.178275 -0.587698 0.789195
    outer loop
      vertex -2.36819 8.83822 6.15
      vertex -2.48466 9.27289 6.5
      vertex -2.94117 8.66441 6.15
    endloop
  endfacet
  facet normal 0.357727 -0.499206 0.789192
    outer loop
      vertex -5.57017 7.25918 6.15
      vertex -5.33347 7.98211 6.5
      vertex -5.84411 7.61619 6.5
    endloop
  endfacet
  facet normal 0.52154 -0.324307 0.78919
    outer loop
      vertex -7.92413 4.575 6.15
      vertex -7.60795 5.08347 6.15
      vertex -7.98211 5.33347 6.5
    endloop
  endfacet
  facet normal 0.499207 -0.357732 0.78919
    outer loop
      vertex -7.60795 5.08347 6.15
      vertex -7.25918 5.57017 6.15
      vertex -7.98211 5.33347 6.5
    endloop
  endfacet
  facet normal 0.605938 -0.100038 0.789197
    outer loop
      vertex -8.97418 1.78508 6.15
      vertex -9.41554 1.87287 6.5
      vertex -9.51787 1.25305 6.5
    endloop
  endfacet
  facet normal 0.598097 -0.139457 0.789197
    outer loop
      vertex -8.97418 1.78508 6.15
      vertex -9.27289 2.48466 6.5
      vertex -9.41554 1.87287 6.5
    endloop
  endfacet
  facet normal -0.605938 -0.100038 0.789197
    outer loop
      vertex 9.51787 1.25305 6.5
      vertex 9.41554 1.87287 6.5
      vertex 8.97418 1.78508 6.15
    endloop
  endfacet
  facet normal 0.521536 0.324309 0.789192
    outer loop
      vertex -7.98211 -5.33347 6.5
      vertex -7.92413 -4.575 6.15
      vertex -8.31384 -4.8 6.5
    endloop
  endfacet
  facet normal -0.5981 -0.139455 0.789195
    outer loop
      vertex 8.97418 1.78508 6.15
      vertex 9.27289 2.48466 6.5
      vertex 8.83822 2.36819 6.15
    endloop
  endfacet
  facet normal -0.611189 -0.0601921 0.789193
    outer loop
      vertex 9.57944 0.62787 6.5
      vertex 9.51787 1.25305 6.5
      vertex 9.07172 1.19431 6.15
    endloop
  endfacet
  facet normal -0.605942 -0.100045 0.789193
    outer loop
      vertex 9.07172 1.19431 6.15
      vertex 9.51787 1.25305 6.5
      vertex 8.97418 1.78508 6.15
    endloop
  endfacet
  facet normal 0.38961 -0.474741 0.789192
    outer loop
      vertex -5.57017 7.25918 6.15
      vertex -5.84411 7.61619 6.5
      vertex -6.32972 7.21766 6.5
    endloop
  endfacet
  facet normal -0.0601991 -0.611193 0.789189
    outer loop
      vertex 1.19431 9.07172 6.15
      vertex 0.62787 9.57944 6.5
      vertex 0.598438 9.13041 6.15
    endloop
  endfacet
  facet normal 0.419815 -0.448247 0.789196
    outer loop
      vertex -6.03301 6.87933 6.15
      vertex -6.32972 7.21766 6.5
      vertex -6.47003 6.47003 6.15
    endloop
  endfacet
  facet normal 0.324307 -0.52154 0.78919
    outer loop
      vertex -5.08347 7.60795 6.15
      vertex -4.575 7.92413 6.15
      vertex -5.33347 7.98211 6.5
    endloop
  endfacet
  facet normal -0.253466 -0.559395 0.789197
    outer loop
      vertex 4.04694 8.20638 6.15
      vertex 4.24597 8.60998 6.5
      vertex 3.50155 8.4535 6.15
    endloop
  endfacet
  facet normal -0.613817 -0.0200998 -0.789193
    outer loop
      vertex 9.57944 0.62787 6.5
      vertex 9.6 0 6.5
      vertex 9.15 0 6.85
    endloop
  endfacet
  facet normal -0.419836 0.448246 -0.789185
    outer loop
      vertex 6.47003 -6.47003 6.85
      vertex 6.78822 -6.78822 6.5
      vertex 6.32972 -7.21766 6.5
    endloop
  endfacet
  facet normal -0.559408 -0.25346 -0.78919
    outer loop
      vertex 8.60998 4.24597 6.5
      vertex 8.86924 3.67376 6.5
      vertex 8.4535 3.50155 6.85
    endloop
  endfacet
  facet normal -0.598097 0.139457 -0.789197
    outer loop
      vertex 9.41554 -1.87287 6.5
      vertex 9.27289 -2.48466 6.5
      vertex 8.97418 -1.78508 6.85
    endloop
  endfacet
  facet normal -0.613817 0.0200998 -0.789193
    outer loop
      vertex 9.6 0 6.5
      vertex 9.57944 -0.62787 6.5
      vertex 9.15 0 6.85
    endloop
  endfacet
  facet normal -0.574779 0.216336 -0.789194
    outer loop
      vertex 9.09053 -3.08582 6.5
      vertex 8.86924 -3.67376 6.5
      vertex 8.66441 -2.94117 6.85
    endloop
  endfacet
  facet normal 0.324309 0.521536 -0.789192
    outer loop
      vertex -4.575 -7.92413 6.85
      vertex -4.8 -8.31384 6.5
      vertex -5.33347 -7.98211 6.5
    endloop
  endfacet
  facet normal -0.613822 0.0200936 -0.789189
    outer loop
      vertex 9.15 0 6.85
      vertex 9.57944 -0.62787 6.5
      vertex 9.13041 -0.598438 6.85
    endloop
  endfacet
  facet normal 0.559395 -0.253466 -0.789197
    outer loop
      vertex -8.20638 4.04694 6.85
      vertex -8.4535 3.50155 6.85
      vertex -8.60998 4.24597 6.5
    endloop
  endfacet
  facet normal 0.0601921 -0.611189 -0.789193
    outer loop
      vertex -0.62787 9.57944 6.5
      vertex -1.19431 9.07172 6.85
      vertex -1.25305 9.51787 6.5
    endloop
  endfacet
  facet normal -0.587699 -0.178277 -0.789194
    outer loop
      vertex 9.09053 3.08582 6.5
      vertex 9.27289 2.48466 6.5
      vertex 8.66441 2.94117 6.85
    endloop
  endfacet
  facet normal 0.587699 0.178277 -0.789194
    outer loop
      vertex -8.66441 -2.94117 6.85
      vertex -9.09053 -3.08582 6.5
      vertex -9.27289 -2.48466 6.5
    endloop
  endfacet
  facet normal -0.25346 0.559408 -0.78919
    outer loop
      vertex 4.24597 -8.60998 6.5
      vertex 3.67376 -8.86924 6.5
      vertex 3.50155 -8.4535 6.85
    endloop
  endfacet
  facet normal -0.38961 0.474741 -0.789192
    outer loop
      vertex 6.32972 -7.21766 6.5
      vertex 5.84411 -7.61619 6.5
      vertex 5.57017 -7.25918 6.85
    endloop
  endfacet
  facet normal 0.448246 0.419836 -0.789185
    outer loop
      vertex -6.47003 -6.47003 6.85
      vertex -6.78822 -6.78822 6.5
      vertex -7.21766 -6.32972 6.5
    endloop
  endfacet
  facet normal -0.605938 0.100038 -0.789197
    outer loop
      vertex 9.51787 -1.25305 6.5
      vertex 9.41554 -1.87287 6.5
      vertex 8.97418 -1.78508 6.85
    endloop
  endfacet
  facet normal 0.611189 0.0601921 -0.789193
    outer loop
      vertex -9.07172 -1.19431 6.85
      vertex -9.51787 -1.25305 6.5
      vertex -9.57944 -0.62787 6.5
    endloop
  endfacet
  facet normal 0.178277 -0.587699 -0.789194
    outer loop
      vertex -2.48466 9.27289 6.5
      vertex -2.94117 8.66441 6.85
      vertex -3.08582 9.09053 6.5
    endloop
  endfacet
  facet normal -0.613822 -0.0200936 -0.789189
    outer loop
      vertex 9.57944 0.62787 6.5
      vertex 9.15 0 6.85
      vertex 9.13041 0.598438 6.85
    endloop
  endfacet
  facet normal -0.100045 -0.605942 -0.789193
    outer loop
      vertex 1.25305 9.51787 6.5
      vertex 1.78508 8.97418 6.85
      vertex 1.19431 9.07172 6.85
    endloop
  endfacet
  facet normal 0.25346 -0.559408 -0.78919
    outer loop
      vertex -3.67376 8.86924 6.5
      vertex -3.50155 8.4535 6.85
      vertex -4.24597 8.60998 6.5
    endloop
  endfacet
  facet normal -0.499207 0.357732 -0.78919
    outer loop
      vertex 7.60795 -5.08347 6.85
      vertex 7.98211 -5.33347 6.5
      vertex 7.25918 -5.57017 6.85
    endloop
  endfacet
  facet normal 0.474734 -0.389612 -0.789196
    outer loop
      vertex -7.21766 6.32972 6.5
      vertex -6.87933 6.03301 6.85
      vertex -7.25918 5.57017 6.85
    endloop
  endfacet
  facet normal 0.38961 0.474741 -0.789192
    outer loop
      vertex -5.57017 -7.25918 6.85
      vertex -5.84411 -7.61619 6.5
      vertex -6.32972 -7.21766 6.5
    endloop
  endfacet
  facet normal 0.178275 0.587698 -0.789195
    outer loop
      vertex -2.36819 -8.83822 6.85
      vertex -2.48466 -9.27289 6.5
      vertex -2.94117 -8.66441 6.85
    endloop
  endfacet
  facet normal 0.0200936 -0.613822 -0.789189
    outer loop
      vertex 0 9.15 6.85
      vertex -0.598438 9.13041 6.85
      vertex -0.62787 9.57944 6.5
    endloop
  endfacet
  facet normal -0.178277 -0.587699 -0.789194
    outer loop
      vertex 3.08582 9.09053 6.5
      vertex 2.94117 8.66441 6.85
      vertex 2.48466 9.27289 6.5
    endloop
  endfacet
  facet normal -0.0601921 -0.611189 -0.789193
    outer loop
      vertex 1.25305 9.51787 6.5
      vertex 1.19431 9.07172 6.85
      vertex 0.62787 9.57944 6.5
    endloop
  endfacet
  facet normal 0.541625 -0.2895 -0.789197
    outer loop
      vertex -7.92413 4.575 6.85
      vertex -8.20638 4.04694 6.85
      vertex -8.60998 4.24597 6.5
    endloop
  endfacet
  facet normal -0.574787 0.216332 -0.78919
    outer loop
      vertex 8.66441 -2.94117 6.85
      vertex 8.86924 -3.67376 6.5
      vertex 8.4535 -3.50155 6.85
    endloop
  endfacet
  facet normal 0.574779 0.216336 -0.789194
    outer loop
      vertex -8.66441 -2.94117 6.85
      vertex -8.86924 -3.67376 6.5
      vertex -9.09053 -3.08582 6.5
    endloop
  endfacet
  facet normal 0.253466 0.559395 -0.789197
    outer loop
      vertex -4.04694 -8.20638 6.85
      vertex -3.50155 -8.4535 6.85
      vertex -4.24597 -8.60998 6.5
    endloop
  endfacet
  facet normal 0.2895 0.541625 -0.789197
    outer loop
      vertex -4.04694 -8.20638 6.85
      vertex -4.24597 -8.60998 6.5
      vertex -4.575 -7.92413 6.85
    endloop
  endfacet
  facet normal -0.521536 0.324309 -0.789192
    outer loop
      vertex 8.31384 -4.8 6.5
      vertex 7.98211 -5.33347 6.5
      vertex 7.92413 -4.575 6.85
    endloop
  endfacet
  facet normal 0.611189 -0.0601921 -0.789193
    outer loop
      vertex -9.51787 1.25305 6.5
      vertex -9.07172 1.19431 6.85
      vertex -9.57944 0.62787 6.5
    endloop
  endfacet
  facet normal 0.178275 -0.587698 -0.789195
    outer loop
      vertex -2.48466 9.27289 6.5
      vertex -2.36819 8.83822 6.85
      vertex -2.94117 8.66441 6.85
    endloop
  endfacet
  facet normal -0.139455 -0.5981 -0.789195
    outer loop
      vertex 2.48466 9.27289 6.5
      vertex 2.36819 8.83822 6.85
      vertex 1.78508 8.97418 6.85
    endloop
  endfacet
  facet normal -0.389612 -0.474734 -0.789196
    outer loop
      vertex 6.32972 7.21766 6.5
      vertex 6.03301 6.87933 6.85
      vertex 5.57017 7.25918 6.85
    endloop
  endfacet
  facet normal -0.100045 0.605942 -0.789193
    outer loop
      vertex 1.78508 -8.97418 6.85
      vertex 1.25305 -9.51787 6.5
      vertex 1.19431 -9.07172 6.85
    endloop
  endfacet
  facet normal 0.613817 0.0200998 -0.789193
    outer loop
      vertex -9.15 0 6.85
      vertex -9.57944 -0.62787 6.5
      vertex -9.6 0 6.5
    endloop
  endfacet
  facet normal 0.587699 -0.178277 -0.789194
    outer loop
      vertex -9.09053 3.08582 6.5
      vertex -8.66441 2.94117 6.85
      vertex -9.27289 2.48466 6.5
    endloop
  endfacet
  facet normal 0.52154 0.324307 -0.78919
    outer loop
      vertex -7.92413 -4.575 6.85
      vertex -7.60795 -5.08347 6.85
      vertex -7.98211 -5.33347 6.5
    endloop
  endfacet
  facet normal 0.100038 -0.605938 -0.789197
    outer loop
      vertex -1.25305 9.51787 6.5
      vertex -1.78508 8.97418 6.85
      vertex -1.87287 9.41554 6.5
    endloop
  endfacet
  facet normal 0.448247 -0.419815 -0.789196
    outer loop
      vertex -6.47003 6.47003 6.85
      vertex -6.87933 6.03301 6.85
      vertex -7.21766 6.32972 6.5
    endloop
  endfacet
  facet normal -0.611189 -0.0601921 -0.789193
    outer loop
      vertex 9.51787 1.25305 6.5
      vertex 9.57944 0.62787 6.5
      vertex 9.07172 1.19431 6.85
    endloop
  endfacet
  facet normal 0.216336 0.574779 -0.789194
    outer loop
      vertex -2.94117 -8.66441 6.85
      vertex -3.08582 -9.09053 6.5
      vertex -3.67376 -8.86924 6.5
    endloop
  endfacet
  facet normal 0.419836 -0.448246 -0.789185
    outer loop
      vertex -6.32972 7.21766 6.5
      vertex -6.47003 6.47003 6.85
      vertex -6.78822 6.78822 6.5
    endloop
  endfacet
  facet normal 0.541627 0.28951 -0.789192
    outer loop
      vertex -7.92413 -4.575 6.85
      vertex -8.31384 -4.8 6.5
      vertex -8.60998 -4.24597 6.5
    endloop
  endfacet
  facet normal 0.613822 -0.0200936 -0.789189
    outer loop
      vertex -9.13041 0.598438 6.85
      vertex -9.15 0 6.85
      vertex -9.57944 0.62787 6.5
    endloop
  endfacet
  facet normal 0.216332 -0.574787 -0.78919
    outer loop
      vertex -2.94117 8.66441 6.85
      vertex -3.50155 8.4535 6.85
      vertex -3.67376 8.86924 6.5
    endloop
  endfacet
  facet normal -0.0200998 -0.613817 -0.789193
    outer loop
      vertex 0 9.6 6.5
      vertex 0.62787 9.57944 6.5
      vertex 0 9.15 6.85
    endloop
  endfacet
  facet normal 0.419815 -0.448247 -0.789196
    outer loop
      vertex -6.32972 7.21766 6.5
      vertex -6.03301 6.87933 6.85
      vertex -6.47003 6.47003 6.85
    endloop
  endfacet
  facet normal -0.499206 0.357727 -0.789192
    outer loop
      vertex 7.98211 -5.33347 6.5
      vertex 7.61619 -5.84411 6.5
      vertex 7.25918 -5.57017 6.85
    endloop
  endfacet
  facet normal -0.587699 0.178277 -0.789194
    outer loop
      vertex 9.27289 -2.48466 6.5
      vertex 9.09053 -3.08582 6.5
      vertex 8.66441 -2.94117 6.85
    endloop
  endfacet
  facet normal -0.611193 -0.0601991 -0.789189
    outer loop
      vertex 9.57944 0.62787 6.5
      vertex 9.13041 0.598438 6.85
      vertex 9.07172 1.19431 6.85
    endloop
  endfacet
  facet normal 0.139455 0.5981 -0.789195
    outer loop
      vertex -2.36819 -8.83822 6.85
      vertex -1.78508 -8.97418 6.85
      vertex -2.48466 -9.27289 6.5
    endloop
  endfacet
  facet normal -0.139457 -0.598097 -0.789197
    outer loop
      vertex 1.87287 9.41554 6.5
      vertex 2.48466 9.27289 6.5
      vertex 1.78508 8.97418 6.85
    endloop
  endfacet
  facet normal -0.605942 -0.100045 -0.789193
    outer loop
      vertex 9.51787 1.25305 6.5
      vertex 9.07172 1.19431 6.85
      vertex 8.97418 1.78508 6.85
    endloop
  endfacet
  facet normal 0.541625 0.2895 -0.789197
    outer loop
      vertex -8.20638 -4.04694 6.85
      vertex -7.92413 -4.575 6.85
      vertex -8.60998 -4.24597 6.5
    endloop
  endfacet
  facet normal -0.574787 -0.216332 -0.78919
    outer loop
      vertex 8.86924 3.67376 6.5
      vertex 8.66441 2.94117 6.85
      vertex 8.4535 3.50155 6.85
    endloop
  endfacet
  facet normal 0.100038 0.605938 -0.789197
    outer loop
      vertex -1.78508 -8.97418 6.85
      vertex -1.25305 -9.51787 6.5
      vertex -1.87287 -9.41554 6.5
    endloop
  endfacet
  facet normal -0.448247 -0.419815 -0.789196
    outer loop
      vertex 7.21766 6.32972 6.5
      vertex 6.87933 6.03301 6.85
      vertex 6.47003 6.47003 6.85
    endloop
  endfacet
  facet normal -0.474734 0.389612 -0.789196
    outer loop
      vertex 7.25918 -5.57017 6.85
      vertex 7.21766 -6.32972 6.5
      vertex 6.87933 -6.03301 6.85
    endloop
  endfacet
  facet normal 0.357732 0.499207 -0.78919
    outer loop
      vertex -5.08347 -7.60795 6.85
      vertex -5.33347 -7.98211 6.5
      vertex -5.57017 -7.25918 6.85
    endloop
  endfacet
  facet normal -0.474741 -0.38961 -0.789192
    outer loop
      vertex 7.61619 5.84411 6.5
      vertex 7.25918 5.57017 6.85
      vertex 7.21766 6.32972 6.5
    endloop
  endfacet
  facet normal 0.216336 -0.574779 -0.789194
    outer loop
      vertex -3.08582 9.09053 6.5
      vertex -2.94117 8.66441 6.85
      vertex -3.67376 8.86924 6.5
    endloop
  endfacet
  facet normal -0.100038 0.605938 -0.789197
    outer loop
      vertex 1.78508 -8.97418 6.85
      vertex 1.87287 -9.41554 6.5
      vertex 1.25305 -9.51787 6.5
    endloop
  endfacet
  facet normal -0.605938 -0.100038 -0.789197
    outer loop
      vertex 9.41554 1.87287 6.5
      vertex 9.51787 1.25305 6.5
      vertex 8.97418 1.78508 6.85
    endloop
  endfacet
  facet normal 0.499207 0.357732 -0.78919
    outer loop
      vertex -7.60795 -5.08347 6.85
      vertex -7.25918 -5.57017 6.85
      vertex -7.98211 -5.33347 6.5
    endloop
  endfacet
  facet normal -0.605942 0.100045 -0.789193
    outer loop
      vertex 9.07172 -1.19431 6.85
      vertex 9.51787 -1.25305 6.5
      vertex 8.97418 -1.78508 6.85
    endloop
  endfacet
  facet normal -0.38961 -0.474741 -0.789192
    outer loop
      vertex 5.84411 7.61619 6.5
      vertex 6.32972 7.21766 6.5
      vertex 5.57017 7.25918 6.85
    endloop
  endfacet
  facet normal 0.448246 -0.419836 -0.789185
    outer loop
      vertex -6.78822 6.78822 6.5
      vertex -6.47003 6.47003 6.85
      vertex -7.21766 6.32972 6.5
    endloop
  endfacet
  facet normal 0.474741 -0.38961 -0.789192
    outer loop
      vertex -7.21766 6.32972 6.5
      vertex -7.25918 5.57017 6.85
      vertex -7.61619 5.84411 6.5
    endloop
  endfacet
  facet normal 0.448247 0.419815 -0.789196
    outer loop
      vertex -6.87933 -6.03301 6.85
      vertex -6.47003 -6.47003 6.85
      vertex -7.21766 -6.32972 6.5
    endloop
  endfacet
  facet normal -0.448246 0.419836 -0.789185
    outer loop
      vertex 7.21766 -6.32972 6.5
      vertex 6.78822 -6.78822 6.5
      vertex 6.47003 -6.47003 6.85
    endloop
  endfacet
  facet normal -0.28951 0.541627 -0.789192
    outer loop
      vertex 4.575 -7.92413 6.85
      vertex 4.8 -8.31384 6.5
      vertex 4.24597 -8.60998 6.5
    endloop
  endfacet
  facet normal -0.0200936 -0.613822 -0.789189
    outer loop
      vertex 0.62787 9.57944 6.5
      vertex 0.598438 9.13041 6.85
      vertex 0 9.15 6.85
    endloop
  endfacet
  facet normal -0.598097 -0.139457 -0.789197
    outer loop
      vertex 9.27289 2.48466 6.5
      vertex 9.41554 1.87287 6.5
      vertex 8.97418 1.78508 6.85
    endloop
  endfacet
  facet normal 0.605938 0.100038 -0.789197
    outer loop
      vertex -8.97418 -1.78508 6.85
      vertex -9.41554 -1.87287 6.5
      vertex -9.51787 -1.25305 6.5
    endloop
  endfacet
  facet normal -0.5981 0.139455 -0.789195
    outer loop
      vertex 8.97418 -1.78508 6.85
      vertex 9.27289 -2.48466 6.5
      vertex 8.83822 -2.36819 6.85
    endloop
  endfacet
  facet normal -0.357727 -0.499206 -0.789192
    outer loop
      vertex 5.84411 7.61619 6.5
      vertex 5.57017 7.25918 6.85
      vertex 5.33347 7.98211 6.5
    endloop
  endfacet
  facet normal 0.28951 0.541627 -0.789192
    outer loop
      vertex -4.575 -7.92413 6.85
      vertex -4.24597 -8.60998 6.5
      vertex -4.8 -8.31384 6.5
    endloop
  endfacet
  facet normal -0.2895 0.541625 -0.789197
    outer loop
      vertex 4.575 -7.92413 6.85
      vertex 4.24597 -8.60998 6.5
      vertex 4.04694 -8.20638 6.85
    endloop
  endfacet
  facet normal -0.357727 0.499206 -0.789192
    outer loop
      vertex 5.57017 -7.25918 6.85
      vertex 5.84411 -7.61619 6.5
      vertex 5.33347 -7.98211 6.5
    endloop
  endfacet
  facet normal 0.28951 -0.541627 -0.789192
    outer loop
      vertex -4.24597 8.60998 6.5
      vertex -4.575 7.92413 6.85
      vertex -4.8 8.31384 6.5
    endloop
  endfacet
  facet normal -0.419815 -0.448247 -0.789196
    outer loop
      vertex 6.32972 7.21766 6.5
      vertex 6.47003 6.47003 6.85
      vertex 6.03301 6.87933 6.85
    endloop
  endfacet
  facet normal 0.0200998 -0.613817 -0.789193
    outer loop
      vertex 0 9.6 6.5
      vertex 0 9.15 6.85
      vertex -0.62787 9.57944 6.5
    endloop
  endfacet
  facet normal -0.357732 0.499207 -0.78919
    outer loop
      vertex 5.57017 -7.25918 6.85
      vertex 5.33347 -7.98211 6.5
      vertex 5.08347 -7.60795 6.85
    endloop
  endfacet
  facet normal 0.139455 -0.5981 -0.789195
    outer loop
      vertex -1.78508 8.97418 6.85
      vertex -2.36819 8.83822 6.85
      vertex -2.48466 9.27289 6.5
    endloop
  endfacet
  facet normal -0.216332 -0.574787 -0.78919
    outer loop
      vertex 3.67376 8.86924 6.5
      vertex 3.50155 8.4535 6.85
      vertex 2.94117 8.66441 6.85
    endloop
  endfacet
  facet normal 0.0601991 -0.611193 -0.789189
    outer loop
      vertex -0.62787 9.57944 6.5
      vertex -0.598438 9.13041 6.85
      vertex -1.19431 9.07172 6.85
    endloop
  endfacet
  facet normal -0.52154 -0.324307 -0.78919
    outer loop
      vertex 7.98211 5.33347 6.5
      vertex 7.92413 4.575 6.85
      vertex 7.60795 5.08347 6.85
    endloop
  endfacet
  facet normal -0.0601991 -0.611193 -0.789189
    outer loop
      vertex 0.62787 9.57944 6.5
      vertex 1.19431 9.07172 6.85
      vertex 0.598438 9.13041 6.85
    endloop
  endfacet
  facet normal 0.100045 -0.605942 -0.789193
    outer loop
      vertex -1.25305 9.51787 6.5
      vertex -1.19431 9.07172 6.85
      vertex -1.78508 8.97418 6.85
    endloop
  endfacet
  facet normal 0.324307 -0.52154 -0.78919
    outer loop
      vertex -4.575 7.92413 6.85
      vertex -5.08347 7.60795 6.85
      vertex -5.33347 7.98211 6.5
    endloop
  endfacet
  facet normal 0.0200998 0.613817 -0.789193
    outer loop
      vertex 0 -9.15 6.85
      vertex 0 -9.6 6.5
      vertex -0.62787 -9.57944 6.5
    endloop
  endfacet
  facet normal 0.139457 -0.598097 -0.789197
    outer loop
      vertex -1.87287 9.41554 6.5
      vertex -1.78508 8.97418 6.85
      vertex -2.48466 9.27289 6.5
    endloop
  endfacet
  facet normal 0.324307 0.52154 -0.78919
    outer loop
      vertex -5.08347 -7.60795 6.85
      vertex -4.575 -7.92413 6.85
      vertex -5.33347 -7.98211 6.5
    endloop
  endfacet
  facet normal -0.574779 -0.216336 -0.789194
    outer loop
      vertex 8.86924 3.67376 6.5
      vertex 9.09053 3.08582 6.5
      vertex 8.66441 2.94117 6.85
    endloop
  endfacet
  facet normal -0.587698 0.178275 -0.789195
    outer loop
      vertex 8.83822 -2.36819 6.85
      vertex 9.27289 -2.48466 6.5
      vertex 8.66441 -2.94117 6.85
    endloop
  endfacet
  facet normal 0.52154 -0.324307 -0.78919
    outer loop
      vertex -7.60795 5.08347 6.85
      vertex -7.92413 4.575 6.85
      vertex -7.98211 5.33347 6.5
    endloop
  endfacet
  facet normal 0.389612 0.474734 -0.789196
    outer loop
      vertex -6.03301 -6.87933 6.85
      vertex -5.57017 -7.25918 6.85
      vertex -6.32972 -7.21766 6.5
    endloop
  endfacet
  facet normal -0.611189 0.0601921 -0.789193
    outer loop
      vertex 9.57944 -0.62787 6.5
      vertex 9.51787 -1.25305 6.5
      vertex 9.07172 -1.19431 6.85
    endloop
  endfacet
  facet normal -0.419836 -0.448246 -0.789185
    outer loop
      vertex 6.78822 6.78822 6.5
      vertex 6.47003 6.47003 6.85
      vertex 6.32972 7.21766 6.5
    endloop
  endfacet
  facet normal -0.448246 -0.419836 -0.789185
    outer loop
      vertex 6.78822 6.78822 6.5
      vertex 7.21766 6.32972 6.5
      vertex 6.47003 6.47003 6.85
    endloop
  endfacet
  facet normal 0.613817 -0.0200998 -0.789193
    outer loop
      vertex -9.57944 0.62787 6.5
      vertex -9.15 0 6.85
      vertex -9.6 0 6.5
    endloop
  endfacet
  facet normal 0.559408 0.25346 -0.78919
    outer loop
      vertex -8.4535 -3.50155 6.85
      vertex -8.60998 -4.24597 6.5
      vertex -8.86924 -3.67376 6.5
    endloop
  endfacet
  facet normal -0.541627 0.28951 -0.789192
    outer loop
      vertex 8.60998 -4.24597 6.5
      vertex 8.31384 -4.8 6.5
      vertex 7.92413 -4.575 6.85
    endloop
  endfacet
  facet normal 0.474741 0.38961 -0.789192
    outer loop
      vertex -7.25918 -5.57017 6.85
      vertex -7.21766 -6.32972 6.5
      vertex -7.61619 -5.84411 6.5
    endloop
  endfacet
  facet normal 0.253466 -0.559395 -0.789197
    outer loop
      vertex -3.50155 8.4535 6.85
      vertex -4.04694 8.20638 6.85
      vertex -4.24597 8.60998 6.5
    endloop
  endfacet
  facet normal -0.216336 -0.574779 -0.789194
    outer loop
      vertex 3.08582 9.09053 6.5
      vertex 3.67376 8.86924 6.5
      vertex 2.94117 8.66441 6.85
    endloop
  endfacet
  facet normal -0.474734 -0.389612 -0.789196
    outer loop
      vertex 7.21766 6.32972 6.5
      vertex 7.25918 5.57017 6.85
      vertex 6.87933 6.03301 6.85
    endloop
  endfacet
  facet normal -0.541625 0.2895 -0.789197
    outer loop
      vertex 8.20638 -4.04694 6.85
      vertex 8.60998 -4.24597 6.5
      vertex 7.92413 -4.575 6.85
    endloop
  endfacet
  facet normal 0.139457 0.598097 -0.789197
    outer loop
      vertex -1.78508 -8.97418 6.85
      vertex -1.87287 -9.41554 6.5
      vertex -2.48466 -9.27289 6.5
    endloop
  endfacet
  facet normal 0.357727 0.499206 -0.789192
    outer loop
      vertex -5.57017 -7.25918 6.85
      vertex -5.33347 -7.98211 6.5
      vertex -5.84411 -7.61619 6.5
    endloop
  endfacet
  facet normal 0.574779 -0.216336 -0.789194
    outer loop
      vertex -8.86924 3.67376 6.5
      vertex -8.66441 2.94117 6.85
      vertex -9.09053 3.08582 6.5
    endloop
  endfacet
  facet normal 0.178277 0.587699 -0.789194
    outer loop
      vertex -2.94117 -8.66441 6.85
      vertex -2.48466 -9.27289 6.5
      vertex -3.08582 -9.09053 6.5
    endloop
  endfacet
  facet normal -0.253466 0.559395 -0.789197
    outer loop
      vertex 4.04694 -8.20638 6.85
      vertex 4.24597 -8.60998 6.5
      vertex 3.50155 -8.4535 6.85
    endloop
  endfacet
  facet normal 0.2895 -0.541625 -0.789197
    outer loop
      vertex -4.24597 8.60998 6.5
      vertex -4.04694 8.20638 6.85
      vertex -4.575 7.92413 6.85
    endloop
  endfacet
  facet normal 0.499206 0.357727 -0.789192
    outer loop
      vertex -7.25918 -5.57017 6.85
      vertex -7.61619 -5.84411 6.5
      vertex -7.98211 -5.33347 6.5
    endloop
  endfacet
  facet normal -0.5981 -0.139455 -0.789195
    outer loop
      vertex 9.27289 2.48466 6.5
      vertex 8.97418 1.78508 6.85
      vertex 8.83822 2.36819 6.85
    endloop
  endfacet
  facet normal -0.0200936 0.613822 -0.789189
    outer loop
      vertex 0.598438 -9.13041 6.85
      vertex 0.62787 -9.57944 6.5
      vertex 0 -9.15 6.85
    endloop
  endfacet
  facet normal -0.178275 0.587698 -0.789195
    outer loop
      vertex 2.94117 -8.66441 6.85
      vertex 2.48466 -9.27289 6.5
      vertex 2.36819 -8.83822 6.85
    endloop
  endfacet
  facet normal 0.574787 -0.216332 -0.78919
    outer loop
      vertex -8.4535 3.50155 6.85
      vertex -8.66441 2.94117 6.85
      vertex -8.86924 3.67376 6.5
    endloop
  endfacet
  facet normal 0.389612 -0.474734 -0.789196
    outer loop
      vertex -5.57017 7.25918 6.85
      vertex -6.03301 6.87933 6.85
      vertex -6.32972 7.21766 6.5
    endloop
  endfacet
  facet normal 0.357732 -0.499207 -0.78919
    outer loop
      vertex -5.33347 7.98211 6.5
      vertex -5.08347 7.60795 6.85
      vertex -5.57017 7.25918 6.85
    endloop
  endfacet
  facet normal 0.419836 0.448246 -0.789185
    outer loop
      vertex -6.47003 -6.47003 6.85
      vertex -6.32972 -7.21766 6.5
      vertex -6.78822 -6.78822 6.5
    endloop
  endfacet
  facet normal -0.100038 -0.605938 -0.789197
    outer loop
      vertex 1.87287 9.41554 6.5
      vertex 1.78508 8.97418 6.85
      vertex 1.25305 9.51787 6.5
    endloop
  endfacet
  facet normal -0.559408 0.25346 -0.78919
    outer loop
      vertex 8.86924 -3.67376 6.5
      vertex 8.60998 -4.24597 6.5
      vertex 8.4535 -3.50155 6.85
    endloop
  endfacet
  facet normal 0.499206 -0.357727 -0.789192
    outer loop
      vertex -7.61619 5.84411 6.5
      vertex -7.25918 5.57017 6.85
      vertex -7.98211 5.33347 6.5
    endloop
  endfacet
  facet normal -0.324309 0.521536 -0.789192
    outer loop
      vertex 5.33347 -7.98211 6.5
      vertex 4.8 -8.31384 6.5
      vertex 4.575 -7.92413 6.85
    endloop
  endfacet
  facet normal -0.178275 -0.587698 -0.789195
    outer loop
      vertex 2.48466 9.27289 6.5
      vertex 2.94117 8.66441 6.85
      vertex 2.36819 8.83822 6.85
    endloop
  endfacet
  facet normal -0.541625 -0.2895 -0.789197
    outer loop
      vertex 8.60998 4.24597 6.5
      vertex 8.20638 4.04694 6.85
      vertex 7.92413 4.575 6.85
    endloop
  endfacet
  facet normal -0.611193 0.0601991 -0.789189
    outer loop
      vertex 9.13041 -0.598438 6.85
      vertex 9.57944 -0.62787 6.5
      vertex 9.07172 -1.19431 6.85
    endloop
  endfacet
  facet normal 0.598097 0.139457 -0.789197
    outer loop
      vertex -8.97418 -1.78508 6.85
      vertex -9.27289 -2.48466 6.5
      vertex -9.41554 -1.87287 6.5
    endloop
  endfacet
  facet normal 0.611193 -0.0601991 -0.789189
    outer loop
      vertex -9.07172 1.19431 6.85
      vertex -9.13041 0.598438 6.85
      vertex -9.57944 0.62787 6.5
    endloop
  endfacet
  facet normal 0.605942 0.100045 -0.789193
    outer loop
      vertex -9.07172 -1.19431 6.85
      vertex -8.97418 -1.78508 6.85
      vertex -9.51787 -1.25305 6.5
    endloop
  endfacet
  facet normal 0.541627 -0.28951 -0.789192
    outer loop
      vertex -8.31384 4.8 6.5
      vertex -7.92413 4.575 6.85
      vertex -8.60998 4.24597 6.5
    endloop
  endfacet
  facet normal -0.324309 -0.521536 -0.789192
    outer loop
      vertex 4.8 8.31384 6.5
      vertex 5.33347 7.98211 6.5
      vertex 4.575 7.92413 6.85
    endloop
  endfacet
  facet normal -0.324307 -0.52154 -0.78919
    outer loop
      vertex 5.33347 7.98211 6.5
      vertex 5.08347 7.60795 6.85
      vertex 4.575 7.92413 6.85
    endloop
  endfacet
  facet normal -0.559395 0.253466 -0.789197
    outer loop
      vertex 8.4535 -3.50155 6.85
      vertex 8.60998 -4.24597 6.5
      vertex 8.20638 -4.04694 6.85
    endloop
  endfacet
  facet normal -0.357732 -0.499207 -0.78919
    outer loop
      vertex 5.33347 7.98211 6.5
      vertex 5.57017 7.25918 6.85
      vertex 5.08347 7.60795 6.85
    endloop
  endfacet
  facet normal -0.541627 -0.28951 -0.789192
    outer loop
      vertex 8.31384 4.8 6.5
      vertex 8.60998 4.24597 6.5
      vertex 7.92413 4.575 6.85
    endloop
  endfacet
  facet normal -0.587698 -0.178275 -0.789195
    outer loop
      vertex 9.27289 2.48466 6.5
      vertex 8.83822 2.36819 6.85
      vertex 8.66441 2.94117 6.85
    endloop
  endfacet
  facet normal 0.324309 -0.521536 -0.789192
    outer loop
      vertex -4.8 8.31384 6.5
      vertex -4.575 7.92413 6.85
      vertex -5.33347 7.98211 6.5
    endloop
  endfacet
  facet normal -0.559395 -0.253466 -0.789197
    outer loop
      vertex 8.60998 4.24597 6.5
      vertex 8.4535 3.50155 6.85
      vertex 8.20638 4.04694 6.85
    endloop
  endfacet
  facet normal -0.389612 0.474734 -0.789196
    outer loop
      vertex 6.03301 -6.87933 6.85
      vertex 6.32972 -7.21766 6.5
      vertex 5.57017 -7.25918 6.85
    endloop
  endfacet
  facet normal -0.499207 -0.357732 -0.78919
    outer loop
      vertex 7.98211 5.33347 6.5
      vertex 7.60795 5.08347 6.85
      vertex 7.25918 5.57017 6.85
    endloop
  endfacet
  facet normal -0.499206 -0.357727 -0.789192
    outer loop
      vertex 7.61619 5.84411 6.5
      vertex 7.98211 5.33347 6.5
      vertex 7.25918 5.57017 6.85
    endloop
  endfacet
  facet normal 0.521536 0.324309 -0.789192
    outer loop
      vertex -7.92413 -4.575 6.85
      vertex -7.98211 -5.33347 6.5
      vertex -8.31384 -4.8 6.5
    endloop
  endfacet
  facet normal -0.324307 0.52154 -0.78919
    outer loop
      vertex 5.08347 -7.60795 6.85
      vertex 5.33347 -7.98211 6.5
      vertex 4.575 -7.92413 6.85
    endloop
  endfacet
  facet normal -0.52154 0.324307 -0.78919
    outer loop
      vertex 7.92413 -4.575 6.85
      vertex 7.98211 -5.33347 6.5
      vertex 7.60795 -5.08347 6.85
    endloop
  endfacet
  facet normal -0.474741 0.38961 -0.789192
    outer loop
      vertex 7.25918 -5.57017 6.85
      vertex 7.61619 -5.84411 6.5
      vertex 7.21766 -6.32972 6.5
    endloop
  endfacet
  facet normal -0.139457 0.598097 -0.789197
    outer loop
      vertex 2.48466 -9.27289 6.5
      vertex 1.87287 -9.41554 6.5
      vertex 1.78508 -8.97418 6.85
    endloop
  endfacet
  facet normal 0.25346 0.559408 -0.78919
    outer loop
      vertex -3.50155 -8.4535 6.85
      vertex -3.67376 -8.86924 6.5
      vertex -4.24597 -8.60998 6.5
    endloop
  endfacet
  facet normal 0.419815 0.448247 -0.789196
    outer loop
      vertex -6.03301 -6.87933 6.85
      vertex -6.32972 -7.21766 6.5
      vertex -6.47003 -6.47003 6.85
    endloop
  endfacet
  facet normal 0.521536 -0.324309 -0.789192
    outer loop
      vertex -7.98211 5.33347 6.5
      vertex -7.92413 4.575 6.85
      vertex -8.31384 4.8 6.5
    endloop
  endfacet
  facet normal 0.0601991 0.611193 -0.789189
    outer loop
      vertex -0.598438 -9.13041 6.85
      vertex -0.62787 -9.57944 6.5
      vertex -1.19431 -9.07172 6.85
    endloop
  endfacet
  facet normal 0.587698 -0.178275 -0.789195
    outer loop
      vertex -8.66441 2.94117 6.85
      vertex -8.83822 2.36819 6.85
      vertex -9.27289 2.48466 6.5
    endloop
  endfacet
  facet normal -0.448247 0.419815 -0.789196
    outer loop
      vertex 6.87933 -6.03301 6.85
      vertex 7.21766 -6.32972 6.5
      vertex 6.47003 -6.47003 6.85
    endloop
  endfacet
  facet normal 0.216332 0.574787 -0.78919
    outer loop
      vertex -3.50155 -8.4535 6.85
      vertex -2.94117 -8.66441 6.85
      vertex -3.67376 -8.86924 6.5
    endloop
  endfacet
  facet normal 0.0601921 0.611189 -0.789193
    outer loop
      vertex -1.19431 -9.07172 6.85
      vertex -0.62787 -9.57944 6.5
      vertex -1.25305 -9.51787 6.5
    endloop
  endfacet
  facet normal -0.0200998 0.613817 -0.789193
    outer loop
      vertex 0 -9.15 6.85
      vertex 0.62787 -9.57944 6.5
      vertex 0 -9.6 6.5
    endloop
  endfacet
  facet normal -0.28951 -0.541627 -0.789192
    outer loop
      vertex 4.8 8.31384 6.5
      vertex 4.575 7.92413 6.85
      vertex 4.24597 8.60998 6.5
    endloop
  endfacet
  facet normal -0.0601991 0.611193 -0.789189
    outer loop
      vertex 1.19431 -9.07172 6.85
      vertex 0.62787 -9.57944 6.5
      vertex 0.598438 -9.13041 6.85
    endloop
  endfacet
  facet normal -0.0601921 0.611189 -0.789193
    outer loop
      vertex 1.19431 -9.07172 6.85
      vertex 1.25305 -9.51787 6.5
      vertex 0.62787 -9.57944 6.5
    endloop
  endfacet
  facet normal 0.605942 -0.100045 -0.789193
    outer loop
      vertex -8.97418 1.78508 6.85
      vertex -9.07172 1.19431 6.85
      vertex -9.51787 1.25305 6.5
    endloop
  endfacet
  facet normal 0.357727 -0.499206 -0.789192
    outer loop
      vertex -5.33347 7.98211 6.5
      vertex -5.57017 7.25918 6.85
      vertex -5.84411 7.61619 6.5
    endloop
  endfacet
  facet normal -0.25346 -0.559408 -0.78919
    outer loop
      vertex 3.67376 8.86924 6.5
      vertex 4.24597 8.60998 6.5
      vertex 3.50155 8.4535 6.85
    endloop
  endfacet
  facet normal -0.419815 0.448247 -0.789196
    outer loop
      vertex 6.47003 -6.47003 6.85
      vertex 6.32972 -7.21766 6.5
      vertex 6.03301 -6.87933 6.85
    endloop
  endfacet
  facet normal 0.613822 0.0200936 -0.789189
    outer loop
      vertex -9.15 0 6.85
      vertex -9.13041 -0.598438 6.85
      vertex -9.57944 -0.62787 6.5
    endloop
  endfacet
  facet normal 0.38961 -0.474741 -0.789192
    outer loop
      vertex -5.84411 7.61619 6.5
      vertex -5.57017 7.25918 6.85
      vertex -6.32972 7.21766 6.5
    endloop
  endfacet
  facet normal 0.611193 0.0601991 -0.789189
    outer loop
      vertex -9.13041 -0.598438 6.85
      vertex -9.07172 -1.19431 6.85
      vertex -9.57944 -0.62787 6.5
    endloop
  endfacet
  facet normal 0.499207 -0.357732 -0.78919
    outer loop
      vertex -7.25918 5.57017 6.85
      vertex -7.60795 5.08347 6.85
      vertex -7.98211 5.33347 6.5
    endloop
  endfacet
  facet normal 0.100045 0.605942 -0.789193
    outer loop
      vertex -1.19431 -9.07172 6.85
      vertex -1.25305 -9.51787 6.5
      vertex -1.78508 -8.97418 6.85
    endloop
  endfacet
  facet normal 0.605938 -0.100038 -0.789197
    outer loop
      vertex -9.41554 1.87287 6.5
      vertex -8.97418 1.78508 6.85
      vertex -9.51787 1.25305 6.5
    endloop
  endfacet
  facet normal 0.598097 -0.139457 -0.789197
    outer loop
      vertex -9.27289 2.48466 6.5
      vertex -8.97418 1.78508 6.85
      vertex -9.41554 1.87287 6.5
    endloop
  endfacet
  facet normal 0.574787 0.216332 -0.78919
    outer loop
      vertex -8.66441 -2.94117 6.85
      vertex -8.4535 -3.50155 6.85
      vertex -8.86924 -3.67376 6.5
    endloop
  endfacet
  facet normal 0.5981 -0.139455 -0.789195
    outer loop
      vertex -8.83822 2.36819 6.85
      vertex -8.97418 1.78508 6.85
      vertex -9.27289 2.48466 6.5
    endloop
  endfacet
  facet normal -0.139455 0.5981 -0.789195
    outer loop
      vertex 2.36819 -8.83822 6.85
      vertex 2.48466 -9.27289 6.5
      vertex 1.78508 -8.97418 6.85
    endloop
  endfacet
  facet normal -0.253466 -0.559395 -0.789197
    outer loop
      vertex 4.24597 8.60998 6.5
      vertex 4.04694 8.20638 6.85
      vertex 3.50155 8.4535 6.85
    endloop
  endfacet
  facet normal 0.587698 0.178275 -0.789195
    outer loop
      vertex -8.83822 -2.36819 6.85
      vertex -8.66441 -2.94117 6.85
      vertex -9.27289 -2.48466 6.5
    endloop
  endfacet
  facet normal -0.521536 -0.324309 -0.789192
    outer loop
      vertex 7.98211 5.33347 6.5
      vertex 8.31384 4.8 6.5
      vertex 7.92413 4.575 6.85
    endloop
  endfacet
  facet normal -0.178277 0.587699 -0.789194
    outer loop
      vertex 2.94117 -8.66441 6.85
      vertex 3.08582 -9.09053 6.5
      vertex 2.48466 -9.27289 6.5
    endloop
  endfacet
  facet normal 0.474734 0.389612 -0.789196
    outer loop
      vertex -6.87933 -6.03301 6.85
      vertex -7.21766 -6.32972 6.5
      vertex -7.25918 -5.57017 6.85
    endloop
  endfacet
  facet normal 0.559395 0.253466 -0.789197
    outer loop
      vertex -8.4535 -3.50155 6.85
      vertex -8.20638 -4.04694 6.85
      vertex -8.60998 -4.24597 6.5
    endloop
  endfacet
  facet normal -0.216336 0.574779 -0.789194
    outer loop
      vertex 3.67376 -8.86924 6.5
      vertex 3.08582 -9.09053 6.5
      vertex 2.94117 -8.66441 6.85
    endloop
  endfacet
  facet normal -0.216332 0.574787 -0.78919
    outer loop
      vertex 3.50155 -8.4535 6.85
      vertex 3.67376 -8.86924 6.5
      vertex 2.94117 -8.66441 6.85
    endloop
  endfacet
  facet normal 0.559408 -0.25346 -0.78919
    outer loop
      vertex -8.60998 4.24597 6.5
      vertex -8.4535 3.50155 6.85
      vertex -8.86924 3.67376 6.5
    endloop
  endfacet
  facet normal 0.5981 0.139455 -0.789195
    outer loop
      vertex -8.97418 -1.78508 6.85
      vertex -8.83822 -2.36819 6.85
      vertex -9.27289 -2.48466 6.5
    endloop
  endfacet
  facet normal 0.0200936 0.613822 -0.789189
    outer loop
      vertex -0.598438 -9.13041 6.85
      vertex 0 -9.15 6.85
      vertex -0.62787 -9.57944 6.5
    endloop
  endfacet
  facet normal -0.2895 -0.541625 -0.789197
    outer loop
      vertex 4.24597 8.60998 6.5
      vertex 4.575 7.92413 6.85
      vertex 4.04694 8.20638 6.85
    endloop
  endfacet
  facet normal 0.582547 0 -0.812797
    outer loop
      vertex -2.97402 22 14.5194
      vertex -2.88891 12.668 14.5804
      vertex -2.97402 12.6481 14.5194
    endloop
  endfacet
  facet normal 0.582547 0 -0.812797
    outer loop
      vertex -2.88891 12.668 14.5804
      vertex -2.97402 22 14.5194
      vertex -2.88891 22 14.5804
    endloop
  endfacet
  facet normal -0.995185 0 0.098019
    outer loop
      vertex -0.413688 22 13.0412
      vertex -0.403425 12.9868 13.1454
      vertex -0.403425 22 13.1454
    endloop
  endfacet
  facet normal -0.995185 0 0.098019
    outer loop
      vertex -0.403425 12.9868 13.1454
      vertex -0.413688 22 13.0412
      vertex -0.413688 12.9865 13.0412
    endloop
  endfacet
  facet normal -0.999464 0 0.0327262
    outer loop
      vertex -0.403425 22 13.1454
      vertex -0.4 12.9869 13.25
      vertex -0.4 22 13.25
    endloop
  endfacet
  facet normal -0.999464 0 0.0327262
    outer loop
      vertex -0.4 12.9869 13.25
      vertex -0.403425 22 13.1454
      vertex -0.403425 12.9868 13.1454
    endloop
  endfacet
  facet normal -0.910915 0 -0.412595
    outer loop
      vertex -0.521792 12.9829 13.8623
      vertex -0.565003 22 13.9577
      vertex -0.521792 22 13.8623
    endloop
  endfacet
  facet normal -0.910915 -0 -0.412595
    outer loop
      vertex -0.565003 22 13.9577
      vertex -0.521792 12.9829 13.8623
      vertex -0.565003 12.9815 13.9577
    endloop
  endfacet
  facet normal -0.973894 0 -0.227003
    outer loop
      vertex -0.430743 12.9859 13.5621
      vertex -0.454518 22 13.6641
      vertex -0.430743 22 13.5621
    endloop
  endfacet
  facet normal -0.973894 -0 -0.227003
    outer loop
      vertex -0.454518 22 13.6641
      vertex -0.430743 12.9859 13.5621
      vertex -0.454518 12.9851 13.6641
    endloop
  endfacet
  facet normal -0.227314 -0 -0.973821
    outer loop
      vertex -1.68785 22 14.8193
      vertex -1.58589 12.8997 14.7955
      vertex -1.68785 12.8897 14.8193
    endloop
  endfacet
  facet normal -0.227314 0 -0.973821
    outer loop
      vertex -1.58589 12.8997 14.7955
      vertex -1.68785 22 14.8193
      vertex -1.58589 22 14.7955
    endloop
  endfacet
  facet normal -0.812828 0 0.582504
    outer loop
      vertex -0.730634 22 12.276
      vertex -0.669648 12.9781 12.3611
      vertex -0.669648 22 12.3611
    endloop
  endfacet
  facet normal -0.812828 0 0.582504
    outer loop
      vertex -0.669648 12.9781 12.3611
      vertex -0.730634 22 12.276
      vertex -0.730634 12.9761 12.276
    endloop
  endfacet
  facet normal 0.729799 0 -0.683661
    outer loop
      vertex -3.13137 12.6114 14.3814
      vertex -3.20294 22 14.305
      vertex -3.13137 22 14.3814
    endloop
  endfacet
  facet normal 0.729799 0 -0.683661
    outer loop
      vertex -3.20294 22 14.305
      vertex -3.13137 12.6114 14.3814
      vertex -3.20294 12.5947 14.305
    endloop
  endfacet
  facet normal -0.35241 -0 -0.935846
    outer loop
      vertex -1.4857 22 14.7651
      vertex -1.38771 12.9192 14.7282
      vertex -1.4857 12.9096 14.7651
    endloop
  endfacet
  facet normal -0.35241 0 -0.935846
    outer loop
      vertex -1.38771 12.9192 14.7282
      vertex -1.4857 22 14.7651
      vertex -1.38771 22 14.7282
    endloop
  endfacet
  facet normal 0.098369 0 0.99515
    outer loop
      vertex -2.20884 22 11.6637
      vertex -2.10464 12.8215 11.6534
      vertex -2.10464 22 11.6534
    endloop
  endfacet
  facet normal 0.098369 0 0.99515
    outer loop
      vertex -2.10464 12.8215 11.6534
      vertex -2.20884 22 11.6637
      vertex -2.20884 12.8043 11.6637
    endloop
  endfacet
  facet normal 0.162385 0 0.986727
    outer loop
      vertex -2.31214 22 11.6807
      vertex -2.20884 12.8043 11.6637
      vertex -2.20884 22 11.6637
    endloop
  endfacet
  facet normal 0.162385 0 0.986727
    outer loop
      vertex -2.20884 12.8043 11.6637
      vertex -2.31214 22 11.6807
      vertex -2.31214 12.7872 11.6807
    endloop
  endfacet
  facet normal -0.812828 0 -0.582504
    outer loop
      vertex -0.669648 12.9781 14.1389
      vertex -0.730634 22 14.224
      vertex -0.669648 22 14.1389
    endloop
  endfacet
  facet normal -0.812828 -0 -0.582504
    outer loop
      vertex -0.730634 22 14.224
      vertex -0.669648 12.9781 14.1389
      vertex -0.730634 12.9761 14.224
    endloop
  endfacet
  facet normal 0.956954 0 -0.290238
    outer loop
      vertex -3.51509 12.5114 13.7643
      vertex -3.54548 22 13.6641
      vertex -3.51509 22 13.7643
    endloop
  endfacet
  facet normal 0.956954 0 -0.290238
    outer loop
      vertex -3.54548 22 13.6641
      vertex -3.51509 12.5114 13.7643
      vertex -3.54548 12.5022 13.6641
    endloop
  endfacet
  facet normal 0.881823 0 0.47158
    outer loop
      vertex -3.435 22 12.5423
      vertex -3.38564 12.5507 12.45
      vertex -3.38564 22 12.45
    endloop
  endfacet
  facet normal 0.881823 0 0.47158
    outer loop
      vertex -3.38564 12.5507 12.45
      vertex -3.435 22 12.5423
      vertex -3.435 12.5357 12.5423
    endloop
  endfacet
  facet normal -0.773258 0 0.634091
    outer loop
      vertex -0.797056 22 12.195
      vertex -0.730634 12.9761 12.276
      vertex -0.730634 22 12.276
    endloop
  endfacet
  facet normal -0.773258 0 0.634091
    outer loop
      vertex -0.730634 12.9761 12.276
      vertex -0.797056 22 12.195
      vertex -0.797056 12.9739 12.195
    endloop
  endfacet
  facet normal -0.582547 0 0.812797
    outer loop
      vertex -1.11109 22 11.9196
      vertex -1.02598 12.9549 11.9806
      vertex -1.02598 22 11.9806
    endloop
  endfacet
  facet normal -0.582547 0 0.812797
    outer loop
      vertex -1.02598 12.9549 11.9806
      vertex -1.11109 22 11.9196
      vertex -1.11109 12.9465 11.9196
    endloop
  endfacet
  facet normal 0.098369 0 -0.99515
    outer loop
      vertex -2.20884 22 14.8363
      vertex -2.10464 12.8215 14.8466
      vertex -2.20884 12.8043 14.8363
    endloop
  endfacet
  facet normal 0.098369 0 -0.99515
    outer loop
      vertex -2.10464 12.8215 14.8466
      vertex -2.20884 22 14.8363
      vertex -2.10464 22 14.8466
    endloop
  endfacet
  facet normal 0.527463 0 -0.849578
    outer loop
      vertex -2.88891 22 14.5804
      vertex -2.8 12.6887 14.6356
      vertex -2.88891 12.668 14.5804
    endloop
  endfacet
  facet normal 0.527463 0 -0.849578
    outer loop
      vertex -2.8 12.6887 14.6356
      vertex -2.88891 22 14.5804
      vertex -2.8 22 14.6356
    endloop
  endfacet
  facet normal -0.0324721 -0 -0.999473
    outer loop
      vertex -2 22 14.85
      vertex -1.89535 12.856 14.8466
      vertex -2 12.8387 14.85
    endloop
  endfacet
  facet normal -0.0324721 0 -0.999473
    outer loop
      vertex -1.89535 12.856 14.8466
      vertex -2 22 14.85
      vertex -1.89535 22 14.8466
    endloop
  endfacet
  facet normal 0.471718 0 -0.88175
    outer loop
      vertex -2.8 22 14.6356
      vertex -2.70766 12.7102 14.685
      vertex -2.8 12.6887 14.6356
    endloop
  endfacet
  facet normal 0.471718 0 -0.88175
    outer loop
      vertex -2.70766 12.7102 14.685
      vertex -2.8 22 14.6356
      vertex -2.70766 22 14.685
    endloop
  endfacet
  facet normal -0.0983783 0 0.995149
    outer loop
      vertex -1.89535 22 11.6534
      vertex -1.79116 12.8732 11.6637
      vertex -1.79116 22 11.6637
    endloop
  endfacet
  facet normal -0.0983783 0 0.995149
    outer loop
      vertex -1.79116 12.8732 11.6637
      vertex -1.89535 22 11.6534
      vertex -1.89535 12.856 11.6534
    endloop
  endfacet
  facet normal 0.35241 0 0.935846
    outer loop
      vertex -2.61229 22 11.7718
      vertex -2.5143 12.7538 11.7349
      vertex -2.5143 22 11.7349
    endloop
  endfacet
  facet normal 0.351079 -1.61091e-05 0.936346
    outer loop
      vertex -2.5143 12.7538 11.7349
      vertex -2.61229 22 11.7718
      vertex -2.53617 12.7502 11.7431
    endloop
  endfacet
  facet normal 0.352793 0 0.935701
    outer loop
      vertex -2.53617 12.7502 11.7431
      vertex -2.61229 22 11.7718
      vertex -2.61229 12.7325 11.7718
    endloop
  endfacet
  facet normal 0.0324752 0 0.999473
    outer loop
      vertex -2.10464 22 11.6534
      vertex -2 12.8387 11.65
      vertex -2 22 11.65
    endloop
  endfacet
  facet normal 0.0324752 0 0.999473
    outer loop
      vertex -2 12.8387 11.65
      vertex -2.10464 22 11.6534
      vertex -2.10464 12.8215 11.6534
    endloop
  endfacet
  facet normal -0.956947 0 0.290264
    outer loop
      vertex -0.484911 22 12.7357
      vertex -0.454518 12.9851 12.8359
      vertex -0.454518 22 12.8359
    endloop
  endfacet
  facet normal -0.956947 0 0.290264
    outer loop
      vertex -0.454518 12.9851 12.8359
      vertex -0.484911 22 12.7357
      vertex -0.484911 12.9841 12.7357
    endloop
  endfacet
  facet normal -0.84917 0 0.528119
    outer loop
      vertex -0.669648 22 12.3611
      vertex -0.614359 12.9799 12.45
      vertex -0.614359 22 12.45
    endloop
  endfacet
  facet normal -0.84917 0 0.528119
    outer loop
      vertex -0.614359 12.9799 12.45
      vertex -0.669648 22 12.3611
      vertex -0.669648 12.9781 12.3611
    endloop
  endfacet
  facet normal 0.999463 0 -0.032774
    outer loop
      vertex -3.59657 12.4867 13.3546
      vertex -3.6 22 13.25
      vertex -3.59657 22 13.3546
    endloop
  endfacet
  facet normal 0.999463 0 -0.032774
    outer loop
      vertex -3.6 22 13.25
      vertex -3.59657 12.4867 13.3546
      vertex -3.6 12.4856 13.25
    endloop
  endfacet
  facet normal -0.973894 0 0.227003
    outer loop
      vertex -0.454518 22 12.8359
      vertex -0.430743 12.9859 12.9379
      vertex -0.430743 22 12.9379
    endloop
  endfacet
  facet normal -0.973894 0 0.227003
    outer loop
      vertex -0.430743 12.9859 12.9379
      vertex -0.454518 22 12.8359
      vertex -0.454518 12.9851 12.8359
    endloop
  endfacet
  facet normal -0.527463 -0 -0.849578
    outer loop
      vertex -1.2 22 14.6356
      vertex -1.11109 12.9465 14.5804
      vertex -1.2 12.9377 14.6356
    endloop
  endfacet
  facet normal -0.527463 0 -0.849578
    outer loop
      vertex -1.11109 12.9465 14.5804
      vertex -1.2 22 14.6356
      vertex -1.11109 22 14.5804
    endloop
  endfacet
  facet normal 0.812855 0 0.582466
    outer loop
      vertex -3.33035 22 12.3611
      vertex -3.26937 12.5793 12.276
      vertex -3.26937 22 12.276
    endloop
  endfacet
  facet normal 0.812855 0 0.582466
    outer loop
      vertex -3.26937 12.5793 12.276
      vertex -3.33035 22 12.3611
      vertex -3.33035 12.565 12.3611
    endloop
  endfacet
  facet normal 0.93592 0 0.352212
    outer loop
      vertex -3.51509 22 12.7357
      vertex -3.47821 12.5226 12.6377
      vertex -3.47821 22 12.6377
    endloop
  endfacet
  facet normal 0.93592 0 0.352212
    outer loop
      vertex -3.47821 12.5226 12.6377
      vertex -3.51509 22 12.7357
      vertex -3.51509 12.5114 12.7357
    endloop
  endfacet
  facet normal -0.729785 0 -0.683677
    outer loop
      vertex -0.797056 12.9739 14.305
      vertex -0.868629 22 14.3814
      vertex -0.797056 22 14.305
    endloop
  endfacet
  facet normal -0.729359 7.2215e-06 -0.684131
    outer loop
      vertex -0.85024 12.9722 14.3617
      vertex -0.868629 22 14.3814
      vertex -0.797056 12.9739 14.305
    endloop
  endfacet
  facet normal -0.731012 -0 -0.682365
    outer loop
      vertex -0.868629 22 14.3814
      vertex -0.85024 12.9722 14.3617
      vertex -0.868629 12.9704 14.3814
    endloop
  endfacet
  facet normal 0.582547 0 0.812797
    outer loop
      vertex -2.97402 22 11.9806
      vertex -2.88891 12.668 11.9196
      vertex -2.88891 22 11.9196
    endloop
  endfacet
  facet normal 0.582547 0 0.812797
    outer loop
      vertex -2.88891 12.668 11.9196
      vertex -2.97402 22 11.9806
      vertex -2.97402 12.6481 11.9806
    endloop
  endfacet
  facet normal 0.68321 0 -0.730222
    outer loop
      vertex -3.13137 22 14.3814
      vertex -3.05495 12.6292 14.4529
      vertex -3.13137 12.6114 14.3814
    endloop
  endfacet
  facet normal 0.68321 0 -0.730222
    outer loop
      vertex -3.05495 12.6292 14.4529
      vertex -3.13137 22 14.3814
      vertex -3.05495 22 14.4529
    endloop
  endfacet
  facet normal 0.412615 0 0.910905
    outer loop
      vertex -2.70766 22 11.815
      vertex -2.61229 12.7325 11.7718
      vertex -2.61229 22 11.7718
    endloop
  endfacet
  facet normal 0.412615 0 0.910905
    outer loop
      vertex -2.61229 12.7325 11.7718
      vertex -2.70766 22 11.815
      vertex -2.70766 12.7102 11.815
    endloop
  endfacet
  facet normal 0.68321 0 0.730222
    outer loop
      vertex -3.13137 22 12.1186
      vertex -3.05495 12.6292 12.0471
      vertex -3.05495 22 12.0471
    endloop
  endfacet
  facet normal 0.68321 0 0.730222
    outer loop
      vertex -3.05495 12.6292 12.0471
      vertex -3.13137 22 12.1186
      vertex -3.13137 12.6114 12.1186
    endloop
  endfacet
  facet normal -0.0983783 -0 -0.995149
    outer loop
      vertex -1.89535 22 14.8466
      vertex -1.79116 12.8732 14.8363
      vertex -1.89535 12.856 14.8466
    endloop
  endfacet
  facet normal -0.0983783 0 -0.995149
    outer loop
      vertex -1.79116 12.8732 14.8363
      vertex -1.89535 22 14.8466
      vertex -1.79116 22 14.8363
    endloop
  endfacet
  facet normal -0.881839 0 0.47155
    outer loop
      vertex -0.614359 22 12.45
      vertex -0.565003 12.9815 12.5423
      vertex -0.565003 22 12.5423
    endloop
  endfacet
  facet normal -0.881839 0 0.47155
    outer loop
      vertex -0.565003 12.9815 12.5423
      vertex -0.614359 22 12.45
      vertex -0.614359 12.9799 12.45
    endloop
  endfacet
  facet normal 0.986651 0 0.16285
    outer loop
      vertex -3.58631 22 13.0412
      vertex -3.56926 12.495 12.9379
      vertex -3.56926 22 12.9379
    endloop
  endfacet
  facet normal 0.986651 0 0.16285
    outer loop
      vertex -3.56926 12.495 12.9379
      vertex -3.58631 22 13.0412
      vertex -3.58631 12.4898 13.0412
    endloop
  endfacet
  facet normal 0.634864 0 -0.772624
    outer loop
      vertex -3.05495 22 14.4529
      vertex -2.97402 12.6481 14.5194
      vertex -3.05495 12.6292 14.4529
    endloop
  endfacet
  facet normal 0.634864 0 -0.772624
    outer loop
      vertex -2.97402 12.6481 14.5194
      vertex -3.05495 22 14.4529
      vertex -2.97402 22 14.5194
    endloop
  endfacet
  facet normal -0.986643 0 -0.162896
    outer loop
      vertex -0.413688 12.9865 13.4588
      vertex -0.430743 22 13.5621
      vertex -0.413688 22 13.4588
    endloop
  endfacet
  facet normal -0.986643 -0 -0.162896
    outer loop
      vertex -0.430743 22 13.5621
      vertex -0.413688 12.9865 13.4588
      vertex -0.430743 12.9859 13.5621
    endloop
  endfacet
  facet normal -0.683224 0 0.730209
    outer loop
      vertex -0.945046 22 12.0471
      vertex -0.868629 12.9704 12.1186
      vertex -0.868629 22 12.1186
    endloop
  endfacet
  facet normal -0.683224 0 0.730209
    outer loop
      vertex -0.868629 12.9704 12.1186
      vertex -0.945046 22 12.0471
      vertex -0.945046 12.9628 12.0471
    endloop
  endfacet
  facet normal -0.527463 0 0.849578
    outer loop
      vertex -1.2 22 11.8644
      vertex -1.11109 12.9465 11.9196
      vertex -1.11109 22 11.9196
    endloop
  endfacet
  facet normal -0.527463 0 0.849578
    outer loop
      vertex -1.11109 12.9465 11.9196
      vertex -1.2 22 11.8644
      vertex -1.2 12.9377 11.8644
    endloop
  endfacet
  facet normal -0.773258 0 -0.634091
    outer loop
      vertex -0.730634 12.9761 14.224
      vertex -0.797056 22 14.305
      vertex -0.730634 22 14.224
    endloop
  endfacet
  facet normal -0.773258 -0 -0.634091
    outer loop
      vertex -0.797056 22 14.305
      vertex -0.730634 12.9761 14.224
      vertex -0.797056 12.9739 14.305
    endloop
  endfacet
  facet normal -0.16237 0 0.98673
    outer loop
      vertex -1.79116 22 11.6637
      vertex -1.68785 12.8897 11.6807
      vertex -1.68785 22 11.6807
    endloop
  endfacet
  facet normal -0.153884 9.87672e-05 0.988089
    outer loop
      vertex -1.68785 12.8897 11.6807
      vertex -1.79116 22 11.6637
      vertex -1.69684 12.8888 11.6793
    endloop
  endfacet
  facet normal -0.163178 0 0.986597
    outer loop
      vertex -1.69684 12.8888 11.6793
      vertex -1.79116 22 11.6637
      vertex -1.79116 12.8732 11.6637
    endloop
  endfacet
  facet normal -0.956947 0 -0.290264
    outer loop
      vertex -0.454518 12.9851 13.6641
      vertex -0.484911 22 13.7643
      vertex -0.454518 22 13.6641
    endloop
  endfacet
  facet normal -0.956947 -0 -0.290264
    outer loop
      vertex -0.484911 22 13.7643
      vertex -0.454518 12.9851 13.6641
      vertex -0.484911 12.9841 13.7643
    endloop
  endfacet
  facet normal -0.634845 0 0.77264
    outer loop
      vertex -1.02598 22 11.9806
      vertex -0.945046 12.9628 12.0471
      vertex -0.945046 22 12.0471
    endloop
  endfacet
  facet normal -0.634845 0 0.77264
    outer loop
      vertex -0.945046 12.9628 12.0471
      vertex -1.02598 22 11.9806
      vertex -1.02598 12.9549 11.9806
    endloop
  endfacet
  facet normal 0.290352 0 -0.95692
    outer loop
      vertex -2.5143 22 14.7651
      vertex -2.41411 12.7704 14.7955
      vertex -2.5143 12.7538 14.7651
    endloop
  endfacet
  facet normal 0.290352 0 -0.95692
    outer loop
      vertex -2.41411 12.7704 14.7955
      vertex -2.5143 22 14.7651
      vertex -2.41411 22 14.7955
    endloop
  endfacet
  facet normal 0.290352 0 0.95692
    outer loop
      vertex -2.5143 22 11.7349
      vertex -2.41411 12.7704 11.7045
      vertex -2.41411 22 11.7045
    endloop
  endfacet
  facet normal 0.290352 0 0.95692
    outer loop
      vertex -2.41411 12.7704 11.7045
      vertex -2.5143 22 11.7349
      vertex -2.5143 12.7538 11.7349
    endloop
  endfacet
  facet normal -0.35241 0 0.935846
    outer loop
      vertex -1.4857 22 11.7349
      vertex -1.38771 12.9192 11.7718
      vertex -1.38771 22 11.7718
    endloop
  endfacet
  facet normal -0.35241 0 0.935846
    outer loop
      vertex -1.38771 12.9192 11.7718
      vertex -1.4857 22 11.7349
      vertex -1.4857 12.9096 11.7349
    endloop
  endfacet
  facet normal -0.412615 0 0.910905
    outer loop
      vertex -1.38771 22 11.7718
      vertex -1.29234 12.9286 11.815
      vertex -1.29234 22 11.815
    endloop
  endfacet
  facet normal -0.412615 0 0.910905
    outer loop
      vertex -1.29234 12.9286 11.815
      vertex -1.38771 22 11.7718
      vertex -1.38771 12.9192 11.7718
    endloop
  endfacet
  facet normal 0.849166 0 -0.528126
    outer loop
      vertex -3.33035 12.565 14.1389
      vertex -3.38564 22 14.05
      vertex -3.33035 22 14.1389
    endloop
  endfacet
  facet normal 0.848949 -4.5515e-06 -0.528474
    outer loop
      vertex -3.36465 12.557 14.0838
      vertex -3.38564 22 14.05
      vertex -3.33035 12.565 14.1389
    endloop
  endfacet
  facet normal 0.84952 0 -0.527557
    outer loop
      vertex -3.38564 22 14.05
      vertex -3.36465 12.557 14.0838
      vertex -3.38564 12.5507 14.05
    endloop
  endfacet
  facet normal -0.995185 0 -0.098019
    outer loop
      vertex -0.403425 12.9868 13.3546
      vertex -0.413688 22 13.4588
      vertex -0.403425 22 13.3546
    endloop
  endfacet
  facet normal -0.995185 -0 -0.098019
    outer loop
      vertex -0.413688 22 13.4588
      vertex -0.403425 12.9868 13.3546
      vertex -0.413688 12.9865 13.4588
    endloop
  endfacet
  facet normal 0.227293 0 -0.973826
    outer loop
      vertex -2.41411 22 14.7955
      vertex -2.31214 12.7872 14.8193
      vertex -2.41411 12.7704 14.7955
    endloop
  endfacet
  facet normal 0.227293 0 -0.973826
    outer loop
      vertex -2.31214 12.7872 14.8193
      vertex -2.41411 22 14.7955
      vertex -2.31214 22 14.8193
    endloop
  endfacet
  facet normal 0.812855 0 -0.582466
    outer loop
      vertex -3.26937 12.5793 14.224
      vertex -3.33035 22 14.1389
      vertex -3.26937 22 14.224
    endloop
  endfacet
  facet normal 0.812855 0 -0.582466
    outer loop
      vertex -3.33035 22 14.1389
      vertex -3.26937 12.5793 14.224
      vertex -3.33035 12.565 14.1389
    endloop
  endfacet
  facet normal -0.290352 0 0.95692
    outer loop
      vertex -1.58589 22 11.7045
      vertex -1.4857 12.9096 11.7349
      vertex -1.4857 22 11.7349
    endloop
  endfacet
  facet normal -0.290352 0 0.95692
    outer loop
      vertex -1.4857 12.9096 11.7349
      vertex -1.58589 22 11.7045
      vertex -1.58589 12.8997 11.7045
    endloop
  endfacet
  facet normal 0.973883 0 0.227049
    outer loop
      vertex -3.56926 22 12.9379
      vertex -3.54548 12.5022 12.8359
      vertex -3.54548 22 12.8359
    endloop
  endfacet
  facet normal 0.973883 0 0.227049
    outer loop
      vertex -3.54548 12.5022 12.8359
      vertex -3.56926 22 12.9379
      vertex -3.56926 12.495 12.9379
    endloop
  endfacet
  facet normal -0.999464 0 -0.0327262
    outer loop
      vertex -0.4 12.9869 13.25
      vertex -0.403425 22 13.3546
      vertex -0.4 22 13.25
    endloop
  endfacet
  facet normal -0.999464 -0 -0.0327262
    outer loop
      vertex -0.403425 22 13.3546
      vertex -0.4 12.9869 13.25
      vertex -0.403425 12.9868 13.3546
    endloop
  endfacet
  facet normal 0.93592 0 -0.352212
    outer loop
      vertex -3.47821 12.5226 13.8623
      vertex -3.51509 22 13.7643
      vertex -3.47821 22 13.8623
    endloop
  endfacet
  facet normal 0.93592 0 -0.352212
    outer loop
      vertex -3.51509 22 13.7643
      vertex -3.47821 12.5226 13.8623
      vertex -3.51509 12.5114 13.7643
    endloop
  endfacet
  facet normal 0.849166 0 0.528126
    outer loop
      vertex -3.38564 22 12.45
      vertex -3.33035 12.565 12.3611
      vertex -3.33035 22 12.3611
    endloop
  endfacet
  facet normal 0.848949 -4.5515e-06 0.528474
    outer loop
      vertex -3.38564 22 12.45
      vertex -3.36465 12.557 12.4162
      vertex -3.33035 12.565 12.3611
    endloop
  endfacet
  facet normal 0.84952 0 0.527557
    outer loop
      vertex -3.36465 12.557 12.4162
      vertex -3.38564 22 12.45
      vertex -3.38564 12.5507 12.45
    endloop
  endfacet
  facet normal -0.471718 0 0.88175
    outer loop
      vertex -1.29234 22 11.815
      vertex -1.2 12.9377 11.8644
      vertex -1.2 22 11.8644
    endloop
  endfacet
  facet normal -0.471718 0 0.88175
    outer loop
      vertex -1.2 12.9377 11.8644
      vertex -1.29234 22 11.815
      vertex -1.29234 12.9286 11.815
    endloop
  endfacet
  facet normal 0.910918 0 0.412587
    outer loop
      vertex -3.47821 22 12.6377
      vertex -3.435 12.5357 12.5423
      vertex -3.435 22 12.5423
    endloop
  endfacet
  facet normal 0.910918 0 0.412587
    outer loop
      vertex -3.435 12.5357 12.5423
      vertex -3.47821 22 12.6377
      vertex -3.47821 12.5226 12.6377
    endloop
  endfacet
  facet normal -0.935917 0 -0.35222
    outer loop
      vertex -0.484911 12.9841 13.7643
      vertex -0.521792 22 13.8623
      vertex -0.484911 22 13.7643
    endloop
  endfacet
  facet normal -0.935917 -0 -0.35222
    outer loop
      vertex -0.521792 22 13.8623
      vertex -0.484911 12.9841 13.7643
      vertex -0.521792 12.9829 13.8623
    endloop
  endfacet
  facet normal -0.412615 -0 -0.910905
    outer loop
      vertex -1.38771 22 14.7282
      vertex -1.29234 12.9286 14.685
      vertex -1.38771 12.9192 14.7282
    endloop
  endfacet
  facet normal -0.412615 0 -0.910905
    outer loop
      vertex -1.29234 12.9286 14.685
      vertex -1.38771 22 14.7282
      vertex -1.29234 22 14.685
    endloop
  endfacet
  facet normal -0.935917 0 0.35222
    outer loop
      vertex -0.521792 22 12.6377
      vertex -0.484911 12.9841 12.7357
      vertex -0.484911 22 12.7357
    endloop
  endfacet
  facet normal -0.935917 0 0.35222
    outer loop
      vertex -0.484911 12.9841 12.7357
      vertex -0.521792 22 12.6377
      vertex -0.521792 12.9829 12.6377
    endloop
  endfacet
  facet normal 0.995187 0 -0.0979906
    outer loop
      vertex -3.58631 12.4898 13.4588
      vertex -3.59657 22 13.3546
      vertex -3.58631 22 13.4588
    endloop
  endfacet
  facet normal 0.995187 0 -0.0979906
    outer loop
      vertex -3.59657 22 13.3546
      vertex -3.58631 12.4898 13.4588
      vertex -3.59657 12.4867 13.3546
    endloop
  endfacet
  facet normal -0.290352 -0 -0.95692
    outer loop
      vertex -1.58589 22 14.7955
      vertex -1.4857 12.9096 14.7651
      vertex -1.58589 12.8997 14.7955
    endloop
  endfacet
  facet normal -0.290352 0 -0.95692
    outer loop
      vertex -1.4857 12.9096 14.7651
      vertex -1.58589 22 14.7955
      vertex -1.4857 22 14.7651
    endloop
  endfacet
  facet normal 0.634864 0 0.772624
    outer loop
      vertex -3.05495 22 12.0471
      vertex -2.97402 12.6481 11.9806
      vertex -2.97402 22 11.9806
    endloop
  endfacet
  facet normal 0.634864 0 0.772624
    outer loop
      vertex -2.97402 12.6481 11.9806
      vertex -3.05495 22 12.0471
      vertex -3.05495 12.6292 12.0471
    endloop
  endfacet
  facet normal 0.986651 0 -0.16285
    outer loop
      vertex -3.56926 12.495 13.5621
      vertex -3.58631 22 13.4588
      vertex -3.56926 22 13.5621
    endloop
  endfacet
  facet normal 0.986651 0 -0.16285
    outer loop
      vertex -3.58631 22 13.4588
      vertex -3.56926 12.495 13.5621
      vertex -3.58631 12.4898 13.4588
    endloop
  endfacet
  facet normal -0.153884 9.87672e-05 -0.988089
    outer loop
      vertex -1.79116 22 14.8363
      vertex -1.68785 12.8897 14.8193
      vertex -1.69684 12.8888 14.8207
    endloop
  endfacet
  facet normal -0.163178 -0 -0.986597
    outer loop
      vertex -1.79116 22 14.8363
      vertex -1.69684 12.8888 14.8207
      vertex -1.79116 12.8732 14.8363
    endloop
  endfacet
  facet normal -0.16237 0 -0.98673
    outer loop
      vertex -1.68785 12.8897 14.8193
      vertex -1.79116 22 14.8363
      vertex -1.68785 22 14.8193
    endloop
  endfacet
  facet normal -0.582547 -0 -0.812797
    outer loop
      vertex -1.11109 22 14.5804
      vertex -1.02598 12.9549 14.5194
      vertex -1.11109 12.9465 14.5804
    endloop
  endfacet
  facet normal -0.582547 0 -0.812797
    outer loop
      vertex -1.02598 12.9549 14.5194
      vertex -1.11109 22 14.5804
      vertex -1.02598 22 14.5194
    endloop
  endfacet
  facet normal -0.0324721 0 0.999473
    outer loop
      vertex -2 22 11.65
      vertex -1.89535 12.856 11.6534
      vertex -1.89535 22 11.6534
    endloop
  endfacet
  facet normal -0.0324721 0 0.999473
    outer loop
      vertex -1.89535 12.856 11.6534
      vertex -2 22 11.65
      vertex -2 12.8387 11.65
    endloop
  endfacet
  facet normal -0.471718 -0 -0.88175
    outer loop
      vertex -1.29234 22 14.685
      vertex -1.2 12.9377 14.6356
      vertex -1.29234 12.9286 14.685
    endloop
  endfacet
  facet normal -0.471718 0 -0.88175
    outer loop
      vertex -1.2 12.9377 14.6356
      vertex -1.29234 22 14.685
      vertex -1.2 22 14.6356
    endloop
  endfacet
  facet normal -0.986643 0 0.162896
    outer loop
      vertex -0.430743 22 12.9379
      vertex -0.413688 12.9865 13.0412
      vertex -0.413688 22 13.0412
    endloop
  endfacet
  facet normal -0.986643 0 0.162896
    outer loop
      vertex -0.413688 12.9865 13.0412
      vertex -0.430743 22 12.9379
      vertex -0.430743 12.9859 12.9379
    endloop
  endfacet
  facet normal 0.227293 0 0.973826
    outer loop
      vertex -2.41411 22 11.7045
      vertex -2.31214 12.7872 11.6807
      vertex -2.31214 22 11.6807
    endloop
  endfacet
  facet normal 0.227293 0 0.973826
    outer loop
      vertex -2.31214 12.7872 11.6807
      vertex -2.41411 22 11.7045
      vertex -2.41411 12.7704 11.7045
    endloop
  endfacet
  facet normal -0.84917 0 -0.528119
    outer loop
      vertex -0.614359 12.9799 14.05
      vertex -0.669648 22 14.1389
      vertex -0.614359 22 14.05
    endloop
  endfacet
  facet normal -0.84917 -0 -0.528119
    outer loop
      vertex -0.669648 22 14.1389
      vertex -0.614359 12.9799 14.05
      vertex -0.669648 12.9781 14.1389
    endloop
  endfacet
  facet normal 0.910918 0 -0.412587
    outer loop
      vertex -3.435 12.5357 13.9577
      vertex -3.47821 22 13.8623
      vertex -3.435 22 13.9577
    endloop
  endfacet
  facet normal 0.910918 0 -0.412587
    outer loop
      vertex -3.47821 22 13.8623
      vertex -3.435 12.5357 13.9577
      vertex -3.47821 12.5226 13.8623
    endloop
  endfacet
  facet normal 0.527463 0 0.849578
    outer loop
      vertex -2.88891 22 11.9196
      vertex -2.8 12.6887 11.8644
      vertex -2.8 22 11.8644
    endloop
  endfacet
  facet normal 0.527463 0 0.849578
    outer loop
      vertex -2.8 12.6887 11.8644
      vertex -2.88891 22 11.9196
      vertex -2.88891 12.668 11.9196
    endloop
  endfacet
  facet normal 0.773221 0 -0.634137
    outer loop
      vertex -3.20294 12.5947 14.305
      vertex -3.26937 22 14.224
      vertex -3.20294 22 14.305
    endloop
  endfacet
  facet normal 0.773221 0 -0.634137
    outer loop
      vertex -3.26937 22 14.224
      vertex -3.20294 12.5947 14.305
      vertex -3.26937 12.5793 14.224
    endloop
  endfacet
  facet normal 0.999463 0 0.032774
    outer loop
      vertex -3.6 22 13.25
      vertex -3.59657 12.4867 13.1454
      vertex -3.59657 22 13.1454
    endloop
  endfacet
  facet normal 0.999463 0 0.032774
    outer loop
      vertex -3.59657 12.4867 13.1454
      vertex -3.6 22 13.25
      vertex -3.6 12.4856 13.25
    endloop
  endfacet
  facet normal 0.471718 0 0.88175
    outer loop
      vertex -2.8 22 11.8644
      vertex -2.70766 12.7102 11.815
      vertex -2.70766 22 11.815
    endloop
  endfacet
  facet normal 0.471718 0 0.88175
    outer loop
      vertex -2.70766 12.7102 11.815
      vertex -2.8 22 11.8644
      vertex -2.8 12.6887 11.8644
    endloop
  endfacet
  facet normal 0.162385 0 -0.986727
    outer loop
      vertex -2.31214 22 14.8193
      vertex -2.20884 12.8043 14.8363
      vertex -2.31214 12.7872 14.8193
    endloop
  endfacet
  facet normal 0.162385 0 -0.986727
    outer loop
      vertex -2.20884 12.8043 14.8363
      vertex -2.31214 22 14.8193
      vertex -2.20884 22 14.8363
    endloop
  endfacet
  facet normal -0.910915 0 0.412595
    outer loop
      vertex -0.565003 22 12.5423
      vertex -0.521792 12.9829 12.6377
      vertex -0.521792 22 12.6377
    endloop
  endfacet
  facet normal -0.910915 0 0.412595
    outer loop
      vertex -0.521792 12.9829 12.6377
      vertex -0.565003 22 12.5423
      vertex -0.565003 12.9815 12.5423
    endloop
  endfacet
  facet normal 0.0324752 0 -0.999473
    outer loop
      vertex -2.10464 22 14.8466
      vertex -2 12.8387 14.85
      vertex -2.10464 12.8215 14.8466
    endloop
  endfacet
  facet normal 0.0324752 0 -0.999473
    outer loop
      vertex -2 12.8387 14.85
      vertex -2.10464 22 14.8466
      vertex -2 22 14.85
    endloop
  endfacet
  facet normal -0.683224 -0 -0.730209
    outer loop
      vertex -0.945046 22 14.4529
      vertex -0.868629 12.9704 14.3814
      vertex -0.945046 12.9628 14.4529
    endloop
  endfacet
  facet normal -0.683224 0 -0.730209
    outer loop
      vertex -0.868629 12.9704 14.3814
      vertex -0.945046 22 14.4529
      vertex -0.868629 22 14.3814
    endloop
  endfacet
  facet normal 0.956954 0 0.290238
    outer loop
      vertex -3.54548 22 12.8359
      vertex -3.51509 12.5114 12.7357
      vertex -3.51509 22 12.7357
    endloop
  endfacet
  facet normal 0.956954 0 0.290238
    outer loop
      vertex -3.51509 12.5114 12.7357
      vertex -3.54548 22 12.8359
      vertex -3.54548 12.5022 12.8359
    endloop
  endfacet
  facet normal -0.729785 0 0.683677
    outer loop
      vertex -0.868629 22 12.1186
      vertex -0.797056 12.9739 12.195
      vertex -0.797056 22 12.195
    endloop
  endfacet
  facet normal -0.729359 7.2215e-06 0.684131
    outer loop
      vertex -0.868629 22 12.1186
      vertex -0.85024 12.9722 12.1383
      vertex -0.797056 12.9739 12.195
    endloop
  endfacet
  facet normal -0.731012 0 0.682365
    outer loop
      vertex -0.85024 12.9722 12.1383
      vertex -0.868629 22 12.1186
      vertex -0.868629 12.9704 12.1186
    endloop
  endfacet
  facet normal 0.351079 -1.61091e-05 -0.936346
    outer loop
      vertex -2.61229 22 14.7282
      vertex -2.5143 12.7538 14.7651
      vertex -2.53617 12.7502 14.7569
    endloop
  endfacet
  facet normal 0.352793 0 -0.935701
    outer loop
      vertex -2.61229 22 14.7282
      vertex -2.53617 12.7502 14.7569
      vertex -2.61229 12.7325 14.7282
    endloop
  endfacet
  facet normal 0.35241 0 -0.935846
    outer loop
      vertex -2.5143 12.7538 14.7651
      vertex -2.61229 22 14.7282
      vertex -2.5143 22 14.7651
    endloop
  endfacet
  facet normal -0.881839 0 -0.47155
    outer loop
      vertex -0.565003 12.9815 13.9577
      vertex -0.614359 22 14.05
      vertex -0.565003 22 13.9577
    endloop
  endfacet
  facet normal -0.881839 -0 -0.47155
    outer loop
      vertex -0.614359 22 14.05
      vertex -0.565003 12.9815 13.9577
      vertex -0.614359 12.9799 14.05
    endloop
  endfacet
  facet normal -0.634845 -0 -0.77264
    outer loop
      vertex -1.02598 22 14.5194
      vertex -0.945046 12.9628 14.4529
      vertex -1.02598 12.9549 14.5194
    endloop
  endfacet
  facet normal -0.634845 0 -0.77264
    outer loop
      vertex -0.945046 12.9628 14.4529
      vertex -1.02598 22 14.5194
      vertex -0.945046 22 14.4529
    endloop
  endfacet
  facet normal 0.412615 0 -0.910905
    outer loop
      vertex -2.70766 22 14.685
      vertex -2.61229 12.7325 14.7282
      vertex -2.70766 12.7102 14.685
    endloop
  endfacet
  facet normal 0.412615 0 -0.910905
    outer loop
      vertex -2.61229 12.7325 14.7282
      vertex -2.70766 22 14.685
      vertex -2.61229 22 14.7282
    endloop
  endfacet
  facet normal 0.773221 0 0.634137
    outer loop
      vertex -3.26937 22 12.276
      vertex -3.20294 12.5947 12.195
      vertex -3.20294 22 12.195
    endloop
  endfacet
  facet normal 0.773221 0 0.634137
    outer loop
      vertex -3.20294 12.5947 12.195
      vertex -3.26937 22 12.276
      vertex -3.26937 12.5793 12.276
    endloop
  endfacet
  facet normal 0.729799 0 0.683661
    outer loop
      vertex -3.20294 22 12.195
      vertex -3.13137 12.6114 12.1186
      vertex -3.13137 22 12.1186
    endloop
  endfacet
  facet normal 0.729799 0 0.683661
    outer loop
      vertex -3.13137 12.6114 12.1186
      vertex -3.20294 22 12.195
      vertex -3.20294 12.5947 12.195
    endloop
  endfacet
  facet normal 0.973883 0 -0.227049
    outer loop
      vertex -3.54548 12.5022 13.6641
      vertex -3.56926 22 13.5621
      vertex -3.54548 22 13.6641
    endloop
  endfacet
  facet normal 0.973883 0 -0.227049
    outer loop
      vertex -3.56926 22 13.5621
      vertex -3.54548 12.5022 13.6641
      vertex -3.56926 12.495 13.5621
    endloop
  endfacet
  facet normal 0.995187 0 0.0979906
    outer loop
      vertex -3.59657 22 13.1454
      vertex -3.58631 12.4898 13.0412
      vertex -3.58631 22 13.0412
    endloop
  endfacet
  facet normal 0.995187 0 0.0979906
    outer loop
      vertex -3.58631 12.4898 13.0412
      vertex -3.59657 22 13.1454
      vertex -3.59657 12.4867 13.1454
    endloop
  endfacet
  facet normal 0.881823 0 -0.47158
    outer loop
      vertex -3.38564 12.5507 14.05
      vertex -3.435 22 13.9577
      vertex -3.38564 22 14.05
    endloop
  endfacet
  facet normal 0.881823 0 -0.47158
    outer loop
      vertex -3.435 22 13.9577
      vertex -3.38564 12.5507 14.05
      vertex -3.435 12.5357 13.9577
    endloop
  endfacet
  facet normal -0.227314 0 0.973821
    outer loop
      vertex -1.68785 22 11.6807
      vertex -1.58589 12.8997 11.7045
      vertex -1.58589 22 11.7045
    endloop
  endfacet
  facet normal -0.227314 0 0.973821
    outer loop
      vertex -1.58589 12.8997 11.7045
      vertex -1.68785 22 11.6807
      vertex -1.68785 12.8897 11.6807
    endloop
  endfacet
  facet normal 0.582547 0 -0.812797
    outer loop
      vertex 1.02598 12.9549 14.5194
      vertex 1.11109 22 14.5804
      vertex 1.11109 12.9465 14.5804
    endloop
  endfacet
  facet normal 0.582547 0 -0.812797
    outer loop
      vertex 1.11109 22 14.5804
      vertex 1.02598 12.9549 14.5194
      vertex 1.02598 22 14.5194
    endloop
  endfacet
  facet normal -0.995187 0 0.0979906
    outer loop
      vertex 3.58631 12.4898 13.0412
      vertex 3.59657 22 13.1454
      vertex 3.58631 22 13.0412
    endloop
  endfacet
  facet normal -0.995187 0 0.0979906
    outer loop
      vertex 3.59657 22 13.1454
      vertex 3.58631 12.4898 13.0412
      vertex 3.59657 12.4867 13.1454
    endloop
  endfacet
  facet normal -0.999463 0 0.032774
    outer loop
      vertex 3.59657 12.4867 13.1454
      vertex 3.6 22 13.25
      vertex 3.59657 22 13.1454
    endloop
  endfacet
  facet normal -0.999463 0 0.032774
    outer loop
      vertex 3.6 22 13.25
      vertex 3.59657 12.4867 13.1454
      vertex 3.6 12.4856 13.25
    endloop
  endfacet
  facet normal 0.163178 0 -0.986597
    outer loop
      vertex 1.69684 12.8888 14.8207
      vertex 1.79116 22 14.8363
      vertex 1.79116 12.8732 14.8363
    endloop
  endfacet
  facet normal 0.153884 9.87672e-05 -0.988089
    outer loop
      vertex 1.68785 12.8897 14.8193
      vertex 1.79116 22 14.8363
      vertex 1.69684 12.8888 14.8207
    endloop
  endfacet
  facet normal 0.16237 0 -0.98673
    outer loop
      vertex 1.79116 22 14.8363
      vertex 1.68785 12.8897 14.8193
      vertex 1.68785 22 14.8193
    endloop
  endfacet
  facet normal -0.910918 0 -0.412587
    outer loop
      vertex 3.47821 22 13.8623
      vertex 3.435 12.5357 13.9577
      vertex 3.435 22 13.9577
    endloop
  endfacet
  facet normal -0.910918 0 -0.412587
    outer loop
      vertex 3.435 12.5357 13.9577
      vertex 3.47821 22 13.8623
      vertex 3.47821 12.5226 13.8623
    endloop
  endfacet
  facet normal -0.973883 0 -0.227049
    outer loop
      vertex 3.56926 22 13.5621
      vertex 3.54548 12.5022 13.6641
      vertex 3.54548 22 13.6641
    endloop
  endfacet
  facet normal -0.973883 0 -0.227049
    outer loop
      vertex 3.54548 12.5022 13.6641
      vertex 3.56926 22 13.5621
      vertex 3.56926 12.495 13.5621
    endloop
  endfacet
  facet normal -0.227293 0 -0.973826
    outer loop
      vertex 2.31214 12.7872 14.8193
      vertex 2.41411 22 14.7955
      vertex 2.41411 12.7704 14.7955
    endloop
  endfacet
  facet normal -0.227293 0 -0.973826
    outer loop
      vertex 2.41411 22 14.7955
      vertex 2.31214 12.7872 14.8193
      vertex 2.31214 22 14.8193
    endloop
  endfacet
  facet normal -0.812855 0 0.582466
    outer loop
      vertex 3.26937 12.5793 12.276
      vertex 3.33035 22 12.3611
      vertex 3.26937 22 12.276
    endloop
  endfacet
  facet normal -0.812855 0 0.582466
    outer loop
      vertex 3.33035 22 12.3611
      vertex 3.26937 12.5793 12.276
      vertex 3.33035 12.565 12.3611
    endloop
  endfacet
  facet normal 0.729785 0 -0.683677
    outer loop
      vertex 0.868629 22 14.3814
      vertex 0.797056 12.9739 14.305
      vertex 0.797056 22 14.305
    endloop
  endfacet
  facet normal 0.729359 7.2215e-06 -0.684131
    outer loop
      vertex 0.868629 22 14.3814
      vertex 0.85024 12.9722 14.3617
      vertex 0.797056 12.9739 14.305
    endloop
  endfacet
  facet normal 0.731012 0 -0.682365
    outer loop
      vertex 0.85024 12.9722 14.3617
      vertex 0.868629 22 14.3814
      vertex 0.868629 12.9704 14.3814
    endloop
  endfacet
  facet normal -0.352793 0 -0.935701
    outer loop
      vertex 2.53617 12.7502 14.7569
      vertex 2.61229 22 14.7282
      vertex 2.61229 12.7325 14.7282
    endloop
  endfacet
  facet normal -0.351079 -1.61091e-05 -0.936346
    outer loop
      vertex 2.5143 12.7538 14.7651
      vertex 2.61229 22 14.7282
      vertex 2.53617 12.7502 14.7569
    endloop
  endfacet
  facet normal -0.35241 0 -0.935846
    outer loop
      vertex 2.61229 22 14.7282
      vertex 2.5143 12.7538 14.7651
      vertex 2.5143 22 14.7651
    endloop
  endfacet
  facet normal 0.0983783 -0 0.995149
    outer loop
      vertex 1.79116 12.8732 11.6637
      vertex 1.89535 22 11.6534
      vertex 1.79116 22 11.6637
    endloop
  endfacet
  facet normal 0.0983783 0 0.995149
    outer loop
      vertex 1.89535 22 11.6534
      vertex 1.79116 12.8732 11.6637
      vertex 1.89535 12.856 11.6534
    endloop
  endfacet
  facet normal 0.163178 0 0.986597
    outer loop
      vertex 1.79116 22 11.6637
      vertex 1.69684 12.8888 11.6793
      vertex 1.79116 12.8732 11.6637
    endloop
  endfacet
  facet normal 0.16237 -0 0.98673
    outer loop
      vertex 1.68785 12.8897 11.6807
      vertex 1.79116 22 11.6637
      vertex 1.68785 22 11.6807
    endloop
  endfacet
  facet normal 0.153884 9.87672e-05 0.988089
    outer loop
      vertex 1.79116 22 11.6637
      vertex 1.68785 12.8897 11.6807
      vertex 1.69684 12.8888 11.6793
    endloop
  endfacet
  facet normal -0.812855 0 -0.582466
    outer loop
      vertex 3.33035 22 14.1389
      vertex 3.26937 12.5793 14.224
      vertex 3.26937 22 14.224
    endloop
  endfacet
  facet normal -0.812855 0 -0.582466
    outer loop
      vertex 3.26937 12.5793 14.224
      vertex 3.33035 22 14.1389
      vertex 3.33035 12.565 14.1389
    endloop
  endfacet
  facet normal 0.956947 0 -0.290264
    outer loop
      vertex 0.484911 22 13.7643
      vertex 0.454518 12.9851 13.6641
      vertex 0.454518 22 13.6641
    endloop
  endfacet
  facet normal 0.956947 0 -0.290264
    outer loop
      vertex 0.454518 12.9851 13.6641
      vertex 0.484911 22 13.7643
      vertex 0.484911 12.9841 13.7643
    endloop
  endfacet
  facet normal 0.881839 -0 0.47155
    outer loop
      vertex 0.565003 12.9815 12.5423
      vertex 0.614359 22 12.45
      vertex 0.565003 22 12.5423
    endloop
  endfacet
  facet normal 0.881839 0 0.47155
    outer loop
      vertex 0.614359 22 12.45
      vertex 0.565003 12.9815 12.5423
      vertex 0.614359 12.9799 12.45
    endloop
  endfacet
  facet normal -0.773221 0 0.634137
    outer loop
      vertex 3.20294 12.5947 12.195
      vertex 3.26937 22 12.276
      vertex 3.20294 22 12.195
    endloop
  endfacet
  facet normal -0.773221 0 0.634137
    outer loop
      vertex 3.26937 22 12.276
      vertex 3.20294 12.5947 12.195
      vertex 3.26937 12.5793 12.276
    endloop
  endfacet
  facet normal -0.582547 0 0.812797
    outer loop
      vertex 2.88891 12.668 11.9196
      vertex 2.97402 22 11.9806
      vertex 2.88891 22 11.9196
    endloop
  endfacet
  facet normal -0.582547 0 0.812797
    outer loop
      vertex 2.97402 22 11.9806
      vertex 2.88891 12.668 11.9196
      vertex 2.97402 12.6481 11.9806
    endloop
  endfacet
  facet normal 0.0983783 0 -0.995149
    outer loop
      vertex 1.79116 12.8732 14.8363
      vertex 1.89535 22 14.8466
      vertex 1.89535 12.856 14.8466
    endloop
  endfacet
  facet normal 0.0983783 0 -0.995149
    outer loop
      vertex 1.89535 22 14.8466
      vertex 1.79116 12.8732 14.8363
      vertex 1.79116 22 14.8363
    endloop
  endfacet
  facet normal 0.527463 0 -0.849578
    outer loop
      vertex 1.11109 12.9465 14.5804
      vertex 1.2 22 14.6356
      vertex 1.2 12.9377 14.6356
    endloop
  endfacet
  facet normal 0.527463 0 -0.849578
    outer loop
      vertex 1.2 22 14.6356
      vertex 1.11109 12.9465 14.5804
      vertex 1.11109 22 14.5804
    endloop
  endfacet
  facet normal -0.0324752 0 -0.999473
    outer loop
      vertex 2 12.8387 14.85
      vertex 2.10464 22 14.8466
      vertex 2.10464 12.8215 14.8466
    endloop
  endfacet
  facet normal -0.0324752 0 -0.999473
    outer loop
      vertex 2.10464 22 14.8466
      vertex 2 12.8387 14.85
      vertex 2 22 14.85
    endloop
  endfacet
  facet normal 0.471718 0 -0.88175
    outer loop
      vertex 1.2 12.9377 14.6356
      vertex 1.29234 22 14.685
      vertex 1.29234 12.9286 14.685
    endloop
  endfacet
  facet normal 0.471718 0 -0.88175
    outer loop
      vertex 1.29234 22 14.685
      vertex 1.2 12.9377 14.6356
      vertex 1.2 22 14.6356
    endloop
  endfacet
  facet normal -0.098369 0 0.99515
    outer loop
      vertex 2.10464 12.8215 11.6534
      vertex 2.20884 22 11.6637
      vertex 2.10464 22 11.6534
    endloop
  endfacet
  facet normal -0.098369 0 0.99515
    outer loop
      vertex 2.20884 22 11.6637
      vertex 2.10464 12.8215 11.6534
      vertex 2.20884 12.8043 11.6637
    endloop
  endfacet
  facet normal 0.973894 0 -0.227003
    outer loop
      vertex 0.454518 22 13.6641
      vertex 0.430743 12.9859 13.5621
      vertex 0.430743 22 13.5621
    endloop
  endfacet
  facet normal 0.973894 0 -0.227003
    outer loop
      vertex 0.430743 12.9859 13.5621
      vertex 0.454518 22 13.6641
      vertex 0.454518 12.9851 13.6641
    endloop
  endfacet
  facet normal 0.35241 -0 0.935846
    outer loop
      vertex 1.38771 12.9192 11.7718
      vertex 1.4857 22 11.7349
      vertex 1.38771 22 11.7718
    endloop
  endfacet
  facet normal 0.35241 0 0.935846
    outer loop
      vertex 1.4857 22 11.7349
      vertex 1.38771 12.9192 11.7718
      vertex 1.4857 12.9096 11.7349
    endloop
  endfacet
  facet normal -0.956954 0 0.290238
    outer loop
      vertex 3.51509 12.5114 12.7357
      vertex 3.54548 22 12.8359
      vertex 3.51509 22 12.7357
    endloop
  endfacet
  facet normal -0.956954 0 0.290238
    outer loop
      vertex 3.54548 22 12.8359
      vertex 3.51509 12.5114 12.7357
      vertex 3.54548 12.5022 12.8359
    endloop
  endfacet
  facet normal -0.849166 0 0.528126
    outer loop
      vertex 3.33035 12.565 12.3611
      vertex 3.38564 22 12.45
      vertex 3.33035 22 12.3611
    endloop
  endfacet
  facet normal -0.848949 -4.5515e-06 0.528474
    outer loop
      vertex 3.36465 12.557 12.4162
      vertex 3.38564 22 12.45
      vertex 3.33035 12.565 12.3611
    endloop
  endfacet
  facet normal -0.84952 0 0.527557
    outer loop
      vertex 3.38564 22 12.45
      vertex 3.36465 12.557 12.4162
      vertex 3.38564 12.5507 12.45
    endloop
  endfacet
  facet normal 0.999464 0 -0.0327262
    outer loop
      vertex 0.403425 22 13.3546
      vertex 0.4 12.9869 13.25
      vertex 0.4 22 13.25
    endloop
  endfacet
  facet normal 0.999464 0 -0.0327262
    outer loop
      vertex 0.4 12.9869 13.25
      vertex 0.403425 22 13.3546
      vertex 0.403425 12.9868 13.3546
    endloop
  endfacet
  facet normal -0.973883 0 0.227049
    outer loop
      vertex 3.54548 12.5022 12.8359
      vertex 3.56926 22 12.9379
      vertex 3.54548 22 12.8359
    endloop
  endfacet
  facet normal -0.973883 0 0.227049
    outer loop
      vertex 3.56926 22 12.9379
      vertex 3.54548 12.5022 12.8359
      vertex 3.56926 12.495 12.9379
    endloop
  endfacet
  facet normal -0.910918 0 0.412587
    outer loop
      vertex 3.435 12.5357 12.5423
      vertex 3.47821 22 12.6377
      vertex 3.435 22 12.5423
    endloop
  endfacet
  facet normal -0.910918 0 0.412587
    outer loop
      vertex 3.47821 22 12.6377
      vertex 3.435 12.5357 12.5423
      vertex 3.47821 12.5226 12.6377
    endloop
  endfacet
  facet normal -0.527463 0 -0.849578
    outer loop
      vertex 2.8 12.6887 14.6356
      vertex 2.88891 22 14.5804
      vertex 2.88891 12.668 14.5804
    endloop
  endfacet
  facet normal -0.527463 0 -0.849578
    outer loop
      vertex 2.88891 22 14.5804
      vertex 2.8 12.6887 14.6356
      vertex 2.8 22 14.6356
    endloop
  endfacet
  facet normal 0.812828 -0 0.582504
    outer loop
      vertex 0.669648 12.9781 12.3611
      vertex 0.730634 22 12.276
      vertex 0.669648 22 12.3611
    endloop
  endfacet
  facet normal 0.812828 0 0.582504
    outer loop
      vertex 0.730634 22 12.276
      vertex 0.669648 12.9781 12.3611
      vertex 0.730634 12.9761 12.276
    endloop
  endfacet
  facet normal 0.935917 -0 0.35222
    outer loop
      vertex 0.484911 12.9841 12.7357
      vertex 0.521792 22 12.6377
      vertex 0.484911 22 12.7357
    endloop
  endfacet
  facet normal 0.935917 0 0.35222
    outer loop
      vertex 0.521792 22 12.6377
      vertex 0.484911 12.9841 12.7357
      vertex 0.521792 12.9829 12.6377
    endloop
  endfacet
  facet normal -0.729799 0 -0.683661
    outer loop
      vertex 3.20294 22 14.305
      vertex 3.13137 12.6114 14.3814
      vertex 3.13137 22 14.3814
    endloop
  endfacet
  facet normal -0.729799 0 -0.683661
    outer loop
      vertex 3.13137 12.6114 14.3814
      vertex 3.20294 22 14.305
      vertex 3.20294 12.5947 14.305
    endloop
  endfacet
  facet normal 0.582547 -0 0.812797
    outer loop
      vertex 1.02598 12.9549 11.9806
      vertex 1.11109 22 11.9196
      vertex 1.02598 22 11.9806
    endloop
  endfacet
  facet normal 0.582547 0 0.812797
    outer loop
      vertex 1.11109 22 11.9196
      vertex 1.02598 12.9549 11.9806
      vertex 1.11109 12.9465 11.9196
    endloop
  endfacet
  facet normal 0.683224 0 -0.730209
    outer loop
      vertex 0.868629 12.9704 14.3814
      vertex 0.945046 22 14.4529
      vertex 0.945046 12.9628 14.4529
    endloop
  endfacet
  facet normal 0.683224 0 -0.730209
    outer loop
      vertex 0.945046 22 14.4529
      vertex 0.868629 12.9704 14.3814
      vertex 0.868629 22 14.3814
    endloop
  endfacet
  facet normal 0.412615 -0 0.910905
    outer loop
      vertex 1.29234 12.9286 11.815
      vertex 1.38771 22 11.7718
      vertex 1.29234 22 11.815
    endloop
  endfacet
  facet normal 0.412615 0 0.910905
    outer loop
      vertex 1.38771 22 11.7718
      vertex 1.29234 12.9286 11.815
      vertex 1.38771 12.9192 11.7718
    endloop
  endfacet
  facet normal 0.683224 -0 0.730209
    outer loop
      vertex 0.868629 12.9704 12.1186
      vertex 0.945046 22 12.0471
      vertex 0.868629 22 12.1186
    endloop
  endfacet
  facet normal 0.683224 0 0.730209
    outer loop
      vertex 0.945046 22 12.0471
      vertex 0.868629 12.9704 12.1186
      vertex 0.945046 12.9628 12.0471
    endloop
  endfacet
  facet normal -0.162385 0 -0.986727
    outer loop
      vertex 2.20884 12.8043 14.8363
      vertex 2.31214 22 14.8193
      vertex 2.31214 12.7872 14.8193
    endloop
  endfacet
  facet normal -0.162385 0 -0.986727
    outer loop
      vertex 2.31214 22 14.8193
      vertex 2.20884 12.8043 14.8363
      vertex 2.20884 22 14.8363
    endloop
  endfacet
  facet normal -0.098369 0 -0.99515
    outer loop
      vertex 2.10464 12.8215 14.8466
      vertex 2.20884 22 14.8363
      vertex 2.20884 12.8043 14.8363
    endloop
  endfacet
  facet normal -0.098369 0 -0.99515
    outer loop
      vertex 2.20884 22 14.8363
      vertex 2.10464 12.8215 14.8466
      vertex 2.10464 22 14.8466
    endloop
  endfacet
  facet normal -0.881823 0 0.47158
    outer loop
      vertex 3.38564 12.5507 12.45
      vertex 3.435 22 12.5423
      vertex 3.38564 22 12.45
    endloop
  endfacet
  facet normal -0.881823 0 0.47158
    outer loop
      vertex 3.435 22 12.5423
      vertex 3.38564 12.5507 12.45
      vertex 3.435 12.5357 12.5423
    endloop
  endfacet
  facet normal 0.986643 -0 0.162896
    outer loop
      vertex 0.413688 12.9865 13.0412
      vertex 0.430743 22 12.9379
      vertex 0.413688 22 13.0412
    endloop
  endfacet
  facet normal 0.986643 0 0.162896
    outer loop
      vertex 0.430743 22 12.9379
      vertex 0.413688 12.9865 13.0412
      vertex 0.430743 12.9859 12.9379
    endloop
  endfacet
  facet normal 0.634845 0 -0.77264
    outer loop
      vertex 0.945046 12.9628 14.4529
      vertex 1.02598 22 14.5194
      vertex 1.02598 12.9549 14.5194
    endloop
  endfacet
  facet normal 0.634845 0 -0.77264
    outer loop
      vertex 1.02598 22 14.5194
      vertex 0.945046 12.9628 14.4529
      vertex 0.945046 22 14.4529
    endloop
  endfacet
  facet normal -0.986651 0 -0.16285
    outer loop
      vertex 3.58631 22 13.4588
      vertex 3.56926 12.495 13.5621
      vertex 3.56926 22 13.5621
    endloop
  endfacet
  facet normal -0.986651 0 -0.16285
    outer loop
      vertex 3.56926 12.495 13.5621
      vertex 3.58631 22 13.4588
      vertex 3.58631 12.4898 13.4588
    endloop
  endfacet
  facet normal -0.68321 0 0.730222
    outer loop
      vertex 3.05495 12.6292 12.0471
      vertex 3.13137 22 12.1186
      vertex 3.05495 22 12.0471
    endloop
  endfacet
  facet normal -0.68321 0 0.730222
    outer loop
      vertex 3.13137 22 12.1186
      vertex 3.05495 12.6292 12.0471
      vertex 3.13137 12.6114 12.1186
    endloop
  endfacet
  facet normal -0.527463 0 0.849578
    outer loop
      vertex 2.8 12.6887 11.8644
      vertex 2.88891 22 11.9196
      vertex 2.8 22 11.8644
    endloop
  endfacet
  facet normal -0.527463 0 0.849578
    outer loop
      vertex 2.88891 22 11.9196
      vertex 2.8 12.6887 11.8644
      vertex 2.88891 12.668 11.9196
    endloop
  endfacet
  facet normal -0.773221 0 -0.634137
    outer loop
      vertex 3.26937 22 14.224
      vertex 3.20294 12.5947 14.305
      vertex 3.20294 22 14.305
    endloop
  endfacet
  facet normal -0.773221 0 -0.634137
    outer loop
      vertex 3.20294 12.5947 14.305
      vertex 3.26937 22 14.224
      vertex 3.26937 12.5793 14.224
    endloop
  endfacet
  facet normal -0.162385 0 0.986727
    outer loop
      vertex 2.20884 12.8043 11.6637
      vertex 2.31214 22 11.6807
      vertex 2.20884 22 11.6637
    endloop
  endfacet
  facet normal -0.162385 0 0.986727
    outer loop
      vertex 2.31214 22 11.6807
      vertex 2.20884 12.8043 11.6637
      vertex 2.31214 12.7872 11.6807
    endloop
  endfacet
  facet normal -0.956954 0 -0.290238
    outer loop
      vertex 3.54548 22 13.6641
      vertex 3.51509 12.5114 13.7643
      vertex 3.51509 22 13.7643
    endloop
  endfacet
  facet normal -0.956954 0 -0.290238
    outer loop
      vertex 3.51509 12.5114 13.7643
      vertex 3.54548 22 13.6641
      vertex 3.54548 12.5022 13.6641
    endloop
  endfacet
  facet normal -0.634864 0 0.772624
    outer loop
      vertex 2.97402 12.6481 11.9806
      vertex 3.05495 22 12.0471
      vertex 2.97402 22 11.9806
    endloop
  endfacet
  facet normal -0.634864 0 0.772624
    outer loop
      vertex 3.05495 22 12.0471
      vertex 2.97402 12.6481 11.9806
      vertex 3.05495 12.6292 12.0471
    endloop
  endfacet
  facet normal 0.290352 0 -0.95692
    outer loop
      vertex 1.4857 12.9096 14.7651
      vertex 1.58589 22 14.7955
      vertex 1.58589 12.8997 14.7955
    endloop
  endfacet
  facet normal 0.290352 0 -0.95692
    outer loop
      vertex 1.58589 22 14.7955
      vertex 1.4857 12.9096 14.7651
      vertex 1.4857 22 14.7651
    endloop
  endfacet
  facet normal -0.634864 0 -0.772624
    outer loop
      vertex 2.97402 12.6481 14.5194
      vertex 3.05495 22 14.4529
      vertex 3.05495 12.6292 14.4529
    endloop
  endfacet
  facet normal -0.634864 0 -0.772624
    outer loop
      vertex 3.05495 22 14.4529
      vertex 2.97402 12.6481 14.5194
      vertex 2.97402 22 14.5194
    endloop
  endfacet
  facet normal 0.290352 -0 0.95692
    outer loop
      vertex 1.4857 12.9096 11.7349
      vertex 1.58589 22 11.7045
      vertex 1.4857 22 11.7349
    endloop
  endfacet
  facet normal 0.290352 0 0.95692
    outer loop
      vertex 1.58589 22 11.7045
      vertex 1.4857 12.9096 11.7349
      vertex 1.58589 12.8997 11.7045
    endloop
  endfacet
  facet normal -0.352793 0 0.935701
    outer loop
      vertex 2.61229 22 11.7718
      vertex 2.53617 12.7502 11.7431
      vertex 2.61229 12.7325 11.7718
    endloop
  endfacet
  facet normal -0.35241 0 0.935846
    outer loop
      vertex 2.5143 12.7538 11.7349
      vertex 2.61229 22 11.7718
      vertex 2.5143 22 11.7349
    endloop
  endfacet
  facet normal -0.351079 -1.61091e-05 0.936346
    outer loop
      vertex 2.61229 22 11.7718
      vertex 2.5143 12.7538 11.7349
      vertex 2.53617 12.7502 11.7431
    endloop
  endfacet
  facet normal -0.412615 0 0.910905
    outer loop
      vertex 2.61229 12.7325 11.7718
      vertex 2.70766 22 11.815
      vertex 2.61229 22 11.7718
    endloop
  endfacet
  facet normal -0.412615 0 0.910905
    outer loop
      vertex 2.70766 22 11.815
      vertex 2.61229 12.7325 11.7718
      vertex 2.70766 12.7102 11.815
    endloop
  endfacet
  facet normal 0.84917 0 -0.528119
    outer loop
      vertex 0.669648 22 14.1389
      vertex 0.614359 12.9799 14.05
      vertex 0.614359 22 14.05
    endloop
  endfacet
  facet normal 0.84917 0 -0.528119
    outer loop
      vertex 0.614359 12.9799 14.05
      vertex 0.669648 22 14.1389
      vertex 0.669648 12.9781 14.1389
    endloop
  endfacet
  facet normal -0.995187 0 -0.0979906
    outer loop
      vertex 3.59657 22 13.3546
      vertex 3.58631 12.4898 13.4588
      vertex 3.58631 22 13.4588
    endloop
  endfacet
  facet normal -0.995187 0 -0.0979906
    outer loop
      vertex 3.58631 12.4898 13.4588
      vertex 3.59657 22 13.3546
      vertex 3.59657 12.4867 13.3546
    endloop
  endfacet
  facet normal 0.227314 0 -0.973821
    outer loop
      vertex 1.58589 12.8997 14.7955
      vertex 1.68785 22 14.8193
      vertex 1.68785 12.8897 14.8193
    endloop
  endfacet
  facet normal 0.227314 0 -0.973821
    outer loop
      vertex 1.68785 22 14.8193
      vertex 1.58589 12.8997 14.7955
      vertex 1.58589 22 14.7955
    endloop
  endfacet
  facet normal 0.812828 0 -0.582504
    outer loop
      vertex 0.730634 22 14.224
      vertex 0.669648 12.9781 14.1389
      vertex 0.669648 22 14.1389
    endloop
  endfacet
  facet normal 0.812828 0 -0.582504
    outer loop
      vertex 0.669648 12.9781 14.1389
      vertex 0.730634 22 14.224
      vertex 0.730634 12.9761 14.224
    endloop
  endfacet
  facet normal -0.290352 0 0.95692
    outer loop
      vertex 2.41411 12.7704 11.7045
      vertex 2.5143 22 11.7349
      vertex 2.41411 22 11.7045
    endloop
  endfacet
  facet normal -0.290352 0 0.95692
    outer loop
      vertex 2.5143 22 11.7349
      vertex 2.41411 12.7704 11.7045
      vertex 2.5143 12.7538 11.7349
    endloop
  endfacet
  facet normal 0.973894 -0 0.227003
    outer loop
      vertex 0.430743 12.9859 12.9379
      vertex 0.454518 22 12.8359
      vertex 0.430743 22 12.9379
    endloop
  endfacet
  facet normal 0.973894 0 0.227003
    outer loop
      vertex 0.454518 22 12.8359
      vertex 0.430743 12.9859 12.9379
      vertex 0.454518 12.9851 12.8359
    endloop
  endfacet
  facet normal 0.729785 -0 0.683677
    outer loop
      vertex 0.797056 12.9739 12.195
      vertex 0.868629 22 12.1186
      vertex 0.797056 22 12.195
    endloop
  endfacet
  facet normal 0.729359 7.2215e-06 0.684131
    outer loop
      vertex 0.85024 12.9722 12.1383
      vertex 0.868629 22 12.1186
      vertex 0.797056 12.9739 12.195
    endloop
  endfacet
  facet normal 0.731012 0 0.682365
    outer loop
      vertex 0.868629 22 12.1186
      vertex 0.85024 12.9722 12.1383
      vertex 0.868629 12.9704 12.1186
    endloop
  endfacet
  facet normal -0.999463 0 -0.032774
    outer loop
      vertex 3.6 22 13.25
      vertex 3.59657 12.4867 13.3546
      vertex 3.59657 22 13.3546
    endloop
  endfacet
  facet normal -0.999463 0 -0.032774
    outer loop
      vertex 3.59657 12.4867 13.3546
      vertex 3.6 22 13.25
      vertex 3.6 12.4856 13.25
    endloop
  endfacet
  facet normal 0.0324721 -0 0.999473
    outer loop
      vertex 1.89535 12.856 11.6534
      vertex 2 22 11.65
      vertex 1.89535 22 11.6534
    endloop
  endfacet
  facet normal 0.0324721 0 0.999473
    outer loop
      vertex 2 22 11.65
      vertex 1.89535 12.856 11.6534
      vertex 2 12.8387 11.65
    endloop
  endfacet
  facet normal 0.935917 0 -0.35222
    outer loop
      vertex 0.521792 22 13.8623
      vertex 0.484911 12.9841 13.7643
      vertex 0.484911 22 13.7643
    endloop
  endfacet
  facet normal 0.935917 0 -0.35222
    outer loop
      vertex 0.484911 12.9841 13.7643
      vertex 0.521792 22 13.8623
      vertex 0.521792 12.9829 13.8623
    endloop
  endfacet
  facet normal 0.84917 -0 0.528119
    outer loop
      vertex 0.614359 12.9799 12.45
      vertex 0.669648 22 12.3611
      vertex 0.614359 22 12.45
    endloop
  endfacet
  facet normal 0.84917 0 0.528119
    outer loop
      vertex 0.669648 22 12.3611
      vertex 0.614359 12.9799 12.45
      vertex 0.669648 12.9781 12.3611
    endloop
  endfacet
  facet normal -0.471718 0 0.88175
    outer loop
      vertex 2.70766 12.7102 11.815
      vertex 2.8 22 11.8644
      vertex 2.70766 22 11.815
    endloop
  endfacet
  facet normal -0.471718 0 0.88175
    outer loop
      vertex 2.8 22 11.8644
      vertex 2.70766 12.7102 11.815
      vertex 2.8 12.6887 11.8644
    endloop
  endfacet
  facet normal 0.910915 -0 0.412595
    outer loop
      vertex 0.521792 12.9829 12.6377
      vertex 0.565003 22 12.5423
      vertex 0.521792 22 12.6377
    endloop
  endfacet
  facet normal 0.910915 0 0.412595
    outer loop
      vertex 0.565003 22 12.5423
      vertex 0.521792 12.9829 12.6377
      vertex 0.565003 12.9815 12.5423
    endloop
  endfacet
  facet normal -0.93592 0 -0.352212
    outer loop
      vertex 3.51509 22 13.7643
      vertex 3.47821 12.5226 13.8623
      vertex 3.47821 22 13.8623
    endloop
  endfacet
  facet normal -0.93592 0 -0.352212
    outer loop
      vertex 3.47821 12.5226 13.8623
      vertex 3.51509 22 13.7643
      vertex 3.51509 12.5114 13.7643
    endloop
  endfacet
  facet normal -0.412615 0 -0.910905
    outer loop
      vertex 2.61229 12.7325 14.7282
      vertex 2.70766 22 14.685
      vertex 2.70766 12.7102 14.685
    endloop
  endfacet
  facet normal -0.412615 0 -0.910905
    outer loop
      vertex 2.70766 22 14.685
      vertex 2.61229 12.7325 14.7282
      vertex 2.61229 22 14.7282
    endloop
  endfacet
  facet normal -0.93592 0 0.352212
    outer loop
      vertex 3.47821 12.5226 12.6377
      vertex 3.51509 22 12.7357
      vertex 3.47821 22 12.6377
    endloop
  endfacet
  facet normal -0.93592 0 0.352212
    outer loop
      vertex 3.51509 22 12.7357
      vertex 3.47821 12.5226 12.6377
      vertex 3.51509 12.5114 12.7357
    endloop
  endfacet
  facet normal 0.995185 0 -0.098019
    outer loop
      vertex 0.413688 22 13.4588
      vertex 0.403425 12.9868 13.3546
      vertex 0.403425 22 13.3546
    endloop
  endfacet
  facet normal 0.995185 0 -0.098019
    outer loop
      vertex 0.403425 12.9868 13.3546
      vertex 0.413688 22 13.4588
      vertex 0.413688 12.9865 13.4588
    endloop
  endfacet
  facet normal -0.290352 0 -0.95692
    outer loop
      vertex 2.41411 12.7704 14.7955
      vertex 2.5143 22 14.7651
      vertex 2.5143 12.7538 14.7651
    endloop
  endfacet
  facet normal -0.290352 0 -0.95692
    outer loop
      vertex 2.5143 22 14.7651
      vertex 2.41411 12.7704 14.7955
      vertex 2.41411 22 14.7955
    endloop
  endfacet
  facet normal 0.634845 -0 0.77264
    outer loop
      vertex 0.945046 12.9628 12.0471
      vertex 1.02598 22 11.9806
      vertex 0.945046 22 12.0471
    endloop
  endfacet
  facet normal 0.634845 0 0.77264
    outer loop
      vertex 1.02598 22 11.9806
      vertex 0.945046 12.9628 12.0471
      vertex 1.02598 12.9549 11.9806
    endloop
  endfacet
  facet normal 0.986643 0 -0.162896
    outer loop
      vertex 0.430743 22 13.5621
      vertex 0.413688 12.9865 13.4588
      vertex 0.413688 22 13.4588
    endloop
  endfacet
  facet normal 0.986643 0 -0.162896
    outer loop
      vertex 0.413688 12.9865 13.4588
      vertex 0.430743 22 13.5621
      vertex 0.430743 12.9859 13.5621
    endloop
  endfacet
  facet normal -0.582547 0 -0.812797
    outer loop
      vertex 2.88891 12.668 14.5804
      vertex 2.97402 22 14.5194
      vertex 2.97402 12.6481 14.5194
    endloop
  endfacet
  facet normal -0.582547 0 -0.812797
    outer loop
      vertex 2.97402 22 14.5194
      vertex 2.88891 12.668 14.5804
      vertex 2.88891 22 14.5804
    endloop
  endfacet
  facet normal -0.0324752 0 0.999473
    outer loop
      vertex 2 12.8387 11.65
      vertex 2.10464 22 11.6534
      vertex 2 22 11.65
    endloop
  endfacet
  facet normal -0.0324752 0 0.999473
    outer loop
      vertex 2.10464 22 11.6534
      vertex 2 12.8387 11.65
      vertex 2.10464 12.8215 11.6534
    endloop
  endfacet
  facet normal -0.471718 0 -0.88175
    outer loop
      vertex 2.70766 12.7102 14.685
      vertex 2.8 22 14.6356
      vertex 2.8 12.6887 14.6356
    endloop
  endfacet
  facet normal -0.471718 0 -0.88175
    outer loop
      vertex 2.8 22 14.6356
      vertex 2.70766 12.7102 14.685
      vertex 2.70766 22 14.685
    endloop
  endfacet
  facet normal -0.986651 0 0.16285
    outer loop
      vertex 3.56926 12.495 12.9379
      vertex 3.58631 22 13.0412
      vertex 3.56926 22 12.9379
    endloop
  endfacet
  facet normal -0.986651 0 0.16285
    outer loop
      vertex 3.58631 22 13.0412
      vertex 3.56926 12.495 12.9379
      vertex 3.58631 12.4898 13.0412
    endloop
  endfacet
  facet normal 0.227314 -0 0.973821
    outer loop
      vertex 1.58589 12.8997 11.7045
      vertex 1.68785 22 11.6807
      vertex 1.58589 22 11.7045
    endloop
  endfacet
  facet normal 0.227314 0 0.973821
    outer loop
      vertex 1.68785 22 11.6807
      vertex 1.58589 12.8997 11.7045
      vertex 1.68785 12.8897 11.6807
    endloop
  endfacet
  facet normal -0.849166 0 -0.528126
    outer loop
      vertex 3.38564 22 14.05
      vertex 3.33035 12.565 14.1389
      vertex 3.33035 22 14.1389
    endloop
  endfacet
  facet normal -0.848949 -4.5515e-06 -0.528474
    outer loop
      vertex 3.38564 22 14.05
      vertex 3.36465 12.557 14.0838
      vertex 3.33035 12.565 14.1389
    endloop
  endfacet
  facet normal -0.84952 0 -0.527557
    outer loop
      vertex 3.36465 12.557 14.0838
      vertex 3.38564 22 14.05
      vertex 3.38564 12.5507 14.05
    endloop
  endfacet
  facet normal 0.910915 0 -0.412595
    outer loop
      vertex 0.565003 22 13.9577
      vertex 0.521792 12.9829 13.8623
      vertex 0.521792 22 13.8623
    endloop
  endfacet
  facet normal 0.910915 0 -0.412595
    outer loop
      vertex 0.521792 12.9829 13.8623
      vertex 0.565003 22 13.9577
      vertex 0.565003 12.9815 13.9577
    endloop
  endfacet
  facet normal 0.527463 -0 0.849578
    outer loop
      vertex 1.11109 12.9465 11.9196
      vertex 1.2 22 11.8644
      vertex 1.11109 22 11.9196
    endloop
  endfacet
  facet normal 0.527463 0 0.849578
    outer loop
      vertex 1.2 22 11.8644
      vertex 1.11109 12.9465 11.9196
      vertex 1.2 12.9377 11.8644
    endloop
  endfacet
  facet normal 0.773258 0 -0.634091
    outer loop
      vertex 0.797056 22 14.305
      vertex 0.730634 12.9761 14.224
      vertex 0.730634 22 14.224
    endloop
  endfacet
  facet normal 0.773258 0 -0.634091
    outer loop
      vertex 0.730634 12.9761 14.224
      vertex 0.797056 22 14.305
      vertex 0.797056 12.9739 14.305
    endloop
  endfacet
  facet normal 0.999464 -0 0.0327262
    outer loop
      vertex 0.4 12.9869 13.25
      vertex 0.403425 22 13.1454
      vertex 0.4 22 13.25
    endloop
  endfacet
  facet normal 0.999464 0 0.0327262
    outer loop
      vertex 0.403425 22 13.1454
      vertex 0.4 12.9869 13.25
      vertex 0.403425 12.9868 13.1454
    endloop
  endfacet
  facet normal 0.471718 -0 0.88175
    outer loop
      vertex 1.2 12.9377 11.8644
      vertex 1.29234 22 11.815
      vertex 1.2 22 11.8644
    endloop
  endfacet
  facet normal 0.471718 0 0.88175
    outer loop
      vertex 1.29234 22 11.815
      vertex 1.2 12.9377 11.8644
      vertex 1.29234 12.9286 11.815
    endloop
  endfacet
  facet normal 0.0324721 0 -0.999473
    outer loop
      vertex 1.89535 12.856 14.8466
      vertex 2 22 14.85
      vertex 2 12.8387 14.85
    endloop
  endfacet
  facet normal 0.0324721 0 -0.999473
    outer loop
      vertex 2 22 14.85
      vertex 1.89535 12.856 14.8466
      vertex 1.89535 22 14.8466
    endloop
  endfacet
  facet normal -0.68321 0 -0.730222
    outer loop
      vertex 3.05495 12.6292 14.4529
      vertex 3.13137 22 14.3814
      vertex 3.13137 12.6114 14.3814
    endloop
  endfacet
  facet normal -0.68321 0 -0.730222
    outer loop
      vertex 3.13137 22 14.3814
      vertex 3.05495 12.6292 14.4529
      vertex 3.05495 22 14.4529
    endloop
  endfacet
  facet normal 0.956947 -0 0.290264
    outer loop
      vertex 0.454518 12.9851 12.8359
      vertex 0.484911 22 12.7357
      vertex 0.454518 22 12.8359
    endloop
  endfacet
  facet normal 0.956947 0 0.290264
    outer loop
      vertex 0.484911 22 12.7357
      vertex 0.454518 12.9851 12.8359
      vertex 0.484911 12.9841 12.7357
    endloop
  endfacet
  facet normal -0.729799 0 0.683661
    outer loop
      vertex 3.13137 12.6114 12.1186
      vertex 3.20294 22 12.195
      vertex 3.13137 22 12.1186
    endloop
  endfacet
  facet normal -0.729799 0 0.683661
    outer loop
      vertex 3.20294 22 12.195
      vertex 3.13137 12.6114 12.1186
      vertex 3.20294 12.5947 12.195
    endloop
  endfacet
  facet normal 0.35241 0 -0.935846
    outer loop
      vertex 1.38771 12.9192 14.7282
      vertex 1.4857 22 14.7651
      vertex 1.4857 12.9096 14.7651
    endloop
  endfacet
  facet normal 0.35241 0 -0.935846
    outer loop
      vertex 1.4857 22 14.7651
      vertex 1.38771 12.9192 14.7282
      vertex 1.38771 22 14.7282
    endloop
  endfacet
  facet normal -0.881823 0 -0.47158
    outer loop
      vertex 3.435 22 13.9577
      vertex 3.38564 12.5507 14.05
      vertex 3.38564 22 14.05
    endloop
  endfacet
  facet normal -0.881823 0 -0.47158
    outer loop
      vertex 3.38564 12.5507 14.05
      vertex 3.435 22 13.9577
      vertex 3.435 12.5357 13.9577
    endloop
  endfacet
  facet normal 0.412615 0 -0.910905
    outer loop
      vertex 1.29234 12.9286 14.685
      vertex 1.38771 22 14.7282
      vertex 1.38771 12.9192 14.7282
    endloop
  endfacet
  facet normal 0.412615 0 -0.910905
    outer loop
      vertex 1.38771 22 14.7282
      vertex 1.29234 12.9286 14.685
      vertex 1.29234 22 14.685
    endloop
  endfacet
  facet normal 0.773258 -0 0.634091
    outer loop
      vertex 0.730634 12.9761 12.276
      vertex 0.797056 22 12.195
      vertex 0.730634 22 12.276
    endloop
  endfacet
  facet normal 0.773258 0 0.634091
    outer loop
      vertex 0.797056 22 12.195
      vertex 0.730634 12.9761 12.276
      vertex 0.797056 12.9739 12.195
    endloop
  endfacet
  facet normal 0.995185 -0 0.098019
    outer loop
      vertex 0.403425 12.9868 13.1454
      vertex 0.413688 22 13.0412
      vertex 0.403425 22 13.1454
    endloop
  endfacet
  facet normal 0.995185 0 0.098019
    outer loop
      vertex 0.413688 22 13.0412
      vertex 0.403425 12.9868 13.1454
      vertex 0.413688 12.9865 13.0412
    endloop
  endfacet
  facet normal 0.881839 0 -0.47155
    outer loop
      vertex 0.614359 22 14.05
      vertex 0.565003 12.9815 13.9577
      vertex 0.565003 22 13.9577
    endloop
  endfacet
  facet normal 0.881839 0 -0.47155
    outer loop
      vertex 0.565003 12.9815 13.9577
      vertex 0.614359 22 14.05
      vertex 0.614359 12.9799 14.05
    endloop
  endfacet
  facet normal -0.227293 0 0.973826
    outer loop
      vertex 2.31214 12.7872 11.6807
      vertex 2.41411 22 11.7045
      vertex 2.31214 22 11.6807
    endloop
  endfacet
  facet normal -0.227293 0 0.973826
    outer loop
      vertex 2.41411 22 11.7045
      vertex 2.31214 12.7872 11.6807
      vertex 2.41411 12.7704 11.7045
    endloop
  endfacet
  facet normal -0.995184 -0.09802 0
    outer loop
      vertex 9.13041 0.598438 6.85
      vertex 9.07172 1.19431 10.5
      vertex 9.07172 1.19431 6.85
    endloop
  endfacet
  facet normal -0.995184 -0.09802 0
    outer loop
      vertex 9.07172 1.19431 10.5
      vertex 9.13041 0.598438 6.85
      vertex 9.13041 0.598438 10.5
    endloop
  endfacet
  facet normal -0.995184 -0.09802 0
    outer loop
      vertex 9.13041 0.598438 1.19
      vertex 9.07172 1.19431 6.15
      vertex 9.07172 1.19431 1.19
    endloop
  endfacet
  facet normal -0.995184 -0.09802 0
    outer loop
      vertex 9.07172 1.19431 6.15
      vertex 9.13041 0.598438 1.19
      vertex 9.13041 0.598438 6.15
    endloop
  endfacet
  facet normal -0.999465 -0.0327177 0
    outer loop
      vertex 9.15 0 6.85
      vertex 9.13041 0.598438 10.5
      vertex 9.13041 0.598438 6.85
    endloop
  endfacet
  facet normal -0.999465 -0.0327177 0
    outer loop
      vertex 9.13041 0.598438 10.5
      vertex 9.15 0 6.85
      vertex 9.15 0 10.5
    endloop
  endfacet
  facet normal -0.999465 -0.0327177 0
    outer loop
      vertex 9.15 0 1.19
      vertex 9.13041 0.598438 6.15
      vertex 9.13041 0.598438 1.19
    endloop
  endfacet
  facet normal -0.999465 -0.0327177 0
    outer loop
      vertex 9.13041 0.598438 6.15
      vertex 9.15 0 1.19
      vertex 9.15 0 6.15
    endloop
  endfacet
  facet normal -0.986642 -0.162901 0
    outer loop
      vertex 9.07172 1.19431 6.85
      vertex 8.97418 1.78508 10.5
      vertex 8.97418 1.78508 6.85
    endloop
  endfacet
  facet normal -0.986642 -0.162901 0
    outer loop
      vertex 8.97418 1.78508 10.5
      vertex 9.07172 1.19431 6.85
      vertex 9.07172 1.19431 10.5
    endloop
  endfacet
  facet normal -0.986642 -0.162901 0
    outer loop
      vertex 9.07172 1.19431 1.19
      vertex 8.97418 1.78508 6.15
      vertex 8.97418 1.78508 1.19
    endloop
  endfacet
  facet normal -0.986642 -0.162901 0
    outer loop
      vertex 8.97418 1.78508 6.15
      vertex 9.07172 1.19431 1.19
      vertex 9.07172 1.19431 6.15
    endloop
  endfacet
  facet normal 0.935907 0.352247 0
    outer loop
      vertex -8.4535 -3.50155 10.5
      vertex -8.66441 -2.94117 6.85
      vertex -8.66441 -2.94117 10.5
    endloop
  endfacet
  facet normal 0.935907 0.352247 0
    outer loop
      vertex -8.66441 -2.94117 6.85
      vertex -8.4535 -3.50155 10.5
      vertex -8.4535 -3.50155 6.85
    endloop
  endfacet
  facet normal 0.935907 0.352247 0
    outer loop
      vertex -8.4535 -3.50155 6.15
      vertex -8.66441 -2.94117 1.19
      vertex -8.66441 -2.94117 6.15
    endloop
  endfacet
  facet normal 0.935907 0.352247 0
    outer loop
      vertex -8.66441 -2.94117 1.19
      vertex -8.4535 -3.50155 6.15
      vertex -8.4535 -3.50155 1.19
    endloop
  endfacet
  facet normal -0.412717 0.910859 0
    outer loop
      vertex 4.04694 -8.20638 6.85
      vertex 3.50155 -8.4535 10.5
      vertex 4.04694 -8.20638 10.5
    endloop
  endfacet
  facet normal -0.412717 0.910859 0
    outer loop
      vertex 3.50155 -8.4535 10.5
      vertex 4.04694 -8.20638 6.85
      vertex 3.50155 -8.4535 6.85
    endloop
  endfacet
  facet normal -0.412717 0.910859 0
    outer loop
      vertex 4.04694 -8.20638 1.19
      vertex 3.50155 -8.4535 6.15
      vertex 4.04694 -8.20638 6.15
    endloop
  endfacet
  facet normal -0.412717 0.910859 0
    outer loop
      vertex 3.50155 -8.4535 6.15
      vertex 4.04694 -8.20638 1.19
      vertex 3.50155 -8.4535 1.19
    endloop
  endfacet
  facet normal 0.729876 -0.68358 0
    outer loop
      vertex -6.87933 6.03301 10.5
      vertex -6.47003 6.47003 6.85
      vertex -6.47003 6.47003 10.5
    endloop
  endfacet
  facet normal 0.729876 -0.68358 0
    outer loop
      vertex -6.47003 6.47003 6.85
      vertex -6.87933 6.03301 10.5
      vertex -6.87933 6.03301 6.85
    endloop
  endfacet
  facet normal 0.729876 -0.68358 0
    outer loop
      vertex -6.87933 6.03301 6.15
      vertex -6.47003 6.47003 1.19
      vertex -6.47003 6.47003 6.15
    endloop
  endfacet
  facet normal 0.729876 -0.68358 0
    outer loop
      vertex -6.47003 6.47003 1.19
      vertex -6.87933 6.03301 6.15
      vertex -6.87933 6.03301 1.19
    endloop
  endfacet
  facet normal -0.412717 -0.910859 0
    outer loop
      vertex 3.50155 8.4535 6.85
      vertex 4.04694 8.20638 10.5
      vertex 3.50155 8.4535 10.5
    endloop
  endfacet
  facet normal -0.412717 -0.910859 -0
    outer loop
      vertex 4.04694 8.20638 10.5
      vertex 3.50155 8.4535 6.85
      vertex 4.04694 8.20638 6.85
    endloop
  endfacet
  facet normal -0.412717 -0.910859 0
    outer loop
      vertex 3.50155 8.4535 1.19
      vertex 4.04694 8.20638 6.15
      vertex 3.50155 8.4535 6.15
    endloop
  endfacet
  facet normal -0.412717 -0.910859 -0
    outer loop
      vertex 4.04694 8.20638 6.15
      vertex 3.50155 8.4535 1.19
      vertex 4.04694 8.20638 1.19
    endloop
  endfacet
  facet normal -0.910859 0.412717 0
    outer loop
      vertex 8.20638 -4.04694 6.85
      vertex 8.4535 -3.50155 10.5
      vertex 8.4535 -3.50155 6.85
    endloop
  endfacet
  facet normal -0.910859 0.412717 0
    outer loop
      vertex 8.4535 -3.50155 10.5
      vertex 8.20638 -4.04694 6.85
      vertex 8.20638 -4.04694 10.5
    endloop
  endfacet
  facet normal -0.910859 0.412717 0
    outer loop
      vertex 8.20638 -4.04694 1.19
      vertex 8.4535 -3.50155 6.15
      vertex 8.4535 -3.50155 1.19
    endloop
  endfacet
  facet normal -0.910859 0.412717 0
    outer loop
      vertex 8.4535 -3.50155 6.15
      vertex 8.20638 -4.04694 1.19
      vertex 8.20638 -4.04694 6.15
    endloop
  endfacet
  facet normal 0.6344 -0.773005 0
    outer loop
      vertex -6.03301 6.87933 6.85
      vertex -5.57017 7.25918 10.5
      vertex -6.03301 6.87933 10.5
    endloop
  endfacet
  facet normal 0.6344 -0.773005 0
    outer loop
      vertex -5.57017 7.25918 10.5
      vertex -6.03301 6.87933 6.85
      vertex -5.57017 7.25918 6.85
    endloop
  endfacet
  facet normal 0.6344 -0.773005 0
    outer loop
      vertex -6.03301 6.87933 1.19
      vertex -5.57017 7.25918 6.15
      vertex -6.03301 6.87933 6.15
    endloop
  endfacet
  facet normal 0.6344 -0.773005 0
    outer loop
      vertex -5.57017 7.25918 6.15
      vertex -6.03301 6.87933 1.19
      vertex -5.57017 7.25918 1.19
    endloop
  endfacet
  facet normal 0.0327177 0.999465 -0
    outer loop
      vertex 0 -9.15 6.85
      vertex -0.598438 -9.13041 10.5
      vertex 0 -9.15 10.5
    endloop
  endfacet
  facet normal 0.0327177 0.999465 0
    outer loop
      vertex -0.598438 -9.13041 10.5
      vertex 0 -9.15 6.85
      vertex -0.598438 -9.13041 6.85
    endloop
  endfacet
  facet normal 0.0327177 0.999465 -0
    outer loop
      vertex 0 -9.15 1.19
      vertex -0.598438 -9.13041 6.15
      vertex 0 -9.15 6.15
    endloop
  endfacet
  facet normal 0.0327177 0.999465 0
    outer loop
      vertex -0.598438 -9.13041 6.15
      vertex 0 -9.15 1.19
      vertex -0.598438 -9.13041 1.19
    endloop
  endfacet
  facet normal 0.999465 0.0327177 0
    outer loop
      vertex -9.13041 -0.598438 10.5
      vertex -9.15 0 6.85
      vertex -9.15 0 10.5
    endloop
  endfacet
  facet normal 0.999465 0.0327177 0
    outer loop
      vertex -9.15 0 6.85
      vertex -9.13041 -0.598438 10.5
      vertex -9.13041 -0.598438 6.85
    endloop
  endfacet
  facet normal 0.999465 0.0327177 0
    outer loop
      vertex -9.13041 -0.598438 6.15
      vertex -9.15 0 1.19
      vertex -9.15 0 6.15
    endloop
  endfacet
  facet normal 0.999465 0.0327177 0
    outer loop
      vertex -9.15 0 1.19
      vertex -9.13041 -0.598438 6.15
      vertex -9.13041 -0.598438 1.19
    endloop
  endfacet
  facet normal -0.986642 0.162901 0
    outer loop
      vertex 8.97418 -1.78508 6.85
      vertex 9.07172 -1.19431 10.5
      vertex 9.07172 -1.19431 6.85
    endloop
  endfacet
  facet normal -0.986642 0.162901 0
    outer loop
      vertex 9.07172 -1.19431 10.5
      vertex 8.97418 -1.78508 6.85
      vertex 8.97418 -1.78508 10.5
    endloop
  endfacet
  facet normal -0.986642 0.162901 0
    outer loop
      vertex 8.97418 -1.78508 1.19
      vertex 9.07172 -1.19431 6.15
      vertex 9.07172 -1.19431 1.19
    endloop
  endfacet
  facet normal -0.986642 0.162901 0
    outer loop
      vertex 9.07172 -1.19431 6.15
      vertex 8.97418 -1.78508 1.19
      vertex 8.97418 -1.78508 6.15
    endloop
  endfacet
  facet normal 0.227073 0.973878 -0
    outer loop
      vertex -1.78508 -8.97418 6.85
      vertex -2.36819 -8.83822 10.5
      vertex -1.78508 -8.97418 10.5
    endloop
  endfacet
  facet normal 0.227073 0.973878 0
    outer loop
      vertex -2.36819 -8.83822 10.5
      vertex -1.78508 -8.97418 6.85
      vertex -2.36819 -8.83822 6.85
    endloop
  endfacet
  facet normal 0.227073 0.973878 -0
    outer loop
      vertex -1.78508 -8.97418 1.19
      vertex -2.36819 -8.83822 6.15
      vertex -1.78508 -8.97418 6.15
    endloop
  endfacet
  facet normal 0.227073 0.973878 0
    outer loop
      vertex -2.36819 -8.83822 6.15
      vertex -1.78508 -8.97418 1.19
      vertex -2.36819 -8.83822 1.19
    endloop
  endfacet
  facet normal -0.6344 0.773005 0
    outer loop
      vertex 6.03301 -6.87933 6.85
      vertex 5.57017 -7.25918 10.5
      vertex 6.03301 -6.87933 10.5
    endloop
  endfacet
  facet normal -0.6344 0.773005 0
    outer loop
      vertex 5.57017 -7.25918 10.5
      vertex 6.03301 -6.87933 6.85
      vertex 5.57017 -7.25918 6.85
    endloop
  endfacet
  facet normal -0.6344 0.773005 0
    outer loop
      vertex 6.03301 -6.87933 1.19
      vertex 5.57017 -7.25918 6.15
      vertex 6.03301 -6.87933 6.15
    endloop
  endfacet
  facet normal -0.6344 0.773005 0
    outer loop
      vertex 5.57017 -7.25918 6.15
      vertex 6.03301 -6.87933 1.19
      vertex 5.57017 -7.25918 1.19
    endloop
  endfacet
  facet normal -0.162901 -0.986642 0
    outer loop
      vertex 1.19431 9.07172 6.85
      vertex 1.78508 8.97418 10.5
      vertex 1.19431 9.07172 10.5
    endloop
  endfacet
  facet normal -0.162901 -0.986642 -0
    outer loop
      vertex 1.78508 8.97418 10.5
      vertex 1.19431 9.07172 6.85
      vertex 1.78508 8.97418 6.85
    endloop
  endfacet
  facet normal -0.162901 -0.986642 0
    outer loop
      vertex 1.19431 9.07172 1.19
      vertex 1.78508 8.97418 6.15
      vertex 1.19431 9.07172 6.15
    endloop
  endfacet
  facet normal -0.162901 -0.986642 -0
    outer loop
      vertex 1.78508 8.97418 6.15
      vertex 1.19431 9.07172 1.19
      vertex 1.78508 8.97418 1.19
    endloop
  endfacet
  facet normal 0.352247 -0.935907 0
    outer loop
      vertex -3.50155 8.4535 6.85
      vertex -2.94117 8.66441 10.5
      vertex -3.50155 8.4535 10.5
    endloop
  endfacet
  facet normal 0.352247 -0.935907 0
    outer loop
      vertex -2.94117 8.66441 10.5
      vertex -3.50155 8.4535 6.85
      vertex -2.94117 8.66441 6.85
    endloop
  endfacet
  facet normal 0.352247 -0.935907 0
    outer loop
      vertex -3.50155 8.4535 1.19
      vertex -2.94117 8.66441 6.15
      vertex -3.50155 8.4535 6.15
    endloop
  endfacet
  facet normal 0.352247 -0.935907 0
    outer loop
      vertex -2.94117 8.66441 6.15
      vertex -3.50155 8.4535 1.19
      vertex -2.94117 8.66441 1.19
    endloop
  endfacet
  facet normal -0.973878 -0.227073 0
    outer loop
      vertex 8.97418 1.78508 6.85
      vertex 8.83822 2.36819 10.5
      vertex 8.83822 2.36819 6.85
    endloop
  endfacet
  facet normal -0.973878 -0.227073 0
    outer loop
      vertex 8.83822 2.36819 10.5
      vertex 8.97418 1.78508 6.85
      vertex 8.97418 1.78508 10.5
    endloop
  endfacet
  facet normal -0.973878 -0.227073 0
    outer loop
      vertex 8.97418 1.78508 1.19
      vertex 8.83822 2.36819 6.15
      vertex 8.83822 2.36819 1.19
    endloop
  endfacet
  facet normal -0.973878 -0.227073 0
    outer loop
      vertex 8.83822 2.36819 6.15
      vertex 8.97418 1.78508 1.19
      vertex 8.97418 1.78508 6.15
    endloop
  endfacet
  facet normal 0.881924 0.471392 0
    outer loop
      vertex -7.92413 -4.575 10.5
      vertex -8.20638 -4.04694 6.85
      vertex -8.20638 -4.04694 10.5
    endloop
  endfacet
  facet normal 0.881924 0.471392 0
    outer loop
      vertex -8.20638 -4.04694 6.85
      vertex -7.92413 -4.575 10.5
      vertex -7.92413 -4.575 6.85
    endloop
  endfacet
  facet normal 0.881924 0.471392 0
    outer loop
      vertex -7.92413 -4.575 6.15
      vertex -8.20638 -4.04694 1.19
      vertex -8.20638 -4.04694 6.15
    endloop
  endfacet
  facet normal 0.881924 0.471392 0
    outer loop
      vertex -8.20638 -4.04694 1.19
      vertex -7.92413 -4.575 6.15
      vertex -7.92413 -4.575 1.19
    endloop
  endfacet
  facet normal 0.773005 0.6344 0
    outer loop
      vertex -6.87933 -6.03301 10.5
      vertex -7.25918 -5.57017 6.85
      vertex -7.25918 -5.57017 10.5
    endloop
  endfacet
  facet normal 0.773005 0.6344 0
    outer loop
      vertex -7.25918 -5.57017 6.85
      vertex -6.87933 -6.03301 10.5
      vertex -6.87933 -6.03301 6.85
    endloop
  endfacet
  facet normal 0.773005 0.6344 0
    outer loop
      vertex -6.87933 -6.03301 6.15
      vertex -7.25918 -5.57017 1.19
      vertex -7.25918 -5.57017 6.15
    endloop
  endfacet
  facet normal 0.773005 0.6344 0
    outer loop
      vertex -7.25918 -5.57017 1.19
      vertex -6.87933 -6.03301 6.15
      vertex -6.87933 -6.03301 1.19
    endloop
  endfacet
  facet normal -0.995184 0.09802 0
    outer loop
      vertex 9.07172 -1.19431 6.85
      vertex 9.13041 -0.598438 10.5
      vertex 9.13041 -0.598438 6.85
    endloop
  endfacet
  facet normal -0.995184 0.09802 0
    outer loop
      vertex 9.13041 -0.598438 10.5
      vertex 9.07172 -1.19431 6.85
      vertex 9.07172 -1.19431 10.5
    endloop
  endfacet
  facet normal -0.995184 0.09802 0
    outer loop
      vertex 9.07172 -1.19431 1.19
      vertex 9.13041 -0.598438 6.15
      vertex 9.13041 -0.598438 1.19
    endloop
  endfacet
  facet normal -0.995184 0.09802 0
    outer loop
      vertex 9.13041 -0.598438 6.15
      vertex 9.07172 -1.19431 1.19
      vertex 9.07172 -1.19431 6.15
    endloop
  endfacet
  facet normal -0.0327177 0.999465 0
    outer loop
      vertex 0.598438 -9.13041 6.85
      vertex 0 -9.15 10.5
      vertex 0.598438 -9.13041 10.5
    endloop
  endfacet
  facet normal -0.0327177 0.999465 0
    outer loop
      vertex 0 -9.15 10.5
      vertex 0.598438 -9.13041 6.85
      vertex 0 -9.15 6.85
    endloop
  endfacet
  facet normal -0.0327177 0.999465 0
    outer loop
      vertex 0.598438 -9.13041 1.19
      vertex 0 -9.15 6.15
      vertex 0.598438 -9.13041 6.15
    endloop
  endfacet
  facet normal -0.0327177 0.999465 0
    outer loop
      vertex 0 -9.15 6.15
      vertex 0.598438 -9.13041 1.19
      vertex 0 -9.15 1.19
    endloop
  endfacet
  facet normal 0.773005 -0.6344 0
    outer loop
      vertex -7.25918 5.57017 10.5
      vertex -6.87933 6.03301 6.85
      vertex -6.87933 6.03301 10.5
    endloop
  endfacet
  facet normal 0.773005 -0.6344 0
    outer loop
      vertex -6.87933 6.03301 6.85
      vertex -7.25918 5.57017 10.5
      vertex -7.25918 5.57017 6.85
    endloop
  endfacet
  facet normal 0.773005 -0.6344 0
    outer loop
      vertex -7.25918 5.57017 6.15
      vertex -6.87933 6.03301 1.19
      vertex -6.87933 6.03301 6.15
    endloop
  endfacet
  facet normal 0.773005 -0.6344 0
    outer loop
      vertex -6.87933 6.03301 1.19
      vertex -7.25918 5.57017 6.15
      vertex -7.25918 5.57017 1.19
    endloop
  endfacet
  facet normal -0.68358 -0.729876 0
    outer loop
      vertex 6.03301 6.87933 6.85
      vertex 6.47003 6.47003 10.5
      vertex 6.03301 6.87933 10.5
    endloop
  endfacet
  facet normal -0.68358 -0.729876 -0
    outer loop
      vertex 6.47003 6.47003 10.5
      vertex 6.03301 6.87933 6.85
      vertex 6.47003 6.47003 6.85
    endloop
  endfacet
  facet normal -0.68358 -0.729876 0
    outer loop
      vertex 6.03301 6.87933 1.19
      vertex 6.47003 6.47003 6.15
      vertex 6.03301 6.87933 6.15
    endloop
  endfacet
  facet normal -0.68358 -0.729876 -0
    outer loop
      vertex 6.47003 6.47003 6.15
      vertex 6.03301 6.87933 1.19
      vertex 6.47003 6.47003 1.19
    endloop
  endfacet
  facet normal -0.582484 -0.812842 0
    outer loop
      vertex 5.08347 7.60795 6.85
      vertex 5.57017 7.25918 10.5
      vertex 5.08347 7.60795 10.5
    endloop
  endfacet
  facet normal -0.582484 -0.812842 -0
    outer loop
      vertex 5.57017 7.25918 10.5
      vertex 5.08347 7.60795 6.85
      vertex 5.57017 7.25918 6.85
    endloop
  endfacet
  facet normal -0.582484 -0.812842 0
    outer loop
      vertex 5.08347 7.60795 1.19
      vertex 5.57017 7.25918 6.15
      vertex 5.08347 7.60795 6.15
    endloop
  endfacet
  facet normal -0.582484 -0.812842 -0
    outer loop
      vertex 5.57017 7.25918 6.15
      vertex 5.08347 7.60795 1.19
      vertex 5.57017 7.25918 1.19
    endloop
  endfacet
  facet normal -0.729876 -0.68358 0
    outer loop
      vertex 6.87933 6.03301 6.85
      vertex 6.47003 6.47003 10.5
      vertex 6.47003 6.47003 6.85
    endloop
  endfacet
  facet normal -0.729876 -0.68358 0
    outer loop
      vertex 6.47003 6.47003 10.5
      vertex 6.87933 6.03301 6.85
      vertex 6.87933 6.03301 10.5
    endloop
  endfacet
  facet normal -0.729876 -0.68358 0
    outer loop
      vertex 6.87933 6.03301 1.19
      vertex 6.47003 6.47003 6.15
      vertex 6.47003 6.47003 1.19
    endloop
  endfacet
  facet normal -0.729876 -0.68358 0
    outer loop
      vertex 6.47003 6.47003 6.15
      vertex 6.87933 6.03301 1.19
      vertex 6.87933 6.03301 6.15
    endloop
  endfacet
  facet normal 0.956941 0.290282 0
    outer loop
      vertex -8.66441 -2.94117 10.5
      vertex -8.83822 -2.36819 6.85
      vertex -8.83822 -2.36819 10.5
    endloop
  endfacet
  facet normal 0.956941 0.290282 0
    outer loop
      vertex -8.83822 -2.36819 6.85
      vertex -8.66441 -2.94117 10.5
      vertex -8.66441 -2.94117 6.85
    endloop
  endfacet
  facet normal 0.956941 0.290282 0
    outer loop
      vertex -8.66441 -2.94117 6.15
      vertex -8.83822 -2.36819 1.19
      vertex -8.83822 -2.36819 6.15
    endloop
  endfacet
  facet normal 0.956941 0.290282 0
    outer loop
      vertex -8.83822 -2.36819 1.19
      vertex -8.66441 -2.94117 6.15
      vertex -8.66441 -2.94117 1.19
    endloop
  endfacet
  facet normal 0.582484 -0.812842 0
    outer loop
      vertex -5.57017 7.25918 6.85
      vertex -5.08347 7.60795 10.5
      vertex -5.57017 7.25918 10.5
    endloop
  endfacet
  facet normal 0.582484 -0.812842 0
    outer loop
      vertex -5.08347 7.60795 10.5
      vertex -5.57017 7.25918 6.85
      vertex -5.08347 7.60795 6.85
    endloop
  endfacet
  facet normal 0.582484 -0.812842 0
    outer loop
      vertex -5.57017 7.25918 1.19
      vertex -5.08347 7.60795 6.15
      vertex -5.57017 7.25918 6.15
    endloop
  endfacet
  facet normal 0.582484 -0.812842 0
    outer loop
      vertex -5.08347 7.60795 6.15
      vertex -5.57017 7.25918 1.19
      vertex -5.08347 7.60795 1.19
    endloop
  endfacet
  facet normal -0.812842 0.582484 0
    outer loop
      vertex 7.25918 -5.57017 6.85
      vertex 7.60795 -5.08347 10.5
      vertex 7.60795 -5.08347 6.85
    endloop
  endfacet
  facet normal -0.812842 0.582484 0
    outer loop
      vertex 7.60795 -5.08347 10.5
      vertex 7.25918 -5.57017 6.85
      vertex 7.25918 -5.57017 10.5
    endloop
  endfacet
  facet normal -0.812842 0.582484 0
    outer loop
      vertex 7.25918 -5.57017 1.19
      vertex 7.60795 -5.08347 6.15
      vertex 7.60795 -5.08347 1.19
    endloop
  endfacet
  facet normal -0.812842 0.582484 0
    outer loop
      vertex 7.60795 -5.08347 6.15
      vertex 7.25918 -5.57017 1.19
      vertex 7.25918 -5.57017 6.15
    endloop
  endfacet
  facet normal 0.812842 -0.582484 0
    outer loop
      vertex -7.60795 5.08347 10.5
      vertex -7.25918 5.57017 6.85
      vertex -7.25918 5.57017 10.5
    endloop
  endfacet
  facet normal 0.812842 -0.582484 0
    outer loop
      vertex -7.25918 5.57017 6.85
      vertex -7.60795 5.08347 10.5
      vertex -7.60795 5.08347 6.85
    endloop
  endfacet
  facet normal 0.812842 -0.582484 0
    outer loop
      vertex -7.60795 5.08347 6.15
      vertex -7.25918 5.57017 1.19
      vertex -7.25918 5.57017 6.15
    endloop
  endfacet
  facet normal 0.812842 -0.582484 0
    outer loop
      vertex -7.25918 5.57017 1.19
      vertex -7.60795 5.08347 6.15
      vertex -7.60795 5.08347 1.19
    endloop
  endfacet
  facet normal 0.290282 -0.956941 0
    outer loop
      vertex -2.94117 8.66441 6.85
      vertex -2.36819 8.83822 10.5
      vertex -2.94117 8.66441 10.5
    endloop
  endfacet
  facet normal 0.290282 -0.956941 0
    outer loop
      vertex -2.36819 8.83822 10.5
      vertex -2.94117 8.66441 6.85
      vertex -2.36819 8.83822 6.85
    endloop
  endfacet
  facet normal 0.290282 -0.956941 0
    outer loop
      vertex -2.94117 8.66441 1.19
      vertex -2.36819 8.83822 6.15
      vertex -2.94117 8.66441 6.15
    endloop
  endfacet
  facet normal 0.290282 -0.956941 0
    outer loop
      vertex -2.36819 8.83822 6.15
      vertex -2.94117 8.66441 1.19
      vertex -2.36819 8.83822 1.19
    endloop
  endfacet
  facet normal 0.999465 -0.0327177 0
    outer loop
      vertex -9.15 0 10.5
      vertex -9.13041 0.598438 6.85
      vertex -9.13041 0.598438 10.5
    endloop
  endfacet
  facet normal 0.999465 -0.0327177 0
    outer loop
      vertex -9.13041 0.598438 6.85
      vertex -9.15 0 10.5
      vertex -9.15 0 6.85
    endloop
  endfacet
  facet normal 0.999465 -0.0327177 0
    outer loop
      vertex -9.15 0 6.15
      vertex -9.13041 0.598438 1.19
      vertex -9.13041 0.598438 6.15
    endloop
  endfacet
  facet normal 0.999465 -0.0327177 0
    outer loop
      vertex -9.13041 0.598438 1.19
      vertex -9.15 0 6.15
      vertex -9.15 0 1.19
    endloop
  endfacet
  facet normal -0.528059 -0.849207 0
    outer loop
      vertex 4.575 7.92413 6.85
      vertex 5.08347 7.60795 10.5
      vertex 4.575 7.92413 10.5
    endloop
  endfacet
  facet normal -0.528059 -0.849207 -0
    outer loop
      vertex 5.08347 7.60795 10.5
      vertex 4.575 7.92413 6.85
      vertex 5.08347 7.60795 6.85
    endloop
  endfacet
  facet normal -0.528059 -0.849207 0
    outer loop
      vertex 4.575 7.92413 1.19
      vertex 5.08347 7.60795 6.15
      vertex 4.575 7.92413 6.15
    endloop
  endfacet
  facet normal -0.528059 -0.849207 -0
    outer loop
      vertex 5.08347 7.60795 6.15
      vertex 4.575 7.92413 1.19
      vertex 5.08347 7.60795 1.19
    endloop
  endfacet
  facet normal -0.881924 -0.471392 0
    outer loop
      vertex 8.20638 4.04694 6.85
      vertex 7.92413 4.575 10.5
      vertex 7.92413 4.575 6.85
    endloop
  endfacet
  facet normal -0.881924 -0.471392 0
    outer loop
      vertex 7.92413 4.575 10.5
      vertex 8.20638 4.04694 6.85
      vertex 8.20638 4.04694 10.5
    endloop
  endfacet
  facet normal -0.881924 -0.471392 0
    outer loop
      vertex 8.20638 4.04694 1.19
      vertex 7.92413 4.575 6.15
      vertex 7.92413 4.575 1.19
    endloop
  endfacet
  facet normal -0.881924 -0.471392 0
    outer loop
      vertex 7.92413 4.575 6.15
      vertex 8.20638 4.04694 1.19
      vertex 8.20638 4.04694 6.15
    endloop
  endfacet
  facet normal -0.162901 0.986642 0
    outer loop
      vertex 1.78508 -8.97418 6.85
      vertex 1.19431 -9.07172 10.5
      vertex 1.78508 -8.97418 10.5
    endloop
  endfacet
  facet normal -0.162901 0.986642 0
    outer loop
      vertex 1.19431 -9.07172 10.5
      vertex 1.78508 -8.97418 6.85
      vertex 1.19431 -9.07172 6.85
    endloop
  endfacet
  facet normal -0.162901 0.986642 0
    outer loop
      vertex 1.78508 -8.97418 1.19
      vertex 1.19431 -9.07172 6.15
      vertex 1.78508 -8.97418 6.15
    endloop
  endfacet
  facet normal -0.162901 0.986642 0
    outer loop
      vertex 1.19431 -9.07172 6.15
      vertex 1.78508 -8.97418 1.19
      vertex 1.19431 -9.07172 1.19
    endloop
  endfacet
  facet normal -0.935907 -0.352247 0
    outer loop
      vertex 8.66441 2.94117 6.85
      vertex 8.4535 3.50155 10.5
      vertex 8.4535 3.50155 6.85
    endloop
  endfacet
  facet normal -0.935907 -0.352247 0
    outer loop
      vertex 8.4535 3.50155 10.5
      vertex 8.66441 2.94117 6.85
      vertex 8.66441 2.94117 10.5
    endloop
  endfacet
  facet normal -0.935907 -0.352247 0
    outer loop
      vertex 8.66441 2.94117 1.19
      vertex 8.4535 3.50155 6.15
      vertex 8.4535 3.50155 1.19
    endloop
  endfacet
  facet normal -0.935907 -0.352247 0
    outer loop
      vertex 8.4535 3.50155 6.15
      vertex 8.66441 2.94117 1.19
      vertex 8.66441 2.94117 6.15
    endloop
  endfacet
  facet normal -0.956941 -0.290282 0
    outer loop
      vertex 8.83822 2.36819 6.85
      vertex 8.66441 2.94117 10.5
      vertex 8.66441 2.94117 6.85
    endloop
  endfacet
  facet normal -0.956941 -0.290282 0
    outer loop
      vertex 8.66441 2.94117 10.5
      vertex 8.83822 2.36819 6.85
      vertex 8.83822 2.36819 10.5
    endloop
  endfacet
  facet normal -0.956941 -0.290282 0
    outer loop
      vertex 8.83822 2.36819 1.19
      vertex 8.66441 2.94117 6.15
      vertex 8.66441 2.94117 1.19
    endloop
  endfacet
  facet normal -0.956941 -0.290282 0
    outer loop
      vertex 8.66441 2.94117 6.15
      vertex 8.83822 2.36819 1.19
      vertex 8.83822 2.36819 6.15
    endloop
  endfacet
  facet normal 0.162901 -0.986642 0
    outer loop
      vertex -1.78508 8.97418 6.85
      vertex -1.19431 9.07172 10.5
      vertex -1.78508 8.97418 10.5
    endloop
  endfacet
  facet normal 0.162901 -0.986642 0
    outer loop
      vertex -1.19431 9.07172 10.5
      vertex -1.78508 8.97418 6.85
      vertex -1.19431 9.07172 6.85
    endloop
  endfacet
  facet normal 0.162901 -0.986642 0
    outer loop
      vertex -1.78508 8.97418 1.19
      vertex -1.19431 9.07172 6.15
      vertex -1.78508 8.97418 6.15
    endloop
  endfacet
  facet normal 0.162901 -0.986642 0
    outer loop
      vertex -1.19431 9.07172 6.15
      vertex -1.78508 8.97418 1.19
      vertex -1.19431 9.07172 1.19
    endloop
  endfacet
  facet normal -0.528059 0.849207 0
    outer loop
      vertex 5.08347 -7.60795 6.85
      vertex 4.575 -7.92413 10.5
      vertex 5.08347 -7.60795 10.5
    endloop
  endfacet
  facet normal -0.528059 0.849207 0
    outer loop
      vertex 4.575 -7.92413 10.5
      vertex 5.08347 -7.60795 6.85
      vertex 4.575 -7.92413 6.85
    endloop
  endfacet
  facet normal -0.528059 0.849207 0
    outer loop
      vertex 5.08347 -7.60795 1.19
      vertex 4.575 -7.92413 6.15
      vertex 5.08347 -7.60795 6.15
    endloop
  endfacet
  facet normal -0.528059 0.849207 0
    outer loop
      vertex 4.575 -7.92413 6.15
      vertex 5.08347 -7.60795 1.19
      vertex 4.575 -7.92413 1.19
    endloop
  endfacet
  facet normal 0.227073 -0.973878 0
    outer loop
      vertex -2.36819 8.83822 6.85
      vertex -1.78508 8.97418 10.5
      vertex -2.36819 8.83822 10.5
    endloop
  endfacet
  facet normal 0.227073 -0.973878 0
    outer loop
      vertex -1.78508 8.97418 10.5
      vertex -2.36819 8.83822 6.85
      vertex -1.78508 8.97418 6.85
    endloop
  endfacet
  facet normal 0.227073 -0.973878 0
    outer loop
      vertex -2.36819 8.83822 1.19
      vertex -1.78508 8.97418 6.15
      vertex -2.36819 8.83822 6.15
    endloop
  endfacet
  facet normal 0.227073 -0.973878 0
    outer loop
      vertex -1.78508 8.97418 6.15
      vertex -2.36819 8.83822 1.19
      vertex -1.78508 8.97418 1.19
    endloop
  endfacet
  facet normal -0.812842 -0.582484 0
    outer loop
      vertex 7.60795 5.08347 6.85
      vertex 7.25918 5.57017 10.5
      vertex 7.25918 5.57017 6.85
    endloop
  endfacet
  facet normal -0.812842 -0.582484 0
    outer loop
      vertex 7.25918 5.57017 10.5
      vertex 7.60795 5.08347 6.85
      vertex 7.60795 5.08347 10.5
    endloop
  endfacet
  facet normal -0.812842 -0.582484 0
    outer loop
      vertex 7.60795 5.08347 1.19
      vertex 7.25918 5.57017 6.15
      vertex 7.25918 5.57017 1.19
    endloop
  endfacet
  facet normal -0.812842 -0.582484 0
    outer loop
      vertex 7.25918 5.57017 6.15
      vertex 7.60795 5.08347 1.19
      vertex 7.60795 5.08347 6.15
    endloop
  endfacet
  facet normal -0.6344 -0.773005 0
    outer loop
      vertex 5.57017 7.25918 6.85
      vertex 6.03301 6.87933 10.5
      vertex 5.57017 7.25918 10.5
    endloop
  endfacet
  facet normal -0.6344 -0.773005 -0
    outer loop
      vertex 6.03301 6.87933 10.5
      vertex 5.57017 7.25918 6.85
      vertex 6.03301 6.87933 6.85
    endloop
  endfacet
  facet normal -0.6344 -0.773005 0
    outer loop
      vertex 5.57017 7.25918 1.19
      vertex 6.03301 6.87933 6.15
      vertex 5.57017 7.25918 6.15
    endloop
  endfacet
  facet normal -0.6344 -0.773005 -0
    outer loop
      vertex 6.03301 6.87933 6.15
      vertex 5.57017 7.25918 1.19
      vertex 6.03301 6.87933 1.19
    endloop
  endfacet
  facet normal 0.6344 0.773005 -0
    outer loop
      vertex -5.57017 -7.25918 6.85
      vertex -6.03301 -6.87933 10.5
      vertex -5.57017 -7.25918 10.5
    endloop
  endfacet
  facet normal 0.6344 0.773005 0
    outer loop
      vertex -6.03301 -6.87933 10.5
      vertex -5.57017 -7.25918 6.85
      vertex -6.03301 -6.87933 6.85
    endloop
  endfacet
  facet normal 0.6344 0.773005 -0
    outer loop
      vertex -5.57017 -7.25918 1.19
      vertex -6.03301 -6.87933 6.15
      vertex -5.57017 -7.25918 6.15
    endloop
  endfacet
  facet normal 0.6344 0.773005 0
    outer loop
      vertex -6.03301 -6.87933 6.15
      vertex -5.57017 -7.25918 1.19
      vertex -6.03301 -6.87933 1.19
    endloop
  endfacet
  facet normal -0.68358 0.729876 0
    outer loop
      vertex 6.47003 -6.47003 6.85
      vertex 6.03301 -6.87933 10.5
      vertex 6.47003 -6.47003 10.5
    endloop
  endfacet
  facet normal -0.68358 0.729876 0
    outer loop
      vertex 6.03301 -6.87933 10.5
      vertex 6.47003 -6.47003 6.85
      vertex 6.03301 -6.87933 6.85
    endloop
  endfacet
  facet normal -0.68358 0.729876 0
    outer loop
      vertex 6.47003 -6.47003 1.19
      vertex 6.03301 -6.87933 6.15
      vertex 6.47003 -6.47003 6.15
    endloop
  endfacet
  facet normal -0.68358 0.729876 0
    outer loop
      vertex 6.03301 -6.87933 6.15
      vertex 6.47003 -6.47003 1.19
      vertex 6.03301 -6.87933 1.19
    endloop
  endfacet
  facet normal -0.881924 0.471392 0
    outer loop
      vertex 7.92413 -4.575 6.85
      vertex 8.20638 -4.04694 10.5
      vertex 8.20638 -4.04694 6.85
    endloop
  endfacet
  facet normal -0.881924 0.471392 0
    outer loop
      vertex 8.20638 -4.04694 10.5
      vertex 7.92413 -4.575 6.85
      vertex 7.92413 -4.575 10.5
    endloop
  endfacet
  facet normal -0.881924 0.471392 0
    outer loop
      vertex 7.92413 -4.575 1.19
      vertex 8.20638 -4.04694 6.15
      vertex 8.20638 -4.04694 1.19
    endloop
  endfacet
  facet normal -0.881924 0.471392 0
    outer loop
      vertex 8.20638 -4.04694 6.15
      vertex 7.92413 -4.575 1.19
      vertex 7.92413 -4.575 6.15
    endloop
  endfacet
  facet normal -0.910859 -0.412717 0
    outer loop
      vertex 8.4535 3.50155 6.85
      vertex 8.20638 4.04694 10.5
      vertex 8.20638 4.04694 6.85
    endloop
  endfacet
  facet normal -0.910859 -0.412717 0
    outer loop
      vertex 8.20638 4.04694 10.5
      vertex 8.4535 3.50155 6.85
      vertex 8.4535 3.50155 10.5
    endloop
  endfacet
  facet normal -0.910859 -0.412717 0
    outer loop
      vertex 8.4535 3.50155 1.19
      vertex 8.20638 4.04694 6.15
      vertex 8.20638 4.04694 1.19
    endloop
  endfacet
  facet normal -0.910859 -0.412717 0
    outer loop
      vertex 8.20638 4.04694 6.15
      vertex 8.4535 3.50155 1.19
      vertex 8.4535 3.50155 6.15
    endloop
  endfacet
  facet normal -0.849207 -0.528059 0
    outer loop
      vertex 7.92413 4.575 6.85
      vertex 7.60795 5.08347 10.5
      vertex 7.60795 5.08347 6.85
    endloop
  endfacet
  facet normal -0.849207 -0.528059 0
    outer loop
      vertex 7.60795 5.08347 10.5
      vertex 7.92413 4.575 6.85
      vertex 7.92413 4.575 10.5
    endloop
  endfacet
  facet normal -0.849207 -0.528059 0
    outer loop
      vertex 7.92413 4.575 1.19
      vertex 7.60795 5.08347 6.15
      vertex 7.60795 5.08347 1.19
    endloop
  endfacet
  facet normal -0.849207 -0.528059 0
    outer loop
      vertex 7.60795 5.08347 6.15
      vertex 7.92413 4.575 1.19
      vertex 7.92413 4.575 6.15
    endloop
  endfacet
  facet normal 0.881924 -0.471392 0
    outer loop
      vertex -8.20638 4.04694 10.5
      vertex -7.92413 4.575 6.85
      vertex -7.92413 4.575 10.5
    endloop
  endfacet
  facet normal 0.881924 -0.471392 0
    outer loop
      vertex -7.92413 4.575 6.85
      vertex -8.20638 4.04694 10.5
      vertex -8.20638 4.04694 6.85
    endloop
  endfacet
  facet normal 0.881924 -0.471392 0
    outer loop
      vertex -8.20638 4.04694 6.15
      vertex -7.92413 4.575 1.19
      vertex -7.92413 4.575 6.15
    endloop
  endfacet
  facet normal 0.881924 -0.471392 0
    outer loop
      vertex -7.92413 4.575 1.19
      vertex -8.20638 4.04694 6.15
      vertex -8.20638 4.04694 1.19
    endloop
  endfacet
  facet normal 0.910859 -0.412717 0
    outer loop
      vertex -8.4535 3.50155 10.5
      vertex -8.20638 4.04694 6.85
      vertex -8.20638 4.04694 10.5
    endloop
  endfacet
  facet normal 0.910859 -0.412717 0
    outer loop
      vertex -8.20638 4.04694 6.85
      vertex -8.4535 3.50155 10.5
      vertex -8.4535 3.50155 6.85
    endloop
  endfacet
  facet normal 0.910859 -0.412717 0
    outer loop
      vertex -8.4535 3.50155 6.15
      vertex -8.20638 4.04694 1.19
      vertex -8.20638 4.04694 6.15
    endloop
  endfacet
  facet normal 0.910859 -0.412717 0
    outer loop
      vertex -8.20638 4.04694 1.19
      vertex -8.4535 3.50155 6.15
      vertex -8.4535 3.50155 1.19
    endloop
  endfacet
  facet normal 0.986642 0.162901 0
    outer loop
      vertex -8.97418 -1.78508 10.5
      vertex -9.07172 -1.19431 6.85
      vertex -9.07172 -1.19431 10.5
    endloop
  endfacet
  facet normal 0.986642 0.162901 0
    outer loop
      vertex -9.07172 -1.19431 6.85
      vertex -8.97418 -1.78508 10.5
      vertex -8.97418 -1.78508 6.85
    endloop
  endfacet
  facet normal 0.986642 0.162901 0
    outer loop
      vertex -8.97418 -1.78508 6.15
      vertex -9.07172 -1.19431 1.19
      vertex -9.07172 -1.19431 6.15
    endloop
  endfacet
  facet normal 0.986642 0.162901 0
    outer loop
      vertex -9.07172 -1.19431 1.19
      vertex -8.97418 -1.78508 6.15
      vertex -8.97418 -1.78508 1.19
    endloop
  endfacet
  facet normal -0.227073 0.973878 0
    outer loop
      vertex 2.36819 -8.83822 6.85
      vertex 1.78508 -8.97418 10.5
      vertex 2.36819 -8.83822 10.5
    endloop
  endfacet
  facet normal -0.227073 0.973878 0
    outer loop
      vertex 1.78508 -8.97418 10.5
      vertex 2.36819 -8.83822 6.85
      vertex 1.78508 -8.97418 6.85
    endloop
  endfacet
  facet normal -0.227073 0.973878 0
    outer loop
      vertex 2.36819 -8.83822 1.19
      vertex 1.78508 -8.97418 6.15
      vertex 2.36819 -8.83822 6.15
    endloop
  endfacet
  facet normal -0.227073 0.973878 0
    outer loop
      vertex 1.78508 -8.97418 6.15
      vertex 2.36819 -8.83822 1.19
      vertex 1.78508 -8.97418 1.19
    endloop
  endfacet
  facet normal 0.935907 -0.352247 0
    outer loop
      vertex -8.66441 2.94117 10.5
      vertex -8.4535 3.50155 6.85
      vertex -8.4535 3.50155 10.5
    endloop
  endfacet
  facet normal 0.935907 -0.352247 0
    outer loop
      vertex -8.4535 3.50155 6.85
      vertex -8.66441 2.94117 10.5
      vertex -8.66441 2.94117 6.85
    endloop
  endfacet
  facet normal 0.935907 -0.352247 0
    outer loop
      vertex -8.66441 2.94117 6.15
      vertex -8.4535 3.50155 1.19
      vertex -8.4535 3.50155 6.15
    endloop
  endfacet
  facet normal 0.935907 -0.352247 0
    outer loop
      vertex -8.4535 3.50155 1.19
      vertex -8.66441 2.94117 6.15
      vertex -8.66441 2.94117 1.19
    endloop
  endfacet
  facet normal 0.528059 -0.849207 0
    outer loop
      vertex -5.08347 7.60795 6.85
      vertex -4.575 7.92413 10.5
      vertex -5.08347 7.60795 10.5
    endloop
  endfacet
  facet normal 0.528059 -0.849207 0
    outer loop
      vertex -4.575 7.92413 10.5
      vertex -5.08347 7.60795 6.85
      vertex -4.575 7.92413 6.85
    endloop
  endfacet
  facet normal 0.528059 -0.849207 0
    outer loop
      vertex -5.08347 7.60795 1.19
      vertex -4.575 7.92413 6.15
      vertex -5.08347 7.60795 6.15
    endloop
  endfacet
  facet normal 0.528059 -0.849207 0
    outer loop
      vertex -4.575 7.92413 6.15
      vertex -5.08347 7.60795 1.19
      vertex -4.575 7.92413 1.19
    endloop
  endfacet
  facet normal 0.412717 -0.910859 0
    outer loop
      vertex -4.04694 8.20638 6.85
      vertex -3.50155 8.4535 10.5
      vertex -4.04694 8.20638 10.5
    endloop
  endfacet
  facet normal 0.412717 -0.910859 0
    outer loop
      vertex -3.50155 8.4535 10.5
      vertex -4.04694 8.20638 6.85
      vertex -3.50155 8.4535 6.85
    endloop
  endfacet
  facet normal 0.412717 -0.910859 0
    outer loop
      vertex -4.04694 8.20638 1.19
      vertex -3.50155 8.4535 6.15
      vertex -4.04694 8.20638 6.15
    endloop
  endfacet
  facet normal 0.412717 -0.910859 0
    outer loop
      vertex -3.50155 8.4535 6.15
      vertex -4.04694 8.20638 1.19
      vertex -3.50155 8.4535 1.19
    endloop
  endfacet
  facet normal 0.290282 0.956941 -0
    outer loop
      vertex -2.36819 -8.83822 6.85
      vertex -2.94117 -8.66441 10.5
      vertex -2.36819 -8.83822 10.5
    endloop
  endfacet
  facet normal 0.290282 0.956941 0
    outer loop
      vertex -2.94117 -8.66441 10.5
      vertex -2.36819 -8.83822 6.85
      vertex -2.94117 -8.66441 6.85
    endloop
  endfacet
  facet normal 0.290282 0.956941 -0
    outer loop
      vertex -2.36819 -8.83822 1.19
      vertex -2.94117 -8.66441 6.15
      vertex -2.36819 -8.83822 6.15
    endloop
  endfacet
  facet normal 0.290282 0.956941 0
    outer loop
      vertex -2.94117 -8.66441 6.15
      vertex -2.36819 -8.83822 1.19
      vertex -2.94117 -8.66441 1.19
    endloop
  endfacet
  facet normal -0.773005 -0.6344 0
    outer loop
      vertex 7.25918 5.57017 6.85
      vertex 6.87933 6.03301 10.5
      vertex 6.87933 6.03301 6.85
    endloop
  endfacet
  facet normal -0.773005 -0.6344 0
    outer loop
      vertex 6.87933 6.03301 10.5
      vertex 7.25918 5.57017 6.85
      vertex 7.25918 5.57017 10.5
    endloop
  endfacet
  facet normal -0.773005 -0.6344 0
    outer loop
      vertex 7.25918 5.57017 1.19
      vertex 6.87933 6.03301 6.15
      vertex 6.87933 6.03301 1.19
    endloop
  endfacet
  facet normal -0.773005 -0.6344 0
    outer loop
      vertex 6.87933 6.03301 6.15
      vertex 7.25918 5.57017 1.19
      vertex 7.25918 5.57017 6.15
    endloop
  endfacet
  facet normal -0.352247 0.935907 0
    outer loop
      vertex 3.50155 -8.4535 6.85
      vertex 2.94117 -8.66441 10.5
      vertex 3.50155 -8.4535 10.5
    endloop
  endfacet
  facet normal -0.352247 0.935907 0
    outer loop
      vertex 2.94117 -8.66441 10.5
      vertex 3.50155 -8.4535 6.85
      vertex 2.94117 -8.66441 6.85
    endloop
  endfacet
  facet normal -0.352247 0.935907 0
    outer loop
      vertex 3.50155 -8.4535 1.19
      vertex 2.94117 -8.66441 6.15
      vertex 3.50155 -8.4535 6.15
    endloop
  endfacet
  facet normal -0.352247 0.935907 0
    outer loop
      vertex 2.94117 -8.66441 6.15
      vertex 3.50155 -8.4535 1.19
      vertex 2.94117 -8.66441 1.19
    endloop
  endfacet
  facet normal 0.582484 0.812842 -0
    outer loop
      vertex -5.08347 -7.60795 6.85
      vertex -5.57017 -7.25918 10.5
      vertex -5.08347 -7.60795 10.5
    endloop
  endfacet
  facet normal 0.582484 0.812842 0
    outer loop
      vertex -5.57017 -7.25918 10.5
      vertex -5.08347 -7.60795 6.85
      vertex -5.57017 -7.25918 6.85
    endloop
  endfacet
  facet normal 0.582484 0.812842 -0
    outer loop
      vertex -5.08347 -7.60795 1.19
      vertex -5.57017 -7.25918 6.15
      vertex -5.08347 -7.60795 6.15
    endloop
  endfacet
  facet normal 0.582484 0.812842 0
    outer loop
      vertex -5.57017 -7.25918 6.15
      vertex -5.08347 -7.60795 1.19
      vertex -5.57017 -7.25918 1.19
    endloop
  endfacet
  facet normal -0.290282 0.956941 0
    outer loop
      vertex 2.94117 -8.66441 6.85
      vertex 2.36819 -8.83822 10.5
      vertex 2.94117 -8.66441 10.5
    endloop
  endfacet
  facet normal -0.290282 0.956941 0
    outer loop
      vertex 2.36819 -8.83822 10.5
      vertex 2.94117 -8.66441 6.85
      vertex 2.36819 -8.83822 6.85
    endloop
  endfacet
  facet normal -0.290282 0.956941 0
    outer loop
      vertex 2.94117 -8.66441 1.19
      vertex 2.36819 -8.83822 6.15
      vertex 2.94117 -8.66441 6.15
    endloop
  endfacet
  facet normal -0.290282 0.956941 0
    outer loop
      vertex 2.36819 -8.83822 6.15
      vertex 2.94117 -8.66441 1.19
      vertex 2.36819 -8.83822 1.19
    endloop
  endfacet
  facet normal -0.773005 0.6344 0
    outer loop
      vertex 6.87933 -6.03301 6.85
      vertex 7.25918 -5.57017 10.5
      vertex 7.25918 -5.57017 6.85
    endloop
  endfacet
  facet normal -0.773005 0.6344 0
    outer loop
      vertex 7.25918 -5.57017 10.5
      vertex 6.87933 -6.03301 6.85
      vertex 6.87933 -6.03301 10.5
    endloop
  endfacet
  facet normal -0.773005 0.6344 0
    outer loop
      vertex 6.87933 -6.03301 1.19
      vertex 7.25918 -5.57017 6.15
      vertex 7.25918 -5.57017 1.19
    endloop
  endfacet
  facet normal -0.773005 0.6344 0
    outer loop
      vertex 7.25918 -5.57017 6.15
      vertex 6.87933 -6.03301 1.19
      vertex 6.87933 -6.03301 6.15
    endloop
  endfacet
  facet normal -0.729876 0.68358 0
    outer loop
      vertex 6.47003 -6.47003 6.85
      vertex 6.87933 -6.03301 10.5
      vertex 6.87933 -6.03301 6.85
    endloop
  endfacet
  facet normal -0.729876 0.68358 0
    outer loop
      vertex 6.87933 -6.03301 10.5
      vertex 6.47003 -6.47003 6.85
      vertex 6.47003 -6.47003 10.5
    endloop
  endfacet
  facet normal -0.729876 0.68358 0
    outer loop
      vertex 6.47003 -6.47003 1.19
      vertex 6.87933 -6.03301 6.15
      vertex 6.87933 -6.03301 1.19
    endloop
  endfacet
  facet normal -0.729876 0.68358 0
    outer loop
      vertex 6.87933 -6.03301 6.15
      vertex 6.47003 -6.47003 1.19
      vertex 6.47003 -6.47003 6.15
    endloop
  endfacet
  facet normal -0.471392 0.881924 0
    outer loop
      vertex 4.575 -7.92413 6.85
      vertex 4.04694 -8.20638 10.5
      vertex 4.575 -7.92413 10.5
    endloop
  endfacet
  facet normal -0.471392 0.881924 0
    outer loop
      vertex 4.04694 -8.20638 10.5
      vertex 4.575 -7.92413 6.85
      vertex 4.04694 -8.20638 6.85
    endloop
  endfacet
  facet normal -0.471392 0.881924 0
    outer loop
      vertex 4.575 -7.92413 1.19
      vertex 4.04694 -8.20638 6.15
      vertex 4.575 -7.92413 6.15
    endloop
  endfacet
  facet normal -0.471392 0.881924 0
    outer loop
      vertex 4.04694 -8.20638 6.15
      vertex 4.575 -7.92413 1.19
      vertex 4.04694 -8.20638 1.19
    endloop
  endfacet
  facet normal 0.812842 0.582484 0
    outer loop
      vertex -7.25918 -5.57017 10.5
      vertex -7.60795 -5.08347 6.85
      vertex -7.60795 -5.08347 10.5
    endloop
  endfacet
  facet normal 0.812842 0.582484 0
    outer loop
      vertex -7.60795 -5.08347 6.85
      vertex -7.25918 -5.57017 10.5
      vertex -7.25918 -5.57017 6.85
    endloop
  endfacet
  facet normal 0.812842 0.582484 0
    outer loop
      vertex -7.25918 -5.57017 6.15
      vertex -7.60795 -5.08347 1.19
      vertex -7.60795 -5.08347 6.15
    endloop
  endfacet
  facet normal 0.812842 0.582484 0
    outer loop
      vertex -7.60795 -5.08347 1.19
      vertex -7.25918 -5.57017 6.15
      vertex -7.25918 -5.57017 1.19
    endloop
  endfacet
  facet normal -0.999465 0.0327177 0
    outer loop
      vertex 9.13041 -0.598438 6.85
      vertex 9.15 0 10.5
      vertex 9.15 0 6.85
    endloop
  endfacet
  facet normal -0.999465 0.0327177 0
    outer loop
      vertex 9.15 0 10.5
      vertex 9.13041 -0.598438 6.85
      vertex 9.13041 -0.598438 10.5
    endloop
  endfacet
  facet normal -0.999465 0.0327177 0
    outer loop
      vertex 9.13041 -0.598438 1.19
      vertex 9.15 0 6.15
      vertex 9.15 0 1.19
    endloop
  endfacet
  facet normal -0.999465 0.0327177 0
    outer loop
      vertex 9.15 0 6.15
      vertex 9.13041 -0.598438 1.19
      vertex 9.13041 -0.598438 6.15
    endloop
  endfacet
  facet normal 0.09802 -0.995184 0
    outer loop
      vertex -1.19431 9.07172 6.85
      vertex -0.598438 9.13041 10.5
      vertex -1.19431 9.07172 10.5
    endloop
  endfacet
  facet normal 0.09802 -0.995184 0
    outer loop
      vertex -0.598438 9.13041 10.5
      vertex -1.19431 9.07172 6.85
      vertex -0.598438 9.13041 6.85
    endloop
  endfacet
  facet normal 0.09802 -0.995184 0
    outer loop
      vertex -1.19431 9.07172 1.19
      vertex -0.598438 9.13041 6.15
      vertex -1.19431 9.07172 6.15
    endloop
  endfacet
  facet normal 0.09802 -0.995184 0
    outer loop
      vertex -0.598438 9.13041 6.15
      vertex -1.19431 9.07172 1.19
      vertex -0.598438 9.13041 1.19
    endloop
  endfacet
  facet normal -0.352247 -0.935907 0
    outer loop
      vertex 2.94117 8.66441 6.85
      vertex 3.50155 8.4535 10.5
      vertex 2.94117 8.66441 10.5
    endloop
  endfacet
  facet normal -0.352247 -0.935907 -0
    outer loop
      vertex 3.50155 8.4535 10.5
      vertex 2.94117 8.66441 6.85
      vertex 3.50155 8.4535 6.85
    endloop
  endfacet
  facet normal -0.352247 -0.935907 0
    outer loop
      vertex 2.94117 8.66441 1.19
      vertex 3.50155 8.4535 6.15
      vertex 2.94117 8.66441 6.15
    endloop
  endfacet
  facet normal -0.352247 -0.935907 -0
    outer loop
      vertex 3.50155 8.4535 6.15
      vertex 2.94117 8.66441 1.19
      vertex 3.50155 8.4535 1.19
    endloop
  endfacet
  facet normal -0.09802 0.995184 0
    outer loop
      vertex 1.19431 -9.07172 6.85
      vertex 0.598438 -9.13041 10.5
      vertex 1.19431 -9.07172 10.5
    endloop
  endfacet
  facet normal -0.09802 0.995184 0
    outer loop
      vertex 0.598438 -9.13041 10.5
      vertex 1.19431 -9.07172 6.85
      vertex 0.598438 -9.13041 6.85
    endloop
  endfacet
  facet normal -0.09802 0.995184 0
    outer loop
      vertex 1.19431 -9.07172 1.19
      vertex 0.598438 -9.13041 6.15
      vertex 1.19431 -9.07172 6.15
    endloop
  endfacet
  facet normal -0.09802 0.995184 0
    outer loop
      vertex 0.598438 -9.13041 6.15
      vertex 1.19431 -9.07172 1.19
      vertex 0.598438 -9.13041 1.19
    endloop
  endfacet
  facet normal -0.973878 0.227073 0
    outer loop
      vertex 8.83822 -2.36819 6.85
      vertex 8.97418 -1.78508 10.5
      vertex 8.97418 -1.78508 6.85
    endloop
  endfacet
  facet normal -0.973878 0.227073 0
    outer loop
      vertex 8.97418 -1.78508 10.5
      vertex 8.83822 -2.36819 6.85
      vertex 8.83822 -2.36819 10.5
    endloop
  endfacet
  facet normal -0.973878 0.227073 0
    outer loop
      vertex 8.83822 -2.36819 1.19
      vertex 8.97418 -1.78508 6.15
      vertex 8.97418 -1.78508 1.19
    endloop
  endfacet
  facet normal -0.973878 0.227073 0
    outer loop
      vertex 8.97418 -1.78508 6.15
      vertex 8.83822 -2.36819 1.19
      vertex 8.83822 -2.36819 6.15
    endloop
  endfacet
  facet normal 0.995184 -0.09802 0
    outer loop
      vertex -9.13041 0.598438 10.5
      vertex -9.07172 1.19431 6.85
      vertex -9.07172 1.19431 10.5
    endloop
  endfacet
  facet normal 0.995184 -0.09802 0
    outer loop
      vertex -9.07172 1.19431 6.85
      vertex -9.13041 0.598438 10.5
      vertex -9.13041 0.598438 6.85
    endloop
  endfacet
  facet normal 0.995184 -0.09802 0
    outer loop
      vertex -9.13041 0.598438 6.15
      vertex -9.07172 1.19431 1.19
      vertex -9.07172 1.19431 6.15
    endloop
  endfacet
  facet normal 0.995184 -0.09802 0
    outer loop
      vertex -9.07172 1.19431 1.19
      vertex -9.13041 0.598438 6.15
      vertex -9.13041 0.598438 1.19
    endloop
  endfacet
  facet normal -0.0327177 -0.999465 0
    outer loop
      vertex 0 9.15 6.85
      vertex 0.598438 9.13041 10.5
      vertex 0 9.15 10.5
    endloop
  endfacet
  facet normal -0.0327177 -0.999465 -0
    outer loop
      vertex 0.598438 9.13041 10.5
      vertex 0 9.15 6.85
      vertex 0.598438 9.13041 6.85
    endloop
  endfacet
  facet normal -0.0327177 -0.999465 0
    outer loop
      vertex 0 9.15 1.19
      vertex 0.598438 9.13041 6.15
      vertex 0 9.15 6.15
    endloop
  endfacet
  facet normal -0.0327177 -0.999465 -0
    outer loop
      vertex 0.598438 9.13041 6.15
      vertex 0 9.15 1.19
      vertex 0.598438 9.13041 1.19
    endloop
  endfacet
  facet normal 0.528059 0.849207 -0
    outer loop
      vertex -4.575 -7.92413 6.85
      vertex -5.08347 -7.60795 10.5
      vertex -4.575 -7.92413 10.5
    endloop
  endfacet
  facet normal 0.528059 0.849207 0
    outer loop
      vertex -5.08347 -7.60795 10.5
      vertex -4.575 -7.92413 6.85
      vertex -5.08347 -7.60795 6.85
    endloop
  endfacet
  facet normal 0.528059 0.849207 -0
    outer loop
      vertex -4.575 -7.92413 1.19
      vertex -5.08347 -7.60795 6.15
      vertex -4.575 -7.92413 6.15
    endloop
  endfacet
  facet normal 0.528059 0.849207 0
    outer loop
      vertex -5.08347 -7.60795 6.15
      vertex -4.575 -7.92413 1.19
      vertex -5.08347 -7.60795 1.19
    endloop
  endfacet
  facet normal -0.935907 0.352247 0
    outer loop
      vertex 8.4535 -3.50155 6.85
      vertex 8.66441 -2.94117 10.5
      vertex 8.66441 -2.94117 6.85
    endloop
  endfacet
  facet normal -0.935907 0.352247 0
    outer loop
      vertex 8.66441 -2.94117 10.5
      vertex 8.4535 -3.50155 6.85
      vertex 8.4535 -3.50155 10.5
    endloop
  endfacet
  facet normal -0.935907 0.352247 0
    outer loop
      vertex 8.4535 -3.50155 1.19
      vertex 8.66441 -2.94117 6.15
      vertex 8.66441 -2.94117 1.19
    endloop
  endfacet
  facet normal -0.935907 0.352247 0
    outer loop
      vertex 8.66441 -2.94117 6.15
      vertex 8.4535 -3.50155 1.19
      vertex 8.4535 -3.50155 6.15
    endloop
  endfacet
  facet normal -0.471392 -0.881924 0
    outer loop
      vertex 4.04694 8.20638 6.85
      vertex 4.575 7.92413 10.5
      vertex 4.04694 8.20638 10.5
    endloop
  endfacet
  facet normal -0.471392 -0.881924 -0
    outer loop
      vertex 4.575 7.92413 10.5
      vertex 4.04694 8.20638 6.85
      vertex 4.575 7.92413 6.85
    endloop
  endfacet
  facet normal -0.471392 -0.881924 0
    outer loop
      vertex 4.04694 8.20638 1.19
      vertex 4.575 7.92413 6.15
      vertex 4.04694 8.20638 6.15
    endloop
  endfacet
  facet normal -0.471392 -0.881924 -0
    outer loop
      vertex 4.575 7.92413 6.15
      vertex 4.04694 8.20638 1.19
      vertex 4.575 7.92413 1.19
    endloop
  endfacet
  facet normal 0.973878 0.227073 0
    outer loop
      vertex -8.83822 -2.36819 10.5
      vertex -8.97418 -1.78508 6.85
      vertex -8.97418 -1.78508 10.5
    endloop
  endfacet
  facet normal 0.973878 0.227073 0
    outer loop
      vertex -8.97418 -1.78508 6.85
      vertex -8.83822 -2.36819 10.5
      vertex -8.83822 -2.36819 6.85
    endloop
  endfacet
  facet normal 0.973878 0.227073 0
    outer loop
      vertex -8.83822 -2.36819 6.15
      vertex -8.97418 -1.78508 1.19
      vertex -8.97418 -1.78508 6.15
    endloop
  endfacet
  facet normal 0.973878 0.227073 0
    outer loop
      vertex -8.97418 -1.78508 1.19
      vertex -8.83822 -2.36819 6.15
      vertex -8.83822 -2.36819 1.19
    endloop
  endfacet
  facet normal 0.986642 -0.162901 0
    outer loop
      vertex -9.07172 1.19431 10.5
      vertex -8.97418 1.78508 6.85
      vertex -8.97418 1.78508 10.5
    endloop
  endfacet
  facet normal 0.986642 -0.162901 0
    outer loop
      vertex -8.97418 1.78508 6.85
      vertex -9.07172 1.19431 10.5
      vertex -9.07172 1.19431 6.85
    endloop
  endfacet
  facet normal 0.986642 -0.162901 0
    outer loop
      vertex -9.07172 1.19431 6.15
      vertex -8.97418 1.78508 1.19
      vertex -8.97418 1.78508 6.15
    endloop
  endfacet
  facet normal 0.986642 -0.162901 0
    outer loop
      vertex -8.97418 1.78508 1.19
      vertex -9.07172 1.19431 6.15
      vertex -9.07172 1.19431 1.19
    endloop
  endfacet
  facet normal 0.995184 0.09802 0
    outer loop
      vertex -9.07172 -1.19431 10.5
      vertex -9.13041 -0.598438 6.85
      vertex -9.13041 -0.598438 10.5
    endloop
  endfacet
  facet normal 0.995184 0.09802 0
    outer loop
      vertex -9.13041 -0.598438 6.85
      vertex -9.07172 -1.19431 10.5
      vertex -9.07172 -1.19431 6.85
    endloop
  endfacet
  facet normal 0.995184 0.09802 0
    outer loop
      vertex -9.07172 -1.19431 6.15
      vertex -9.13041 -0.598438 1.19
      vertex -9.13041 -0.598438 6.15
    endloop
  endfacet
  facet normal 0.995184 0.09802 0
    outer loop
      vertex -9.13041 -0.598438 1.19
      vertex -9.07172 -1.19431 6.15
      vertex -9.07172 -1.19431 1.19
    endloop
  endfacet
  facet normal 0.68358 -0.729876 0
    outer loop
      vertex -6.47003 6.47003 6.85
      vertex -6.03301 6.87933 10.5
      vertex -6.47003 6.47003 10.5
    endloop
  endfacet
  facet normal 0.68358 -0.729876 0
    outer loop
      vertex -6.03301 6.87933 10.5
      vertex -6.47003 6.47003 6.85
      vertex -6.03301 6.87933 6.85
    endloop
  endfacet
  facet normal 0.68358 -0.729876 0
    outer loop
      vertex -6.47003 6.47003 1.19
      vertex -6.03301 6.87933 6.15
      vertex -6.47003 6.47003 6.15
    endloop
  endfacet
  facet normal 0.68358 -0.729876 0
    outer loop
      vertex -6.03301 6.87933 6.15
      vertex -6.47003 6.47003 1.19
      vertex -6.03301 6.87933 1.19
    endloop
  endfacet
  facet normal 0.849207 0.528059 0
    outer loop
      vertex -7.60795 -5.08347 10.5
      vertex -7.92413 -4.575 6.85
      vertex -7.92413 -4.575 10.5
    endloop
  endfacet
  facet normal 0.849207 0.528059 0
    outer loop
      vertex -7.92413 -4.575 6.85
      vertex -7.60795 -5.08347 10.5
      vertex -7.60795 -5.08347 6.85
    endloop
  endfacet
  facet normal 0.849207 0.528059 0
    outer loop
      vertex -7.60795 -5.08347 6.15
      vertex -7.92413 -4.575 1.19
      vertex -7.92413 -4.575 6.15
    endloop
  endfacet
  facet normal 0.849207 0.528059 0
    outer loop
      vertex -7.92413 -4.575 1.19
      vertex -7.60795 -5.08347 6.15
      vertex -7.60795 -5.08347 1.19
    endloop
  endfacet
  facet normal 0.0327177 -0.999465 0
    outer loop
      vertex -0.598438 9.13041 6.85
      vertex 0 9.15 10.5
      vertex -0.598438 9.13041 10.5
    endloop
  endfacet
  facet normal 0.0327177 -0.999465 0
    outer loop
      vertex 0 9.15 10.5
      vertex -0.598438 9.13041 6.85
      vertex 0 9.15 6.85
    endloop
  endfacet
  facet normal 0.0327177 -0.999465 0
    outer loop
      vertex -0.598438 9.13041 1.19
      vertex 0 9.15 6.15
      vertex -0.598438 9.13041 6.15
    endloop
  endfacet
  facet normal 0.0327177 -0.999465 0
    outer loop
      vertex 0 9.15 6.15
      vertex -0.598438 9.13041 1.19
      vertex 0 9.15 1.19
    endloop
  endfacet
  facet normal 0.09802 0.995184 -0
    outer loop
      vertex -0.598438 -9.13041 6.85
      vertex -1.19431 -9.07172 10.5
      vertex -0.598438 -9.13041 10.5
    endloop
  endfacet
  facet normal 0.09802 0.995184 0
    outer loop
      vertex -1.19431 -9.07172 10.5
      vertex -0.598438 -9.13041 6.85
      vertex -1.19431 -9.07172 6.85
    endloop
  endfacet
  facet normal 0.09802 0.995184 -0
    outer loop
      vertex -0.598438 -9.13041 1.19
      vertex -1.19431 -9.07172 6.15
      vertex -0.598438 -9.13041 6.15
    endloop
  endfacet
  facet normal 0.09802 0.995184 0
    outer loop
      vertex -1.19431 -9.07172 6.15
      vertex -0.598438 -9.13041 1.19
      vertex -1.19431 -9.07172 1.19
    endloop
  endfacet
  facet normal 0.352247 0.935907 -0
    outer loop
      vertex -2.94117 -8.66441 6.85
      vertex -3.50155 -8.4535 10.5
      vertex -2.94117 -8.66441 10.5
    endloop
  endfacet
  facet normal 0.352247 0.935907 0
    outer loop
      vertex -3.50155 -8.4535 10.5
      vertex -2.94117 -8.66441 6.85
      vertex -3.50155 -8.4535 6.85
    endloop
  endfacet
  facet normal 0.352247 0.935907 -0
    outer loop
      vertex -2.94117 -8.66441 1.19
      vertex -3.50155 -8.4535 6.15
      vertex -2.94117 -8.66441 6.15
    endloop
  endfacet
  facet normal 0.352247 0.935907 0
    outer loop
      vertex -3.50155 -8.4535 6.15
      vertex -2.94117 -8.66441 1.19
      vertex -3.50155 -8.4535 1.19
    endloop
  endfacet
  facet normal -0.227073 -0.973878 0
    outer loop
      vertex 1.78508 8.97418 6.85
      vertex 2.36819 8.83822 10.5
      vertex 1.78508 8.97418 10.5
    endloop
  endfacet
  facet normal -0.227073 -0.973878 -0
    outer loop
      vertex 2.36819 8.83822 10.5
      vertex 1.78508 8.97418 6.85
      vertex 2.36819 8.83822 6.85
    endloop
  endfacet
  facet normal -0.227073 -0.973878 0
    outer loop
      vertex 1.78508 8.97418 1.19
      vertex 2.36819 8.83822 6.15
      vertex 1.78508 8.97418 6.15
    endloop
  endfacet
  facet normal -0.227073 -0.973878 -0
    outer loop
      vertex 2.36819 8.83822 6.15
      vertex 1.78508 8.97418 1.19
      vertex 2.36819 8.83822 1.19
    endloop
  endfacet
  facet normal -0.849207 0.528059 0
    outer loop
      vertex 7.60795 -5.08347 6.85
      vertex 7.92413 -4.575 10.5
      vertex 7.92413 -4.575 6.85
    endloop
  endfacet
  facet normal -0.849207 0.528059 0
    outer loop
      vertex 7.92413 -4.575 10.5
      vertex 7.60795 -5.08347 6.85
      vertex 7.60795 -5.08347 10.5
    endloop
  endfacet
  facet normal -0.849207 0.528059 0
    outer loop
      vertex 7.60795 -5.08347 1.19
      vertex 7.92413 -4.575 6.15
      vertex 7.92413 -4.575 1.19
    endloop
  endfacet
  facet normal -0.849207 0.528059 0
    outer loop
      vertex 7.92413 -4.575 6.15
      vertex 7.60795 -5.08347 1.19
      vertex 7.60795 -5.08347 6.15
    endloop
  endfacet
  facet normal -0.956941 0.290282 0
    outer loop
      vertex 8.66441 -2.94117 6.85
      vertex 8.83822 -2.36819 10.5
      vertex 8.83822 -2.36819 6.85
    endloop
  endfacet
  facet normal -0.956941 0.290282 0
    outer loop
      vertex 8.83822 -2.36819 10.5
      vertex 8.66441 -2.94117 6.85
      vertex 8.66441 -2.94117 10.5
    endloop
  endfacet
  facet normal -0.956941 0.290282 0
    outer loop
      vertex 8.66441 -2.94117 1.19
      vertex 8.83822 -2.36819 6.15
      vertex 8.83822 -2.36819 1.19
    endloop
  endfacet
  facet normal -0.956941 0.290282 0
    outer loop
      vertex 8.83822 -2.36819 6.15
      vertex 8.66441 -2.94117 1.19
      vertex 8.66441 -2.94117 6.15
    endloop
  endfacet
  facet normal 0.910859 0.412717 0
    outer loop
      vertex -8.20638 -4.04694 10.5
      vertex -8.4535 -3.50155 6.85
      vertex -8.4535 -3.50155 10.5
    endloop
  endfacet
  facet normal 0.910859 0.412717 0
    outer loop
      vertex -8.4535 -3.50155 6.85
      vertex -8.20638 -4.04694 10.5
      vertex -8.20638 -4.04694 6.85
    endloop
  endfacet
  facet normal 0.910859 0.412717 0
    outer loop
      vertex -8.20638 -4.04694 6.15
      vertex -8.4535 -3.50155 1.19
      vertex -8.4535 -3.50155 6.15
    endloop
  endfacet
  facet normal 0.910859 0.412717 0
    outer loop
      vertex -8.4535 -3.50155 1.19
      vertex -8.20638 -4.04694 6.15
      vertex -8.20638 -4.04694 1.19
    endloop
  endfacet
  facet normal 0.729876 0.68358 0
    outer loop
      vertex -6.47003 -6.47003 10.5
      vertex -6.87933 -6.03301 6.85
      vertex -6.87933 -6.03301 10.5
    endloop
  endfacet
  facet normal 0.729876 0.68358 0
    outer loop
      vertex -6.87933 -6.03301 6.85
      vertex -6.47003 -6.47003 10.5
      vertex -6.47003 -6.47003 6.85
    endloop
  endfacet
  facet normal 0.729876 0.68358 0
    outer loop
      vertex -6.47003 -6.47003 6.15
      vertex -6.87933 -6.03301 1.19
      vertex -6.87933 -6.03301 6.15
    endloop
  endfacet
  facet normal 0.729876 0.68358 0
    outer loop
      vertex -6.87933 -6.03301 1.19
      vertex -6.47003 -6.47003 6.15
      vertex -6.47003 -6.47003 1.19
    endloop
  endfacet
  facet normal 0.162901 0.986642 -0
    outer loop
      vertex -1.19431 -9.07172 6.85
      vertex -1.78508 -8.97418 10.5
      vertex -1.19431 -9.07172 10.5
    endloop
  endfacet
  facet normal 0.162901 0.986642 0
    outer loop
      vertex -1.78508 -8.97418 10.5
      vertex -1.19431 -9.07172 6.85
      vertex -1.78508 -8.97418 6.85
    endloop
  endfacet
  facet normal 0.162901 0.986642 -0
    outer loop
      vertex -1.19431 -9.07172 1.19
      vertex -1.78508 -8.97418 6.15
      vertex -1.19431 -9.07172 6.15
    endloop
  endfacet
  facet normal 0.162901 0.986642 0
    outer loop
      vertex -1.78508 -8.97418 6.15
      vertex -1.19431 -9.07172 1.19
      vertex -1.78508 -8.97418 1.19
    endloop
  endfacet
  facet normal -0.582484 0.812842 0
    outer loop
      vertex 5.57017 -7.25918 6.85
      vertex 5.08347 -7.60795 10.5
      vertex 5.57017 -7.25918 10.5
    endloop
  endfacet
  facet normal -0.582484 0.812842 0
    outer loop
      vertex 5.08347 -7.60795 10.5
      vertex 5.57017 -7.25918 6.85
      vertex 5.08347 -7.60795 6.85
    endloop
  endfacet
  facet normal -0.582484 0.812842 0
    outer loop
      vertex 5.57017 -7.25918 1.19
      vertex 5.08347 -7.60795 6.15
      vertex 5.57017 -7.25918 6.15
    endloop
  endfacet
  facet normal -0.582484 0.812842 0
    outer loop
      vertex 5.08347 -7.60795 6.15
      vertex 5.57017 -7.25918 1.19
      vertex 5.08347 -7.60795 1.19
    endloop
  endfacet
  facet normal 0.68358 0.729876 -0
    outer loop
      vertex -6.03301 -6.87933 6.85
      vertex -6.47003 -6.47003 10.5
      vertex -6.03301 -6.87933 10.5
    endloop
  endfacet
  facet normal 0.68358 0.729876 0
    outer loop
      vertex -6.47003 -6.47003 10.5
      vertex -6.03301 -6.87933 6.85
      vertex -6.47003 -6.47003 6.85
    endloop
  endfacet
  facet normal 0.68358 0.729876 -0
    outer loop
      vertex -6.03301 -6.87933 1.19
      vertex -6.47003 -6.47003 6.15
      vertex -6.03301 -6.87933 6.15
    endloop
  endfacet
  facet normal 0.68358 0.729876 0
    outer loop
      vertex -6.47003 -6.47003 6.15
      vertex -6.03301 -6.87933 1.19
      vertex -6.47003 -6.47003 1.19
    endloop
  endfacet
  facet normal -0.09802 -0.995184 0
    outer loop
      vertex 0.598438 9.13041 6.85
      vertex 1.19431 9.07172 10.5
      vertex 0.598438 9.13041 10.5
    endloop
  endfacet
  facet normal -0.09802 -0.995184 -0
    outer loop
      vertex 1.19431 9.07172 10.5
      vertex 0.598438 9.13041 6.85
      vertex 1.19431 9.07172 6.85
    endloop
  endfacet
  facet normal -0.09802 -0.995184 0
    outer loop
      vertex 0.598438 9.13041 1.19
      vertex 1.19431 9.07172 6.15
      vertex 0.598438 9.13041 6.15
    endloop
  endfacet
  facet normal -0.09802 -0.995184 -0
    outer loop
      vertex 1.19431 9.07172 6.15
      vertex 0.598438 9.13041 1.19
      vertex 1.19431 9.07172 1.19
    endloop
  endfacet
  facet normal 0.973878 -0.227073 0
    outer loop
      vertex -8.97418 1.78508 10.5
      vertex -8.83822 2.36819 6.85
      vertex -8.83822 2.36819 10.5
    endloop
  endfacet
  facet normal 0.973878 -0.227073 0
    outer loop
      vertex -8.83822 2.36819 6.85
      vertex -8.97418 1.78508 10.5
      vertex -8.97418 1.78508 6.85
    endloop
  endfacet
  facet normal 0.973878 -0.227073 0
    outer loop
      vertex -8.97418 1.78508 6.15
      vertex -8.83822 2.36819 1.19
      vertex -8.83822 2.36819 6.15
    endloop
  endfacet
  facet normal 0.973878 -0.227073 0
    outer loop
      vertex -8.83822 2.36819 1.19
      vertex -8.97418 1.78508 6.15
      vertex -8.97418 1.78508 1.19
    endloop
  endfacet
  facet normal 0.956941 -0.290282 0
    outer loop
      vertex -8.83822 2.36819 10.5
      vertex -8.66441 2.94117 6.85
      vertex -8.66441 2.94117 10.5
    endloop
  endfacet
  facet normal 0.956941 -0.290282 0
    outer loop
      vertex -8.66441 2.94117 6.85
      vertex -8.83822 2.36819 10.5
      vertex -8.83822 2.36819 6.85
    endloop
  endfacet
  facet normal 0.956941 -0.290282 0
    outer loop
      vertex -8.83822 2.36819 6.15
      vertex -8.66441 2.94117 1.19
      vertex -8.66441 2.94117 6.15
    endloop
  endfacet
  facet normal 0.956941 -0.290282 0
    outer loop
      vertex -8.66441 2.94117 1.19
      vertex -8.83822 2.36819 6.15
      vertex -8.83822 2.36819 1.19
    endloop
  endfacet
  facet normal -0.290282 -0.956941 0
    outer loop
      vertex 2.36819 8.83822 6.85
      vertex 2.94117 8.66441 10.5
      vertex 2.36819 8.83822 10.5
    endloop
  endfacet
  facet normal -0.290282 -0.956941 -0
    outer loop
      vertex 2.94117 8.66441 10.5
      vertex 2.36819 8.83822 6.85
      vertex 2.94117 8.66441 6.85
    endloop
  endfacet
  facet normal -0.290282 -0.956941 0
    outer loop
      vertex 2.36819 8.83822 1.19
      vertex 2.94117 8.66441 6.15
      vertex 2.36819 8.83822 6.15
    endloop
  endfacet
  facet normal -0.290282 -0.956941 -0
    outer loop
      vertex 2.94117 8.66441 6.15
      vertex 2.36819 8.83822 1.19
      vertex 2.94117 8.66441 1.19
    endloop
  endfacet
  facet normal 0.412717 0.910859 -0
    outer loop
      vertex -3.50155 -8.4535 6.85
      vertex -4.04694 -8.20638 10.5
      vertex -3.50155 -8.4535 10.5
    endloop
  endfacet
  facet normal 0.412717 0.910859 0
    outer loop
      vertex -4.04694 -8.20638 10.5
      vertex -3.50155 -8.4535 6.85
      vertex -4.04694 -8.20638 6.85
    endloop
  endfacet
  facet normal 0.412717 0.910859 -0
    outer loop
      vertex -3.50155 -8.4535 1.19
      vertex -4.04694 -8.20638 6.15
      vertex -3.50155 -8.4535 6.15
    endloop
  endfacet
  facet normal 0.412717 0.910859 0
    outer loop
      vertex -4.04694 -8.20638 6.15
      vertex -3.50155 -8.4535 1.19
      vertex -4.04694 -8.20638 1.19
    endloop
  endfacet
  facet normal 0 0 1
    outer loop
      vertex 9.15 0 10.5
      vertex 13 0 10.5
      vertex 12.9722 0.85024 10.5
    endloop
  endfacet
  facet normal 0 0 1
    outer loop
      vertex 9.13041 0.598438 10.5
      vertex 12.9722 0.85024 10.5
      vertex 12.8888 1.69684 10.5
    endloop
  endfacet
  facet normal 0 0 1
    outer loop
      vertex 13 0 10.5
      vertex 9.15 0 10.5
      vertex 12.9722 -0.85024 10.5
    endloop
  endfacet
  facet normal 0 0 1
    outer loop
      vertex 9.07172 1.19431 10.5
      vertex 12.8888 1.69684 10.5
      vertex 12.7502 2.53617 10.5
    endloop
  endfacet
  facet normal -0 0 1
    outer loop
      vertex 9.13041 -0.598438 10.5
      vertex 12.9722 -0.85024 10.5
      vertex 9.15 0 10.5
    endloop
  endfacet
  facet normal 0 0 1
    outer loop
      vertex 8.97418 1.78508 10.5
      vertex 12.7502 2.53617 10.5
      vertex 12.557 3.36465 10.5
    endloop
  endfacet
  facet normal 0 0 1
    outer loop
      vertex 12.9722 -0.85024 10.5
      vertex 9.13041 -0.598438 10.5
      vertex 12.8888 -1.69684 10.5
    endloop
  endfacet
  facet normal 0 0 1
    outer loop
      vertex 8.83822 2.36819 10.5
      vertex 12.557 3.36465 10.5
      vertex 12.3101 4.17871 10.5
    endloop
  endfacet
  facet normal -0 0 1
    outer loop
      vertex 9.07172 -1.19431 10.5
      vertex 12.8888 -1.69684 10.5
      vertex 9.13041 -0.598438 10.5
    endloop
  endfacet
  facet normal 0 0 1
    outer loop
      vertex 8.66441 2.94117 10.5
      vertex 12.3101 4.17871 10.5
      vertex 12.0104 4.97488 10.5
    endloop
  endfacet
  facet normal 0 0 1
    outer loop
      vertex 12.8888 -1.69684 10.5
      vertex 9.07172 -1.19431 10.5
      vertex 12.7502 -2.53617 10.5
    endloop
  endfacet
  facet normal 0 0 1
    outer loop
      vertex 8.4535 3.50155 10.5
      vertex 12.0104 4.97488 10.5
      vertex 11.6593 5.74975 10.5
    endloop
  endfacet
  facet normal -0 0 1
    outer loop
      vertex 8.97418 -1.78508 10.5
      vertex 12.7502 -2.53617 10.5
      vertex 9.07172 -1.19431 10.5
    endloop
  endfacet
  facet normal 0 0 1
    outer loop
      vertex 8.20638 4.04694 10.5
      vertex 11.6593 5.74975 10.5
      vertex 11.2583 6.5 10.5
    endloop
  endfacet
  facet normal 0 0 1
    outer loop
      vertex 12.7502 -2.53617 10.5
      vertex 8.97418 -1.78508 10.5
      vertex 12.557 -3.36465 10.5
    endloop
  endfacet
  facet normal 0 0 1
    outer loop
      vertex 7.92413 4.575 10.5
      vertex 11.2583 6.5 10.5
      vertex 10.8091 7.22241 10.5
    endloop
  endfacet
  facet normal -0 0 1
    outer loop
      vertex 8.83822 -2.36819 10.5
      vertex 12.557 -3.36465 10.5
      vertex 8.97418 -1.78508 10.5
    endloop
  endfacet
  facet normal 0 0 1
    outer loop
      vertex 7.60795 5.08347 10.5
      vertex 10.8091 7.22241 10.5
      vertex 10.3136 7.9139 10.5
    endloop
  endfacet
  facet normal 0 0 1
    outer loop
      vertex 12.557 -3.36465 10.5
      vertex 8.83822 -2.36819 10.5
      vertex 12.3101 -4.17871 10.5
    endloop
  endfacet
  facet normal 0 0 1
    outer loop
      vertex 7.25918 5.57017 10.5
      vertex 10.3136 7.9139 10.5
      vertex 9.77392 8.5715 10.5
    endloop
  endfacet
  facet normal -0 0 1
    outer loop
      vertex 8.66441 -2.94117 10.5
      vertex 12.3101 -4.17871 10.5
      vertex 8.83822 -2.36819 10.5
    endloop
  endfacet
  facet normal 0 0 1
    outer loop
      vertex 6.87933 6.03301 10.5
      vertex 9.77392 8.5715 10.5
      vertex 9.19239 9.19239 10.5
    endloop
  endfacet
  facet normal 0 0 1
    outer loop
      vertex 12.3101 -4.17871 10.5
      vertex 8.66441 -2.94117 10.5
      vertex 12.0104 -4.97488 10.5
    endloop
  endfacet
  facet normal -0 0 1
    outer loop
      vertex 8.4535 -3.50155 10.5
      vertex 12.0104 -4.97488 10.5
      vertex 8.66441 -2.94117 10.5
    endloop
  endfacet
  facet normal 0 0 1
    outer loop
      vertex 12.9722 0.85024 10.5
      vertex 9.13041 0.598438 10.5
      vertex 9.15 0 10.5
    endloop
  endfacet
  facet normal 0 0 1
    outer loop
      vertex 12.8888 1.69684 10.5
      vertex 9.07172 1.19431 10.5
      vertex 9.13041 0.598438 10.5
    endloop
  endfacet
  facet normal 0 0 1
    outer loop
      vertex 12.7502 2.53617 10.5
      vertex 8.97418 1.78508 10.5
      vertex 9.07172 1.19431 10.5
    endloop
  endfacet
  facet normal 0 0 1
    outer loop
      vertex 12.557 3.36465 10.5
      vertex 8.83822 2.36819 10.5
      vertex 8.97418 1.78508 10.5
    endloop
  endfacet
  facet normal 0 0 1
    outer loop
      vertex 12.3101 4.17871 10.5
      vertex 8.66441 2.94117 10.5
      vertex 8.83822 2.36819 10.5
    endloop
  endfacet
  facet normal 0 0 1
    outer loop
      vertex 6.47003 6.47003 10.5
      vertex 9.19239 9.19239 10.5
      vertex 8.5715 9.77392 10.5
    endloop
  endfacet
  facet normal 0 0 1
    outer loop
      vertex 12.0104 4.97488 10.5
      vertex 8.4535 3.50155 10.5
      vertex 8.66441 2.94117 10.5
    endloop
  endfacet
  facet normal 0 0 1
    outer loop
      vertex 11.6593 5.74975 10.5
      vertex 8.20638 4.04694 10.5
      vertex 8.4535 3.50155 10.5
    endloop
  endfacet
  facet normal 0 0 1
    outer loop
      vertex 11.2583 6.5 10.5
      vertex 7.92413 4.575 10.5
      vertex 8.20638 4.04694 10.5
    endloop
  endfacet
  facet normal 0 0 1
    outer loop
      vertex 6.03301 6.87933 10.5
      vertex 8.5715 9.77392 10.5
      vertex 7.9139 10.3136 10.5
    endloop
  endfacet
  facet normal 0 0 1
    outer loop
      vertex 10.8091 7.22241 10.5
      vertex 7.60795 5.08347 10.5
      vertex 7.92413 4.575 10.5
    endloop
  endfacet
  facet normal 0 0 1
    outer loop
      vertex 10.3136 7.9139 10.5
      vertex 7.25918 5.57017 10.5
      vertex 7.60795 5.08347 10.5
    endloop
  endfacet
  facet normal 0 0 1
    outer loop
      vertex 5.57017 7.25918 10.5
      vertex 7.9139 10.3136 10.5
      vertex 7.22241 10.8091 10.5
    endloop
  endfacet
  facet normal 0 0 1
    outer loop
      vertex 9.77392 8.5715 10.5
      vertex 6.87933 6.03301 10.5
      vertex 7.25918 5.57017 10.5
    endloop
  endfacet
  facet normal 0 0 1
    outer loop
      vertex 5.08347 7.60795 10.5
      vertex 7.22241 10.8091 10.5
      vertex 6.5 11.2583 10.5
    endloop
  endfacet
  facet normal 0 0 1
    outer loop
      vertex 9.19239 9.19239 10.5
      vertex 6.47003 6.47003 10.5
      vertex 6.87933 6.03301 10.5
    endloop
  endfacet
  facet normal 0 0 1
    outer loop
      vertex 8.5715 9.77392 10.5
      vertex 6.03301 6.87933 10.5
      vertex 6.47003 6.47003 10.5
    endloop
  endfacet
  facet normal 0 0 1
    outer loop
      vertex 4.575 7.92413 10.5
      vertex 6.5 11.2583 10.5
      vertex 5.74975 11.6593 10.5
    endloop
  endfacet
  facet normal 0 0 1
    outer loop
      vertex 7.9139 10.3136 10.5
      vertex 5.57017 7.25918 10.5
      vertex 6.03301 6.87933 10.5
    endloop
  endfacet
  facet normal 0 0 1
    outer loop
      vertex 7.22241 10.8091 10.5
      vertex 5.08347 7.60795 10.5
      vertex 5.57017 7.25918 10.5
    endloop
  endfacet
  facet normal 0 0 1
    outer loop
      vertex 4.04694 8.20638 10.5
      vertex 5.74975 11.6593 10.5
      vertex 4.97488 12.0104 10.5
    endloop
  endfacet
  facet normal 0 0 1
    outer loop
      vertex 6.5 11.2583 10.5
      vertex 4.575 7.92413 10.5
      vertex 5.08347 7.60795 10.5
    endloop
  endfacet
  facet normal 0 0 1
    outer loop
      vertex 3.50155 8.4535 10.5
      vertex 4.97488 12.0104 10.5
      vertex 4.17871 12.3101 10.5
    endloop
  endfacet
  facet normal 0 0 1
    outer loop
      vertex 5.74975 11.6593 10.5
      vertex 4.04694 8.20638 10.5
      vertex 4.575 7.92413 10.5
    endloop
  endfacet
  facet normal 0 0 1
    outer loop
      vertex 4.97488 12.0104 10.5
      vertex 3.50155 8.4535 10.5
      vertex 4.04694 8.20638 10.5
    endloop
  endfacet
  facet normal 0 0 1
    outer loop
      vertex 2.94117 8.66441 10.5
      vertex 4.17871 12.3101 10.5
      vertex 3.36465 12.557 10.5
    endloop
  endfacet
  facet normal 0 0 1
    outer loop
      vertex 4.17871 12.3101 10.5
      vertex 2.94117 8.66441 10.5
      vertex 3.50155 8.4535 10.5
    endloop
  endfacet
  facet normal 0 0 1
    outer loop
      vertex 2.36819 8.83822 10.5
      vertex 3.36465 12.557 10.5
      vertex 2.53617 12.7502 10.5
    endloop
  endfacet
  facet normal 0 0 1
    outer loop
      vertex 3.36465 12.557 10.5
      vertex 2.36819 8.83822 10.5
      vertex 2.94117 8.66441 10.5
    endloop
  endfacet
  facet normal 0 0 1
    outer loop
      vertex 2.53617 12.7502 10.5
      vertex 1.78508 8.97418 10.5
      vertex 2.36819 8.83822 10.5
    endloop
  endfacet
  facet normal 0 0 1
    outer loop
      vertex 1.69684 12.8888 10.5
      vertex 1.78508 8.97418 10.5
      vertex 2.53617 12.7502 10.5
    endloop
  endfacet
  facet normal 0 0 1
    outer loop
      vertex 1.69684 12.8888 10.5
      vertex 1.19431 9.07172 10.5
      vertex 1.78508 8.97418 10.5
    endloop
  endfacet
  facet normal 0 0 1
    outer loop
      vertex 0.85024 12.9722 10.5
      vertex 1.19431 9.07172 10.5
      vertex 1.69684 12.8888 10.5
    endloop
  endfacet
  facet normal 0 0 1
    outer loop
      vertex 0.85024 12.9722 10.5
      vertex 0.598438 9.13041 10.5
      vertex 1.19431 9.07172 10.5
    endloop
  endfacet
  facet normal 0 0 1
    outer loop
      vertex 0 13 10.5
      vertex 0.598438 9.13041 10.5
      vertex 0.85024 12.9722 10.5
    endloop
  endfacet
  facet normal 0 0 1
    outer loop
      vertex 0 13 10.5
      vertex 0 9.15 10.5
      vertex 0.598438 9.13041 10.5
    endloop
  endfacet
  facet normal 0 0 1
    outer loop
      vertex 0 13 10.5
      vertex -0.598438 9.13041 10.5
      vertex 0 9.15 10.5
    endloop
  endfacet
  facet normal -0 0 1
    outer loop
      vertex -0.85024 12.9722 10.5
      vertex -0.598438 9.13041 10.5
      vertex 0 13 10.5
    endloop
  endfacet
  facet normal 0 0 1
    outer loop
      vertex -0.85024 12.9722 10.5
      vertex -1.19431 9.07172 10.5
      vertex -0.598438 9.13041 10.5
    endloop
  endfacet
  facet normal -0 0 1
    outer loop
      vertex -1.69684 12.8888 10.5
      vertex -1.19431 9.07172 10.5
      vertex -0.85024 12.9722 10.5
    endloop
  endfacet
  facet normal 0 0 1
    outer loop
      vertex -1.69684 12.8888 10.5
      vertex -1.78508 8.97418 10.5
      vertex -1.19431 9.07172 10.5
    endloop
  endfacet
  facet normal -0 0 1
    outer loop
      vertex -2.53617 12.7502 10.5
      vertex -1.78508 8.97418 10.5
      vertex -1.69684 12.8888 10.5
    endloop
  endfacet
  facet normal 0 0 1
    outer loop
      vertex -1.78508 8.97418 10.5
      vertex -2.53617 12.7502 10.5
      vertex -2.36819 8.83822 10.5
    endloop
  endfacet
  facet normal -0 0 1
    outer loop
      vertex -3.36465 12.557 10.5
      vertex -2.36819 8.83822 10.5
      vertex -2.53617 12.7502 10.5
    endloop
  endfacet
  facet normal 0 0 1
    outer loop
      vertex -2.36819 8.83822 10.5
      vertex -3.36465 12.557 10.5
      vertex -2.94117 8.66441 10.5
    endloop
  endfacet
  facet normal -0 0 1
    outer loop
      vertex -4.17871 12.3101 10.5
      vertex -2.94117 8.66441 10.5
      vertex -3.36465 12.557 10.5
    endloop
  endfacet
  facet normal 0 0 1
    outer loop
      vertex -2.94117 8.66441 10.5
      vertex -4.17871 12.3101 10.5
      vertex -3.50155 8.4535 10.5
    endloop
  endfacet
  facet normal -0 0 1
    outer loop
      vertex -4.97488 12.0104 10.5
      vertex -3.50155 8.4535 10.5
      vertex -4.17871 12.3101 10.5
    endloop
  endfacet
  facet normal 0 0 1
    outer loop
      vertex -3.50155 8.4535 10.5
      vertex -4.97488 12.0104 10.5
      vertex -4.04694 8.20638 10.5
    endloop
  endfacet
  facet normal -0 0 1
    outer loop
      vertex -5.74975 11.6593 10.5
      vertex -4.04694 8.20638 10.5
      vertex -4.97488 12.0104 10.5
    endloop
  endfacet
  facet normal 0 0 1
    outer loop
      vertex -4.04694 8.20638 10.5
      vertex -5.74975 11.6593 10.5
      vertex -4.575 7.92413 10.5
    endloop
  endfacet
  facet normal -0 0 1
    outer loop
      vertex -6.5 11.2583 10.5
      vertex -4.575 7.92413 10.5
      vertex -5.74975 11.6593 10.5
    endloop
  endfacet
  facet normal 0 0 1
    outer loop
      vertex -4.575 7.92413 10.5
      vertex -6.5 11.2583 10.5
      vertex -5.08347 7.60795 10.5
    endloop
  endfacet
  facet normal -0 0 1
    outer loop
      vertex -7.22241 10.8091 10.5
      vertex -5.08347 7.60795 10.5
      vertex -6.5 11.2583 10.5
    endloop
  endfacet
  facet normal 0 0 1
    outer loop
      vertex -5.08347 7.60795 10.5
      vertex -7.22241 10.8091 10.5
      vertex -5.57017 7.25918 10.5
    endloop
  endfacet
  facet normal -0 0 1
    outer loop
      vertex -7.9139 10.3136 10.5
      vertex -5.57017 7.25918 10.5
      vertex -7.22241 10.8091 10.5
    endloop
  endfacet
  facet normal 0 0 1
    outer loop
      vertex -5.57017 7.25918 10.5
      vertex -7.9139 10.3136 10.5
      vertex -6.03301 6.87933 10.5
    endloop
  endfacet
  facet normal -0 0 1
    outer loop
      vertex -8.5715 9.77392 10.5
      vertex -6.03301 6.87933 10.5
      vertex -7.9139 10.3136 10.5
    endloop
  endfacet
  facet normal 0 0 1
    outer loop
      vertex -6.03301 6.87933 10.5
      vertex -8.5715 9.77392 10.5
      vertex -6.47003 6.47003 10.5
    endloop
  endfacet
  facet normal -0 0 1
    outer loop
      vertex -9.19239 9.19239 10.5
      vertex -6.47003 6.47003 10.5
      vertex -8.5715 9.77392 10.5
    endloop
  endfacet
  facet normal 0 0 1
    outer loop
      vertex -6.47003 6.47003 10.5
      vertex -9.19239 9.19239 10.5
      vertex -6.87933 6.03301 10.5
    endloop
  endfacet
  facet normal -0 0 1
    outer loop
      vertex -9.77392 8.5715 10.5
      vertex -6.87933 6.03301 10.5
      vertex -9.19239 9.19239 10.5
    endloop
  endfacet
  facet normal 0 0 1
    outer loop
      vertex -6.87933 6.03301 10.5
      vertex -9.77392 8.5715 10.5
      vertex -7.25918 5.57017 10.5
    endloop
  endfacet
  facet normal -0 0 1
    outer loop
      vertex -10.3136 7.9139 10.5
      vertex -7.25918 5.57017 10.5
      vertex -9.77392 8.5715 10.5
    endloop
  endfacet
  facet normal 0 0 1
    outer loop
      vertex -7.25918 5.57017 10.5
      vertex -10.3136 7.9139 10.5
      vertex -7.60795 5.08347 10.5
    endloop
  endfacet
  facet normal -0 0 1
    outer loop
      vertex -10.8091 7.22241 10.5
      vertex -7.60795 5.08347 10.5
      vertex -10.3136 7.9139 10.5
    endloop
  endfacet
  facet normal 0 0 1
    outer loop
      vertex -7.60795 5.08347 10.5
      vertex -10.8091 7.22241 10.5
      vertex -7.92413 4.575 10.5
    endloop
  endfacet
  facet normal -0 0 1
    outer loop
      vertex -11.2583 6.5 10.5
      vertex -7.92413 4.575 10.5
      vertex -10.8091 7.22241 10.5
    endloop
  endfacet
  facet normal 0 0 1
    outer loop
      vertex -7.92413 4.575 10.5
      vertex -11.2583 6.5 10.5
      vertex -8.20638 4.04694 10.5
    endloop
  endfacet
  facet normal -0 0 1
    outer loop
      vertex -11.6593 5.74975 10.5
      vertex -8.20638 4.04694 10.5
      vertex -11.2583 6.5 10.5
    endloop
  endfacet
  facet normal -0 0 1
    outer loop
      vertex -12.0104 4.97488 10.5
      vertex -8.4535 3.50155 10.5
      vertex -11.6593 5.74975 10.5
    endloop
  endfacet
  facet normal 0 0 1
    outer loop
      vertex -8.20638 4.04694 10.5
      vertex -11.6593 5.74975 10.5
      vertex -8.4535 3.50155 10.5
    endloop
  endfacet
  facet normal 0 0 1
    outer loop
      vertex 12.0104 -4.97488 10.5
      vertex 8.4535 -3.50155 10.5
      vertex 11.6593 -5.74975 10.5
    endloop
  endfacet
  facet normal -0 0 1
    outer loop
      vertex 8.20638 -4.04694 10.5
      vertex 11.6593 -5.74975 10.5
      vertex 8.4535 -3.50155 10.5
    endloop
  endfacet
  facet normal 0 0 1
    outer loop
      vertex 11.6593 -5.74975 10.5
      vertex 8.20638 -4.04694 10.5
      vertex 11.2583 -6.5 10.5
    endloop
  endfacet
  facet normal -0 0 1
    outer loop
      vertex 7.92413 -4.575 10.5
      vertex 11.2583 -6.5 10.5
      vertex 8.20638 -4.04694 10.5
    endloop
  endfacet
  facet normal 0 0 1
    outer loop
      vertex 11.2583 -6.5 10.5
      vertex 7.92413 -4.575 10.5
      vertex 10.8091 -7.22241 10.5
    endloop
  endfacet
  facet normal -0 0 1
    outer loop
      vertex 7.60795 -5.08347 10.5
      vertex 10.8091 -7.22241 10.5
      vertex 7.92413 -4.575 10.5
    endloop
  endfacet
  facet normal 0 0 1
    outer loop
      vertex 10.8091 -7.22241 10.5
      vertex 7.60795 -5.08347 10.5
      vertex 10.3136 -7.9139 10.5
    endloop
  endfacet
  facet normal -0 0 1
    outer loop
      vertex 7.25918 -5.57017 10.5
      vertex 10.3136 -7.9139 10.5
      vertex 7.60795 -5.08347 10.5
    endloop
  endfacet
  facet normal 0 0 1
    outer loop
      vertex 10.3136 -7.9139 10.5
      vertex 7.25918 -5.57017 10.5
      vertex 9.77392 -8.5715 10.5
    endloop
  endfacet
  facet normal -0 0 1
    outer loop
      vertex 6.87933 -6.03301 10.5
      vertex 9.77392 -8.5715 10.5
      vertex 7.25918 -5.57017 10.5
    endloop
  endfacet
  facet normal 0 0 1
    outer loop
      vertex 9.77392 -8.5715 10.5
      vertex 6.87933 -6.03301 10.5
      vertex 9.19239 -9.19239 10.5
    endloop
  endfacet
  facet normal -0 0 1
    outer loop
      vertex 6.47003 -6.47003 10.5
      vertex 9.19239 -9.19239 10.5
      vertex 6.87933 -6.03301 10.5
    endloop
  endfacet
  facet normal 0 0 1
    outer loop
      vertex 9.19239 -9.19239 10.5
      vertex 6.47003 -6.47003 10.5
      vertex 8.5715 -9.77392 10.5
    endloop
  endfacet
  facet normal -0 0 1
    outer loop
      vertex 6.03301 -6.87933 10.5
      vertex 8.5715 -9.77392 10.5
      vertex 6.47003 -6.47003 10.5
    endloop
  endfacet
  facet normal 0 0 1
    outer loop
      vertex 8.5715 -9.77392 10.5
      vertex 6.03301 -6.87933 10.5
      vertex 7.9139 -10.3136 10.5
    endloop
  endfacet
  facet normal -0 0 1
    outer loop
      vertex 5.57017 -7.25918 10.5
      vertex 7.9139 -10.3136 10.5
      vertex 6.03301 -6.87933 10.5
    endloop
  endfacet
  facet normal 0 0 1
    outer loop
      vertex 7.9139 -10.3136 10.5
      vertex 5.57017 -7.25918 10.5
      vertex 7.22241 -10.8091 10.5
    endloop
  endfacet
  facet normal -0 0 1
    outer loop
      vertex 5.08347 -7.60795 10.5
      vertex 7.22241 -10.8091 10.5
      vertex 5.57017 -7.25918 10.5
    endloop
  endfacet
  facet normal 0 0 1
    outer loop
      vertex 7.22241 -10.8091 10.5
      vertex 5.08347 -7.60795 10.5
      vertex 6.5 -11.2583 10.5
    endloop
  endfacet
  facet normal -0 0 1
    outer loop
      vertex 4.575 -7.92413 10.5
      vertex 6.5 -11.2583 10.5
      vertex 5.08347 -7.60795 10.5
    endloop
  endfacet
  facet normal 0 0 1
    outer loop
      vertex 6.5 -11.2583 10.5
      vertex 4.575 -7.92413 10.5
      vertex 5.74975 -11.6593 10.5
    endloop
  endfacet
  facet normal -0 0 1
    outer loop
      vertex 4.04694 -8.20638 10.5
      vertex 5.74975 -11.6593 10.5
      vertex 4.575 -7.92413 10.5
    endloop
  endfacet
  facet normal 0 0 1
    outer loop
      vertex 5.74975 -11.6593 10.5
      vertex 4.04694 -8.20638 10.5
      vertex 4.97488 -12.0104 10.5
    endloop
  endfacet
  facet normal -0 0 1
    outer loop
      vertex 3.50155 -8.4535 10.5
      vertex 4.97488 -12.0104 10.5
      vertex 4.04694 -8.20638 10.5
    endloop
  endfacet
  facet normal 0 0 1
    outer loop
      vertex 4.97488 -12.0104 10.5
      vertex 3.50155 -8.4535 10.5
      vertex 4.17871 -12.3101 10.5
    endloop
  endfacet
  facet normal -0 0 1
    outer loop
      vertex 2.94117 -8.66441 10.5
      vertex 4.17871 -12.3101 10.5
      vertex 3.50155 -8.4535 10.5
    endloop
  endfacet
  facet normal 0 0 1
    outer loop
      vertex 4.17871 -12.3101 10.5
      vertex 2.94117 -8.66441 10.5
      vertex 3.36465 -12.557 10.5
    endloop
  endfacet
  facet normal -0 0 1
    outer loop
      vertex 2.36819 -8.83822 10.5
      vertex 3.36465 -12.557 10.5
      vertex 2.94117 -8.66441 10.5
    endloop
  endfacet
  facet normal 0 0 1
    outer loop
      vertex 3.36465 -12.557 10.5
      vertex 2.36819 -8.83822 10.5
      vertex 2.53617 -12.7502 10.5
    endloop
  endfacet
  facet normal -0 0 1
    outer loop
      vertex 1.78508 -8.97418 10.5
      vertex 2.53617 -12.7502 10.5
      vertex 2.36819 -8.83822 10.5
    endloop
  endfacet
  facet normal 0 0 1
    outer loop
      vertex 1.78508 -8.97418 10.5
      vertex 1.69684 -12.8888 10.5
      vertex 2.53617 -12.7502 10.5
    endloop
  endfacet
  facet normal -0 0 1
    outer loop
      vertex 1.19431 -9.07172 10.5
      vertex 1.69684 -12.8888 10.5
      vertex 1.78508 -8.97418 10.5
    endloop
  endfacet
  facet normal 0 0 1
    outer loop
      vertex 1.19431 -9.07172 10.5
      vertex 0.85024 -12.9722 10.5
      vertex 1.69684 -12.8888 10.5
    endloop
  endfacet
  facet normal -0 0 1
    outer loop
      vertex 0.598438 -9.13041 10.5
      vertex 0.85024 -12.9722 10.5
      vertex 1.19431 -9.07172 10.5
    endloop
  endfacet
  facet normal -0 0 1
    outer loop
      vertex 0 -9.15 10.5
      vertex 0.85024 -12.9722 10.5
      vertex 0.598438 -9.13041 10.5
    endloop
  endfacet
  facet normal 0 0 1
    outer loop
      vertex 0 -9.15 10.5
      vertex 0 -13 10.5
      vertex 0.85024 -12.9722 10.5
    endloop
  endfacet
  facet normal 0 0 1
    outer loop
      vertex -0.598438 -9.13041 10.5
      vertex 0 -13 10.5
      vertex 0 -9.15 10.5
    endloop
  endfacet
  facet normal 0 0 1
    outer loop
      vertex -0.598438 -9.13041 10.5
      vertex -0.85024 -12.9722 10.5
      vertex 0 -13 10.5
    endloop
  endfacet
  facet normal 0 0 1
    outer loop
      vertex -1.19431 -9.07172 10.5
      vertex -0.85024 -12.9722 10.5
      vertex -0.598438 -9.13041 10.5
    endloop
  endfacet
  facet normal 0 0 1
    outer loop
      vertex -1.19431 -9.07172 10.5
      vertex -1.69684 -12.8888 10.5
      vertex -0.85024 -12.9722 10.5
    endloop
  endfacet
  facet normal 0 0 1
    outer loop
      vertex -1.78508 -8.97418 10.5
      vertex -1.69684 -12.8888 10.5
      vertex -1.19431 -9.07172 10.5
    endloop
  endfacet
  facet normal 0 0 1
    outer loop
      vertex -2.53617 -12.7502 10.5
      vertex -1.78508 -8.97418 10.5
      vertex -2.36819 -8.83822 10.5
    endloop
  endfacet
  facet normal 0 0 1
    outer loop
      vertex -1.78508 -8.97418 10.5
      vertex -2.53617 -12.7502 10.5
      vertex -1.69684 -12.8888 10.5
    endloop
  endfacet
  facet normal 0 0 1
    outer loop
      vertex -3.36465 -12.557 10.5
      vertex -2.36819 -8.83822 10.5
      vertex -2.94117 -8.66441 10.5
    endloop
  endfacet
  facet normal 0 0 1
    outer loop
      vertex -2.36819 -8.83822 10.5
      vertex -3.36465 -12.557 10.5
      vertex -2.53617 -12.7502 10.5
    endloop
  endfacet
  facet normal 0 0 1
    outer loop
      vertex -4.17871 -12.3101 10.5
      vertex -2.94117 -8.66441 10.5
      vertex -3.50155 -8.4535 10.5
    endloop
  endfacet
  facet normal 0 0 1
    outer loop
      vertex -4.97488 -12.0104 10.5
      vertex -3.50155 -8.4535 10.5
      vertex -4.04694 -8.20638 10.5
    endloop
  endfacet
  facet normal 0 0 1
    outer loop
      vertex -2.94117 -8.66441 10.5
      vertex -4.17871 -12.3101 10.5
      vertex -3.36465 -12.557 10.5
    endloop
  endfacet
  facet normal 0 0 1
    outer loop
      vertex -5.74975 -11.6593 10.5
      vertex -4.04694 -8.20638 10.5
      vertex -4.575 -7.92413 10.5
    endloop
  endfacet
  facet normal 0 0 1
    outer loop
      vertex -3.50155 -8.4535 10.5
      vertex -4.97488 -12.0104 10.5
      vertex -4.17871 -12.3101 10.5
    endloop
  endfacet
  facet normal 0 0 1
    outer loop
      vertex -6.5 -11.2583 10.5
      vertex -4.575 -7.92413 10.5
      vertex -5.08347 -7.60795 10.5
    endloop
  endfacet
  facet normal 0 0 1
    outer loop
      vertex -7.22241 -10.8091 10.5
      vertex -5.08347 -7.60795 10.5
      vertex -5.57017 -7.25918 10.5
    endloop
  endfacet
  facet normal 0 0 1
    outer loop
      vertex -4.04694 -8.20638 10.5
      vertex -5.74975 -11.6593 10.5
      vertex -4.97488 -12.0104 10.5
    endloop
  endfacet
  facet normal 0 0 1
    outer loop
      vertex -7.9139 -10.3136 10.5
      vertex -5.57017 -7.25918 10.5
      vertex -6.03301 -6.87933 10.5
    endloop
  endfacet
  facet normal 0 0 1
    outer loop
      vertex -8.5715 -9.77392 10.5
      vertex -6.03301 -6.87933 10.5
      vertex -6.47003 -6.47003 10.5
    endloop
  endfacet
  facet normal 0 0 1
    outer loop
      vertex -4.575 -7.92413 10.5
      vertex -6.5 -11.2583 10.5
      vertex -5.74975 -11.6593 10.5
    endloop
  endfacet
  facet normal 0 0 1
    outer loop
      vertex -9.19239 -9.19239 10.5
      vertex -6.47003 -6.47003 10.5
      vertex -6.87933 -6.03301 10.5
    endloop
  endfacet
  facet normal 0 0 1
    outer loop
      vertex -5.08347 -7.60795 10.5
      vertex -7.22241 -10.8091 10.5
      vertex -6.5 -11.2583 10.5
    endloop
  endfacet
  facet normal 0 0 1
    outer loop
      vertex -9.77392 -8.5715 10.5
      vertex -6.87933 -6.03301 10.5
      vertex -7.25918 -5.57017 10.5
    endloop
  endfacet
  facet normal 0 0 1
    outer loop
      vertex -10.3136 -7.9139 10.5
      vertex -7.25918 -5.57017 10.5
      vertex -7.60795 -5.08347 10.5
    endloop
  endfacet
  facet normal 0 0 1
    outer loop
      vertex -5.57017 -7.25918 10.5
      vertex -7.9139 -10.3136 10.5
      vertex -7.22241 -10.8091 10.5
    endloop
  endfacet
  facet normal 0 0 1
    outer loop
      vertex -10.8091 -7.22241 10.5
      vertex -7.60795 -5.08347 10.5
      vertex -7.92413 -4.575 10.5
    endloop
  endfacet
  facet normal 0 0 1
    outer loop
      vertex -11.2583 -6.5 10.5
      vertex -7.92413 -4.575 10.5
      vertex -8.20638 -4.04694 10.5
    endloop
  endfacet
  facet normal 0 0 1
    outer loop
      vertex -11.6593 -5.74975 10.5
      vertex -8.20638 -4.04694 10.5
      vertex -8.4535 -3.50155 10.5
    endloop
  endfacet
  facet normal 0 0 1
    outer loop
      vertex -6.03301 -6.87933 10.5
      vertex -8.5715 -9.77392 10.5
      vertex -7.9139 -10.3136 10.5
    endloop
  endfacet
  facet normal 0 0 1
    outer loop
      vertex -12.0104 -4.97488 10.5
      vertex -8.4535 -3.50155 10.5
      vertex -8.66441 -2.94117 10.5
    endloop
  endfacet
  facet normal 0 0 1
    outer loop
      vertex -12.3101 -4.17871 10.5
      vertex -8.66441 -2.94117 10.5
      vertex -8.83822 -2.36819 10.5
    endloop
  endfacet
  facet normal 0 0 1
    outer loop
      vertex -12.557 -3.36465 10.5
      vertex -8.83822 -2.36819 10.5
      vertex -8.97418 -1.78508 10.5
    endloop
  endfacet
  facet normal 0 0 1
    outer loop
      vertex -12.7502 -2.53617 10.5
      vertex -8.97418 -1.78508 10.5
      vertex -9.07172 -1.19431 10.5
    endloop
  endfacet
  facet normal 0 0 1
    outer loop
      vertex -12.8888 -1.69684 10.5
      vertex -9.07172 -1.19431 10.5
      vertex -9.13041 -0.598438 10.5
    endloop
  endfacet
  facet normal 0 0 1
    outer loop
      vertex -6.47003 -6.47003 10.5
      vertex -9.19239 -9.19239 10.5
      vertex -8.5715 -9.77392 10.5
    endloop
  endfacet
  facet normal 0 0 1
    outer loop
      vertex -12.9722 -0.85024 10.5
      vertex -9.13041 -0.598438 10.5
      vertex -9.15 0 10.5
    endloop
  endfacet
  facet normal 0 0 1
    outer loop
      vertex -8.4535 3.50155 10.5
      vertex -12.0104 4.97488 10.5
      vertex -8.66441 2.94117 10.5
    endloop
  endfacet
  facet normal -0 0 1
    outer loop
      vertex -12.3101 4.17871 10.5
      vertex -8.66441 2.94117 10.5
      vertex -12.0104 4.97488 10.5
    endloop
  endfacet
  facet normal 0 0 1
    outer loop
      vertex -6.87933 -6.03301 10.5
      vertex -9.77392 -8.5715 10.5
      vertex -9.19239 -9.19239 10.5
    endloop
  endfacet
  facet normal 0 0 1
    outer loop
      vertex -8.66441 2.94117 10.5
      vertex -12.3101 4.17871 10.5
      vertex -8.83822 2.36819 10.5
    endloop
  endfacet
  facet normal 0 0 1
    outer loop
      vertex -7.25918 -5.57017 10.5
      vertex -10.3136 -7.9139 10.5
      vertex -9.77392 -8.5715 10.5
    endloop
  endfacet
  facet normal -0 0 1
    outer loop
      vertex -12.557 3.36465 10.5
      vertex -8.83822 2.36819 10.5
      vertex -12.3101 4.17871 10.5
    endloop
  endfacet
  facet normal 0 0 1
    outer loop
      vertex -7.60795 -5.08347 10.5
      vertex -10.8091 -7.22241 10.5
      vertex -10.3136 -7.9139 10.5
    endloop
  endfacet
  facet normal 0 0 1
    outer loop
      vertex -8.83822 2.36819 10.5
      vertex -12.557 3.36465 10.5
      vertex -8.97418 1.78508 10.5
    endloop
  endfacet
  facet normal 0 0 1
    outer loop
      vertex -7.92413 -4.575 10.5
      vertex -11.2583 -6.5 10.5
      vertex -10.8091 -7.22241 10.5
    endloop
  endfacet
  facet normal -0 0 1
    outer loop
      vertex -12.7502 2.53617 10.5
      vertex -8.97418 1.78508 10.5
      vertex -12.557 3.36465 10.5
    endloop
  endfacet
  facet normal 0 0 1
    outer loop
      vertex -8.20638 -4.04694 10.5
      vertex -11.6593 -5.74975 10.5
      vertex -11.2583 -6.5 10.5
    endloop
  endfacet
  facet normal 0 0 1
    outer loop
      vertex -8.97418 1.78508 10.5
      vertex -12.7502 2.53617 10.5
      vertex -9.07172 1.19431 10.5
    endloop
  endfacet
  facet normal 0 0 1
    outer loop
      vertex -8.4535 -3.50155 10.5
      vertex -12.0104 -4.97488 10.5
      vertex -11.6593 -5.74975 10.5
    endloop
  endfacet
  facet normal -0 0 1
    outer loop
      vertex -12.8888 1.69684 10.5
      vertex -9.07172 1.19431 10.5
      vertex -12.7502 2.53617 10.5
    endloop
  endfacet
  facet normal 0 0 1
    outer loop
      vertex -8.66441 -2.94117 10.5
      vertex -12.3101 -4.17871 10.5
      vertex -12.0104 -4.97488 10.5
    endloop
  endfacet
  facet normal 0 0 1
    outer loop
      vertex -9.07172 1.19431 10.5
      vertex -12.8888 1.69684 10.5
      vertex -9.13041 0.598438 10.5
    endloop
  endfacet
  facet normal 0 0 1
    outer loop
      vertex -8.83822 -2.36819 10.5
      vertex -12.557 -3.36465 10.5
      vertex -12.3101 -4.17871 10.5
    endloop
  endfacet
  facet normal -0 0 1
    outer loop
      vertex -12.9722 0.85024 10.5
      vertex -9.13041 0.598438 10.5
      vertex -12.8888 1.69684 10.5
    endloop
  endfacet
  facet normal 0 0 1
    outer loop
      vertex -8.97418 -1.78508 10.5
      vertex -12.7502 -2.53617 10.5
      vertex -12.557 -3.36465 10.5
    endloop
  endfacet
  facet normal 0 0 1
    outer loop
      vertex -9.13041 0.598438 10.5
      vertex -12.9722 0.85024 10.5
      vertex -9.15 0 10.5
    endloop
  endfacet
  facet normal 0 0 1
    outer loop
      vertex -9.07172 -1.19431 10.5
      vertex -12.8888 -1.69684 10.5
      vertex -12.7502 -2.53617 10.5
    endloop
  endfacet
  facet normal 0 0 1
    outer loop
      vertex -13 0 10.5
      vertex -9.15 0 10.5
      vertex -12.9722 0.85024 10.5
    endloop
  endfacet
  facet normal 0 0 1
    outer loop
      vertex -9.13041 -0.598438 10.5
      vertex -12.9722 -0.85024 10.5
      vertex -12.8888 -1.69684 10.5
    endloop
  endfacet
  facet normal 0 0 1
    outer loop
      vertex -9.15 0 10.5
      vertex -13 0 10.5
      vertex -12.9722 -0.85024 10.5
    endloop
  endfacet
  facet normal 0.849207 -0.528059 0
    outer loop
      vertex -7.92413 4.575 10.5
      vertex -7.60795 5.08347 6.85
      vertex -7.60795 5.08347 10.5
    endloop
  endfacet
  facet normal 0.849207 -0.528059 0
    outer loop
      vertex -7.60795 5.08347 6.85
      vertex -7.92413 4.575 10.5
      vertex -7.92413 4.575 6.85
    endloop
  endfacet
  facet normal 0.849207 -0.528059 0
    outer loop
      vertex -7.92413 4.575 6.15
      vertex -7.60795 5.08347 1.19
      vertex -7.60795 5.08347 6.15
    endloop
  endfacet
  facet normal 0.849207 -0.528059 0
    outer loop
      vertex -7.60795 5.08347 1.19
      vertex -7.92413 4.575 6.15
      vertex -7.92413 4.575 1.19
    endloop
  endfacet
  facet normal 0.471392 -0.881924 0
    outer loop
      vertex -4.575 7.92413 6.85
      vertex -4.04694 8.20638 10.5
      vertex -4.575 7.92413 10.5
    endloop
  endfacet
  facet normal 0.471392 -0.881924 0
    outer loop
      vertex -4.04694 8.20638 10.5
      vertex -4.575 7.92413 6.85
      vertex -4.04694 8.20638 6.85
    endloop
  endfacet
  facet normal 0.471392 -0.881924 0
    outer loop
      vertex -4.575 7.92413 1.19
      vertex -4.04694 8.20638 6.15
      vertex -4.575 7.92413 6.15
    endloop
  endfacet
  facet normal 0.471392 -0.881924 0
    outer loop
      vertex -4.04694 8.20638 6.15
      vertex -4.575 7.92413 1.19
      vertex -4.04694 8.20638 1.19
    endloop
  endfacet
  facet normal 0.471392 0.881924 -0
    outer loop
      vertex -4.04694 -8.20638 6.85
      vertex -4.575 -7.92413 10.5
      vertex -4.04694 -8.20638 10.5
    endloop
  endfacet
  facet normal 0.471392 0.881924 0
    outer loop
      vertex -4.575 -7.92413 10.5
      vertex -4.04694 -8.20638 6.85
      vertex -4.575 -7.92413 6.85
    endloop
  endfacet
  facet normal 0.471392 0.881924 -0
    outer loop
      vertex -4.04694 -8.20638 1.19
      vertex -4.575 -7.92413 6.15
      vertex -4.04694 -8.20638 6.15
    endloop
  endfacet
  facet normal 0.471392 0.881924 0
    outer loop
      vertex -4.575 -7.92413 6.15
      vertex -4.04694 -8.20638 1.19
      vertex -4.575 -7.92413 1.19
    endloop
  endfacet
  facet normal -0.767967 -0.025198 -0.639994
    outer loop
      vertex 10.1201 0.65831 0
      vertex 10.1417 0 0
      vertex 9.15 0 1.19
    endloop
  endfacet
  facet normal -0.719142 -0.27066 -0.639982
    outer loop
      vertex 9.37144 3.87638 0
      vertex 9.60345 3.25993 0
      vertex 8.66441 2.94117 1.19
    endloop
  endfacet
  facet normal -0.125163 -0.758128 -0.639981
    outer loop
      vertex 1.32375 10.0549 0
      vertex 1.97362 9.94761 0
      vertex 1.19431 9.07172 1.19
    endloop
  endfacet
  facet normal 0.735177 0.223482 -0.639977
    outer loop
      vertex -8.83822 -2.36819 1.19
      vertex -9.79465 -2.62963 0
      vertex -9.7961 -2.62486 0
    endloop
  endfacet
  facet normal 0.735303 0.22305 -0.639983
    outer loop
      vertex -9.79465 -2.62963 0
      vertex -8.83822 -2.36819 1.19
      vertex -8.66441 -2.94117 1.19
    endloop
  endfacet
  facet normal -0.487468 0.593965 -0.639985
    outer loop
      vertex 6.68301 -7.62807 0
      vertex 6.17386 -8.04593 0
      vertex 5.57017 -7.25918 1.19
    endloop
  endfacet
  facet normal 0.27066 0.719142 -0.639982
    outer loop
      vertex -2.94117 -8.66441 1.19
      vertex -3.25993 -9.60345 0
      vertex -3.87638 -9.37144 0
    endloop
  endfacet
  facet normal -0.316222 0.700316 -0.639969
    outer loop
      vertex 4.481 -9.09784 0
      vertex 4.04694 -8.20638 1.19
      vertex 4.48554 -9.09579 0
    endloop
  endfacet
  facet normal -0.317127 0.699894 -0.639983
    outer loop
      vertex 4.04694 -8.20638 1.19
      vertex 4.481 -9.09784 0
      vertex 3.50155 -8.4535 1.19
    endloop
  endfacet
  facet normal -0.223052 -0.735303 -0.639982
    outer loop
      vertex 3.25993 9.60345 0
      vertex 2.94117 8.66441 1.19
      vertex 2.62963 9.79465 0
    endloop
  endfacet
  facet normal 0.0753165 -0.764678 -0.639996
    outer loop
      vertex -0.668262 10.1195 0
      vertex -0.598438 9.13041 1.19
      vertex -1.19431 9.07172 1.19
    endloop
  endfacet
  facet normal 0.0769767 -0.764533 -0.639972
    outer loop
      vertex -0.598438 9.13041 1.19
      vertex -0.668262 10.1195 0
      vertex -0.663296 10.12 0
    endloop
  endfacet
  facet normal -0.174485 0.748315 -0.639985
    outer loop
      vertex 2.62 -9.79723 0
      vertex 1.97854 -9.9468 0
      vertex 1.78508 -8.97418 1.19
    endloop
  endfacet
  facet normal -0.719017 -0.270979 -0.639988
    outer loop
      vertex 9.37144 3.87638 0
      vertex 8.4535 3.50155 1.19
      vertex 9.36968 3.88105 0
    endloop
  endfacet
  facet normal -0.71914 -0.270663 -0.639983
    outer loop
      vertex 8.4535 3.50155 1.19
      vertex 9.37144 3.87638 0
      vertex 8.66441 2.94117 1.19
    endloop
  endfacet
  facet normal 0.362211 0.677659 -0.639985
    outer loop
      vertex -4.48554 -9.09579 0
      vertex -4.575 -7.92413 1.19
      vertex -4.04694 -8.20638 1.19
    endloop
  endfacet
  facet normal 0.363328 0.67739 -0.639637
    outer loop
      vertex -4.575 -7.92413 1.19
      vertex -4.48554 -9.09579 0
      vertex -4.48994 -9.09343 0
    endloop
  endfacet
  facet normal -0.025198 0.767967 -0.639994
    outer loop
      vertex 0 -9.15 1.19
      vertex 0.65831 -10.1201 0
      vertex 0 -10.1417 0
    endloop
  endfacet
  facet normal 0.487468 -0.593965 -0.639985
    outer loop
      vertex -6.17386 8.04593 0
      vertex -5.57017 7.25918 1.19
      vertex -6.68301 7.62807 0
    endloop
  endfacet
  facet normal -0.767967 0.025198 -0.639994
    outer loop
      vertex 10.1417 0 0
      vertex 10.1201 -0.65831 0
      vertex 9.15 0 1.19
    endloop
  endfacet
  facet normal 0.270663 0.71914 -0.639983
    outer loop
      vertex -3.87638 -9.37144 0
      vertex -3.50155 -8.4535 1.19
      vertex -2.94117 -8.66441 1.19
    endloop
  endfacet
  facet normal 0.270979 0.719017 -0.639988
    outer loop
      vertex -3.50155 -8.4535 1.19
      vertex -3.87638 -9.37144 0
      vertex -3.88105 -9.36968 0
    endloop
  endfacet
  facet normal -0.593965 0.487468 -0.639985
    outer loop
      vertex 8.04593 -6.17386 0
      vertex 7.62807 -6.68301 0
      vertex 7.25918 -5.57017 1.19
    endloop
  endfacet
  facet normal -0.74843 -0.174018 -0.639976
    outer loop
      vertex 9.79723 2.62 0
      vertex 8.83822 2.36819 1.19
      vertex 9.7961 2.62486 0
    endloop
  endfacet
  facet normal -0.748317 -0.17448 -0.639983
    outer loop
      vertex 8.83822 2.36819 1.19
      vertex 9.79723 2.62 0
      vertex 8.97418 1.78508 1.19
    endloop
  endfacet
  facet normal -0.677661 -0.362215 -0.639982
    outer loop
      vertex 8.78294 5.07083 0
      vertex 9.09343 4.48994 0
      vertex 7.92413 4.575 1.19
    endloop
  endfacet
  facet normal 0.767967 0.025198 -0.639994
    outer loop
      vertex -9.15 0 1.19
      vertex -10.1201 -0.65831 0
      vertex -10.1417 0 0
    endloop
  endfacet
  facet normal -0.525254 -0.560827 -0.639986
    outer loop
      vertex 6.03301 6.87933 1.19
      vertex 6.69051 7.6215 0
      vertex 6.47003 6.47003 1.19
    endloop
  endfacet
  facet normal -0.525327 -0.56076 -0.639984
    outer loop
      vertex 6.69051 7.6215 0
      vertex 6.03301 6.87933 1.19
      vertex 6.68687 7.62491 0
    endloop
  endfacet
  facet normal 0.699895 -0.317126 -0.639983
    outer loop
      vertex -9.09784 4.481 0
      vertex -8.4535 3.50155 1.19
      vertex -9.36968 3.88105 0
    endloop
  endfacet
  facet normal -0.362211 -0.677659 -0.639985
    outer loop
      vertex 4.48554 9.09579 0
      vertex 4.575 7.92413 1.19
      vertex 4.04694 8.20638 1.19
    endloop
  endfacet
  facet normal -0.363328 -0.67739 -0.639637
    outer loop
      vertex 4.575 7.92413 1.19
      vertex 4.48554 9.09579 0
      vertex 4.48994 9.09343 0
    endloop
  endfacet
  facet normal -0.0753617 0.764686 -0.639982
    outer loop
      vertex 1.19431 -9.07172 1.19
      vertex 1.32375 -10.0549 0
      vertex 0.668262 -10.1195 0
    endloop
  endfacet
  facet normal -0.525271 -0.560817 -0.63998
    outer loop
      vertex 6.69051 7.6215 0
      vertex 7.17124 7.17124 0
      vertex 6.47003 6.47003 1.19
    endloop
  endfacet
  facet normal -0.560817 0.525271 -0.63998
    outer loop
      vertex 7.6215 -6.69051 0
      vertex 7.17124 -7.17124 0
      vertex 6.47003 -6.47003 1.19
    endloop
  endfacet
  facet normal 0.652518 0.405762 -0.639982
    outer loop
      vertex -7.92413 -4.575 1.19
      vertex -8.43512 -5.63017 0
      vertex -8.78294 -5.07083 0
    endloop
  endfacet
  facet normal -0.719142 0.27066 -0.639982
    outer loop
      vertex 9.60345 -3.25993 0
      vertex 9.37144 -3.87638 0
      vertex 8.66441 -2.94117 1.19
    endloop
  endfacet
  facet normal 0.025198 0.767967 -0.639994
    outer loop
      vertex 0 -9.15 1.19
      vertex 0 -10.1417 0
      vertex -0.65831 -10.1201 0
    endloop
  endfacet
  facet normal -0.487468 -0.593965 -0.639985
    outer loop
      vertex 6.17386 8.04593 0
      vertex 6.68301 7.62807 0
      vertex 5.57017 7.25918 1.19
    endloop
  endfacet
  facet normal 0.525271 0.560817 -0.63998
    outer loop
      vertex -6.47003 -6.47003 1.19
      vertex -6.69051 -7.6215 0
      vertex -7.17124 -7.17124 0
    endloop
  endfacet
  facet normal 0.125163 -0.758128 -0.639981
    outer loop
      vertex -1.32375 10.0549 0
      vertex -1.19431 9.07172 1.19
      vertex -1.97362 9.94761 0
    endloop
  endfacet
  facet normal -0.22305 0.735303 -0.639983
    outer loop
      vertex 2.62963 -9.79465 0
      vertex 2.36819 -8.83822 1.19
      vertex 2.94117 -8.66441 1.19
    endloop
  endfacet
  facet normal -0.223482 0.735177 -0.639977
    outer loop
      vertex 2.36819 -8.83822 1.19
      vertex 2.62963 -9.79465 0
      vertex 2.62486 -9.7961 0
    endloop
  endfacet
  facet normal 0.270979 -0.719017 -0.639988
    outer loop
      vertex -3.87638 9.37144 0
      vertex -3.50155 8.4535 1.19
      vertex -3.88105 9.36968 0
    endloop
  endfacet
  facet normal 0.270663 -0.71914 -0.639983
    outer loop
      vertex -3.50155 8.4535 1.19
      vertex -3.87638 9.37144 0
      vertex -2.94117 8.66441 1.19
    endloop
  endfacet
  facet normal -0.0154107 0.768376 -0.639813
    outer loop
      vertex 0.65831 -10.1201 0
      vertex 0.598438 -9.13041 1.19
      vertex 0.663296 -10.12 0
    endloop
  endfacet
  facet normal -0.0251401 0.767984 -0.639976
    outer loop
      vertex 0.598438 -9.13041 1.19
      vertex 0.65831 -10.1201 0
      vertex 0 -9.15 1.19
    endloop
  endfacet
  facet normal 0.560817 -0.525271 -0.63998
    outer loop
      vertex -7.17124 7.17124 0
      vertex -6.47003 6.47003 1.19
      vertex -7.6215 6.69051 0
    endloop
  endfacet
  facet normal 0.67739 -0.363328 -0.639637
    outer loop
      vertex -7.92413 4.575 1.19
      vertex -9.09579 4.48554 0
      vertex -9.09343 4.48994 0
    endloop
  endfacet
  facet normal 0.677659 -0.362211 -0.639985
    outer loop
      vertex -9.09579 4.48554 0
      vertex -7.92413 4.575 1.19
      vertex -8.20638 4.04694 1.19
    endloop
  endfacet
  facet normal -0.62458 -0.447575 -0.639982
    outer loop
      vertex 7.25918 5.57017 1.19
      vertex 8.04883 6.1698 0
      vertex 7.60795 5.08347 1.19
    endloop
  endfacet
  facet normal -0.625276 -0.446626 -0.639966
    outer loop
      vertex 8.04883 6.1698 0
      vertex 7.25918 5.57017 1.19
      vertex 8.04593 6.17386 0
    endloop
  endfacet
  facet normal -0.735177 -0.223482 -0.639977
    outer loop
      vertex 8.83822 2.36819 1.19
      vertex 9.79465 2.62963 0
      vertex 9.7961 2.62486 0
    endloop
  endfacet
  facet normal -0.735303 -0.22305 -0.639983
    outer loop
      vertex 9.79465 2.62963 0
      vertex 8.83822 2.36819 1.19
      vertex 8.66441 2.94117 1.19
    endloop
  endfacet
  facet normal 0.748317 0.17448 -0.639983
    outer loop
      vertex -8.83822 -2.36819 1.19
      vertex -9.79723 -2.62 0
      vertex -8.97418 -1.78508 1.19
    endloop
  endfacet
  facet normal 0.74843 0.174018 -0.639976
    outer loop
      vertex -9.79723 -2.62 0
      vertex -8.83822 -2.36819 1.19
      vertex -9.7961 -2.62486 0
    endloop
  endfacet
  facet normal 0.624581 -0.447574 -0.639982
    outer loop
      vertex -8.04883 6.1698 0
      vertex -7.60795 5.08347 1.19
      vertex -8.43249 5.63441 0
    endloop
  endfacet
  facet normal 0.767967 -0.025198 -0.639994
    outer loop
      vertex -10.1201 0.65831 0
      vertex -9.15 0 1.19
      vertex -10.1417 0 0
    endloop
  endfacet
  facet normal 0.764686 -0.0753617 -0.639982
    outer loop
      vertex -10.0549 1.32375 0
      vertex -9.07172 1.19431 1.19
      vertex -10.1195 0.668262 0
    endloop
  endfacet
  facet normal 0.405762 0.652518 -0.639982
    outer loop
      vertex -4.575 -7.92413 1.19
      vertex -5.07083 -8.78294 0
      vertex -5.63017 -8.43512 0
    endloop
  endfacet
  facet normal -0.700316 -0.316222 -0.639969
    outer loop
      vertex 9.09784 4.481 0
      vertex 8.20638 4.04694 1.19
      vertex 9.09579 4.48554 0
    endloop
  endfacet
  facet normal -0.699894 -0.317127 -0.639983
    outer loop
      vertex 8.20638 4.04694 1.19
      vertex 9.09784 4.481 0
      vertex 8.4535 3.50155 1.19
    endloop
  endfacet
  facet normal 0.223482 0.735177 -0.639977
    outer loop
      vertex -2.62963 -9.79465 0
      vertex -2.36819 -8.83822 1.19
      vertex -2.62486 -9.7961 0
    endloop
  endfacet
  facet normal 0.22305 0.735303 -0.639983
    outer loop
      vertex -2.36819 -8.83822 1.19
      vertex -2.62963 -9.79465 0
      vertex -2.94117 -8.66441 1.19
    endloop
  endfacet
  facet normal -0.593965 -0.487468 -0.639985
    outer loop
      vertex 7.62807 6.68301 0
      vertex 8.04593 6.17386 0
      vertex 7.25918 5.57017 1.19
    endloop
  endfacet
  facet normal -0.594571 0.486747 -0.639971
    outer loop
      vertex 6.87933 -6.03301 1.19
      vertex 7.62807 -6.68301 0
      vertex 7.62491 -6.68687 0
    endloop
  endfacet
  facet normal -0.593968 0.487466 -0.639984
    outer loop
      vertex 7.62807 -6.68301 0
      vertex 6.87933 -6.03301 1.19
      vertex 7.25918 -5.57017 1.19
    endloop
  endfacet
  facet normal -0.362215 -0.677661 -0.639982
    outer loop
      vertex 5.07083 8.78294 0
      vertex 4.575 7.92413 1.19
      vertex 4.48994 9.09343 0
    endloop
  endfacet
  facet normal 0.125163 0.758128 -0.639981
    outer loop
      vertex -1.19431 -9.07172 1.19
      vertex -1.32375 -10.0549 0
      vertex -1.97362 -9.94761 0
    endloop
  endfacet
  facet normal -0.363328 0.67739 -0.639637
    outer loop
      vertex 4.48554 -9.09579 0
      vertex 4.575 -7.92413 1.19
      vertex 4.48994 -9.09343 0
    endloop
  endfacet
  facet normal -0.362211 0.677659 -0.639985
    outer loop
      vertex 4.575 -7.92413 1.19
      vertex 4.48554 -9.09579 0
      vertex 4.04694 -8.20638 1.19
    endloop
  endfacet
  facet normal 0.625276 0.446626 -0.639966
    outer loop
      vertex -8.04883 -6.1698 0
      vertex -7.25918 -5.57017 1.19
      vertex -8.04593 -6.17386 0
    endloop
  endfacet
  facet normal 0.62458 0.447575 -0.639982
    outer loop
      vertex -7.25918 -5.57017 1.19
      vertex -8.04883 -6.1698 0
      vertex -7.60795 -5.08347 1.19
    endloop
  endfacet
  facet normal -0.56076 0.525327 -0.639984
    outer loop
      vertex 7.6215 -6.69051 0
      vertex 6.87933 -6.03301 1.19
      vertex 7.62491 -6.68687 0
    endloop
  endfacet
  facet normal -0.560827 0.525254 -0.639986
    outer loop
      vertex 6.87933 -6.03301 1.19
      vertex 7.6215 -6.69051 0
      vertex 6.47003 -6.47003 1.19
    endloop
  endfacet
  facet normal -0.735303 -0.223052 -0.639982
    outer loop
      vertex 9.60345 3.25993 0
      vertex 9.79465 2.62963 0
      vertex 8.66441 2.94117 1.19
    endloop
  endfacet
  facet normal -0.486747 0.594571 -0.639971
    outer loop
      vertex 6.68301 -7.62807 0
      vertex 6.03301 -6.87933 1.19
      vertex 6.68687 -7.62491 0
    endloop
  endfacet
  facet normal -0.487466 0.593968 -0.639984
    outer loop
      vertex 6.03301 -6.87933 1.19
      vertex 6.68301 -7.62807 0
      vertex 5.57017 -7.25918 1.19
    endloop
  endfacet
  facet normal 0.125171 0.758124 -0.639984
    outer loop
      vertex -1.97362 -9.94761 0
      vertex -1.78508 -8.97418 1.19
      vertex -1.19431 -9.07172 1.19
    endloop
  endfacet
  facet normal 0.124823 0.758186 -0.639979
    outer loop
      vertex -1.78508 -8.97418 1.19
      vertex -1.97362 -9.94761 0
      vertex -1.97854 -9.9468 0
    endloop
  endfacet
  facet normal -0.317127 -0.699894 -0.639983
    outer loop
      vertex 4.481 9.09784 0
      vertex 4.04694 8.20638 1.19
      vertex 3.50155 8.4535 1.19
    endloop
  endfacet
  facet normal -0.316222 -0.700316 -0.639969
    outer loop
      vertex 4.04694 8.20638 1.19
      vertex 4.481 9.09784 0
      vertex 4.48554 9.09579 0
    endloop
  endfacet
  facet normal 0.719142 -0.27066 -0.639982
    outer loop
      vertex -9.37144 3.87638 0
      vertex -8.66441 2.94117 1.19
      vertex -9.60345 3.25993 0
    endloop
  endfacet
  facet normal 0.652984 -0.405035 -0.639968
    outer loop
      vertex -7.60795 5.08347 1.19
      vertex -8.43512 5.63017 0
      vertex -8.43249 5.63441 0
    endloop
  endfacet
  facet normal 0.652524 -0.405757 -0.639979
    outer loop
      vertex -8.43512 5.63017 0
      vertex -7.60795 5.08347 1.19
      vertex -7.92413 4.575 1.19
    endloop
  endfacet
  facet normal 0.758186 -0.124823 -0.639979
    outer loop
      vertex -8.97418 1.78508 1.19
      vertex -9.94761 1.97362 0
      vertex -9.9468 1.97854 0
    endloop
  endfacet
  facet normal 0.758124 -0.125171 -0.639984
    outer loop
      vertex -9.94761 1.97362 0
      vertex -8.97418 1.78508 1.19
      vertex -9.07172 1.19431 1.19
    endloop
  endfacet
  facet normal 0.447574 0.624581 -0.639982
    outer loop
      vertex -5.08347 -7.60795 1.19
      vertex -5.63441 -8.43249 0
      vertex -6.1698 -8.04883 0
    endloop
  endfacet
  facet normal 0.0753617 0.764686 -0.639982
    outer loop
      vertex -1.19431 -9.07172 1.19
      vertex -0.668262 -10.1195 0
      vertex -1.32375 -10.0549 0
    endloop
  endfacet
  facet normal -0.17448 -0.748317 -0.639983
    outer loop
      vertex 2.62 9.79723 0
      vertex 2.36819 8.83822 1.19
      vertex 1.78508 8.97418 1.19
    endloop
  endfacet
  facet normal -0.174018 -0.74843 -0.639976
    outer loop
      vertex 2.36819 8.83822 1.19
      vertex 2.62 9.79723 0
      vertex 2.62486 9.7961 0
    endloop
  endfacet
  facet normal 0.677661 -0.362215 -0.639982
    outer loop
      vertex -8.78294 5.07083 0
      vertex -7.92413 4.575 1.19
      vertex -9.09343 4.48994 0
    endloop
  endfacet
  facet normal 0.27066 -0.719142 -0.639982
    outer loop
      vertex -3.25993 9.60345 0
      vertex -2.94117 8.66441 1.19
      vertex -3.87638 9.37144 0
    endloop
  endfacet
  facet normal 0.71914 0.270663 -0.639983
    outer loop
      vertex -8.4535 -3.50155 1.19
      vertex -9.37144 -3.87638 0
      vertex -8.66441 -2.94117 1.19
    endloop
  endfacet
  facet normal 0.719017 0.270979 -0.639988
    outer loop
      vertex -9.37144 -3.87638 0
      vertex -8.4535 -3.50155 1.19
      vertex -9.36968 -3.88105 0
    endloop
  endfacet
  facet normal -0.270663 -0.71914 -0.639983
    outer loop
      vertex 3.87638 9.37144 0
      vertex 3.50155 8.4535 1.19
      vertex 2.94117 8.66441 1.19
    endloop
  endfacet
  facet normal -0.270979 -0.719017 -0.639988
    outer loop
      vertex 3.50155 8.4535 1.19
      vertex 3.87638 9.37144 0
      vertex 3.88105 9.36968 0
    endloop
  endfacet
  facet normal 0.62458 -0.447575 -0.639982
    outer loop
      vertex -8.04883 6.1698 0
      vertex -7.25918 5.57017 1.19
      vertex -7.60795 5.08347 1.19
    endloop
  endfacet
  facet normal 0.625276 -0.446626 -0.639966
    outer loop
      vertex -7.25918 5.57017 1.19
      vertex -8.04883 6.1698 0
      vertex -8.04593 6.17386 0
    endloop
  endfacet
  facet normal 0.74843 -0.174018 -0.639976
    outer loop
      vertex -8.83822 2.36819 1.19
      vertex -9.79723 2.62 0
      vertex -9.7961 2.62486 0
    endloop
  endfacet
  facet normal 0.748317 -0.17448 -0.639983
    outer loop
      vertex -9.79723 2.62 0
      vertex -8.83822 2.36819 1.19
      vertex -8.97418 1.78508 1.19
    endloop
  endfacet
  facet normal -0.362215 0.677661 -0.639982
    outer loop
      vertex 4.575 -7.92413 1.19
      vertex 5.07083 -8.78294 0
      vertex 4.48994 -9.09343 0
    endloop
  endfacet
  facet normal -0.317126 -0.699895 -0.639983
    outer loop
      vertex 3.88105 9.36968 0
      vertex 4.481 9.09784 0
      vertex 3.50155 8.4535 1.19
    endloop
  endfacet
  facet normal -0.748315 0.174485 -0.639985
    outer loop
      vertex 9.9468 -1.97854 0
      vertex 9.79723 -2.62 0
      vertex 8.97418 -1.78508 1.19
    endloop
  endfacet
  facet normal -0.0769767 -0.764533 -0.639972
    outer loop
      vertex 0.668262 10.1195 0
      vertex 0.598438 9.13041 1.19
      vertex 0.663296 10.12 0
    endloop
  endfacet
  facet normal -0.0753165 -0.764678 -0.639996
    outer loop
      vertex 0.598438 9.13041 1.19
      vertex 0.668262 10.1195 0
      vertex 1.19431 9.07172 1.19
    endloop
  endfacet
  facet normal -0.405762 -0.652518 -0.639982
    outer loop
      vertex 5.07083 8.78294 0
      vertex 5.63017 8.43512 0
      vertex 4.575 7.92413 1.19
    endloop
  endfacet
  facet normal 0.362215 0.677661 -0.639982
    outer loop
      vertex -4.575 -7.92413 1.19
      vertex -4.48994 -9.09343 0
      vertex -5.07083 -8.78294 0
    endloop
  endfacet
  facet normal -0.748315 -0.174485 -0.639985
    outer loop
      vertex 9.79723 2.62 0
      vertex 9.9468 1.97854 0
      vertex 8.97418 1.78508 1.19
    endloop
  endfacet
  facet normal 0.735303 -0.223052 -0.639982
    outer loop
      vertex -9.60345 3.25993 0
      vertex -8.66441 2.94117 1.19
      vertex -9.79465 2.62963 0
    endloop
  endfacet
  facet normal 0.525254 -0.560827 -0.639986
    outer loop
      vertex -6.69051 7.6215 0
      vertex -6.03301 6.87933 1.19
      vertex -6.47003 6.47003 1.19
    endloop
  endfacet
  facet normal 0.525327 -0.56076 -0.639984
    outer loop
      vertex -6.03301 6.87933 1.19
      vertex -6.69051 7.6215 0
      vertex -6.68687 7.62491 0
    endloop
  endfacet
  facet normal -0.768376 -0.0154107 -0.639813
    outer loop
      vertex 10.1201 0.65831 0
      vertex 9.13041 0.598438 1.19
      vertex 10.12 0.663296 0
    endloop
  endfacet
  facet normal -0.767984 -0.0251401 -0.639976
    outer loop
      vertex 9.13041 0.598438 1.19
      vertex 10.1201 0.65831 0
      vertex 9.15 0 1.19
    endloop
  endfacet
  facet normal -0.758128 0.125163 -0.639981
    outer loop
      vertex 10.0549 -1.32375 0
      vertex 9.94761 -1.97362 0
      vertex 9.07172 -1.19431 1.19
    endloop
  endfacet
  facet normal -0.699895 0.317126 -0.639983
    outer loop
      vertex 9.36968 -3.88105 0
      vertex 9.09784 -4.481 0
      vertex 8.4535 -3.50155 1.19
    endloop
  endfacet
  facet normal -0.625276 0.446626 -0.639966
    outer loop
      vertex 7.25918 -5.57017 1.19
      vertex 8.04883 -6.1698 0
      vertex 8.04593 -6.17386 0
    endloop
  endfacet
  facet normal -0.62458 0.447575 -0.639982
    outer loop
      vertex 8.04883 -6.1698 0
      vertex 7.25918 -5.57017 1.19
      vertex 7.60795 -5.08347 1.19
    endloop
  endfacet
  facet normal -0.405757 -0.652524 -0.639979
    outer loop
      vertex 5.63017 8.43512 0
      vertex 5.08347 7.60795 1.19
      vertex 4.575 7.92413 1.19
    endloop
  endfacet
  facet normal -0.405035 -0.652984 -0.639968
    outer loop
      vertex 5.08347 7.60795 1.19
      vertex 5.63017 8.43512 0
      vertex 5.63441 8.43249 0
    endloop
  endfacet
  facet normal -0.27066 -0.719142 -0.639982
    outer loop
      vertex 3.25993 9.60345 0
      vertex 3.87638 9.37144 0
      vertex 2.94117 8.66441 1.19
    endloop
  endfacet
  facet normal -0.025198 -0.767967 -0.639994
    outer loop
      vertex 0 10.1417 0
      vertex 0.65831 10.1201 0
      vertex 0 9.15 1.19
    endloop
  endfacet
  facet normal -0.270979 0.719017 -0.639988
    outer loop
      vertex 3.87638 -9.37144 0
      vertex 3.50155 -8.4535 1.19
      vertex 3.88105 -9.36968 0
    endloop
  endfacet
  facet normal -0.270663 0.71914 -0.639983
    outer loop
      vertex 3.50155 -8.4535 1.19
      vertex 3.87638 -9.37144 0
      vertex 2.94117 -8.66441 1.19
    endloop
  endfacet
  facet normal -0.758124 0.125171 -0.639984
    outer loop
      vertex 9.94761 -1.97362 0
      vertex 8.97418 -1.78508 1.19
      vertex 9.07172 -1.19431 1.19
    endloop
  endfacet
  facet normal -0.758186 0.124823 -0.639979
    outer loop
      vertex 8.97418 -1.78508 1.19
      vertex 9.94761 -1.97362 0
      vertex 9.9468 -1.97854 0
    endloop
  endfacet
  facet normal 0.487468 0.593965 -0.639985
    outer loop
      vertex -5.57017 -7.25918 1.19
      vertex -6.17386 -8.04593 0
      vertex -6.68301 -7.62807 0
    endloop
  endfacet
  facet normal -0.560817 -0.525271 -0.63998
    outer loop
      vertex 7.17124 7.17124 0
      vertex 7.6215 6.69051 0
      vertex 6.47003 6.47003 1.19
    endloop
  endfacet
  facet normal -0.446626 0.625276 -0.639966
    outer loop
      vertex 6.1698 -8.04883 0
      vertex 5.57017 -7.25918 1.19
      vertex 6.17386 -8.04593 0
    endloop
  endfacet
  facet normal -0.447575 0.62458 -0.639982
    outer loop
      vertex 5.57017 -7.25918 1.19
      vertex 6.1698 -8.04883 0
      vertex 5.08347 -7.60795 1.19
    endloop
  endfacet
  facet normal -0.624581 0.447574 -0.639982
    outer loop
      vertex 8.43249 -5.63441 0
      vertex 8.04883 -6.1698 0
      vertex 7.60795 -5.08347 1.19
    endloop
  endfacet
  facet normal 0.758124 0.125171 -0.639984
    outer loop
      vertex -8.97418 -1.78508 1.19
      vertex -9.94761 -1.97362 0
      vertex -9.07172 -1.19431 1.19
    endloop
  endfacet
  facet normal 0.758186 0.124823 -0.639979
    outer loop
      vertex -9.94761 -1.97362 0
      vertex -8.97418 -1.78508 1.19
      vertex -9.9468 -1.97854 0
    endloop
  endfacet
  facet normal 0.652524 0.405757 -0.639979
    outer loop
      vertex -7.60795 -5.08347 1.19
      vertex -8.43512 -5.63017 0
      vertex -7.92413 -4.575 1.19
    endloop
  endfacet
  facet normal 0.652984 0.405035 -0.639968
    outer loop
      vertex -8.43512 -5.63017 0
      vertex -7.60795 -5.08347 1.19
      vertex -8.43249 -5.63441 0
    endloop
  endfacet
  facet normal 0.594571 0.486747 -0.639971
    outer loop
      vertex -7.62807 -6.68301 0
      vertex -6.87933 -6.03301 1.19
      vertex -7.62491 -6.68687 0
    endloop
  endfacet
  facet normal 0.593968 0.487466 -0.639984
    outer loop
      vertex -6.87933 -6.03301 1.19
      vertex -7.62807 -6.68301 0
      vertex -7.25918 -5.57017 1.19
    endloop
  endfacet
  facet normal -0.223482 -0.735177 -0.639977
    outer loop
      vertex 2.62963 9.79465 0
      vertex 2.36819 8.83822 1.19
      vertex 2.62486 9.7961 0
    endloop
  endfacet
  facet normal -0.22305 -0.735303 -0.639983
    outer loop
      vertex 2.36819 8.83822 1.19
      vertex 2.62963 9.79465 0
      vertex 2.94117 8.66441 1.19
    endloop
  endfacet
  facet normal 0.025198 -0.767967 -0.639994
    outer loop
      vertex 0 10.1417 0
      vertex 0 9.15 1.19
      vertex -0.65831 10.1201 0
    endloop
  endfacet
  facet normal 0.525271 -0.560817 -0.63998
    outer loop
      vertex -6.69051 7.6215 0
      vertex -6.47003 6.47003 1.19
      vertex -7.17124 7.17124 0
    endloop
  endfacet
  facet normal 0.317126 -0.699895 -0.639983
    outer loop
      vertex -3.88105 9.36968 0
      vertex -3.50155 8.4535 1.19
      vertex -4.481 9.09784 0
    endloop
  endfacet
  facet normal -0.446626 -0.625276 -0.639966
    outer loop
      vertex 5.57017 7.25918 1.19
      vertex 6.1698 8.04883 0
      vertex 6.17386 8.04593 0
    endloop
  endfacet
  facet normal -0.447575 -0.62458 -0.639982
    outer loop
      vertex 6.1698 8.04883 0
      vertex 5.57017 7.25918 1.19
      vertex 5.08347 7.60795 1.19
    endloop
  endfacet
  facet normal -0.652984 -0.405035 -0.639968
    outer loop
      vertex 8.43512 5.63017 0
      vertex 7.60795 5.08347 1.19
      vertex 8.43249 5.63441 0
    endloop
  endfacet
  facet normal -0.652524 -0.405757 -0.639979
    outer loop
      vertex 7.60795 5.08347 1.19
      vertex 8.43512 5.63017 0
      vertex 7.92413 4.575 1.19
    endloop
  endfacet
  facet normal -0.223052 0.735303 -0.639982
    outer loop
      vertex 2.94117 -8.66441 1.19
      vertex 3.25993 -9.60345 0
      vertex 2.62963 -9.79465 0
    endloop
  endfacet
  facet normal 0.447575 -0.62458 -0.639982
    outer loop
      vertex -5.57017 7.25918 1.19
      vertex -6.1698 8.04883 0
      vertex -5.08347 7.60795 1.19
    endloop
  endfacet
  facet normal 0.446626 -0.625276 -0.639966
    outer loop
      vertex -6.1698 8.04883 0
      vertex -5.57017 7.25918 1.19
      vertex -6.17386 8.04593 0
    endloop
  endfacet
  facet normal -0.677661 0.362215 -0.639982
    outer loop
      vertex 9.09343 -4.48994 0
      vertex 8.78294 -5.07083 0
      vertex 7.92413 -4.575 1.19
    endloop
  endfacet
  facet normal 0.405762 -0.652518 -0.639982
    outer loop
      vertex -5.07083 8.78294 0
      vertex -4.575 7.92413 1.19
      vertex -5.63017 8.43512 0
    endloop
  endfacet
  facet normal 0.362215 -0.677661 -0.639982
    outer loop
      vertex -4.48994 9.09343 0
      vertex -4.575 7.92413 1.19
      vertex -5.07083 8.78294 0
    endloop
  endfacet
  facet normal 0.735303 -0.22305 -0.639983
    outer loop
      vertex -8.83822 2.36819 1.19
      vertex -9.79465 2.62963 0
      vertex -8.66441 2.94117 1.19
    endloop
  endfacet
  facet normal 0.735177 -0.223482 -0.639977
    outer loop
      vertex -9.79465 2.62963 0
      vertex -8.83822 2.36819 1.19
      vertex -9.7961 2.62486 0
    endloop
  endfacet
  facet normal 0.748315 0.174485 -0.639985
    outer loop
      vertex -8.97418 -1.78508 1.19
      vertex -9.79723 -2.62 0
      vertex -9.9468 -1.97854 0
    endloop
  endfacet
  facet normal -0.735177 0.223482 -0.639977
    outer loop
      vertex 9.79465 -2.62963 0
      vertex 8.83822 -2.36819 1.19
      vertex 9.7961 -2.62486 0
    endloop
  endfacet
  facet normal -0.735303 0.22305 -0.639983
    outer loop
      vertex 8.83822 -2.36819 1.19
      vertex 9.79465 -2.62963 0
      vertex 8.66441 -2.94117 1.19
    endloop
  endfacet
  facet normal -0.764686 -0.0753617 -0.639982
    outer loop
      vertex 10.0549 1.32375 0
      vertex 10.1195 0.668262 0
      vertex 9.07172 1.19431 1.19
    endloop
  endfacet
  facet normal 0.593968 -0.487466 -0.639984
    outer loop
      vertex -7.62807 6.68301 0
      vertex -6.87933 6.03301 1.19
      vertex -7.25918 5.57017 1.19
    endloop
  endfacet
  facet normal 0.594571 -0.486747 -0.639971
    outer loop
      vertex -6.87933 6.03301 1.19
      vertex -7.62807 6.68301 0
      vertex -7.62491 6.68687 0
    endloop
  endfacet
  facet normal 0.560817 0.525271 -0.63998
    outer loop
      vertex -6.47003 -6.47003 1.19
      vertex -7.17124 -7.17124 0
      vertex -7.6215 -6.69051 0
    endloop
  endfacet
  facet normal -0.125171 -0.758124 -0.639984
    outer loop
      vertex 1.97362 9.94761 0
      vertex 1.78508 8.97418 1.19
      vertex 1.19431 9.07172 1.19
    endloop
  endfacet
  facet normal -0.124823 -0.758186 -0.639979
    outer loop
      vertex 1.78508 8.97418 1.19
      vertex 1.97362 9.94761 0
      vertex 1.97854 9.9468 0
    endloop
  endfacet
  facet normal 0.593965 -0.487468 -0.639985
    outer loop
      vertex -7.62807 6.68301 0
      vertex -7.25918 5.57017 1.19
      vertex -8.04593 6.17386 0
    endloop
  endfacet
  facet normal 0.593965 0.487468 -0.639985
    outer loop
      vertex -7.25918 -5.57017 1.19
      vertex -7.62807 -6.68301 0
      vertex -8.04593 -6.17386 0
    endloop
  endfacet
  facet normal -0.125163 0.758128 -0.639981
    outer loop
      vertex 1.97362 -9.94761 0
      vertex 1.32375 -10.0549 0
      vertex 1.19431 -9.07172 1.19
    endloop
  endfacet
  facet normal 0.447575 0.62458 -0.639982
    outer loop
      vertex -6.1698 -8.04883 0
      vertex -5.57017 -7.25918 1.19
      vertex -5.08347 -7.60795 1.19
    endloop
  endfacet
  facet normal 0.446626 0.625276 -0.639966
    outer loop
      vertex -5.57017 -7.25918 1.19
      vertex -6.1698 -8.04883 0
      vertex -6.17386 -8.04593 0
    endloop
  endfacet
  facet normal 0.560827 0.525254 -0.639986
    outer loop
      vertex -7.6215 -6.69051 0
      vertex -6.87933 -6.03301 1.19
      vertex -6.47003 -6.47003 1.19
    endloop
  endfacet
  facet normal 0.56076 0.525327 -0.639984
    outer loop
      vertex -6.87933 -6.03301 1.19
      vertex -7.6215 -6.69051 0
      vertex -7.62491 -6.68687 0
    endloop
  endfacet
  facet normal -0.699895 -0.317126 -0.639983
    outer loop
      vertex 9.09784 4.481 0
      vertex 9.36968 3.88105 0
      vertex 8.4535 3.50155 1.19
    endloop
  endfacet
  facet normal 0.223052 -0.735303 -0.639982
    outer loop
      vertex -2.62963 9.79465 0
      vertex -2.94117 8.66441 1.19
      vertex -3.25993 9.60345 0
    endloop
  endfacet
  facet normal -0.652518 -0.405762 -0.639982
    outer loop
      vertex 8.43512 5.63017 0
      vertex 8.78294 5.07083 0
      vertex 7.92413 4.575 1.19
    endloop
  endfacet
  facet normal -0.405762 0.652518 -0.639982
    outer loop
      vertex 5.63017 -8.43512 0
      vertex 5.07083 -8.78294 0
      vertex 4.575 -7.92413 1.19
    endloop
  endfacet
  facet normal 0.764678 -0.0753165 -0.639996
    outer loop
      vertex -9.13041 0.598438 1.19
      vertex -10.1195 0.668262 0
      vertex -9.07172 1.19431 1.19
    endloop
  endfacet
  facet normal 0.764533 -0.0769767 -0.639972
    outer loop
      vertex -10.1195 0.668262 0
      vertex -9.13041 0.598438 1.19
      vertex -10.12 0.663296 0
    endloop
  endfacet
  facet normal 0.487466 -0.593968 -0.639984
    outer loop
      vertex -6.03301 6.87933 1.19
      vertex -6.68301 7.62807 0
      vertex -5.57017 7.25918 1.19
    endloop
  endfacet
  facet normal 0.486747 -0.594571 -0.639971
    outer loop
      vertex -6.68301 7.62807 0
      vertex -6.03301 6.87933 1.19
      vertex -6.68687 7.62491 0
    endloop
  endfacet
  facet normal 0.174485 -0.748315 -0.639985
    outer loop
      vertex -1.97854 9.9468 0
      vertex -1.78508 8.97418 1.19
      vertex -2.62 9.79723 0
    endloop
  endfacet
  facet normal 0.624581 0.447574 -0.639982
    outer loop
      vertex -7.60795 -5.08347 1.19
      vertex -8.04883 -6.1698 0
      vertex -8.43249 -5.63441 0
    endloop
  endfacet
  facet normal -0.758186 -0.124823 -0.639979
    outer loop
      vertex 9.94761 1.97362 0
      vertex 8.97418 1.78508 1.19
      vertex 9.9468 1.97854 0
    endloop
  endfacet
  facet normal -0.758124 -0.125171 -0.639984
    outer loop
      vertex 8.97418 1.78508 1.19
      vertex 9.94761 1.97362 0
      vertex 9.07172 1.19431 1.19
    endloop
  endfacet
  facet normal -0.767984 0.0251401 -0.639976
    outer loop
      vertex 10.1201 -0.65831 0
      vertex 9.13041 -0.598438 1.19
      vertex 9.15 0 1.19
    endloop
  endfacet
  facet normal -0.768376 0.0154107 -0.639813
    outer loop
      vertex 9.13041 -0.598438 1.19
      vertex 10.1201 -0.65831 0
      vertex 10.12 -0.663296 0
    endloop
  endfacet
  facet normal -0.67739 0.363328 -0.639637
    outer loop
      vertex 7.92413 -4.575 1.19
      vertex 9.09579 -4.48554 0
      vertex 9.09343 -4.48994 0
    endloop
  endfacet
  facet normal -0.677659 0.362211 -0.639985
    outer loop
      vertex 9.09579 -4.48554 0
      vertex 7.92413 -4.575 1.19
      vertex 8.20638 -4.04694 1.19
    endloop
  endfacet
  facet normal 0.174485 0.748315 -0.639985
    outer loop
      vertex -1.78508 -8.97418 1.19
      vertex -1.97854 -9.9468 0
      vertex -2.62 -9.79723 0
    endloop
  endfacet
  facet normal -0.764686 0.0753617 -0.639982
    outer loop
      vertex 10.1195 -0.668262 0
      vertex 10.0549 -1.32375 0
      vertex 9.07172 -1.19431 1.19
    endloop
  endfacet
  facet normal 0.719142 0.27066 -0.639982
    outer loop
      vertex -8.66441 -2.94117 1.19
      vertex -9.37144 -3.87638 0
      vertex -9.60345 -3.25993 0
    endloop
  endfacet
  facet normal -0.71914 0.270663 -0.639983
    outer loop
      vertex 9.37144 -3.87638 0
      vertex 8.4535 -3.50155 1.19
      vertex 8.66441 -2.94117 1.19
    endloop
  endfacet
  facet normal -0.719017 0.270979 -0.639988
    outer loop
      vertex 8.4535 -3.50155 1.19
      vertex 9.37144 -3.87638 0
      vertex 9.36968 -3.88105 0
    endloop
  endfacet
  facet normal -0.56076 -0.525327 -0.639984
    outer loop
      vertex 6.87933 6.03301 1.19
      vertex 7.6215 6.69051 0
      vertex 7.62491 6.68687 0
    endloop
  endfacet
  facet normal -0.560827 -0.525254 -0.639986
    outer loop
      vertex 7.6215 6.69051 0
      vertex 6.87933 6.03301 1.19
      vertex 6.47003 6.47003 1.19
    endloop
  endfacet
  facet normal -0.764533 0.0769767 -0.639972
    outer loop
      vertex 10.1195 -0.668262 0
      vertex 9.13041 -0.598438 1.19
      vertex 10.12 -0.663296 0
    endloop
  endfacet
  facet normal -0.764678 0.0753165 -0.639996
    outer loop
      vertex 9.13041 -0.598438 1.19
      vertex 10.1195 -0.668262 0
      vertex 9.07172 -1.19431 1.19
    endloop
  endfacet
  facet normal 0.22305 -0.735303 -0.639983
    outer loop
      vertex -2.62963 9.79465 0
      vertex -2.36819 8.83822 1.19
      vertex -2.94117 8.66441 1.19
    endloop
  endfacet
  facet normal 0.223482 -0.735177 -0.639977
    outer loop
      vertex -2.36819 8.83822 1.19
      vertex -2.62963 9.79465 0
      vertex -2.62486 9.7961 0
    endloop
  endfacet
  facet normal 0.767984 0.0251401 -0.639976
    outer loop
      vertex -9.13041 -0.598438 1.19
      vertex -10.1201 -0.65831 0
      vertex -9.15 0 1.19
    endloop
  endfacet
  facet normal 0.768376 0.0154107 -0.639813
    outer loop
      vertex -10.1201 -0.65831 0
      vertex -9.13041 -0.598438 1.19
      vertex -10.12 -0.663296 0
    endloop
  endfacet
  facet normal -0.735303 0.223052 -0.639982
    outer loop
      vertex 9.79465 -2.62963 0
      vertex 9.60345 -3.25993 0
      vertex 8.66441 -2.94117 1.19
    endloop
  endfacet
  facet normal 0.405757 0.652524 -0.639979
    outer loop
      vertex -5.63017 -8.43512 0
      vertex -5.08347 -7.60795 1.19
      vertex -4.575 -7.92413 1.19
    endloop
  endfacet
  facet normal 0.405035 0.652984 -0.639968
    outer loop
      vertex -5.08347 -7.60795 1.19
      vertex -5.63017 -8.43512 0
      vertex -5.63441 -8.43249 0
    endloop
  endfacet
  facet normal -0.447574 0.624581 -0.639982
    outer loop
      vertex 6.1698 -8.04883 0
      vertex 5.63441 -8.43249 0
      vertex 5.08347 -7.60795 1.19
    endloop
  endfacet
  facet normal 0.719017 -0.270979 -0.639988
    outer loop
      vertex -8.4535 3.50155 1.19
      vertex -9.37144 3.87638 0
      vertex -9.36968 3.88105 0
    endloop
  endfacet
  facet normal 0.71914 -0.270663 -0.639983
    outer loop
      vertex -9.37144 3.87638 0
      vertex -8.4535 3.50155 1.19
      vertex -8.66441 2.94117 1.19
    endloop
  endfacet
  facet normal 0.560827 -0.525254 -0.639986
    outer loop
      vertex -6.87933 6.03301 1.19
      vertex -7.6215 6.69051 0
      vertex -6.47003 6.47003 1.19
    endloop
  endfacet
  facet normal 0.56076 -0.525327 -0.639984
    outer loop
      vertex -7.6215 6.69051 0
      vertex -6.87933 6.03301 1.19
      vertex -7.62491 6.68687 0
    endloop
  endfacet
  facet normal 0.700316 -0.316222 -0.639969
    outer loop
      vertex -8.20638 4.04694 1.19
      vertex -9.09784 4.481 0
      vertex -9.09579 4.48554 0
    endloop
  endfacet
  facet normal 0.699894 -0.317127 -0.639983
    outer loop
      vertex -9.09784 4.481 0
      vertex -8.20638 4.04694 1.19
      vertex -8.4535 3.50155 1.19
    endloop
  endfacet
  facet normal 0.735303 0.223052 -0.639982
    outer loop
      vertex -8.66441 -2.94117 1.19
      vertex -9.60345 -3.25993 0
      vertex -9.79465 -2.62963 0
    endloop
  endfacet
  facet normal -0.758128 -0.125163 -0.639981
    outer loop
      vertex 9.94761 1.97362 0
      vertex 10.0549 1.32375 0
      vertex 9.07172 1.19431 1.19
    endloop
  endfacet
  facet normal -0.317126 0.699895 -0.639983
    outer loop
      vertex 4.481 -9.09784 0
      vertex 3.88105 -9.36968 0
      vertex 3.50155 -8.4535 1.19
    endloop
  endfacet
  facet normal 0.316222 -0.700316 -0.639969
    outer loop
      vertex -4.481 9.09784 0
      vertex -4.04694 8.20638 1.19
      vertex -4.48554 9.09579 0
    endloop
  endfacet
  facet normal 0.317127 -0.699894 -0.639983
    outer loop
      vertex -4.04694 8.20638 1.19
      vertex -4.481 9.09784 0
      vertex -3.50155 8.4535 1.19
    endloop
  endfacet
  facet normal 0.405035 -0.652984 -0.639968
    outer loop
      vertex -5.63017 8.43512 0
      vertex -5.08347 7.60795 1.19
      vertex -5.63441 8.43249 0
    endloop
  endfacet
  facet normal 0.405757 -0.652524 -0.639979
    outer loop
      vertex -5.08347 7.60795 1.19
      vertex -5.63017 8.43512 0
      vertex -4.575 7.92413 1.19
    endloop
  endfacet
  facet normal 0.447574 -0.624581 -0.639982
    outer loop
      vertex -5.63441 8.43249 0
      vertex -5.08347 7.60795 1.19
      vertex -6.1698 8.04883 0
    endloop
  endfacet
  facet normal 0.758128 -0.125163 -0.639981
    outer loop
      vertex -9.94761 1.97362 0
      vertex -9.07172 1.19431 1.19
      vertex -10.0549 1.32375 0
    endloop
  endfacet
  facet normal -0.593968 -0.487466 -0.639984
    outer loop
      vertex 6.87933 6.03301 1.19
      vertex 7.62807 6.68301 0
      vertex 7.25918 5.57017 1.19
    endloop
  endfacet
  facet normal -0.594571 -0.486747 -0.639971
    outer loop
      vertex 7.62807 6.68301 0
      vertex 6.87933 6.03301 1.19
      vertex 7.62491 6.68687 0
    endloop
  endfacet
  facet normal 0.758128 0.125163 -0.639981
    outer loop
      vertex -9.07172 -1.19431 1.19
      vertex -9.94761 -1.97362 0
      vertex -10.0549 -1.32375 0
    endloop
  endfacet
  facet normal -0.0753165 0.764678 -0.639996
    outer loop
      vertex 0.668262 -10.1195 0
      vertex 0.598438 -9.13041 1.19
      vertex 1.19431 -9.07172 1.19
    endloop
  endfacet
  facet normal -0.0769767 0.764533 -0.639972
    outer loop
      vertex 0.598438 -9.13041 1.19
      vertex 0.668262 -10.1195 0
      vertex 0.663296 -10.12 0
    endloop
  endfacet
  facet normal 0.487466 0.593968 -0.639984
    outer loop
      vertex -6.68301 -7.62807 0
      vertex -6.03301 -6.87933 1.19
      vertex -5.57017 -7.25918 1.19
    endloop
  endfacet
  facet normal 0.486747 0.594571 -0.639971
    outer loop
      vertex -6.03301 -6.87933 1.19
      vertex -6.68301 -7.62807 0
      vertex -6.68687 -7.62491 0
    endloop
  endfacet
  facet normal -0.174018 0.74843 -0.639976
    outer loop
      vertex 2.62 -9.79723 0
      vertex 2.36819 -8.83822 1.19
      vertex 2.62486 -9.7961 0
    endloop
  endfacet
  facet normal -0.17448 0.748317 -0.639983
    outer loop
      vertex 2.36819 -8.83822 1.19
      vertex 2.62 -9.79723 0
      vertex 1.78508 -8.97418 1.19
    endloop
  endfacet
  facet normal 0.174018 -0.74843 -0.639976
    outer loop
      vertex -2.62 9.79723 0
      vertex -2.36819 8.83822 1.19
      vertex -2.62486 9.7961 0
    endloop
  endfacet
  facet normal 0.17448 -0.748317 -0.639983
    outer loop
      vertex -2.36819 8.83822 1.19
      vertex -2.62 9.79723 0
      vertex -1.78508 8.97418 1.19
    endloop
  endfacet
  facet normal 0.317126 0.699895 -0.639983
    outer loop
      vertex -3.50155 -8.4535 1.19
      vertex -3.88105 -9.36968 0
      vertex -4.481 -9.09784 0
    endloop
  endfacet
  facet normal -0.174485 -0.748315 -0.639985
    outer loop
      vertex 1.97854 9.9468 0
      vertex 2.62 9.79723 0
      vertex 1.78508 8.97418 1.19
    endloop
  endfacet
  facet normal 0.0769767 0.764533 -0.639972
    outer loop
      vertex -0.668262 -10.1195 0
      vertex -0.598438 -9.13041 1.19
      vertex -0.663296 -10.12 0
    endloop
  endfacet
  facet normal 0.0753165 0.764678 -0.639996
    outer loop
      vertex -0.598438 -9.13041 1.19
      vertex -0.668262 -10.1195 0
      vertex -1.19431 -9.07172 1.19
    endloop
  endfacet
  facet normal 0.699895 0.317126 -0.639983
    outer loop
      vertex -8.4535 -3.50155 1.19
      vertex -9.09784 -4.481 0
      vertex -9.36968 -3.88105 0
    endloop
  endfacet
  facet normal -0.525271 0.560817 -0.63998
    outer loop
      vertex 7.17124 -7.17124 0
      vertex 6.69051 -7.6215 0
      vertex 6.47003 -6.47003 1.19
    endloop
  endfacet
  facet normal -0.624581 -0.447574 -0.639982
    outer loop
      vertex 8.04883 6.1698 0
      vertex 8.43249 5.63441 0
      vertex 7.60795 5.08347 1.19
    endloop
  endfacet
  facet normal -0.447574 -0.624581 -0.639982
    outer loop
      vertex 5.63441 8.43249 0
      vertex 6.1698 8.04883 0
      vertex 5.08347 7.60795 1.19
    endloop
  endfacet
  facet normal -0.0753617 -0.764686 -0.639982
    outer loop
      vertex 1.32375 10.0549 0
      vertex 1.19431 9.07172 1.19
      vertex 0.668262 10.1195 0
    endloop
  endfacet
  facet normal -0.764533 -0.0769767 -0.639972
    outer loop
      vertex 9.13041 0.598438 1.19
      vertex 10.1195 0.668262 0
      vertex 10.12 0.663296 0
    endloop
  endfacet
  facet normal -0.764678 -0.0753165 -0.639996
    outer loop
      vertex 10.1195 0.668262 0
      vertex 9.13041 0.598438 1.19
      vertex 9.07172 1.19431 1.19
    endloop
  endfacet
  facet normal -0.525327 0.56076 -0.639984
    outer loop
      vertex 6.03301 -6.87933 1.19
      vertex 6.69051 -7.6215 0
      vertex 6.68687 -7.62491 0
    endloop
  endfacet
  facet normal -0.525254 0.560827 -0.639986
    outer loop
      vertex 6.69051 -7.6215 0
      vertex 6.03301 -6.87933 1.19
      vertex 6.47003 -6.47003 1.19
    endloop
  endfacet
  facet normal -0.652518 0.405762 -0.639982
    outer loop
      vertex 8.78294 -5.07083 0
      vertex 8.43512 -5.63017 0
      vertex 7.92413 -4.575 1.19
    endloop
  endfacet
  facet normal -0.652524 0.405757 -0.639979
    outer loop
      vertex 8.43512 -5.63017 0
      vertex 7.60795 -5.08347 1.19
      vertex 7.92413 -4.575 1.19
    endloop
  endfacet
  facet normal -0.652984 0.405035 -0.639968
    outer loop
      vertex 7.60795 -5.08347 1.19
      vertex 8.43512 -5.63017 0
      vertex 8.43249 -5.63441 0
    endloop
  endfacet
  facet normal -0.748317 0.17448 -0.639983
    outer loop
      vertex 9.79723 -2.62 0
      vertex 8.83822 -2.36819 1.19
      vertex 8.97418 -1.78508 1.19
    endloop
  endfacet
  facet normal -0.74843 0.174018 -0.639976
    outer loop
      vertex 8.83822 -2.36819 1.19
      vertex 9.79723 -2.62 0
      vertex 9.7961 -2.62486 0
    endloop
  endfacet
  facet normal 0.363328 -0.67739 -0.639637
    outer loop
      vertex -4.48554 9.09579 0
      vertex -4.575 7.92413 1.19
      vertex -4.48994 9.09343 0
    endloop
  endfacet
  facet normal 0.362211 -0.677659 -0.639985
    outer loop
      vertex -4.575 7.92413 1.19
      vertex -4.48554 9.09579 0
      vertex -4.04694 8.20638 1.19
    endloop
  endfacet
  facet normal 0.17448 0.748317 -0.639983
    outer loop
      vertex -2.62 -9.79723 0
      vertex -2.36819 -8.83822 1.19
      vertex -1.78508 -8.97418 1.19
    endloop
  endfacet
  facet normal 0.174018 0.74843 -0.639976
    outer loop
      vertex -2.36819 -8.83822 1.19
      vertex -2.62 -9.79723 0
      vertex -2.62486 -9.7961 0
    endloop
  endfacet
  facet normal 0.764533 0.0769767 -0.639972
    outer loop
      vertex -9.13041 -0.598438 1.19
      vertex -10.1195 -0.668262 0
      vertex -10.12 -0.663296 0
    endloop
  endfacet
  facet normal 0.764678 0.0753165 -0.639996
    outer loop
      vertex -10.1195 -0.668262 0
      vertex -9.13041 -0.598438 1.19
      vertex -9.07172 -1.19431 1.19
    endloop
  endfacet
  facet normal -0.67739 -0.363328 -0.639637
    outer loop
      vertex 9.09579 4.48554 0
      vertex 7.92413 4.575 1.19
      vertex 9.09343 4.48994 0
    endloop
  endfacet
  facet normal -0.677659 -0.362211 -0.639985
    outer loop
      vertex 7.92413 4.575 1.19
      vertex 9.09579 4.48554 0
      vertex 8.20638 4.04694 1.19
    endloop
  endfacet
  facet normal 0.764686 0.0753617 -0.639982
    outer loop
      vertex -9.07172 -1.19431 1.19
      vertex -10.0549 -1.32375 0
      vertex -10.1195 -0.668262 0
    endloop
  endfacet
  facet normal 0.223052 0.735303 -0.639982
    outer loop
      vertex -2.94117 -8.66441 1.19
      vertex -2.62963 -9.79465 0
      vertex -3.25993 -9.60345 0
    endloop
  endfacet
  facet normal 0.768376 -0.0154107 -0.639813
    outer loop
      vertex -9.13041 0.598438 1.19
      vertex -10.1201 0.65831 0
      vertex -10.12 0.663296 0
    endloop
  endfacet
  facet normal 0.767984 -0.0251401 -0.639976
    outer loop
      vertex -10.1201 0.65831 0
      vertex -9.13041 0.598438 1.19
      vertex -9.15 0 1.19
    endloop
  endfacet
  facet normal 0.748315 -0.174485 -0.639985
    outer loop
      vertex -9.79723 2.62 0
      vertex -8.97418 1.78508 1.19
      vertex -9.9468 1.97854 0
    endloop
  endfacet
  facet normal -0.27066 0.719142 -0.639982
    outer loop
      vertex 3.87638 -9.37144 0
      vertex 3.25993 -9.60345 0
      vertex 2.94117 -8.66441 1.19
    endloop
  endfacet
  facet normal 0.124823 -0.758186 -0.639979
    outer loop
      vertex -1.97362 9.94761 0
      vertex -1.78508 8.97418 1.19
      vertex -1.97854 9.9468 0
    endloop
  endfacet
  facet normal 0.125171 -0.758124 -0.639984
    outer loop
      vertex -1.78508 8.97418 1.19
      vertex -1.97362 9.94761 0
      vertex -1.19431 9.07172 1.19
    endloop
  endfacet
  facet normal -0.0251401 -0.767984 -0.639976
    outer loop
      vertex 0.65831 10.1201 0
      vertex 0.598438 9.13041 1.19
      vertex 0 9.15 1.19
    endloop
  endfacet
  facet normal -0.0154107 -0.768376 -0.639813
    outer loop
      vertex 0.598438 9.13041 1.19
      vertex 0.65831 10.1201 0
      vertex 0.663296 10.12 0
    endloop
  endfacet
  facet normal 0.0753617 -0.764686 -0.639982
    outer loop
      vertex -0.668262 10.1195 0
      vertex -1.19431 9.07172 1.19
      vertex -1.32375 10.0549 0
    endloop
  endfacet
  facet normal -0.405035 0.652984 -0.639968
    outer loop
      vertex 5.63017 -8.43512 0
      vertex 5.08347 -7.60795 1.19
      vertex 5.63441 -8.43249 0
    endloop
  endfacet
  facet normal -0.405757 0.652524 -0.639979
    outer loop
      vertex 5.08347 -7.60795 1.19
      vertex 5.63017 -8.43512 0
      vertex 4.575 -7.92413 1.19
    endloop
  endfacet
  facet normal 0.699894 0.317127 -0.639983
    outer loop
      vertex -8.20638 -4.04694 1.19
      vertex -9.09784 -4.481 0
      vertex -8.4535 -3.50155 1.19
    endloop
  endfacet
  facet normal 0.700316 0.316222 -0.639969
    outer loop
      vertex -9.09784 -4.481 0
      vertex -8.20638 -4.04694 1.19
      vertex -9.09579 -4.48554 0
    endloop
  endfacet
  facet normal 0.677661 0.362215 -0.639982
    outer loop
      vertex -7.92413 -4.575 1.19
      vertex -8.78294 -5.07083 0
      vertex -9.09343 -4.48994 0
    endloop
  endfacet
  facet normal 0.677659 0.362211 -0.639985
    outer loop
      vertex -7.92413 -4.575 1.19
      vertex -9.09579 -4.48554 0
      vertex -8.20638 -4.04694 1.19
    endloop
  endfacet
  facet normal 0.67739 0.363328 -0.639637
    outer loop
      vertex -9.09579 -4.48554 0
      vertex -7.92413 -4.575 1.19
      vertex -9.09343 -4.48994 0
    endloop
  endfacet
  facet normal 0.652518 -0.405762 -0.639982
    outer loop
      vertex -8.43512 5.63017 0
      vertex -7.92413 4.575 1.19
      vertex -8.78294 5.07083 0
    endloop
  endfacet
  facet normal 0.317127 0.699894 -0.639983
    outer loop
      vertex -4.481 -9.09784 0
      vertex -4.04694 -8.20638 1.19
      vertex -3.50155 -8.4535 1.19
    endloop
  endfacet
  facet normal 0.316222 0.700316 -0.639969
    outer loop
      vertex -4.04694 -8.20638 1.19
      vertex -4.481 -9.09784 0
      vertex -4.48554 -9.09579 0
    endloop
  endfacet
  facet normal -0.486747 -0.594571 -0.639971
    outer loop
      vertex 6.03301 6.87933 1.19
      vertex 6.68301 7.62807 0
      vertex 6.68687 7.62491 0
    endloop
  endfacet
  facet normal -0.487466 -0.593968 -0.639984
    outer loop
      vertex 6.68301 7.62807 0
      vertex 6.03301 6.87933 1.19
      vertex 5.57017 7.25918 1.19
    endloop
  endfacet
  facet normal -0.699894 0.317127 -0.639983
    outer loop
      vertex 9.09784 -4.481 0
      vertex 8.20638 -4.04694 1.19
      vertex 8.4535 -3.50155 1.19
    endloop
  endfacet
  facet normal -0.700316 0.316222 -0.639969
    outer loop
      vertex 8.20638 -4.04694 1.19
      vertex 9.09784 -4.481 0
      vertex 9.09579 -4.48554 0
    endloop
  endfacet
  facet normal -0.124823 0.758186 -0.639979
    outer loop
      vertex 1.97362 -9.94761 0
      vertex 1.78508 -8.97418 1.19
      vertex 1.97854 -9.9468 0
    endloop
  endfacet
  facet normal -0.125171 0.758124 -0.639984
    outer loop
      vertex 1.78508 -8.97418 1.19
      vertex 1.97362 -9.94761 0
      vertex 1.19431 -9.07172 1.19
    endloop
  endfacet
  facet normal 0.0251401 0.767984 -0.639976
    outer loop
      vertex -0.65831 -10.1201 0
      vertex -0.598438 -9.13041 1.19
      vertex 0 -9.15 1.19
    endloop
  endfacet
  facet normal 0.0154107 0.768376 -0.639813
    outer loop
      vertex -0.598438 -9.13041 1.19
      vertex -0.65831 -10.1201 0
      vertex -0.663296 -10.12 0
    endloop
  endfacet
  facet normal 0.525327 0.56076 -0.639984
    outer loop
      vertex -6.69051 -7.6215 0
      vertex -6.03301 -6.87933 1.19
      vertex -6.68687 -7.62491 0
    endloop
  endfacet
  facet normal 0.525254 0.560827 -0.639986
    outer loop
      vertex -6.03301 -6.87933 1.19
      vertex -6.69051 -7.6215 0
      vertex -6.47003 -6.47003 1.19
    endloop
  endfacet
  facet normal 0.0154107 -0.768376 -0.639813
    outer loop
      vertex -0.65831 10.1201 0
      vertex -0.598438 9.13041 1.19
      vertex -0.663296 10.12 0
    endloop
  endfacet
  facet normal 0.0251401 -0.767984 -0.639976
    outer loop
      vertex -0.598438 9.13041 1.19
      vertex -0.65831 10.1201 0
      vertex 0 9.15 1.19
    endloop
  endfacet
  facet normal -0.995183 -0.0980371 0
    outer loop
      vertex 12.9722 0.85024 10.5
      vertex 12.8888 1.69684 16
      vertex 12.8888 1.69684 10.5
    endloop
  endfacet
  facet normal -0.995183 -0.0980371 0
    outer loop
      vertex 12.8888 1.69684 16
      vertex 12.9722 0.85024 10.5
      vertex 12.9722 0.85024 16
    endloop
  endfacet
  facet normal -0.999466 -0.0326792 0
    outer loop
      vertex 13 0 10.5
      vertex 12.9722 0.85024 16
      vertex 12.9722 0.85024 10.5
    endloop
  endfacet
  facet normal -0.999466 -0.0326792 0
    outer loop
      vertex 12.9722 0.85024 16
      vertex 13 0 10.5
      vertex 13 0 16
    endloop
  endfacet
  facet normal -0.935889 0.352294 0
    outer loop
      vertex 12.0104 -4.97488 10.5
      vertex 12.3101 -4.17871 16
      vertex 12.3101 -4.17871 10.5
    endloop
  endfacet
  facet normal -0.935889 0.352294 0
    outer loop
      vertex 12.3101 -4.17871 16
      vertex 12.0104 -4.97488 10.5
      vertex 12.0104 -4.97488 16
    endloop
  endfacet
  facet normal 0.290239 -0.956954 0
    outer loop
      vertex -4.17871 12.3101 16
      vertex -3.36465 12.557 14.0838
      vertex -3.36465 12.557 16
    endloop
  endfacet
  facet normal 0.288598 -0.95745 -0.000761211
    outer loop
      vertex -4.17871 12.3101 16
      vertex -3.38564 12.5507 14.05
      vertex -3.36465 12.557 14.0838
    endloop
  endfacet
  facet normal 0.290567 -0.956855 0.000113127
    outer loop
      vertex -4.17871 12.3101 16
      vertex -3.435 12.5357 13.9577
      vertex -3.38564 12.5507 14.05
    endloop
  endfacet
  facet normal 0.290198 -0.956967 -3.35123e-05
    outer loop
      vertex -4.17871 12.3101 16
      vertex -3.47821 12.5226 13.8623
      vertex -3.435 12.5357 13.9577
    endloop
  endfacet
  facet normal 0.290448 -0.956891 5.57964e-05
    outer loop
      vertex -4.17871 12.3101 16
      vertex -3.51509 12.5114 13.7643
      vertex -3.47821 12.5226 13.8623
    endloop
  endfacet
  facet normal 0.290008 -0.957024 -8.68698e-05
    outer loop
      vertex -4.17871 12.3101 16
      vertex -3.54548 12.5022 13.6641
      vertex -3.51509 12.5114 13.7643
    endloop
  endfacet
  facet normal 0.290062 -0.957008 -7.07537e-05
    outer loop
      vertex -4.17871 12.3101 16
      vertex -3.56926 12.495 13.5621
      vertex -3.54548 12.5022 13.6641
    endloop
  endfacet
  facet normal 0.290878 -0.95676 0.000151905
    outer loop
      vertex -4.17871 12.3101 16
      vertex -3.58631 12.4898 13.4588
      vertex -3.56926 12.495 13.5621
    endloop
  endfacet
  facet normal 0.289969 -0.957036 -7.93744e-05
    outer loop
      vertex -4.17871 12.3101 16
      vertex -3.59657 12.4867 13.3546
      vertex -3.58631 12.4898 13.4588
    endloop
  endfacet
  facet normal 0.292268 -0.956336 0.000473155
    outer loop
      vertex -4.17871 12.3101 16
      vertex -3.6 12.4856 13.25
      vertex -3.59657 12.4867 13.3546
    endloop
  endfacet
  facet normal 0.290209 -0.956963 0
    outer loop
      vertex -4.17871 12.3101 10.5
      vertex -3.6 12.4856 13.25
      vertex -4.17871 12.3101 16
    endloop
  endfacet
  facet normal 0.292268 -0.956336 -0.000473155
    outer loop
      vertex -3.6 12.4856 13.25
      vertex -4.17871 12.3101 10.5
      vertex -3.59657 12.4867 13.1454
    endloop
  endfacet
  facet normal 0.289969 -0.957036 7.93744e-05
    outer loop
      vertex -3.59657 12.4867 13.1454
      vertex -4.17871 12.3101 10.5
      vertex -3.58631 12.4898 13.0412
    endloop
  endfacet
  facet normal 0.290878 -0.95676 -0.000151905
    outer loop
      vertex -3.58631 12.4898 13.0412
      vertex -4.17871 12.3101 10.5
      vertex -3.56926 12.495 12.9379
    endloop
  endfacet
  facet normal 0.290062 -0.957008 7.07537e-05
    outer loop
      vertex -4.17871 12.3101 10.5
      vertex -3.54548 12.5022 12.8359
      vertex -3.56926 12.495 12.9379
    endloop
  endfacet
  facet normal 0.290008 -0.957024 8.68698e-05
    outer loop
      vertex -4.17871 12.3101 10.5
      vertex -3.51509 12.5114 12.7357
      vertex -3.54548 12.5022 12.8359
    endloop
  endfacet
  facet normal 0.290448 -0.956891 -5.57964e-05
    outer loop
      vertex -4.17871 12.3101 10.5
      vertex -3.47821 12.5226 12.6377
      vertex -3.51509 12.5114 12.7357
    endloop
  endfacet
  facet normal 0.290198 -0.956967 3.35123e-05
    outer loop
      vertex -4.17871 12.3101 10.5
      vertex -3.435 12.5357 12.5423
      vertex -3.47821 12.5226 12.6377
    endloop
  endfacet
  facet normal 0.290567 -0.956855 -0.000113127
    outer loop
      vertex -4.17871 12.3101 10.5
      vertex -3.38564 12.5507 12.45
      vertex -3.435 12.5357 12.5423
    endloop
  endfacet
  facet normal 0.288598 -0.95745 0.000761211
    outer loop
      vertex -4.17871 12.3101 10.5
      vertex -3.36465 12.557 12.4162
      vertex -3.38564 12.5507 12.45
    endloop
  endfacet
  facet normal 0.290239 -0.956954 0
    outer loop
      vertex -3.36465 12.557 12.4162
      vertex -4.17871 12.3101 10.5
      vertex -3.36465 12.557 10.5
    endloop
  endfacet
  facet normal -0.163099 -0.98661 1.38426e-05
    outer loop
      vertex 1.89535 12.856 11.6534
      vertex 1.69684 12.8888 10.5
      vertex 2 12.8387 11.65
    endloop
  endfacet
  facet normal -0.162881 -0.986646 -2.4703e-05
    outer loop
      vertex 1.79116 12.8732 11.6637
      vertex 1.69684 12.8888 10.5
      vertex 1.89535 12.856 11.6534
    endloop
  endfacet
  facet normal -0.163178 -0.986597 0
    outer loop
      vertex 1.69684 12.8888 10.5
      vertex 1.79116 12.8732 11.6637
      vertex 1.69684 12.8888 11.6793
    endloop
  endfacet
  facet normal -0.162189 -0.98676 -0.000232511
    outer loop
      vertex 1.69684 12.8888 10.5
      vertex 2.10464 12.8215 11.6534
      vertex 2 12.8387 11.65
    endloop
  endfacet
  facet normal -0.162925 -0.986638 3.4826e-05
    outer loop
      vertex 2.53617 12.7502 10.5
      vertex 2.10464 12.8215 11.6534
      vertex 1.69684 12.8888 10.5
    endloop
  endfacet
  facet normal -0.162869 -0.986648 5.65567e-05
    outer loop
      vertex 2.10464 12.8215 11.6534
      vertex 2.53617 12.7502 10.5
      vertex 2.20884 12.8043 11.6637
    endloop
  endfacet
  facet normal -0.163304 -0.986576 -6.9129e-05
    outer loop
      vertex 2.20884 12.8043 11.6637
      vertex 2.53617 12.7502 10.5
      vertex 2.31214 12.7872 11.6807
    endloop
  endfacet
  facet normal -0.162579 -0.986695 7.20905e-05
    outer loop
      vertex 2.31214 12.7872 11.6807
      vertex 2.53617 12.7502 10.5
      vertex 2.41411 12.7704 11.7045
    endloop
  endfacet
  facet normal -0.163451 -0.986551 -1.87016e-05
    outer loop
      vertex 2.41411 12.7704 11.7045
      vertex 2.53617 12.7502 10.5
      vertex 2.5143 12.7538 11.7349
    endloop
  endfacet
  facet normal -0.162423 -0.986721 0
    outer loop
      vertex 2.5143 12.7538 11.7349
      vertex 2.53617 12.7502 10.5
      vertex 2.53617 12.7502 11.7431
    endloop
  endfacet
  facet normal -0.162189 -0.98676 0.000232511
    outer loop
      vertex 2.10464 12.8215 14.8466
      vertex 1.69684 12.8888 16
      vertex 2 12.8387 14.85
    endloop
  endfacet
  facet normal -0.163099 -0.98661 -1.38426e-05
    outer loop
      vertex 1.69684 12.8888 16
      vertex 1.89535 12.856 14.8466
      vertex 2 12.8387 14.85
    endloop
  endfacet
  facet normal -0.162881 -0.986646 2.4703e-05
    outer loop
      vertex 1.69684 12.8888 16
      vertex 1.79116 12.8732 14.8363
      vertex 1.89535 12.856 14.8466
    endloop
  endfacet
  facet normal -0.163178 -0.986597 0
    outer loop
      vertex 1.79116 12.8732 14.8363
      vertex 1.69684 12.8888 16
      vertex 1.69684 12.8888 14.8207
    endloop
  endfacet
  facet normal -0.162925 -0.986638 -3.4826e-05
    outer loop
      vertex 1.69684 12.8888 16
      vertex 2.10464 12.8215 14.8466
      vertex 2.53617 12.7502 16
    endloop
  endfacet
  facet normal -0.162869 -0.986648 -5.65567e-05
    outer loop
      vertex 2.20884 12.8043 14.8363
      vertex 2.53617 12.7502 16
      vertex 2.10464 12.8215 14.8466
    endloop
  endfacet
  facet normal -0.163304 -0.986576 6.9129e-05
    outer loop
      vertex 2.31214 12.7872 14.8193
      vertex 2.53617 12.7502 16
      vertex 2.20884 12.8043 14.8363
    endloop
  endfacet
  facet normal -0.162579 -0.986695 -7.20905e-05
    outer loop
      vertex 2.41411 12.7704 14.7955
      vertex 2.53617 12.7502 16
      vertex 2.31214 12.7872 14.8193
    endloop
  endfacet
  facet normal -0.163451 -0.986551 1.87016e-05
    outer loop
      vertex 2.5143 12.7538 14.7651
      vertex 2.53617 12.7502 16
      vertex 2.41411 12.7704 14.7955
    endloop
  endfacet
  facet normal -0.162423 -0.986721 -0
    outer loop
      vertex 2.53617 12.7502 16
      vertex 2.5143 12.7538 14.7651
      vertex 2.53617 12.7502 14.7569
    endloop
  endfacet
  facet normal -0.412718 -0.910859 0
    outer loop
      vertex 4.97488 12.0104 10.5
      vertex 5.74975 11.6593 16
      vertex 4.97488 12.0104 16
    endloop
  endfacet
  facet normal -0.412718 -0.910859 -0
    outer loop
      vertex 5.74975 11.6593 16
      vertex 4.97488 12.0104 10.5
      vertex 5.74975 11.6593 10.5
    endloop
  endfacet
  facet normal 0.528048 -0.849215 0
    outer loop
      vertex -7.22241 10.8091 10.5
      vertex -6.5 11.2583 16
      vertex -7.22241 10.8091 16
    endloop
  endfacet
  facet normal 0.528048 -0.849215 0
    outer loop
      vertex -6.5 11.2583 16
      vertex -7.22241 10.8091 10.5
      vertex -6.5 11.2583 10.5
    endloop
  endfacet
  facet normal -0.528048 -0.849215 0
    outer loop
      vertex 6.5 11.2583 10.5
      vertex 7.22241 10.8091 16
      vertex 6.5 11.2583 16
    endloop
  endfacet
  facet normal -0.528048 -0.849215 -0
    outer loop
      vertex 7.22241 10.8091 16
      vertex 6.5 11.2583 10.5
      vertex 7.22241 10.8091 10.5
    endloop
  endfacet
  facet normal 0.97387 -0.227105 0
    outer loop
      vertex -12.7502 2.53617 16
      vertex -12.557 3.36465 10.5
      vertex -12.557 3.36465 16
    endloop
  endfacet
  facet normal 0.97387 -0.227105 0
    outer loop
      vertex -12.557 3.36465 10.5
      vertex -12.7502 2.53617 16
      vertex -12.7502 2.53617 10.5
    endloop
  endfacet
  facet normal 0.77301 -0.634394 0
    outer loop
      vertex -10.3136 7.9139 16
      vertex -9.77392 8.5715 10.5
      vertex -9.77392 8.5715 16
    endloop
  endfacet
  facet normal 0.77301 -0.634394 0
    outer loop
      vertex -9.77392 8.5715 10.5
      vertex -10.3136 7.9139 16
      vertex -10.3136 7.9139 10.5
    endloop
  endfacet
  facet normal -0.582466 0.812855 0
    outer loop
      vertex 7.9139 -10.3136 10.5
      vertex 7.22241 -10.8091 16
      vertex 7.9139 -10.3136 16
    endloop
  endfacet
  facet normal -0.582466 0.812855 0
    outer loop
      vertex 7.22241 -10.8091 16
      vertex 7.9139 -10.3136 10.5
      vertex 7.22241 -10.8091 10.5
    endloop
  endfacet
  facet normal -0.352294 0.935889 0
    outer loop
      vertex 4.97488 -12.0104 10.5
      vertex 4.17871 -12.3101 16
      vertex 4.97488 -12.0104 16
    endloop
  endfacet
  facet normal -0.352294 0.935889 0
    outer loop
      vertex 4.17871 -12.3101 16
      vertex 4.97488 -12.0104 10.5
      vertex 4.17871 -12.3101 10.5
    endloop
  endfacet
  facet normal 0.22714 -0.973862 0
    outer loop
      vertex -3.36465 12.557 10.5
      vertex -3.33035 12.565 12.3611
      vertex -3.36465 12.557 12.4162
    endloop
  endfacet
  facet normal 0.22828 -0.973595 -2.21635e-05
    outer loop
      vertex -3.36465 12.557 10.5
      vertex -3.26937 12.5793 12.276
      vertex -3.33035 12.565 12.3611
    endloop
  endfacet
  facet normal 0.22596 -0.974137 0.000109095
    outer loop
      vertex -3.36465 12.557 10.5
      vertex -3.20294 12.5947 12.195
      vertex -3.26937 12.5793 12.276
    endloop
  endfacet
  facet normal 0.227216 -0.973844 -1.72525e-05
    outer loop
      vertex -3.36465 12.557 10.5
      vertex -3.13137 12.6114 12.1186
      vertex -3.20294 12.5947 12.195
    endloop
  endfacet
  facet normal 0.226881 -0.973923 3.3747e-05
    outer loop
      vertex -3.36465 12.557 10.5
      vertex -3.05495 12.6292 12.0471
      vertex -3.13137 12.6114 12.1186
    endloop
  endfacet
  facet normal 0.227363 -0.97381 -6.80189e-05
    outer loop
      vertex -3.36465 12.557 10.5
      vertex -2.97402 12.6481 11.9806
      vertex -3.05495 12.6292 12.0471
    endloop
  endfacet
  facet normal 0.227586 -0.973758 -0.000130075
    outer loop
      vertex -3.36465 12.557 10.5
      vertex -2.88891 12.668 11.9196
      vertex -2.97402 12.6481 11.9806
    endloop
  endfacet
  facet normal 0.226835 -0.973933 0.000135362
    outer loop
      vertex -3.36465 12.557 10.5
      vertex -2.8 12.6887 11.8644
      vertex -2.88891 12.668 11.9196
    endloop
  endfacet
  facet normal 0.226838 -0.973933 0.000134195
    outer loop
      vertex -3.36465 12.557 10.5
      vertex -2.70766 12.7102 11.815
      vertex -2.8 12.6887 11.8644
    endloop
  endfacet
  facet normal 0.227575 -0.97376 -0.000254486
    outer loop
      vertex -3.36465 12.557 10.5
      vertex -2.61229 12.7325 11.7718
      vertex -2.70766 12.7102 11.815
    endloop
  endfacet
  facet normal 0.227105 -0.97387 3.90857e-05
    outer loop
      vertex -2.53617 12.7502 10.5
      vertex -2.61229 12.7325 11.7718
      vertex -3.36465 12.557 10.5
    endloop
  endfacet
  facet normal 0.226485 -0.974015 0
    outer loop
      vertex -2.61229 12.7325 11.7718
      vertex -2.53617 12.7502 10.5
      vertex -2.53617 12.7502 11.7431
    endloop
  endfacet
  facet normal 0.227105 -0.97387 -3.90857e-05
    outer loop
      vertex -2.61229 12.7325 14.7282
      vertex -2.53617 12.7502 16
      vertex -3.36465 12.557 16
    endloop
  endfacet
  facet normal 0.226485 -0.974015 0
    outer loop
      vertex -2.53617 12.7502 16
      vertex -2.61229 12.7325 14.7282
      vertex -2.53617 12.7502 14.7569
    endloop
  endfacet
  facet normal 0.227575 -0.97376 0.000254486
    outer loop
      vertex -3.36465 12.557 16
      vertex -2.70766 12.7102 14.685
      vertex -2.61229 12.7325 14.7282
    endloop
  endfacet
  facet normal 0.226838 -0.973933 -0.000134195
    outer loop
      vertex -3.36465 12.557 16
      vertex -2.8 12.6887 14.6356
      vertex -2.70766 12.7102 14.685
    endloop
  endfacet
  facet normal 0.226835 -0.973933 -0.000135362
    outer loop
      vertex -3.36465 12.557 16
      vertex -2.88891 12.668 14.5804
      vertex -2.8 12.6887 14.6356
    endloop
  endfacet
  facet normal 0.227586 -0.973758 0.000130075
    outer loop
      vertex -3.36465 12.557 16
      vertex -2.97402 12.6481 14.5194
      vertex -2.88891 12.668 14.5804
    endloop
  endfacet
  facet normal 0.227363 -0.97381 6.80189e-05
    outer loop
      vertex -3.36465 12.557 16
      vertex -3.05495 12.6292 14.4529
      vertex -2.97402 12.6481 14.5194
    endloop
  endfacet
  facet normal 0.226881 -0.973923 -3.3747e-05
    outer loop
      vertex -3.36465 12.557 16
      vertex -3.13137 12.6114 14.3814
      vertex -3.05495 12.6292 14.4529
    endloop
  endfacet
  facet normal 0.227216 -0.973844 1.72525e-05
    outer loop
      vertex -3.36465 12.557 16
      vertex -3.20294 12.5947 14.305
      vertex -3.13137 12.6114 14.3814
    endloop
  endfacet
  facet normal 0.22596 -0.974137 -0.000109095
    outer loop
      vertex -3.36465 12.557 16
      vertex -3.26937 12.5793 14.224
      vertex -3.20294 12.5947 14.305
    endloop
  endfacet
  facet normal 0.22828 -0.973595 2.21635e-05
    outer loop
      vertex -3.36465 12.557 16
      vertex -3.33035 12.565 14.1389
      vertex -3.26937 12.5793 14.224
    endloop
  endfacet
  facet normal 0.22714 -0.973862 0
    outer loop
      vertex -3.33035 12.565 14.1389
      vertex -3.36465 12.557 16
      vertex -3.36465 12.557 14.0838
    endloop
  endfacet
  facet normal 0.910859 -0.412718 0
    outer loop
      vertex -12.0104 4.97488 16
      vertex -11.6593 5.74975 10.5
      vertex -11.6593 5.74975 16
    endloop
  endfacet
  facet normal 0.910859 -0.412718 0
    outer loop
      vertex -11.6593 5.74975 10.5
      vertex -12.0104 4.97488 16
      vertex -12.0104 4.97488 10.5
    endloop
  endfacet
  facet normal 0.956954 0.290239 0
    outer loop
      vertex -12.3101 -4.17871 16
      vertex -12.557 -3.36465 10.5
      vertex -12.557 -3.36465 16
    endloop
  endfacet
  facet normal 0.956954 0.290239 0
    outer loop
      vertex -12.557 -3.36465 10.5
      vertex -12.3101 -4.17871 16
      vertex -12.3101 -4.17871 10.5
    endloop
  endfacet
  facet normal -0.0980371 0.995183 0
    outer loop
      vertex 1.69684 -12.8888 10.5
      vertex 0.85024 -12.9722 16
      vertex 1.69684 -12.8888 16
    endloop
  endfacet
  facet normal -0.0980371 0.995183 0
    outer loop
      vertex 0.85024 -12.9722 16
      vertex 1.69684 -12.8888 10.5
      vertex 0.85024 -12.9722 10.5
    endloop
  endfacet
  facet normal -0.995183 0.0980371 0
    outer loop
      vertex 12.8888 -1.69684 10.5
      vertex 12.9722 -0.85024 16
      vertex 12.9722 -0.85024 10.5
    endloop
  endfacet
  facet normal -0.995183 0.0980371 0
    outer loop
      vertex 12.9722 -0.85024 16
      vertex 12.8888 -1.69684 10.5
      vertex 12.8888 -1.69684 16
    endloop
  endfacet
  facet normal -0.97387 -0.227105 0
    outer loop
      vertex 12.7502 2.53617 10.5
      vertex 12.557 3.36465 16
      vertex 12.557 3.36465 10.5
    endloop
  endfacet
  facet normal -0.97387 -0.227105 0
    outer loop
      vertex 12.557 3.36465 16
      vertex 12.7502 2.53617 10.5
      vertex 12.7502 2.53617 16
    endloop
  endfacet
  facet normal -0.77301 0.634394 0
    outer loop
      vertex 9.77392 -8.5715 10.5
      vertex 10.3136 -7.9139 16
      vertex 10.3136 -7.9139 10.5
    endloop
  endfacet
  facet normal -0.77301 0.634394 0
    outer loop
      vertex 10.3136 -7.9139 16
      vertex 9.77392 -8.5715 10.5
      vertex 9.77392 -8.5715 16
    endloop
  endfacet
  facet normal -0.956954 0.290239 0
    outer loop
      vertex 12.3101 -4.17871 10.5
      vertex 12.557 -3.36465 16
      vertex 12.557 -3.36465 10.5
    endloop
  endfacet
  facet normal -0.956954 0.290239 0
    outer loop
      vertex 12.557 -3.36465 16
      vertex 12.3101 -4.17871 10.5
      vertex 12.3101 -4.17871 16
    endloop
  endfacet
  facet normal -0.849215 -0.528048 0
    outer loop
      vertex 11.2583 6.5 10.5
      vertex 10.8091 7.22241 16
      vertex 10.8091 7.22241 10.5
    endloop
  endfacet
  facet normal -0.849215 -0.528048 0
    outer loop
      vertex 10.8091 7.22241 16
      vertex 11.2583 6.5 10.5
      vertex 11.2583 6.5 16
    endloop
  endfacet
  facet normal 0.582466 0.812855 -0
    outer loop
      vertex -7.22241 -10.8091 10.5
      vertex -7.9139 -10.3136 16
      vertex -7.22241 -10.8091 16
    endloop
  endfacet
  facet normal 0.582466 0.812855 0
    outer loop
      vertex -7.9139 -10.3136 16
      vertex -7.22241 -10.8091 10.5
      vertex -7.9139 -10.3136 10.5
    endloop
  endfacet
  facet normal 0.97387 0.227105 0
    outer loop
      vertex -12.557 -3.36465 16
      vertex -12.7502 -2.53617 10.5
      vertex -12.7502 -2.53617 16
    endloop
  endfacet
  facet normal 0.97387 0.227105 0
    outer loop
      vertex -12.7502 -2.53617 10.5
      vertex -12.557 -3.36465 16
      vertex -12.557 -3.36465 10.5
    endloop
  endfacet
  facet normal -0.935889 -0.352294 0
    outer loop
      vertex 12.3101 4.17871 10.5
      vertex 12.0104 4.97488 16
      vertex 12.0104 4.97488 10.5
    endloop
  endfacet
  facet normal -0.935889 -0.352294 0
    outer loop
      vertex 12.0104 4.97488 16
      vertex 12.3101 4.17871 10.5
      vertex 12.3101 4.17871 16
    endloop
  endfacet
  facet normal 0.986638 0.162925 0
    outer loop
      vertex -12.7502 -2.53617 16
      vertex -12.8888 -1.69684 10.5
      vertex -12.8888 -1.69684 16
    endloop
  endfacet
  facet normal 0.986638 0.162925 0
    outer loop
      vertex -12.8888 -1.69684 10.5
      vertex -12.7502 -2.53617 16
      vertex -12.7502 -2.53617 10.5
    endloop
  endfacet
  facet normal 0.995183 0.0980371 0
    outer loop
      vertex -12.8888 -1.69684 16
      vertex -12.9722 -0.85024 10.5
      vertex -12.9722 -0.85024 16
    endloop
  endfacet
  facet normal 0.995183 0.0980371 0
    outer loop
      vertex -12.9722 -0.85024 10.5
      vertex -12.8888 -1.69684 16
      vertex -12.8888 -1.69684 10.5
    endloop
  endfacet
  facet normal -0.956954 -0.290239 0
    outer loop
      vertex 12.557 3.36465 10.5
      vertex 12.3101 4.17871 16
      vertex 12.3101 4.17871 10.5
    endloop
  endfacet
  facet normal -0.956954 -0.290239 0
    outer loop
      vertex 12.3101 4.17871 16
      vertex 12.557 3.36465 10.5
      vertex 12.557 3.36465 16
    endloop
  endfacet
  facet normal -0.634394 -0.77301 0
    outer loop
      vertex 7.9139 10.3136 10.5
      vertex 8.5715 9.77392 16
      vertex 7.9139 10.3136 16
    endloop
  endfacet
  facet normal -0.634394 -0.77301 -0
    outer loop
      vertex 8.5715 9.77392 16
      vertex 7.9139 10.3136 10.5
      vertex 8.5715 9.77392 10.5
    endloop
  endfacet
  facet normal 0.634394 -0.77301 0
    outer loop
      vertex -8.5715 9.77392 10.5
      vertex -7.9139 10.3136 16
      vertex -8.5715 9.77392 16
    endloop
  endfacet
  facet normal 0.634394 -0.77301 0
    outer loop
      vertex -7.9139 10.3136 16
      vertex -8.5715 9.77392 10.5
      vertex -7.9139 10.3136 10.5
    endloop
  endfacet
  facet normal -0.227105 0.97387 0
    outer loop
      vertex 3.36465 -12.557 10.5
      vertex 2.53617 -12.7502 16
      vertex 3.36465 -12.557 16
    endloop
  endfacet
  facet normal -0.227105 0.97387 0
    outer loop
      vertex 2.53617 -12.7502 16
      vertex 3.36465 -12.557 10.5
      vertex 2.53617 -12.7502 10.5
    endloop
  endfacet
  facet normal -0.0326792 0.999466 0
    outer loop
      vertex 0.85024 -12.9722 10.5
      vertex 0 -13 16
      vertex 0.85024 -12.9722 16
    endloop
  endfacet
  facet normal -0.0326792 0.999466 0
    outer loop
      vertex 0 -13 16
      vertex 0.85024 -12.9722 10.5
      vertex 0 -13 10.5
    endloop
  endfacet
  facet normal 0.729862 0.683594 0
    outer loop
      vertex -9.19239 -9.19239 16
      vertex -9.77392 -8.5715 10.5
      vertex -9.77392 -8.5715 16
    endloop
  endfacet
  facet normal 0.729862 0.683594 0
    outer loop
      vertex -9.77392 -8.5715 10.5
      vertex -9.19239 -9.19239 16
      vertex -9.19239 -9.19239 10.5
    endloop
  endfacet
  facet normal -0.910859 0.412718 0
    outer loop
      vertex 11.6593 -5.74975 10.5
      vertex 12.0104 -4.97488 16
      vertex 12.0104 -4.97488 10.5
    endloop
  endfacet
  facet normal -0.910859 0.412718 0
    outer loop
      vertex 12.0104 -4.97488 16
      vertex 11.6593 -5.74975 10.5
      vertex 11.6593 -5.74975 16
    endloop
  endfacet
  facet normal -0.729862 0.683594 0
    outer loop
      vertex 9.19239 -9.19239 10.5
      vertex 9.77392 -8.5715 16
      vertex 9.77392 -8.5715 10.5
    endloop
  endfacet
  facet normal -0.729862 0.683594 0
    outer loop
      vertex 9.77392 -8.5715 16
      vertex 9.19239 -9.19239 10.5
      vertex 9.19239 -9.19239 16
    endloop
  endfacet
  facet normal 0.352294 -0.935889 0
    outer loop
      vertex -4.97488 12.0104 10.5
      vertex -4.17871 12.3101 16
      vertex -4.97488 12.0104 16
    endloop
  endfacet
  facet normal 0.352294 -0.935889 0
    outer loop
      vertex -4.17871 12.3101 16
      vertex -4.97488 12.0104 10.5
      vertex -4.17871 12.3101 10.5
    endloop
  endfacet
  facet normal -0.77301 -0.634394 0
    outer loop
      vertex 10.3136 7.9139 10.5
      vertex 9.77392 8.5715 16
      vertex 9.77392 8.5715 10.5
    endloop
  endfacet
  facet normal -0.77301 -0.634394 0
    outer loop
      vertex 9.77392 8.5715 16
      vertex 10.3136 7.9139 10.5
      vertex 10.3136 7.9139 16
    endloop
  endfacet
  facet normal -0.683594 0.729862 0
    outer loop
      vertex 9.19239 -9.19239 10.5
      vertex 8.5715 -9.77392 16
      vertex 9.19239 -9.19239 16
    endloop
  endfacet
  facet normal -0.683594 0.729862 0
    outer loop
      vertex 8.5715 -9.77392 16
      vertex 9.19239 -9.19239 10.5
      vertex 8.5715 -9.77392 10.5
    endloop
  endfacet
  facet normal 0.986638 -0.162925 0
    outer loop
      vertex -12.8888 1.69684 16
      vertex -12.7502 2.53617 10.5
      vertex -12.7502 2.53617 16
    endloop
  endfacet
  facet normal 0.986638 -0.162925 0
    outer loop
      vertex -12.7502 2.53617 10.5
      vertex -12.8888 1.69684 16
      vertex -12.8888 1.69684 10.5
    endloop
  endfacet
  facet normal 0.227105 0.97387 -0
    outer loop
      vertex -2.53617 -12.7502 10.5
      vertex -3.36465 -12.557 16
      vertex -2.53617 -12.7502 16
    endloop
  endfacet
  facet normal 0.227105 0.97387 0
    outer loop
      vertex -3.36465 -12.557 16
      vertex -2.53617 -12.7502 10.5
      vertex -3.36465 -12.557 10.5
    endloop
  endfacet
  facet normal -0.352294 -0.935889 0
    outer loop
      vertex 4.17871 12.3101 10.5
      vertex 4.97488 12.0104 16
      vertex 4.17871 12.3101 16
    endloop
  endfacet
  facet normal -0.352294 -0.935889 -0
    outer loop
      vertex 4.97488 12.0104 16
      vertex 4.17871 12.3101 10.5
      vertex 4.97488 12.0104 10.5
    endloop
  endfacet
  facet normal -0.471381 -0.88193 0
    outer loop
      vertex 5.74975 11.6593 10.5
      vertex 6.5 11.2583 16
      vertex 5.74975 11.6593 16
    endloop
  endfacet
  facet normal -0.471381 -0.88193 -0
    outer loop
      vertex 6.5 11.2583 16
      vertex 5.74975 11.6593 10.5
      vertex 6.5 11.2583 10.5
    endloop
  endfacet
  facet normal 0.412718 0.910859 -0
    outer loop
      vertex -4.97488 -12.0104 10.5
      vertex -5.74975 -11.6593 16
      vertex -4.97488 -12.0104 16
    endloop
  endfacet
  facet normal 0.412718 0.910859 0
    outer loop
      vertex -5.74975 -11.6593 16
      vertex -4.97488 -12.0104 10.5
      vertex -5.74975 -11.6593 10.5
    endloop
  endfacet
  facet normal -0.849215 0.528048 0
    outer loop
      vertex 10.8091 -7.22241 10.5
      vertex 11.2583 -6.5 16
      vertex 11.2583 -6.5 10.5
    endloop
  endfacet
  facet normal -0.849215 0.528048 0
    outer loop
      vertex 11.2583 -6.5 16
      vertex 10.8091 -7.22241 10.5
      vertex 10.8091 -7.22241 16
    endloop
  endfacet
  facet normal -0.582466 -0.812855 0
    outer loop
      vertex 7.22241 10.8091 10.5
      vertex 7.9139 10.3136 16
      vertex 7.22241 10.8091 16
    endloop
  endfacet
  facet normal -0.582466 -0.812855 -0
    outer loop
      vertex 7.9139 10.3136 16
      vertex 7.22241 10.8091 10.5
      vertex 7.9139 10.3136 10.5
    endloop
  endfacet
  facet normal 0.162925 0.986638 -0
    outer loop
      vertex -1.69684 -12.8888 10.5
      vertex -2.53617 -12.7502 16
      vertex -1.69684 -12.8888 16
    endloop
  endfacet
  facet normal 0.162925 0.986638 0
    outer loop
      vertex -2.53617 -12.7502 16
      vertex -1.69684 -12.8888 10.5
      vertex -2.53617 -12.7502 10.5
    endloop
  endfacet
  facet normal -0.986638 0.162925 0
    outer loop
      vertex 12.7502 -2.53617 10.5
      vertex 12.8888 -1.69684 16
      vertex 12.8888 -1.69684 10.5
    endloop
  endfacet
  facet normal -0.986638 0.162925 0
    outer loop
      vertex 12.8888 -1.69684 16
      vertex 12.7502 -2.53617 10.5
      vertex 12.7502 -2.53617 16
    endloop
  endfacet
  facet normal -0.812855 -0.582466 0
    outer loop
      vertex 10.8091 7.22241 10.5
      vertex 10.3136 7.9139 16
      vertex 10.3136 7.9139 10.5
    endloop
  endfacet
  facet normal -0.812855 -0.582466 0
    outer loop
      vertex 10.3136 7.9139 16
      vertex 10.8091 7.22241 10.5
      vertex 10.8091 7.22241 16
    endloop
  endfacet
  facet normal 0.935889 -0.352294 0
    outer loop
      vertex -12.3101 4.17871 16
      vertex -12.0104 4.97488 10.5
      vertex -12.0104 4.97488 16
    endloop
  endfacet
  facet normal 0.935889 -0.352294 0
    outer loop
      vertex -12.0104 4.97488 10.5
      vertex -12.3101 4.17871 16
      vertex -12.3101 4.17871 10.5
    endloop
  endfacet
  facet normal 0.582466 -0.812855 0
    outer loop
      vertex -7.9139 10.3136 10.5
      vertex -7.22241 10.8091 16
      vertex -7.9139 10.3136 16
    endloop
  endfacet
  facet normal 0.582466 -0.812855 0
    outer loop
      vertex -7.22241 10.8091 16
      vertex -7.9139 10.3136 10.5
      vertex -7.22241 10.8091 10.5
    endloop
  endfacet
  facet normal 0.0996133 -0.995026 0
    outer loop
      vertex -1.69684 12.8888 10.5
      vertex -1.68785 12.8897 11.6807
      vertex -1.69684 12.8888 11.6793
    endloop
  endfacet
  facet normal 0.0976058 -0.995225 1.54373e-05
    outer loop
      vertex -1.69684 12.8888 10.5
      vertex -1.58589 12.8997 11.7045
      vertex -1.68785 12.8897 11.6807
    endloop
  endfacet
  facet normal 0.0983495 -0.995152 -5.37338e-05
    outer loop
      vertex -1.69684 12.8888 10.5
      vertex -1.4857 12.9096 11.7349
      vertex -1.58589 12.8997 11.7045
    endloop
  endfacet
  facet normal 0.0980371 -0.995183 1.94188e-07
    outer loop
      vertex -0.85024 12.9722 10.5
      vertex -1.4857 12.9096 11.7349
      vertex -1.69684 12.8888 10.5
    endloop
  endfacet
  facet normal 0.0975891 -0.995227 -0.000232575
    outer loop
      vertex -1.4857 12.9096 11.7349
      vertex -0.85024 12.9722 10.5
      vertex -1.38771 12.9192 11.7718
    endloop
  endfacet
  facet normal 0.0980956 -0.995177 -1.64726e-05
    outer loop
      vertex -1.38771 12.9192 11.7718
      vertex -0.85024 12.9722 10.5
      vertex -1.29234 12.9286 11.815
    endloop
  endfacet
  facet normal 0.0980845 -0.995178 -2.02416e-05
    outer loop
      vertex -1.29234 12.9286 11.815
      vertex -0.85024 12.9722 10.5
      vertex -1.2 12.9377 11.8644
    endloop
  endfacet
  facet normal 0.0984496 -0.995142 7.42594e-05
    outer loop
      vertex -1.2 12.9377 11.8644
      vertex -0.85024 12.9722 10.5
      vertex -1.11109 12.9465 11.9196
    endloop
  endfacet
  facet normal 0.0981989 -0.995167 2.77515e-05
    outer loop
      vertex -1.11109 12.9465 11.9196
      vertex -0.85024 12.9722 10.5
      vertex -1.02598 12.9549 11.9806
    endloop
  endfacet
  facet normal 0.0972214 -0.995263 -8.93891e-05
    outer loop
      vertex -1.02598 12.9549 11.9806
      vertex -0.85024 12.9722 10.5
      vertex -0.945046 12.9628 12.0471
    endloop
  endfacet
  facet normal 0.0989498 -0.995092 1.75593e-05
    outer loop
      vertex -0.945046 12.9628 12.0471
      vertex -0.85024 12.9722 10.5
      vertex -0.868629 12.9704 12.1186
    endloop
  endfacet
  facet normal 0.097419 -0.995243 0
    outer loop
      vertex -0.868629 12.9704 12.1186
      vertex -0.85024 12.9722 10.5
      vertex -0.85024 12.9722 12.1383
    endloop
  endfacet
  facet normal 0.0996133 -0.995026 0
    outer loop
      vertex -1.68785 12.8897 14.8193
      vertex -1.69684 12.8888 16
      vertex -1.69684 12.8888 14.8207
    endloop
  endfacet
  facet normal 0.0976058 -0.995225 -1.54373e-05
    outer loop
      vertex -1.58589 12.8997 14.7955
      vertex -1.69684 12.8888 16
      vertex -1.68785 12.8897 14.8193
    endloop
  endfacet
  facet normal 0.0983495 -0.995152 5.37338e-05
    outer loop
      vertex -1.4857 12.9096 14.7651
      vertex -1.69684 12.8888 16
      vertex -1.58589 12.8997 14.7955
    endloop
  endfacet
  facet normal 0.0980371 -0.995183 -1.94188e-07
    outer loop
      vertex -1.69684 12.8888 16
      vertex -1.4857 12.9096 14.7651
      vertex -0.85024 12.9722 16
    endloop
  endfacet
  facet normal 0.0975891 -0.995227 0.000232575
    outer loop
      vertex -1.38771 12.9192 14.7282
      vertex -0.85024 12.9722 16
      vertex -1.4857 12.9096 14.7651
    endloop
  endfacet
  facet normal 0.0980956 -0.995177 1.64726e-05
    outer loop
      vertex -1.29234 12.9286 14.685
      vertex -0.85024 12.9722 16
      vertex -1.38771 12.9192 14.7282
    endloop
  endfacet
  facet normal 0.0980845 -0.995178 2.02416e-05
    outer loop
      vertex -1.2 12.9377 14.6356
      vertex -0.85024 12.9722 16
      vertex -1.29234 12.9286 14.685
    endloop
  endfacet
  facet normal 0.0984496 -0.995142 -7.42594e-05
    outer loop
      vertex -1.11109 12.9465 14.5804
      vertex -0.85024 12.9722 16
      vertex -1.2 12.9377 14.6356
    endloop
  endfacet
  facet normal 0.0981989 -0.995167 -2.77515e-05
    outer loop
      vertex -1.02598 12.9549 14.5194
      vertex -0.85024 12.9722 16
      vertex -1.11109 12.9465 14.5804
    endloop
  endfacet
  facet normal 0.0972214 -0.995263 8.93891e-05
    outer loop
      vertex -0.945046 12.9628 14.4529
      vertex -0.85024 12.9722 16
      vertex -1.02598 12.9549 14.5194
    endloop
  endfacet
  facet normal 0.0989498 -0.995092 -1.75593e-05
    outer loop
      vertex -0.868629 12.9704 14.3814
      vertex -0.85024 12.9722 16
      vertex -0.945046 12.9628 14.4529
    endloop
  endfacet
  facet normal 0.097419 -0.995243 0
    outer loop
      vertex -0.85024 12.9722 16
      vertex -0.868629 12.9704 14.3814
      vertex -0.85024 12.9722 14.3617
    endloop
  endfacet
  facet normal -0.999466 0.0326792 0
    outer loop
      vertex 12.9722 -0.85024 10.5
      vertex 13 0 16
      vertex 13 0 10.5
    endloop
  endfacet
  facet normal -0.999466 0.0326792 0
    outer loop
      vertex 13 0 16
      vertex 12.9722 -0.85024 10.5
      vertex 12.9722 -0.85024 16
    endloop
  endfacet
  facet normal -0.290239 0.956954 0
    outer loop
      vertex 4.17871 -12.3101 10.5
      vertex 3.36465 -12.557 16
      vertex 4.17871 -12.3101 16
    endloop
  endfacet
  facet normal -0.290239 0.956954 0
    outer loop
      vertex 3.36465 -12.557 16
      vertex 4.17871 -12.3101 10.5
      vertex 3.36465 -12.557 10.5
    endloop
  endfacet
  facet normal 0.812855 0.582466 0
    outer loop
      vertex -10.3136 -7.9139 16
      vertex -10.8091 -7.22241 10.5
      vertex -10.8091 -7.22241 16
    endloop
  endfacet
  facet normal 0.812855 0.582466 0
    outer loop
      vertex -10.8091 -7.22241 10.5
      vertex -10.3136 -7.9139 16
      vertex -10.3136 -7.9139 10.5
    endloop
  endfacet
  facet normal 0.910859 0.412718 0
    outer loop
      vertex -11.6593 -5.74975 16
      vertex -12.0104 -4.97488 10.5
      vertex -12.0104 -4.97488 16
    endloop
  endfacet
  facet normal 0.910859 0.412718 0
    outer loop
      vertex -12.0104 -4.97488 10.5
      vertex -11.6593 -5.74975 16
      vertex -11.6593 -5.74975 10.5
    endloop
  endfacet
  facet normal -0.910859 -0.412718 0
    outer loop
      vertex 12.0104 4.97488 10.5
      vertex 11.6593 5.74975 16
      vertex 11.6593 5.74975 10.5
    endloop
  endfacet
  facet normal -0.910859 -0.412718 0
    outer loop
      vertex 11.6593 5.74975 16
      vertex 12.0104 4.97488 10.5
      vertex 12.0104 4.97488 16
    endloop
  endfacet
  facet normal 0.0980371 0.995183 -0
    outer loop
      vertex -0.85024 -12.9722 10.5
      vertex -1.69684 -12.8888 16
      vertex -0.85024 -12.9722 16
    endloop
  endfacet
  facet normal 0.0980371 0.995183 0
    outer loop
      vertex -1.69684 -12.8888 16
      vertex -0.85024 -12.9722 10.5
      vertex -1.69684 -12.8888 10.5
    endloop
  endfacet
  facet normal -0.290239 -0.956954 0
    outer loop
      vertex 3.36465 12.557 14.0838
      vertex 4.17871 12.3101 16
      vertex 3.36465 12.557 16
    endloop
  endfacet
  facet normal -0.288598 -0.95745 -0.000761211
    outer loop
      vertex 3.38564 12.5507 14.05
      vertex 4.17871 12.3101 16
      vertex 3.36465 12.557 14.0838
    endloop
  endfacet
  facet normal -0.290567 -0.956855 0.000113127
    outer loop
      vertex 3.435 12.5357 13.9577
      vertex 4.17871 12.3101 16
      vertex 3.38564 12.5507 14.05
    endloop
  endfacet
  facet normal -0.290198 -0.956967 -3.35123e-05
    outer loop
      vertex 3.47821 12.5226 13.8623
      vertex 4.17871 12.3101 16
      vertex 3.435 12.5357 13.9577
    endloop
  endfacet
  facet normal -0.290448 -0.956891 5.57964e-05
    outer loop
      vertex 3.51509 12.5114 13.7643
      vertex 4.17871 12.3101 16
      vertex 3.47821 12.5226 13.8623
    endloop
  endfacet
  facet normal -0.290008 -0.957024 -8.68698e-05
    outer loop
      vertex 3.54548 12.5022 13.6641
      vertex 4.17871 12.3101 16
      vertex 3.51509 12.5114 13.7643
    endloop
  endfacet
  facet normal -0.290062 -0.957008 -7.07537e-05
    outer loop
      vertex 3.56926 12.495 13.5621
      vertex 4.17871 12.3101 16
      vertex 3.54548 12.5022 13.6641
    endloop
  endfacet
  facet normal -0.290878 -0.95676 0.000151905
    outer loop
      vertex 3.58631 12.4898 13.4588
      vertex 4.17871 12.3101 16
      vertex 3.56926 12.495 13.5621
    endloop
  endfacet
  facet normal -0.289969 -0.957036 -7.93744e-05
    outer loop
      vertex 3.59657 12.4867 13.3546
      vertex 4.17871 12.3101 16
      vertex 3.58631 12.4898 13.4588
    endloop
  endfacet
  facet normal -0.292268 -0.956336 0.000473155
    outer loop
      vertex 3.6 12.4856 13.25
      vertex 4.17871 12.3101 16
      vertex 3.59657 12.4867 13.3546
    endloop
  endfacet
  facet normal -0.292268 -0.956336 -0.000473155
    outer loop
      vertex 4.17871 12.3101 10.5
      vertex 3.6 12.4856 13.25
      vertex 3.59657 12.4867 13.1454
    endloop
  endfacet
  facet normal -0.289969 -0.957036 7.93744e-05
    outer loop
      vertex 4.17871 12.3101 10.5
      vertex 3.59657 12.4867 13.1454
      vertex 3.58631 12.4898 13.0412
    endloop
  endfacet
  facet normal -0.290878 -0.95676 -0.000151905
    outer loop
      vertex 4.17871 12.3101 10.5
      vertex 3.58631 12.4898 13.0412
      vertex 3.56926 12.495 12.9379
    endloop
  endfacet
  facet normal -0.290239 -0.956954 0
    outer loop
      vertex 4.17871 12.3101 10.5
      vertex 3.36465 12.557 12.4162
      vertex 3.36465 12.557 10.5
    endloop
  endfacet
  facet normal -0.288598 -0.95745 0.000761211
    outer loop
      vertex 3.36465 12.557 12.4162
      vertex 4.17871 12.3101 10.5
      vertex 3.38564 12.5507 12.45
    endloop
  endfacet
  facet normal -0.290567 -0.956855 -0.000113127
    outer loop
      vertex 3.38564 12.5507 12.45
      vertex 4.17871 12.3101 10.5
      vertex 3.435 12.5357 12.5423
    endloop
  endfacet
  facet normal -0.290198 -0.956967 3.35123e-05
    outer loop
      vertex 3.435 12.5357 12.5423
      vertex 4.17871 12.3101 10.5
      vertex 3.47821 12.5226 12.6377
    endloop
  endfacet
  facet normal -0.290448 -0.956891 -5.57964e-05
    outer loop
      vertex 3.47821 12.5226 12.6377
      vertex 4.17871 12.3101 10.5
      vertex 3.51509 12.5114 12.7357
    endloop
  endfacet
  facet normal -0.290008 -0.957024 8.68698e-05
    outer loop
      vertex 3.51509 12.5114 12.7357
      vertex 4.17871 12.3101 10.5
      vertex 3.54548 12.5022 12.8359
    endloop
  endfacet
  facet normal -0.290062 -0.957008 7.07537e-05
    outer loop
      vertex 3.54548 12.5022 12.8359
      vertex 4.17871 12.3101 10.5
      vertex 3.56926 12.495 12.9379
    endloop
  endfacet
  facet normal -0.290209 -0.956963 0
    outer loop
      vertex 3.6 12.4856 13.25
      vertex 4.17871 12.3101 10.5
      vertex 4.17871 12.3101 16
    endloop
  endfacet
  facet normal 0.162925 -0.986638 3.4826e-05
    outer loop
      vertex -1.69684 12.8888 10.5
      vertex -2.10464 12.8215 11.6534
      vertex -2.53617 12.7502 10.5
    endloop
  endfacet
  facet normal 0.162869 -0.986648 5.65567e-05
    outer loop
      vertex -2.20884 12.8043 11.6637
      vertex -2.53617 12.7502 10.5
      vertex -2.10464 12.8215 11.6534
    endloop
  endfacet
  facet normal 0.163304 -0.986576 -6.9129e-05
    outer loop
      vertex -2.31214 12.7872 11.6807
      vertex -2.53617 12.7502 10.5
      vertex -2.20884 12.8043 11.6637
    endloop
  endfacet
  facet normal 0.162579 -0.986695 7.20905e-05
    outer loop
      vertex -2.41411 12.7704 11.7045
      vertex -2.53617 12.7502 10.5
      vertex -2.31214 12.7872 11.6807
    endloop
  endfacet
  facet normal 0.163451 -0.986551 -1.87016e-05
    outer loop
      vertex -2.5143 12.7538 11.7349
      vertex -2.53617 12.7502 10.5
      vertex -2.41411 12.7704 11.7045
    endloop
  endfacet
  facet normal 0.162423 -0.986721 0
    outer loop
      vertex -2.53617 12.7502 10.5
      vertex -2.5143 12.7538 11.7349
      vertex -2.53617 12.7502 11.7431
    endloop
  endfacet
  facet normal 0.162189 -0.98676 -0.000232511
    outer loop
      vertex -2.10464 12.8215 11.6534
      vertex -1.69684 12.8888 10.5
      vertex -2 12.8387 11.65
    endloop
  endfacet
  facet normal 0.163099 -0.98661 1.38426e-05
    outer loop
      vertex -2 12.8387 11.65
      vertex -1.69684 12.8888 10.5
      vertex -1.89535 12.856 11.6534
    endloop
  endfacet
  facet normal 0.162881 -0.986646 -2.4703e-05
    outer loop
      vertex -1.89535 12.856 11.6534
      vertex -1.69684 12.8888 10.5
      vertex -1.79116 12.8732 11.6637
    endloop
  endfacet
  facet normal 0.163178 -0.986597 0
    outer loop
      vertex -1.79116 12.8732 11.6637
      vertex -1.69684 12.8888 10.5
      vertex -1.69684 12.8888 11.6793
    endloop
  endfacet
  facet normal 0.162925 -0.986638 -3.4826e-05
    outer loop
      vertex -2.10464 12.8215 14.8466
      vertex -1.69684 12.8888 16
      vertex -2.53617 12.7502 16
    endloop
  endfacet
  facet normal 0.162189 -0.98676 0.000232511
    outer loop
      vertex -1.69684 12.8888 16
      vertex -2.10464 12.8215 14.8466
      vertex -2 12.8387 14.85
    endloop
  endfacet
  facet normal 0.162869 -0.986648 -5.65567e-05
    outer loop
      vertex -2.53617 12.7502 16
      vertex -2.20884 12.8043 14.8363
      vertex -2.10464 12.8215 14.8466
    endloop
  endfacet
  facet normal 0.163304 -0.986576 6.9129e-05
    outer loop
      vertex -2.53617 12.7502 16
      vertex -2.31214 12.7872 14.8193
      vertex -2.20884 12.8043 14.8363
    endloop
  endfacet
  facet normal 0.162579 -0.986695 -7.20905e-05
    outer loop
      vertex -2.53617 12.7502 16
      vertex -2.41411 12.7704 14.7955
      vertex -2.31214 12.7872 14.8193
    endloop
  endfacet
  facet normal 0.163451 -0.986551 1.87016e-05
    outer loop
      vertex -2.53617 12.7502 16
      vertex -2.5143 12.7538 14.7651
      vertex -2.41411 12.7704 14.7955
    endloop
  endfacet
  facet normal 0.162423 -0.986721 0
    outer loop
      vertex -2.5143 12.7538 14.7651
      vertex -2.53617 12.7502 16
      vertex -2.53617 12.7502 14.7569
    endloop
  endfacet
  facet normal 0.163099 -0.98661 -1.38426e-05
    outer loop
      vertex -1.89535 12.856 14.8466
      vertex -1.69684 12.8888 16
      vertex -2 12.8387 14.85
    endloop
  endfacet
  facet normal 0.162881 -0.986646 2.4703e-05
    outer loop
      vertex -1.79116 12.8732 14.8363
      vertex -1.69684 12.8888 16
      vertex -1.89535 12.856 14.8466
    endloop
  endfacet
  facet normal 0.163178 -0.986597 0
    outer loop
      vertex -1.69684 12.8888 16
      vertex -1.79116 12.8732 14.8363
      vertex -1.69684 12.8888 14.8207
    endloop
  endfacet
  facet normal -0.162925 0.986638 0
    outer loop
      vertex 2.53617 -12.7502 10.5
      vertex 1.69684 -12.8888 16
      vertex 2.53617 -12.7502 16
    endloop
  endfacet
  facet normal -0.162925 0.986638 0
    outer loop
      vertex 1.69684 -12.8888 16
      vertex 2.53617 -12.7502 10.5
      vertex 1.69684 -12.8888 10.5
    endloop
  endfacet
  facet normal -0.471381 0.88193 0
    outer loop
      vertex 6.5 -11.2583 10.5
      vertex 5.74975 -11.6593 16
      vertex 6.5 -11.2583 16
    endloop
  endfacet
  facet normal -0.471381 0.88193 0
    outer loop
      vertex 5.74975 -11.6593 16
      vertex 6.5 -11.2583 10.5
      vertex 5.74975 -11.6593 10.5
    endloop
  endfacet
  facet normal 0.849215 0.528048 0
    outer loop
      vertex -10.8091 -7.22241 16
      vertex -11.2583 -6.5 10.5
      vertex -11.2583 -6.5 16
    endloop
  endfacet
  facet normal 0.849215 0.528048 0
    outer loop
      vertex -11.2583 -6.5 10.5
      vertex -10.8091 -7.22241 16
      vertex -10.8091 -7.22241 10.5
    endloop
  endfacet
  facet normal 0.999466 0.0326792 0
    outer loop
      vertex -12.9722 -0.85024 16
      vertex -13 0 10.5
      vertex -13 0 16
    endloop
  endfacet
  facet normal 0.999466 0.0326792 0
    outer loop
      vertex -13 0 10.5
      vertex -12.9722 -0.85024 16
      vertex -12.9722 -0.85024 10.5
    endloop
  endfacet
  facet normal -0.88193 -0.471381 0
    outer loop
      vertex 11.6593 5.74975 10.5
      vertex 11.2583 6.5 16
      vertex 11.2583 6.5 10.5
    endloop
  endfacet
  facet normal -0.88193 -0.471381 0
    outer loop
      vertex 11.2583 6.5 16
      vertex 11.6593 5.74975 10.5
      vertex 11.6593 5.74975 16
    endloop
  endfacet
  facet normal -0.729862 -0.683594 0
    outer loop
      vertex 9.77392 8.5715 10.5
      vertex 9.19239 9.19239 16
      vertex 9.19239 9.19239 10.5
    endloop
  endfacet
  facet normal -0.729862 -0.683594 0
    outer loop
      vertex 9.19239 9.19239 16
      vertex 9.77392 8.5715 10.5
      vertex 9.77392 8.5715 16
    endloop
  endfacet
  facet normal -0.97387 0.227105 0
    outer loop
      vertex 12.557 -3.36465 10.5
      vertex 12.7502 -2.53617 16
      vertex 12.7502 -2.53617 10.5
    endloop
  endfacet
  facet normal -0.97387 0.227105 0
    outer loop
      vertex 12.7502 -2.53617 16
      vertex 12.557 -3.36465 10.5
      vertex 12.557 -3.36465 16
    endloop
  endfacet
  facet normal -0.88193 0.471381 0
    outer loop
      vertex 11.2583 -6.5 10.5
      vertex 11.6593 -5.74975 16
      vertex 11.6593 -5.74975 10.5
    endloop
  endfacet
  facet normal -0.88193 0.471381 0
    outer loop
      vertex 11.6593 -5.74975 16
      vertex 11.2583 -6.5 10.5
      vertex 11.2583 -6.5 16
    endloop
  endfacet
  facet normal -0.528048 0.849215 0
    outer loop
      vertex 7.22241 -10.8091 10.5
      vertex 6.5 -11.2583 16
      vertex 7.22241 -10.8091 16
    endloop
  endfacet
  facet normal -0.528048 0.849215 0
    outer loop
      vertex 6.5 -11.2583 16
      vertex 7.22241 -10.8091 10.5
      vertex 6.5 -11.2583 10.5
    endloop
  endfacet
  facet normal 0.412718 -0.910859 0
    outer loop
      vertex -5.74975 11.6593 10.5
      vertex -4.97488 12.0104 16
      vertex -5.74975 11.6593 16
    endloop
  endfacet
  facet normal 0.412718 -0.910859 0
    outer loop
      vertex -4.97488 12.0104 16
      vertex -5.74975 11.6593 10.5
      vertex -4.97488 12.0104 10.5
    endloop
  endfacet
  facet normal 0.849215 -0.528048 0
    outer loop
      vertex -11.2583 6.5 16
      vertex -10.8091 7.22241 10.5
      vertex -10.8091 7.22241 16
    endloop
  endfacet
  facet normal 0.849215 -0.528048 0
    outer loop
      vertex -10.8091 7.22241 10.5
      vertex -11.2583 6.5 16
      vertex -11.2583 6.5 10.5
    endloop
  endfacet
  facet normal 0.683594 -0.729862 0
    outer loop
      vertex -9.19239 9.19239 10.5
      vertex -8.5715 9.77392 16
      vertex -9.19239 9.19239 16
    endloop
  endfacet
  facet normal 0.683594 -0.729862 0
    outer loop
      vertex -8.5715 9.77392 16
      vertex -9.19239 9.19239 10.5
      vertex -8.5715 9.77392 10.5
    endloop
  endfacet
  facet normal 0.88193 -0.471381 0
    outer loop
      vertex -11.6593 5.74975 16
      vertex -11.2583 6.5 10.5
      vertex -11.2583 6.5 16
    endloop
  endfacet
  facet normal 0.88193 -0.471381 0
    outer loop
      vertex -11.2583 6.5 10.5
      vertex -11.6593 5.74975 16
      vertex -11.6593 5.74975 10.5
    endloop
  endfacet
  facet normal -0.412718 0.910859 0
    outer loop
      vertex 5.74975 -11.6593 10.5
      vertex 4.97488 -12.0104 16
      vertex 5.74975 -11.6593 16
    endloop
  endfacet
  facet normal -0.412718 0.910859 0
    outer loop
      vertex 4.97488 -12.0104 16
      vertex 5.74975 -11.6593 10.5
      vertex 4.97488 -12.0104 10.5
    endloop
  endfacet
  facet normal 0.471381 -0.88193 0
    outer loop
      vertex -6.5 11.2583 10.5
      vertex -5.74975 11.6593 16
      vertex -6.5 11.2583 16
    endloop
  endfacet
  facet normal 0.471381 -0.88193 0
    outer loop
      vertex -5.74975 11.6593 16
      vertex -6.5 11.2583 10.5
      vertex -5.74975 11.6593 10.5
    endloop
  endfacet
  facet normal -0.986638 -0.162925 0
    outer loop
      vertex 12.8888 1.69684 10.5
      vertex 12.7502 2.53617 16
      vertex 12.7502 2.53617 10.5
    endloop
  endfacet
  facet normal -0.986638 -0.162925 0
    outer loop
      vertex 12.7502 2.53617 16
      vertex 12.8888 1.69684 10.5
      vertex 12.8888 1.69684 16
    endloop
  endfacet
  facet normal 0.812855 -0.582466 0
    outer loop
      vertex -10.8091 7.22241 16
      vertex -10.3136 7.9139 10.5
      vertex -10.3136 7.9139 16
    endloop
  endfacet
  facet normal 0.812855 -0.582466 0
    outer loop
      vertex -10.3136 7.9139 10.5
      vertex -10.8091 7.22241 16
      vertex -10.8091 7.22241 10.5
    endloop
  endfacet
  facet normal 0.956954 -0.290239 0
    outer loop
      vertex -12.557 3.36465 16
      vertex -12.3101 4.17871 10.5
      vertex -12.3101 4.17871 16
    endloop
  endfacet
  facet normal 0.956954 -0.290239 0
    outer loop
      vertex -12.3101 4.17871 10.5
      vertex -12.557 3.36465 16
      vertex -12.557 3.36465 10.5
    endloop
  endfacet
  facet normal 0.0326792 0.999466 -0
    outer loop
      vertex 0 -13 10.5
      vertex -0.85024 -12.9722 16
      vertex 0 -13 16
    endloop
  endfacet
  facet normal 0.0326792 0.999466 0
    outer loop
      vertex -0.85024 -12.9722 16
      vertex 0 -13 10.5
      vertex -0.85024 -12.9722 10.5
    endloop
  endfacet
  facet normal 0.995183 -0.0980371 0
    outer loop
      vertex -12.9722 0.85024 16
      vertex -12.8888 1.69684 10.5
      vertex -12.8888 1.69684 16
    endloop
  endfacet
  facet normal 0.995183 -0.0980371 0
    outer loop
      vertex -12.8888 1.69684 10.5
      vertex -12.9722 0.85024 16
      vertex -12.9722 0.85024 10.5
    endloop
  endfacet
  facet normal 0.683594 0.729862 -0
    outer loop
      vertex -8.5715 -9.77392 10.5
      vertex -9.19239 -9.19239 16
      vertex -8.5715 -9.77392 16
    endloop
  endfacet
  facet normal 0.683594 0.729862 0
    outer loop
      vertex -9.19239 -9.19239 16
      vertex -8.5715 -9.77392 10.5
      vertex -9.19239 -9.19239 10.5
    endloop
  endfacet
  facet normal 0.471381 0.88193 -0
    outer loop
      vertex -5.74975 -11.6593 10.5
      vertex -6.5 -11.2583 16
      vertex -5.74975 -11.6593 16
    endloop
  endfacet
  facet normal 0.471381 0.88193 0
    outer loop
      vertex -6.5 -11.2583 16
      vertex -5.74975 -11.6593 10.5
      vertex -6.5 -11.2583 10.5
    endloop
  endfacet
  facet normal -0.812855 0.582466 0
    outer loop
      vertex 10.3136 -7.9139 10.5
      vertex 10.8091 -7.22241 16
      vertex 10.8091 -7.22241 10.5
    endloop
  endfacet
  facet normal -0.812855 0.582466 0
    outer loop
      vertex 10.8091 -7.22241 16
      vertex 10.3136 -7.9139 10.5
      vertex 10.3136 -7.9139 16
    endloop
  endfacet
  facet normal -0.683594 -0.729862 0
    outer loop
      vertex 8.5715 9.77392 10.5
      vertex 9.19239 9.19239 16
      vertex 8.5715 9.77392 16
    endloop
  endfacet
  facet normal -0.683594 -0.729862 -0
    outer loop
      vertex 9.19239 9.19239 16
      vertex 8.5715 9.77392 10.5
      vertex 9.19239 9.19239 10.5
    endloop
  endfacet
  facet normal 0.528048 0.849215 -0
    outer loop
      vertex -6.5 -11.2583 10.5
      vertex -7.22241 -10.8091 16
      vertex -6.5 -11.2583 16
    endloop
  endfacet
  facet normal 0.528048 0.849215 0
    outer loop
      vertex -7.22241 -10.8091 16
      vertex -6.5 -11.2583 10.5
      vertex -7.22241 -10.8091 10.5
    endloop
  endfacet
  facet normal 0.0326792 -0.999466 0
    outer loop
      vertex -0.85024 12.9722 14.3617
      vertex 0 13 16
      vertex -0.85024 12.9722 16
    endloop
  endfacet
  facet normal 0.0322086 -0.999481 0.000244496
    outer loop
      vertex -0.797056 12.9739 14.305
      vertex 0 13 16
      vertex -0.85024 12.9722 14.3617
    endloop
  endfacet
  facet normal 0.0329666 -0.999456 -0.000112326
    outer loop
      vertex -0.730634 12.9761 14.224
      vertex 0 13 16
      vertex -0.797056 12.9739 14.305
    endloop
  endfacet
  facet normal 0.0327465 -0.999464 -2.1706e-05
    outer loop
      vertex -0.669648 12.9781 14.1389
      vertex 0 13 16
      vertex -0.730634 12.9761 14.224
    endloop
  endfacet
  facet normal 0.032593 -0.999469 3.36132e-05
    outer loop
      vertex -0.614359 12.9799 14.05
      vertex 0 13 16
      vertex -0.669648 12.9781 14.1389
    endloop
  endfacet
  facet normal 0.0325114 -0.999471 5.93424e-05
    outer loop
      vertex -0.565003 12.9815 13.9577
      vertex 0 13 16
      vertex -0.614359 12.9799 14.05
    endloop
  endfacet
  facet normal 0.0325124 -0.999471 5.90559e-05
    outer loop
      vertex -0.521792 12.9829 13.8623
      vertex 0 13 16
      vertex -0.565003 12.9815 13.9577
    endloop
  endfacet
  facet normal 0.032612 -0.999468 3.47164e-05
    outer loop
      vertex -0.484911 12.9841 13.7643
      vertex 0 13 16
      vertex -0.521792 12.9829 13.8623
    endloop
  endfacet
  facet normal 0.0328376 -0.999461 -1.42564e-05
    outer loop
      vertex -0.454518 12.9851 13.6641
      vertex 0 13 16
      vertex -0.484911 12.9841 13.7643
    endloop
  endfacet
  facet normal 0.033236 -0.999448 -9.18745e-05
    outer loop
      vertex -0.430743 12.9859 13.5621
      vertex 0 13 16
      vertex -0.454518 12.9851 13.6641
    endloop
  endfacet
  facet normal 0.0338963 -0.999425 -0.000208657
    outer loop
      vertex -0.413688 12.9865 13.4588
      vertex 0 13 16
      vertex -0.430743 12.9859 13.5621
    endloop
  endfacet
  facet normal 0.0313355 -0.999509 0.000208668
    outer loop
      vertex -0.403425 12.9868 13.3546
      vertex 0 13 16
      vertex -0.413688 12.9865 13.4588
    endloop
  endfacet
  facet normal 0.0320806 -0.999485 9.49105e-05
    outer loop
      vertex -0.4 12.9869 13.25
      vertex 0 13 16
      vertex -0.403425 12.9868 13.3546
    endloop
  endfacet
  facet normal 0.0320806 -0.999485 -9.49105e-05
    outer loop
      vertex 0 13 10.5
      vertex -0.4 12.9869 13.25
      vertex -0.403425 12.9868 13.1454
    endloop
  endfacet
  facet normal 0.0313355 -0.999509 -0.000208668
    outer loop
      vertex 0 13 10.5
      vertex -0.403425 12.9868 13.1454
      vertex -0.413688 12.9865 13.0412
    endloop
  endfacet
  facet normal 0.0326792 -0.999466 0
    outer loop
      vertex 0 13 10.5
      vertex -0.85024 12.9722 12.1383
      vertex -0.85024 12.9722 10.5
    endloop
  endfacet
  facet normal 0.0322086 -0.999481 -0.000244496
    outer loop
      vertex -0.85024 12.9722 12.1383
      vertex 0 13 10.5
      vertex -0.797056 12.9739 12.195
    endloop
  endfacet
  facet normal 0.0329666 -0.999456 0.000112326
    outer loop
      vertex -0.797056 12.9739 12.195
      vertex 0 13 10.5
      vertex -0.730634 12.9761 12.276
    endloop
  endfacet
  facet normal 0.0327465 -0.999464 2.1706e-05
    outer loop
      vertex -0.730634 12.9761 12.276
      vertex 0 13 10.5
      vertex -0.669648 12.9781 12.3611
    endloop
  endfacet
  facet normal 0.032593 -0.999469 -3.36132e-05
    outer loop
      vertex -0.669648 12.9781 12.3611
      vertex 0 13 10.5
      vertex -0.614359 12.9799 12.45
    endloop
  endfacet
  facet normal 0.0325114 -0.999471 -5.93424e-05
    outer loop
      vertex -0.614359 12.9799 12.45
      vertex 0 13 10.5
      vertex -0.565003 12.9815 12.5423
    endloop
  endfacet
  facet normal 0.0325124 -0.999471 -5.90559e-05
    outer loop
      vertex -0.565003 12.9815 12.5423
      vertex 0 13 10.5
      vertex -0.521792 12.9829 12.6377
    endloop
  endfacet
  facet normal 0.032612 -0.999468 -3.47164e-05
    outer loop
      vertex -0.521792 12.9829 12.6377
      vertex 0 13 10.5
      vertex -0.484911 12.9841 12.7357
    endloop
  endfacet
  facet normal 0.0328376 -0.999461 1.42564e-05
    outer loop
      vertex -0.484911 12.9841 12.7357
      vertex 0 13 10.5
      vertex -0.454518 12.9851 12.8359
    endloop
  endfacet
  facet normal 0.0327325 -0.999464 0
    outer loop
      vertex -0.4 12.9869 13.25
      vertex 0 13 10.5
      vertex 0 13 16
    endloop
  endfacet
  facet normal 0.0338963 -0.999425 0.000208657
    outer loop
      vertex -0.430743 12.9859 12.9379
      vertex 0 13 10.5
      vertex -0.413688 12.9865 13.0412
    endloop
  endfacet
  facet normal 0.033236 -0.999448 9.18745e-05
    outer loop
      vertex -0.454518 12.9851 12.8359
      vertex 0 13 10.5
      vertex -0.430743 12.9859 12.9379
    endloop
  endfacet
  facet normal 0.352294 0.935889 -0
    outer loop
      vertex -4.17871 -12.3101 10.5
      vertex -4.97488 -12.0104 16
      vertex -4.17871 -12.3101 16
    endloop
  endfacet
  facet normal 0.352294 0.935889 0
    outer loop
      vertex -4.97488 -12.0104 16
      vertex -4.17871 -12.3101 10.5
      vertex -4.97488 -12.0104 10.5
    endloop
  endfacet
  facet normal 0.935889 0.352294 0
    outer loop
      vertex -12.0104 -4.97488 16
      vertex -12.3101 -4.17871 10.5
      vertex -12.3101 -4.17871 16
    endloop
  endfacet
  facet normal 0.935889 0.352294 0
    outer loop
      vertex -12.3101 -4.17871 10.5
      vertex -12.0104 -4.97488 16
      vertex -12.0104 -4.97488 10.5
    endloop
  endfacet
  facet normal 0.77301 0.634394 0
    outer loop
      vertex -9.77392 -8.5715 16
      vertex -10.3136 -7.9139 10.5
      vertex -10.3136 -7.9139 16
    endloop
  endfacet
  facet normal 0.77301 0.634394 0
    outer loop
      vertex -10.3136 -7.9139 10.5
      vertex -9.77392 -8.5715 16
      vertex -9.77392 -8.5715 10.5
    endloop
  endfacet
  facet normal -0.634394 0.77301 0
    outer loop
      vertex 8.5715 -9.77392 10.5
      vertex 7.9139 -10.3136 16
      vertex 8.5715 -9.77392 16
    endloop
  endfacet
  facet normal -0.634394 0.77301 0
    outer loop
      vertex 7.9139 -10.3136 16
      vertex 8.5715 -9.77392 10.5
      vertex 7.9139 -10.3136 10.5
    endloop
  endfacet
  facet normal -0.0326792 -0.999466 0
    outer loop
      vertex 0 13 16
      vertex 0.85024 12.9722 14.3617
      vertex 0.85024 12.9722 16
    endloop
  endfacet
  facet normal -0.0322086 -0.999481 0.000244496
    outer loop
      vertex 0 13 16
      vertex 0.797056 12.9739 14.305
      vertex 0.85024 12.9722 14.3617
    endloop
  endfacet
  facet normal -0.0329666 -0.999456 -0.000112326
    outer loop
      vertex 0 13 16
      vertex 0.730634 12.9761 14.224
      vertex 0.797056 12.9739 14.305
    endloop
  endfacet
  facet normal -0.0327465 -0.999464 -2.1706e-05
    outer loop
      vertex 0 13 16
      vertex 0.669648 12.9781 14.1389
      vertex 0.730634 12.9761 14.224
    endloop
  endfacet
  facet normal -0.032593 -0.999469 3.36132e-05
    outer loop
      vertex 0 13 16
      vertex 0.614359 12.9799 14.05
      vertex 0.669648 12.9781 14.1389
    endloop
  endfacet
  facet normal -0.0325114 -0.999471 5.93424e-05
    outer loop
      vertex 0 13 16
      vertex 0.565003 12.9815 13.9577
      vertex 0.614359 12.9799 14.05
    endloop
  endfacet
  facet normal -0.0325124 -0.999471 5.90559e-05
    outer loop
      vertex 0 13 16
      vertex 0.521792 12.9829 13.8623
      vertex 0.565003 12.9815 13.9577
    endloop
  endfacet
  facet normal -0.032612 -0.999468 3.47164e-05
    outer loop
      vertex 0 13 16
      vertex 0.484911 12.9841 13.7643
      vertex 0.521792 12.9829 13.8623
    endloop
  endfacet
  facet normal -0.0328376 -0.999461 -1.42564e-05
    outer loop
      vertex 0 13 16
      vertex 0.454518 12.9851 13.6641
      vertex 0.484911 12.9841 13.7643
    endloop
  endfacet
  facet normal -0.033236 -0.999448 -9.18745e-05
    outer loop
      vertex 0 13 16
      vertex 0.430743 12.9859 13.5621
      vertex 0.454518 12.9851 13.6641
    endloop
  endfacet
  facet normal -0.0338963 -0.999425 -0.000208657
    outer loop
      vertex 0 13 16
      vertex 0.413688 12.9865 13.4588
      vertex 0.430743 12.9859 13.5621
    endloop
  endfacet
  facet normal -0.0313355 -0.999509 0.000208668
    outer loop
      vertex 0 13 16
      vertex 0.403425 12.9868 13.3546
      vertex 0.413688 12.9865 13.4588
    endloop
  endfacet
  facet normal -0.0320806 -0.999485 9.49105e-05
    outer loop
      vertex 0 13 16
      vertex 0.4 12.9869 13.25
      vertex 0.403425 12.9868 13.3546
    endloop
  endfacet
  facet normal -0.0327325 -0.999464 0
    outer loop
      vertex 0 13 10.5
      vertex 0.4 12.9869 13.25
      vertex 0 13 16
    endloop
  endfacet
  facet normal -0.0320806 -0.999485 -9.49105e-05
    outer loop
      vertex 0.4 12.9869 13.25
      vertex 0 13 10.5
      vertex 0.403425 12.9868 13.1454
    endloop
  endfacet
  facet normal -0.0313355 -0.999509 -0.000208668
    outer loop
      vertex 0.403425 12.9868 13.1454
      vertex 0 13 10.5
      vertex 0.413688 12.9865 13.0412
    endloop
  endfacet
  facet normal -0.0338963 -0.999425 0.000208657
    outer loop
      vertex 0 13 10.5
      vertex 0.430743 12.9859 12.9379
      vertex 0.413688 12.9865 13.0412
    endloop
  endfacet
  facet normal -0.033236 -0.999448 9.18745e-05
    outer loop
      vertex 0 13 10.5
      vertex 0.454518 12.9851 12.8359
      vertex 0.430743 12.9859 12.9379
    endloop
  endfacet
  facet normal -0.0328376 -0.999461 1.42564e-05
    outer loop
      vertex 0 13 10.5
      vertex 0.484911 12.9841 12.7357
      vertex 0.454518 12.9851 12.8359
    endloop
  endfacet
  facet normal -0.032612 -0.999468 -3.47164e-05
    outer loop
      vertex 0 13 10.5
      vertex 0.521792 12.9829 12.6377
      vertex 0.484911 12.9841 12.7357
    endloop
  endfacet
  facet normal -0.0325124 -0.999471 -5.90559e-05
    outer loop
      vertex 0 13 10.5
      vertex 0.565003 12.9815 12.5423
      vertex 0.521792 12.9829 12.6377
    endloop
  endfacet
  facet normal -0.0325114 -0.999471 -5.93424e-05
    outer loop
      vertex 0 13 10.5
      vertex 0.614359 12.9799 12.45
      vertex 0.565003 12.9815 12.5423
    endloop
  endfacet
  facet normal -0.032593 -0.999469 -3.36132e-05
    outer loop
      vertex 0 13 10.5
      vertex 0.669648 12.9781 12.3611
      vertex 0.614359 12.9799 12.45
    endloop
  endfacet
  facet normal -0.0327465 -0.999464 2.1706e-05
    outer loop
      vertex 0 13 10.5
      vertex 0.730634 12.9761 12.276
      vertex 0.669648 12.9781 12.3611
    endloop
  endfacet
  facet normal -0.0329666 -0.999456 0.000112326
    outer loop
      vertex 0 13 10.5
      vertex 0.797056 12.9739 12.195
      vertex 0.730634 12.9761 12.276
    endloop
  endfacet
  facet normal -0.0322086 -0.999481 -0.000244496
    outer loop
      vertex 0 13 10.5
      vertex 0.85024 12.9722 12.1383
      vertex 0.797056 12.9739 12.195
    endloop
  endfacet
  facet normal -0.0326792 -0.999466 -0
    outer loop
      vertex 0.85024 12.9722 12.1383
      vertex 0 13 10.5
      vertex 0.85024 12.9722 10.5
    endloop
  endfacet
  facet normal 0.634394 0.77301 -0
    outer loop
      vertex -7.9139 -10.3136 10.5
      vertex -8.5715 -9.77392 16
      vertex -7.9139 -10.3136 16
    endloop
  endfacet
  facet normal 0.634394 0.77301 0
    outer loop
      vertex -8.5715 -9.77392 16
      vertex -7.9139 -10.3136 10.5
      vertex -8.5715 -9.77392 10.5
    endloop
  endfacet
  facet normal 0.290239 0.956954 -0
    outer loop
      vertex -3.36465 -12.557 10.5
      vertex -4.17871 -12.3101 16
      vertex -3.36465 -12.557 16
    endloop
  endfacet
  facet normal 0.290239 0.956954 0
    outer loop
      vertex -4.17871 -12.3101 16
      vertex -3.36465 -12.557 10.5
      vertex -4.17871 -12.3101 10.5
    endloop
  endfacet
  facet normal -0.097419 -0.995243 0
    outer loop
      vertex 0.85024 12.9722 10.5
      vertex 0.868629 12.9704 12.1186
      vertex 0.85024 12.9722 12.1383
    endloop
  endfacet
  facet normal -0.0989498 -0.995092 1.75593e-05
    outer loop
      vertex 0.85024 12.9722 10.5
      vertex 0.945046 12.9628 12.0471
      vertex 0.868629 12.9704 12.1186
    endloop
  endfacet
  facet normal -0.0972214 -0.995263 -8.93891e-05
    outer loop
      vertex 0.85024 12.9722 10.5
      vertex 1.02598 12.9549 11.9806
      vertex 0.945046 12.9628 12.0471
    endloop
  endfacet
  facet normal -0.0981989 -0.995167 2.77515e-05
    outer loop
      vertex 0.85024 12.9722 10.5
      vertex 1.11109 12.9465 11.9196
      vertex 1.02598 12.9549 11.9806
    endloop
  endfacet
  facet normal -0.0984496 -0.995142 7.42594e-05
    outer loop
      vertex 0.85024 12.9722 10.5
      vertex 1.2 12.9377 11.8644
      vertex 1.11109 12.9465 11.9196
    endloop
  endfacet
  facet normal -0.0980845 -0.995178 -2.02416e-05
    outer loop
      vertex 0.85024 12.9722 10.5
      vertex 1.29234 12.9286 11.815
      vertex 1.2 12.9377 11.8644
    endloop
  endfacet
  facet normal -0.0980956 -0.995177 -1.64726e-05
    outer loop
      vertex 0.85024 12.9722 10.5
      vertex 1.38771 12.9192 11.7718
      vertex 1.29234 12.9286 11.815
    endloop
  endfacet
  facet normal -0.0975891 -0.995227 -0.000232575
    outer loop
      vertex 0.85024 12.9722 10.5
      vertex 1.4857 12.9096 11.7349
      vertex 1.38771 12.9192 11.7718
    endloop
  endfacet
  facet normal -0.0980371 -0.995183 1.94188e-07
    outer loop
      vertex 1.69684 12.8888 10.5
      vertex 1.4857 12.9096 11.7349
      vertex 0.85024 12.9722 10.5
    endloop
  endfacet
  facet normal -0.0983495 -0.995152 -5.37338e-05
    outer loop
      vertex 1.4857 12.9096 11.7349
      vertex 1.69684 12.8888 10.5
      vertex 1.58589 12.8997 11.7045
    endloop
  endfacet
  facet normal -0.0976058 -0.995225 1.54373e-05
    outer loop
      vertex 1.58589 12.8997 11.7045
      vertex 1.69684 12.8888 10.5
      vertex 1.68785 12.8897 11.6807
    endloop
  endfacet
  facet normal -0.0996133 -0.995026 0
    outer loop
      vertex 1.68785 12.8897 11.6807
      vertex 1.69684 12.8888 10.5
      vertex 1.69684 12.8888 11.6793
    endloop
  endfacet
  facet normal -0.0980371 -0.995183 -1.94188e-07
    outer loop
      vertex 1.4857 12.9096 14.7651
      vertex 1.69684 12.8888 16
      vertex 0.85024 12.9722 16
    endloop
  endfacet
  facet normal -0.0996133 -0.995026 -0
    outer loop
      vertex 1.69684 12.8888 16
      vertex 1.68785 12.8897 14.8193
      vertex 1.69684 12.8888 14.8207
    endloop
  endfacet
  facet normal -0.0976058 -0.995225 -1.54373e-05
    outer loop
      vertex 1.69684 12.8888 16
      vertex 1.58589 12.8997 14.7955
      vertex 1.68785 12.8897 14.8193
    endloop
  endfacet
  facet normal -0.0983495 -0.995152 5.37338e-05
    outer loop
      vertex 1.69684 12.8888 16
      vertex 1.4857 12.9096 14.7651
      vertex 1.58589 12.8997 14.7955
    endloop
  endfacet
  facet normal -0.0975891 -0.995227 0.000232575
    outer loop
      vertex 0.85024 12.9722 16
      vertex 1.38771 12.9192 14.7282
      vertex 1.4857 12.9096 14.7651
    endloop
  endfacet
  facet normal -0.0980956 -0.995177 1.64726e-05
    outer loop
      vertex 0.85024 12.9722 16
      vertex 1.29234 12.9286 14.685
      vertex 1.38771 12.9192 14.7282
    endloop
  endfacet
  facet normal -0.0980845 -0.995178 2.02416e-05
    outer loop
      vertex 0.85024 12.9722 16
      vertex 1.2 12.9377 14.6356
      vertex 1.29234 12.9286 14.685
    endloop
  endfacet
  facet normal -0.0984496 -0.995142 -7.42594e-05
    outer loop
      vertex 0.85024 12.9722 16
      vertex 1.11109 12.9465 14.5804
      vertex 1.2 12.9377 14.6356
    endloop
  endfacet
  facet normal -0.0981989 -0.995167 -2.77515e-05
    outer loop
      vertex 0.85024 12.9722 16
      vertex 1.02598 12.9549 14.5194
      vertex 1.11109 12.9465 14.5804
    endloop
  endfacet
  facet normal -0.0972214 -0.995263 8.93891e-05
    outer loop
      vertex 0.85024 12.9722 16
      vertex 0.945046 12.9628 14.4529
      vertex 1.02598 12.9549 14.5194
    endloop
  endfacet
  facet normal -0.0989498 -0.995092 -1.75593e-05
    outer loop
      vertex 0.85024 12.9722 16
      vertex 0.868629 12.9704 14.3814
      vertex 0.945046 12.9628 14.4529
    endloop
  endfacet
  facet normal -0.097419 -0.995243 0
    outer loop
      vertex 0.868629 12.9704 14.3814
      vertex 0.85024 12.9722 16
      vertex 0.85024 12.9722 14.3617
    endloop
  endfacet
  facet normal -0.226485 -0.974015 0
    outer loop
      vertex 2.53617 12.7502 10.5
      vertex 2.61229 12.7325 11.7718
      vertex 2.53617 12.7502 11.7431
    endloop
  endfacet
  facet normal -0.227105 -0.97387 3.90857e-05
    outer loop
      vertex 3.36465 12.557 10.5
      vertex 2.61229 12.7325 11.7718
      vertex 2.53617 12.7502 10.5
    endloop
  endfacet
  facet normal -0.227575 -0.97376 -0.000254486
    outer loop
      vertex 2.61229 12.7325 11.7718
      vertex 3.36465 12.557 10.5
      vertex 2.70766 12.7102 11.815
    endloop
  endfacet
  facet normal -0.226838 -0.973933 0.000134195
    outer loop
      vertex 2.70766 12.7102 11.815
      vertex 3.36465 12.557 10.5
      vertex 2.8 12.6887 11.8644
    endloop
  endfacet
  facet normal -0.226835 -0.973933 0.000135362
    outer loop
      vertex 2.8 12.6887 11.8644
      vertex 3.36465 12.557 10.5
      vertex 2.88891 12.668 11.9196
    endloop
  endfacet
  facet normal -0.227586 -0.973758 -0.000130075
    outer loop
      vertex 2.88891 12.668 11.9196
      vertex 3.36465 12.557 10.5
      vertex 2.97402 12.6481 11.9806
    endloop
  endfacet
  facet normal -0.227363 -0.97381 -6.80189e-05
    outer loop
      vertex 2.97402 12.6481 11.9806
      vertex 3.36465 12.557 10.5
      vertex 3.05495 12.6292 12.0471
    endloop
  endfacet
  facet normal -0.226881 -0.973923 3.3747e-05
    outer loop
      vertex 3.05495 12.6292 12.0471
      vertex 3.36465 12.557 10.5
      vertex 3.13137 12.6114 12.1186
    endloop
  endfacet
  facet normal -0.227216 -0.973844 -1.72525e-05
    outer loop
      vertex 3.13137 12.6114 12.1186
      vertex 3.36465 12.557 10.5
      vertex 3.20294 12.5947 12.195
    endloop
  endfacet
  facet normal -0.22596 -0.974137 0.000109095
    outer loop
      vertex 3.20294 12.5947 12.195
      vertex 3.36465 12.557 10.5
      vertex 3.26937 12.5793 12.276
    endloop
  endfacet
  facet normal -0.22828 -0.973595 -2.21635e-05
    outer loop
      vertex 3.26937 12.5793 12.276
      vertex 3.36465 12.557 10.5
      vertex 3.33035 12.565 12.3611
    endloop
  endfacet
  facet normal -0.22714 -0.973862 0
    outer loop
      vertex 3.33035 12.565 12.3611
      vertex 3.36465 12.557 10.5
      vertex 3.36465 12.557 12.4162
    endloop
  endfacet
  facet normal -0.226485 -0.974015 0
    outer loop
      vertex 2.61229 12.7325 14.7282
      vertex 2.53617 12.7502 16
      vertex 2.53617 12.7502 14.7569
    endloop
  endfacet
  facet normal -0.227105 -0.97387 -3.90857e-05
    outer loop
      vertex 2.53617 12.7502 16
      vertex 2.61229 12.7325 14.7282
      vertex 3.36465 12.557 16
    endloop
  endfacet
  facet normal -0.227575 -0.97376 0.000254486
    outer loop
      vertex 2.70766 12.7102 14.685
      vertex 3.36465 12.557 16
      vertex 2.61229 12.7325 14.7282
    endloop
  endfacet
  facet normal -0.226838 -0.973933 -0.000134195
    outer loop
      vertex 2.8 12.6887 14.6356
      vertex 3.36465 12.557 16
      vertex 2.70766 12.7102 14.685
    endloop
  endfacet
  facet normal -0.226835 -0.973933 -0.000135362
    outer loop
      vertex 2.88891 12.668 14.5804
      vertex 3.36465 12.557 16
      vertex 2.8 12.6887 14.6356
    endloop
  endfacet
  facet normal -0.227586 -0.973758 0.000130075
    outer loop
      vertex 2.97402 12.6481 14.5194
      vertex 3.36465 12.557 16
      vertex 2.88891 12.668 14.5804
    endloop
  endfacet
  facet normal -0.227363 -0.97381 6.80189e-05
    outer loop
      vertex 3.05495 12.6292 14.4529
      vertex 3.36465 12.557 16
      vertex 2.97402 12.6481 14.5194
    endloop
  endfacet
  facet normal -0.226881 -0.973923 -3.3747e-05
    outer loop
      vertex 3.13137 12.6114 14.3814
      vertex 3.36465 12.557 16
      vertex 3.05495 12.6292 14.4529
    endloop
  endfacet
  facet normal -0.227216 -0.973844 1.72525e-05
    outer loop
      vertex 3.20294 12.5947 14.305
      vertex 3.36465 12.557 16
      vertex 3.13137 12.6114 14.3814
    endloop
  endfacet
  facet normal -0.22596 -0.974137 -0.000109095
    outer loop
      vertex 3.26937 12.5793 14.224
      vertex 3.36465 12.557 16
      vertex 3.20294 12.5947 14.305
    endloop
  endfacet
  facet normal -0.22828 -0.973595 2.21635e-05
    outer loop
      vertex 3.33035 12.565 14.1389
      vertex 3.36465 12.557 16
      vertex 3.26937 12.5793 14.224
    endloop
  endfacet
  facet normal -0.22714 -0.973862 -0
    outer loop
      vertex 3.36465 12.557 16
      vertex 3.33035 12.565 14.1389
      vertex 3.36465 12.557 14.0838
    endloop
  endfacet
  facet normal 0.88193 0.471381 0
    outer loop
      vertex -11.2583 -6.5 16
      vertex -11.6593 -5.74975 10.5
      vertex -11.6593 -5.74975 16
    endloop
  endfacet
  facet normal 0.88193 0.471381 0
    outer loop
      vertex -11.6593 -5.74975 10.5
      vertex -11.2583 -6.5 16
      vertex -11.2583 -6.5 10.5
    endloop
  endfacet
  facet normal 0.999466 -0.0326792 0
    outer loop
      vertex -13 0 16
      vertex -12.9722 0.85024 10.5
      vertex -12.9722 0.85024 16
    endloop
  endfacet
  facet normal 0.999466 -0.0326792 0
    outer loop
      vertex -12.9722 0.85024 10.5
      vertex -13 0 16
      vertex -13 0 10.5
    endloop
  endfacet
  facet normal 0.729862 -0.683594 0
    outer loop
      vertex -9.77392 8.5715 16
      vertex -9.19239 9.19239 10.5
      vertex -9.19239 9.19239 16
    endloop
  endfacet
  facet normal 0.729862 -0.683594 0
    outer loop
      vertex -9.19239 9.19239 10.5
      vertex -9.77392 8.5715 16
      vertex -9.77392 8.5715 10.5
    endloop
  endfacet
  facet normal -0.995194 -0.0979212 0
    outer loop
      vertex 15.8718 2 16
      vertex 15.8631 2.08842 19.95
      vertex 15.8631 2.08842 16
    endloop
  endfacet
  facet normal -0.995194 -0.0979212 0
    outer loop
      vertex 15.8631 2.08842 19.95
      vertex 15.8718 2 16
      vertex 15.8718 2 19.95
    endloop
  endfacet
  facet normal -0.995194 -0.0979212 0
    outer loop
      vertex 15.8718 2 21.15
      vertex 15.8631 2.08842 22.6
      vertex 15.8631 2.08842 21.15
    endloop
  endfacet
  facet normal -0.995194 -0.0979212 0
    outer loop
      vertex 15.8631 2.08842 22.6
      vertex 15.8718 2 21.15
      vertex 15.8718 2 22.6
    endloop
  endfacet
  facet normal -0.352243 0.935909 0
    outer loop
      vertex 6.12293 -14.7821 16
      vertex 5.14303 -15.1509 19.95
      vertex 6.12293 -14.7821 19.95
    endloop
  endfacet
  facet normal -0.352243 0.935909 0
    outer loop
      vertex 5.14303 -15.1509 19.95
      vertex 6.12293 -14.7821 16
      vertex 5.14303 -15.1509 16
    endloop
  endfacet
  facet normal -0.352243 0.935909 0
    outer loop
      vertex 6.12293 -14.7821 21.15
      vertex 5.14303 -15.1509 22.6
      vertex 6.12293 -14.7821 22.6
    endloop
  endfacet
  facet normal -0.352243 0.935909 0
    outer loop
      vertex 5.14303 -15.1509 22.6
      vertex 6.12293 -14.7821 21.15
      vertex 5.14303 -15.1509 21.15
    endloop
  endfacet
  facet normal -0.77296 -0.634455 0
    outer loop
      vertex 12.6937 9.74018 16
      vertex 12.0294 10.5495 19.95
      vertex 12.0294 10.5495 16
    endloop
  endfacet
  facet normal -0.77296 -0.634455 0
    outer loop
      vertex 12.0294 10.5495 19.95
      vertex 12.6937 9.74018 16
      vertex 12.6937 9.74018 19.95
    endloop
  endfacet
  facet normal -0.77296 -0.634455 0
    outer loop
      vertex 12.6937 9.74018 21.15
      vertex 12.0294 10.5495 22.6
      vertex 12.0294 10.5495 21.15
    endloop
  endfacet
  facet normal -0.77296 -0.634455 0
    outer loop
      vertex 12.0294 10.5495 22.6
      vertex 12.6937 9.74018 21.15
      vertex 12.6937 9.74018 22.6
    endloop
  endfacet
  facet normal -0.881904 -0.471429 0
    outer loop
      vertex 14.35 7.07662 16
      vertex 13.8564 8 19.95
      vertex 13.8564 8 16
    endloop
  endfacet
  facet normal -0.881904 -0.471429 0
    outer loop
      vertex 13.8564 8 19.95
      vertex 14.35 7.07662 16
      vertex 14.35 7.07662 19.95
    endloop
  endfacet
  facet normal -0.881904 -0.471429 0
    outer loop
      vertex 14.35 7.07662 21.15
      vertex 13.8564 8 22.6
      vertex 13.8564 8 21.15
    endloop
  endfacet
  facet normal -0.881904 -0.471429 0
    outer loop
      vertex 13.8564 8 22.6
      vertex 14.35 7.07662 21.15
      vertex 14.35 7.07662 22.6
    endloop
  endfacet
  facet normal -0.528075 0.849198 0
    outer loop
      vertex 8.88912 -13.3035 16
      vertex 8 -13.8564 19.95
      vertex 8.88912 -13.3035 19.95
    endloop
  endfacet
  facet normal -0.528075 0.849198 0
    outer loop
      vertex 8 -13.8564 19.95
      vertex 8.88912 -13.3035 16
      vertex 8 -13.8564 16
    endloop
  endfacet
  facet normal -0.528075 0.849198 0
    outer loop
      vertex 8.88912 -13.3035 21.15
      vertex 8 -13.8564 22.6
      vertex 8.88912 -13.3035 22.6
    endloop
  endfacet
  facet normal -0.528075 0.849198 0
    outer loop
      vertex 8 -13.8564 22.6
      vertex 8.88912 -13.3035 21.15
      vertex 8 -13.8564 21.15
    endloop
  endfacet
  facet normal -0.290257 0.956949 0
    outer loop
      vertex 5.14303 -15.1509 16
      vertex 4.1411 -15.4548 19.95
      vertex 5.14303 -15.1509 19.95
    endloop
  endfacet
  facet normal -0.290257 0.956949 0
    outer loop
      vertex 4.1411 -15.4548 19.95
      vertex 5.14303 -15.1509 16
      vertex 4.1411 -15.4548 16
    endloop
  endfacet
  facet normal -0.290257 0.956949 0
    outer loop
      vertex 5.14303 -15.1509 21.15
      vertex 4.1411 -15.4548 22.6
      vertex 5.14303 -15.1509 22.6
    endloop
  endfacet
  facet normal -0.290257 0.956949 0
    outer loop
      vertex 4.1411 -15.4548 22.6
      vertex 5.14303 -15.1509 21.15
      vertex 4.1411 -15.4548 21.15
    endloop
  endfacet
  facet normal 0.634455 0.77296 -0
    outer loop
      vertex -9.74018 -12.6937 16
      vertex -10.5495 -12.0294 19.95
      vertex -9.74018 -12.6937 19.95
    endloop
  endfacet
  facet normal 0.634455 0.77296 0
    outer loop
      vertex -10.5495 -12.0294 19.95
      vertex -9.74018 -12.6937 16
      vertex -10.5495 -12.0294 16
    endloop
  endfacet
  facet normal 0.634455 0.77296 -0
    outer loop
      vertex -9.74018 -12.6937 21.15
      vertex -10.5495 -12.0294 22.6
      vertex -9.74018 -12.6937 22.6
    endloop
  endfacet
  facet normal 0.634455 0.77296 0
    outer loop
      vertex -10.5495 -12.0294 22.6
      vertex -9.74018 -12.6937 21.15
      vertex -10.5495 -12.0294 21.15
    endloop
  endfacet
  facet normal 0.471429 -0.881904 0
    outer loop
      vertex -8 13.8564 16
      vertex -7.07662 14.35 19.95
      vertex -8 13.8564 19.95
    endloop
  endfacet
  facet normal 0.471429 -0.881904 0
    outer loop
      vertex -7.07662 14.35 19.95
      vertex -8 13.8564 16
      vertex -7.07662 14.35 16
    endloop
  endfacet
  facet normal 0.471429 -0.881904 0
    outer loop
      vertex -8 13.8564 21.15
      vertex -7.07662 14.35 22.6
      vertex -8 13.8564 22.6
    endloop
  endfacet
  facet normal 0.471429 -0.881904 0
    outer loop
      vertex -7.07662 14.35 22.6
      vertex -8 13.8564 21.15
      vertex -7.07662 14.35 21.15
    endloop
  endfacet
  facet normal -0.352243 -0.935909 0
    outer loop
      vertex 5.14303 15.1509 16
      vertex 6.12293 14.7821 19.95
      vertex 5.14303 15.1509 19.95
    endloop
  endfacet
  facet normal -0.352243 -0.935909 -0
    outer loop
      vertex 6.12293 14.7821 19.95
      vertex 5.14303 15.1509 16
      vertex 6.12293 14.7821 16
    endloop
  endfacet
  facet normal -0.352243 -0.935909 0
    outer loop
      vertex 5.14303 15.1509 21.15
      vertex 6.12293 14.7821 22.6
      vertex 5.14303 15.1509 22.6
    endloop
  endfacet
  facet normal -0.352243 -0.935909 -0
    outer loop
      vertex 6.12293 14.7821 22.6
      vertex 5.14303 15.1509 21.15
      vertex 6.12293 14.7821 21.15
    endloop
  endfacet
  facet normal -0.162847 0.986651 0
    outer loop
      vertex 3.12144 -15.6926 16
      vertex 2.08842 -15.8631 19.95
      vertex 3.12144 -15.6926 19.95
    endloop
  endfacet
  facet normal -0.162847 0.986651 0
    outer loop
      vertex 2.08842 -15.8631 19.95
      vertex 3.12144 -15.6926 16
      vertex 2.08842 -15.8631 16
    endloop
  endfacet
  facet normal -0.162847 0.986651 0
    outer loop
      vertex 3.12144 -15.6926 21.15
      vertex 2.08842 -15.8631 22.6
      vertex 3.12144 -15.6926 22.6
    endloop
  endfacet
  facet normal -0.162847 0.986651 0
    outer loop
      vertex 2.08842 -15.8631 22.6
      vertex 3.12144 -15.6926 21.15
      vertex 2.08842 -15.8631 21.15
    endloop
  endfacet
  facet normal 0.528075 0.849198 -0
    outer loop
      vertex -8 -13.8564 16
      vertex -8.88912 -13.3035 19.95
      vertex -8 -13.8564 19.95
    endloop
  endfacet
  facet normal 0.528075 0.849198 0
    outer loop
      vertex -8.88912 -13.3035 19.95
      vertex -8 -13.8564 16
      vertex -8.88912 -13.3035 16
    endloop
  endfacet
  facet normal 0.528075 0.849198 -0
    outer loop
      vertex -8 -13.8564 21.15
      vertex -8.88912 -13.3035 22.6
      vertex -8 -13.8564 22.6
    endloop
  endfacet
  facet normal 0.528075 0.849198 0
    outer loop
      vertex -8.88912 -13.3035 22.6
      vertex -8 -13.8564 21.15
      vertex -8.88912 -13.3035 21.15
    endloop
  endfacet
  facet normal 0.582439 0.812874 -0
    outer loop
      vertex -8.88912 -13.3035 16
      vertex -9.74018 -12.6937 19.95
      vertex -8.88912 -13.3035 19.95
    endloop
  endfacet
  facet normal 0.582439 0.812874 0
    outer loop
      vertex -9.74018 -12.6937 19.95
      vertex -8.88912 -13.3035 16
      vertex -9.74018 -12.6937 16
    endloop
  endfacet
  facet normal 0.582439 0.812874 -0
    outer loop
      vertex -8.88912 -13.3035 21.15
      vertex -9.74018 -12.6937 22.6
      vertex -8.88912 -13.3035 22.6
    endloop
  endfacet
  facet normal 0.582439 0.812874 0
    outer loop
      vertex -9.74018 -12.6937 22.6
      vertex -8.88912 -13.3035 21.15
      vertex -9.74018 -12.6937 21.15
    endloop
  endfacet
  facet normal -0.973867 -0.22712 0
    outer loop
      vertex 15.6926 3.12144 16
      vertex 15.4548 4.1411 19.95
      vertex 15.4548 4.1411 16
    endloop
  endfacet
  facet normal -0.973867 -0.22712 0
    outer loop
      vertex 15.4548 4.1411 19.95
      vertex 15.6926 3.12144 16
      vertex 15.6926 3.12144 19.95
    endloop
  endfacet
  facet normal -0.973867 -0.22712 0
    outer loop
      vertex 15.6926 3.12144 21.15
      vertex 15.4548 4.1411 22.6
      vertex 15.4548 4.1411 21.15
    endloop
  endfacet
  facet normal -0.973867 -0.22712 0
    outer loop
      vertex 15.4548 4.1411 22.6
      vertex 15.6926 3.12144 21.15
      vertex 15.6926 3.12144 22.6
    endloop
  endfacet
  facet normal 0.910868 0.412698 0
    outer loop
      vertex -14.35 -7.07662 19.95
      vertex -14.7821 -6.12293 16
      vertex -14.7821 -6.12293 19.95
    endloop
  endfacet
  facet normal 0.910868 0.412698 0
    outer loop
      vertex -14.7821 -6.12293 16
      vertex -14.35 -7.07662 19.95
      vertex -14.35 -7.07662 16
    endloop
  endfacet
  facet normal 0.910868 0.412698 0
    outer loop
      vertex -14.35 -7.07662 22.6
      vertex -14.7821 -6.12293 21.15
      vertex -14.7821 -6.12293 22.6
    endloop
  endfacet
  facet normal 0.910868 0.412698 0
    outer loop
      vertex -14.7821 -6.12293 21.15
      vertex -14.35 -7.07662 22.6
      vertex -14.35 -7.07662 21.15
    endloop
  endfacet
  facet normal -0.910868 0.412698 0
    outer loop
      vertex 14.35 -7.07662 16
      vertex 14.7821 -6.12293 19.95
      vertex 14.7821 -6.12293 16
    endloop
  endfacet
  facet normal -0.910868 0.412698 0
    outer loop
      vertex 14.7821 -6.12293 19.95
      vertex 14.35 -7.07662 16
      vertex 14.35 -7.07662 19.95
    endloop
  endfacet
  facet normal -0.910868 0.412698 0
    outer loop
      vertex 14.35 -7.07662 21.15
      vertex 14.7821 -6.12293 22.6
      vertex 14.7821 -6.12293 21.15
    endloop
  endfacet
  facet normal -0.910868 0.412698 0
    outer loop
      vertex 14.7821 -6.12293 22.6
      vertex 14.35 -7.07662 21.15
      vertex 14.35 -7.07662 22.6
    endloop
  endfacet
  facet normal -0.973867 0.22712 0
    outer loop
      vertex 15.4548 -4.1411 16
      vertex 15.6926 -3.12144 19.95
      vertex 15.6926 -3.12144 16
    endloop
  endfacet
  facet normal -0.973867 0.22712 0
    outer loop
      vertex 15.6926 -3.12144 19.95
      vertex 15.4548 -4.1411 16
      vertex 15.4548 -4.1411 19.95
    endloop
  endfacet
  facet normal -0.973867 0.22712 0
    outer loop
      vertex 15.4548 -4.1411 21.15
      vertex 15.6926 -3.12144 22.6
      vertex 15.6926 -3.12144 21.15
    endloop
  endfacet
  facet normal -0.973867 0.22712 0
    outer loop
      vertex 15.6926 -3.12144 22.6
      vertex 15.4548 -4.1411 21.15
      vertex 15.4548 -4.1411 22.6
    endloop
  endfacet
  facet normal -0.582439 -0.812874 0
    outer loop
      vertex 8.88912 13.3035 16
      vertex 9.74018 12.6937 19.95
      vertex 8.88912 13.3035 19.95
    endloop
  endfacet
  facet normal -0.582439 -0.812874 -0
    outer loop
      vertex 9.74018 12.6937 19.95
      vertex 8.88912 13.3035 16
      vertex 9.74018 12.6937 16
    endloop
  endfacet
  facet normal -0.582439 -0.812874 0
    outer loop
      vertex 8.88912 13.3035 21.15
      vertex 9.74018 12.6937 22.6
      vertex 8.88912 13.3035 22.6
    endloop
  endfacet
  facet normal -0.582439 -0.812874 -0
    outer loop
      vertex 9.74018 12.6937 22.6
      vertex 8.88912 13.3035 21.15
      vertex 9.74018 12.6937 21.15
    endloop
  endfacet
  facet normal -0.471429 0.881904 0
    outer loop
      vertex 8 -13.8564 16
      vertex 7.07662 -14.35 19.95
      vertex 8 -13.8564 19.95
    endloop
  endfacet
  facet normal -0.471429 0.881904 0
    outer loop
      vertex 7.07662 -14.35 19.95
      vertex 8 -13.8564 16
      vertex 7.07662 -14.35 16
    endloop
  endfacet
  facet normal -0.471429 0.881904 0
    outer loop
      vertex 8 -13.8564 21.15
      vertex 7.07662 -14.35 22.6
      vertex 8 -13.8564 22.6
    endloop
  endfacet
  facet normal -0.471429 0.881904 0
    outer loop
      vertex 7.07662 -14.35 22.6
      vertex 8 -13.8564 21.15
      vertex 7.07662 -14.35 21.15
    endloop
  endfacet
  facet normal -0.22712 -0.973867 0
    outer loop
      vertex 3.12144 15.6926 16
      vertex 4.1411 15.4548 19.95
      vertex 3.12144 15.6926 19.95
    endloop
  endfacet
  facet normal -0.22712 -0.973867 -0
    outer loop
      vertex 4.1411 15.4548 19.95
      vertex 3.12144 15.6926 16
      vertex 4.1411 15.4548 16
    endloop
  endfacet
  facet normal -0.22712 -0.973867 0
    outer loop
      vertex 3.12144 15.6926 21.15
      vertex 4.1411 15.4548 22.6
      vertex 3.12144 15.6926 22.6
    endloop
  endfacet
  facet normal -0.22712 -0.973867 -0
    outer loop
      vertex 4.1411 15.4548 22.6
      vertex 3.12144 15.6926 21.15
      vertex 4.1411 15.4548 21.15
    endloop
  endfacet
  facet normal -0.0979934 0.995187 0
    outer loop
      vertex 2.08842 -15.8631 16
      vertex 1.04645 -15.9657 19.95
      vertex 2.08842 -15.8631 19.95
    endloop
  endfacet
  facet normal -0.0979934 0.995187 0
    outer loop
      vertex 1.04645 -15.9657 19.95
      vertex 2.08842 -15.8631 16
      vertex 1.04645 -15.9657 16
    endloop
  endfacet
  facet normal -0.0979934 0.995187 0
    outer loop
      vertex 2.08842 -15.8631 21.15
      vertex 1.04645 -15.9657 22.6
      vertex 2.08842 -15.8631 22.6
    endloop
  endfacet
  facet normal -0.0979934 0.995187 0
    outer loop
      vertex 1.04645 -15.9657 22.6
      vertex 2.08842 -15.8631 21.15
      vertex 1.04645 -15.9657 21.15
    endloop
  endfacet
  facet normal -0.412698 -0.910868 0
    outer loop
      vertex 6.12293 14.7821 16
      vertex 7.07662 14.35 19.95
      vertex 6.12293 14.7821 19.95
    endloop
  endfacet
  facet normal -0.412698 -0.910868 -0
    outer loop
      vertex 7.07662 14.35 19.95
      vertex 6.12293 14.7821 16
      vertex 7.07662 14.35 16
    endloop
  endfacet
  facet normal -0.412698 -0.910868 0
    outer loop
      vertex 6.12293 14.7821 21.15
      vertex 7.07662 14.35 22.6
      vertex 6.12293 14.7821 22.6
    endloop
  endfacet
  facet normal -0.412698 -0.910868 -0
    outer loop
      vertex 7.07662 14.35 22.6
      vertex 6.12293 14.7821 21.15
      vertex 7.07662 14.35 21.15
    endloop
  endfacet
  facet normal -0.528075 -0.849198 0
    outer loop
      vertex 8 13.8564 16
      vertex 8.88912 13.3035 19.95
      vertex 8 13.8564 19.95
    endloop
  endfacet
  facet normal -0.528075 -0.849198 -0
    outer loop
      vertex 8.88912 13.3035 19.95
      vertex 8 13.8564 16
      vertex 8.88912 13.3035 16
    endloop
  endfacet
  facet normal -0.528075 -0.849198 0
    outer loop
      vertex 8 13.8564 21.15
      vertex 8.88912 13.3035 22.6
      vertex 8 13.8564 22.6
    endloop
  endfacet
  facet normal -0.528075 -0.849198 -0
    outer loop
      vertex 8.88912 13.3035 22.6
      vertex 8 13.8564 21.15
      vertex 8.88912 13.3035 21.15
    endloop
  endfacet
  facet normal -0.956949 0.290257 0
    outer loop
      vertex 15.1509 -5.14303 16
      vertex 15.4548 -4.1411 19.95
      vertex 15.4548 -4.1411 16
    endloop
  endfacet
  facet normal -0.956949 0.290257 0
    outer loop
      vertex 15.4548 -4.1411 19.95
      vertex 15.1509 -5.14303 16
      vertex 15.1509 -5.14303 19.95
    endloop
  endfacet
  facet normal -0.956949 0.290257 0
    outer loop
      vertex 15.1509 -5.14303 21.15
      vertex 15.4548 -4.1411 22.6
      vertex 15.4548 -4.1411 21.15
    endloop
  endfacet
  facet normal -0.956949 0.290257 0
    outer loop
      vertex 15.4548 -4.1411 22.6
      vertex 15.1509 -5.14303 21.15
      vertex 15.1509 -5.14303 22.6
    endloop
  endfacet
  facet normal -0.634455 -0.77296 0
    outer loop
      vertex 9.74018 12.6937 16
      vertex 10.5495 12.0294 19.95
      vertex 9.74018 12.6937 19.95
    endloop
  endfacet
  facet normal -0.634455 -0.77296 -0
    outer loop
      vertex 10.5495 12.0294 19.95
      vertex 9.74018 12.6937 16
      vertex 10.5495 12.0294 16
    endloop
  endfacet
  facet normal -0.634455 -0.77296 0
    outer loop
      vertex 9.74018 12.6937 21.15
      vertex 10.5495 12.0294 22.6
      vertex 9.74018 12.6937 22.6
    endloop
  endfacet
  facet normal -0.634455 -0.77296 -0
    outer loop
      vertex 10.5495 12.0294 22.6
      vertex 9.74018 12.6937 21.15
      vertex 10.5495 12.0294 21.15
    endloop
  endfacet
  facet normal -0.22712 0.973867 0
    outer loop
      vertex 4.1411 -15.4548 16
      vertex 3.12144 -15.6926 19.95
      vertex 4.1411 -15.4548 19.95
    endloop
  endfacet
  facet normal -0.22712 0.973867 0
    outer loop
      vertex 3.12144 -15.6926 19.95
      vertex 4.1411 -15.4548 16
      vertex 3.12144 -15.6926 16
    endloop
  endfacet
  facet normal -0.22712 0.973867 0
    outer loop
      vertex 4.1411 -15.4548 21.15
      vertex 3.12144 -15.6926 22.6
      vertex 4.1411 -15.4548 22.6
    endloop
  endfacet
  facet normal -0.22712 0.973867 0
    outer loop
      vertex 3.12144 -15.6926 22.6
      vertex 4.1411 -15.4548 21.15
      vertex 3.12144 -15.6926 21.15
    endloop
  endfacet
  facet normal -0.0979934 -0.995187 0
    outer loop
      vertex 1.04645 15.9657 16
      vertex 2.08842 15.8631 19.95
      vertex 1.04645 15.9657 19.95
    endloop
  endfacet
  facet normal -0.0979934 -0.995187 -0
    outer loop
      vertex 2.08842 15.8631 19.95
      vertex 1.04645 15.9657 16
      vertex 2.08842 15.8631 16
    endloop
  endfacet
  facet normal -0.0979934 -0.995187 0
    outer loop
      vertex 1.04645 15.9657 21.15
      vertex 2.08842 15.8631 22.6
      vertex 1.04645 15.9657 22.6
    endloop
  endfacet
  facet normal -0.0979934 -0.995187 -0
    outer loop
      vertex 2.08842 15.8631 22.6
      vertex 1.04645 15.9657 21.15
      vertex 2.08842 15.8631 21.15
    endloop
  endfacet
  facet normal 0.352243 0.935909 -0
    outer loop
      vertex -5.14303 -15.1509 16
      vertex -6.12293 -14.7821 19.95
      vertex -5.14303 -15.1509 19.95
    endloop
  endfacet
  facet normal 0.352243 0.935909 0
    outer loop
      vertex -6.12293 -14.7821 19.95
      vertex -5.14303 -15.1509 16
      vertex -6.12293 -14.7821 16
    endloop
  endfacet
  facet normal 0.352243 0.935909 -0
    outer loop
      vertex -5.14303 -15.1509 21.15
      vertex -6.12293 -14.7821 22.6
      vertex -5.14303 -15.1509 22.6
    endloop
  endfacet
  facet normal 0.352243 0.935909 0
    outer loop
      vertex -6.12293 -14.7821 22.6
      vertex -5.14303 -15.1509 21.15
      vertex -6.12293 -14.7821 21.15
    endloop
  endfacet
  facet normal -0.0327599 0.999463 0
    outer loop
      vertex 1.04645 -15.9657 16
      vertex 0 -16 19.95
      vertex 1.04645 -15.9657 19.95
    endloop
  endfacet
  facet normal -0.0327599 0.999463 0
    outer loop
      vertex 0 -16 19.95
      vertex 1.04645 -15.9657 16
      vertex 0 -16 16
    endloop
  endfacet
  facet normal -0.0327599 0.999463 0
    outer loop
      vertex 1.04645 -15.9657 21.15
      vertex 0 -16 22.6
      vertex 1.04645 -15.9657 22.6
    endloop
  endfacet
  facet normal -0.0327599 0.999463 0
    outer loop
      vertex 0 -16 22.6
      vertex 1.04645 -15.9657 21.15
      vertex 0 -16 21.15
    endloop
  endfacet
  facet normal -0.683566 -0.729889 0
    outer loop
      vertex 10.5495 12.0294 16
      vertex 11.3137 11.3137 19.95
      vertex 10.5495 12.0294 19.95
    endloop
  endfacet
  facet normal -0.683566 -0.729889 -0
    outer loop
      vertex 11.3137 11.3137 19.95
      vertex 10.5495 12.0294 16
      vertex 11.3137 11.3137 16
    endloop
  endfacet
  facet normal -0.683566 -0.729889 0
    outer loop
      vertex 10.5495 12.0294 21.15
      vertex 11.3137 11.3137 22.6
      vertex 10.5495 12.0294 22.6
    endloop
  endfacet
  facet normal -0.683566 -0.729889 -0
    outer loop
      vertex 11.3137 11.3137 22.6
      vertex 10.5495 12.0294 21.15
      vertex 11.3137 11.3137 21.15
    endloop
  endfacet
  facet normal -0.995194 0.0979212 0
    outer loop
      vertex 15.8631 -2.08842 16
      vertex 15.8718 -2 19.95
      vertex 15.8718 -2 16
    endloop
  endfacet
  facet normal -0.995194 0.0979212 0
    outer loop
      vertex 15.8718 -2 19.95
      vertex 15.8631 -2.08842 16
      vertex 15.8631 -2.08842 19.95
    endloop
  endfacet
  facet normal -0.995194 0.0979212 0
    outer loop
      vertex 15.8631 -2.08842 21.15
      vertex 15.8718 -2 22.6
      vertex 15.8718 -2 21.15
    endloop
  endfacet
  facet normal -0.995194 0.0979212 0
    outer loop
      vertex 15.8718 -2 22.6
      vertex 15.8631 -2.08842 21.15
      vertex 15.8631 -2.08842 22.6
    endloop
  endfacet
  facet normal -0.849198 -0.528075 0
    outer loop
      vertex 13.8564 8 16
      vertex 13.3035 8.88912 19.95
      vertex 13.3035 8.88912 16
    endloop
  endfacet
  facet normal -0.849198 -0.528075 0
    outer loop
      vertex 13.3035 8.88912 19.95
      vertex 13.8564 8 16
      vertex 13.8564 8 19.95
    endloop
  endfacet
  facet normal -0.849198 -0.528075 0
    outer loop
      vertex 13.8564 8 21.15
      vertex 13.3035 8.88912 22.6
      vertex 13.3035 8.88912 21.15
    endloop
  endfacet
  facet normal -0.849198 -0.528075 0
    outer loop
      vertex 13.3035 8.88912 22.6
      vertex 13.8564 8 21.15
      vertex 13.8564 8 22.6
    endloop
  endfacet
  facet normal 0.412698 -0.910868 0
    outer loop
      vertex -7.07662 14.35 16
      vertex -6.12293 14.7821 19.95
      vertex -7.07662 14.35 19.95
    endloop
  endfacet
  facet normal 0.412698 -0.910868 0
    outer loop
      vertex -6.12293 14.7821 19.95
      vertex -7.07662 14.35 16
      vertex -6.12293 14.7821 16
    endloop
  endfacet
  facet normal 0.412698 -0.910868 0
    outer loop
      vertex -7.07662 14.35 21.15
      vertex -6.12293 14.7821 22.6
      vertex -7.07662 14.35 22.6
    endloop
  endfacet
  facet normal 0.412698 -0.910868 0
    outer loop
      vertex -6.12293 14.7821 22.6
      vertex -7.07662 14.35 21.15
      vertex -6.12293 14.7821 21.15
    endloop
  endfacet
  facet normal 0.956949 0.290257 0
    outer loop
      vertex -15.1509 -5.14303 19.95
      vertex -15.4548 -4.1411 16
      vertex -15.4548 -4.1411 19.95
    endloop
  endfacet
  facet normal 0.956949 0.290257 0
    outer loop
      vertex -15.4548 -4.1411 16
      vertex -15.1509 -5.14303 19.95
      vertex -15.1509 -5.14303 16
    endloop
  endfacet
  facet normal 0.956949 0.290257 0
    outer loop
      vertex -15.1509 -5.14303 22.6
      vertex -15.4548 -4.1411 21.15
      vertex -15.4548 -4.1411 22.6
    endloop
  endfacet
  facet normal 0.956949 0.290257 0
    outer loop
      vertex -15.4548 -4.1411 21.15
      vertex -15.1509 -5.14303 22.6
      vertex -15.1509 -5.14303 21.15
    endloop
  endfacet
  facet normal 0.162847 -0.986651 0
    outer loop
      vertex -3.12144 15.6926 16
      vertex -2.08842 15.8631 19.95
      vertex -3.12144 15.6926 19.95
    endloop
  endfacet
  facet normal 0.162847 -0.986651 0
    outer loop
      vertex -2.08842 15.8631 19.95
      vertex -3.12144 15.6926 16
      vertex -2.08842 15.8631 16
    endloop
  endfacet
  facet normal 0.162847 -0.986651 0
    outer loop
      vertex -3.12144 15.6926 21.15
      vertex -2.08842 15.8631 22.6
      vertex -3.12144 15.6926 22.6
    endloop
  endfacet
  facet normal 0.162847 -0.986651 0
    outer loop
      vertex -2.08842 15.8631 22.6
      vertex -3.12144 15.6926 21.15
      vertex -2.08842 15.8631 21.15
    endloop
  endfacet
  facet normal -0.812874 -0.582439 0
    outer loop
      vertex 13.3035 8.88912 16
      vertex 12.6937 9.74018 19.95
      vertex 12.6937 9.74018 16
    endloop
  endfacet
  facet normal -0.812874 -0.582439 0
    outer loop
      vertex 12.6937 9.74018 19.95
      vertex 13.3035 8.88912 16
      vertex 13.3035 8.88912 19.95
    endloop
  endfacet
  facet normal -0.812874 -0.582439 0
    outer loop
      vertex 13.3035 8.88912 21.15
      vertex 12.6937 9.74018 22.6
      vertex 12.6937 9.74018 21.15
    endloop
  endfacet
  facet normal -0.812874 -0.582439 0
    outer loop
      vertex 12.6937 9.74018 22.6
      vertex 13.3035 8.88912 21.15
      vertex 13.3035 8.88912 22.6
    endloop
  endfacet
  facet normal 0.412698 0.910868 -0
    outer loop
      vertex -6.12293 -14.7821 16
      vertex -7.07662 -14.35 19.95
      vertex -6.12293 -14.7821 19.95
    endloop
  endfacet
  facet normal 0.412698 0.910868 0
    outer loop
      vertex -7.07662 -14.35 19.95
      vertex -6.12293 -14.7821 16
      vertex -7.07662 -14.35 16
    endloop
  endfacet
  facet normal 0.412698 0.910868 -0
    outer loop
      vertex -6.12293 -14.7821 21.15
      vertex -7.07662 -14.35 22.6
      vertex -6.12293 -14.7821 22.6
    endloop
  endfacet
  facet normal 0.412698 0.910868 0
    outer loop
      vertex -7.07662 -14.35 22.6
      vertex -6.12293 -14.7821 21.15
      vertex -7.07662 -14.35 21.15
    endloop
  endfacet
  facet normal -0.729889 0.683566 0
    outer loop
      vertex 11.3137 -11.3137 16
      vertex 12.0294 -10.5495 19.95
      vertex 12.0294 -10.5495 16
    endloop
  endfacet
  facet normal -0.729889 0.683566 0
    outer loop
      vertex 12.0294 -10.5495 19.95
      vertex 11.3137 -11.3137 16
      vertex 11.3137 -11.3137 19.95
    endloop
  endfacet
  facet normal -0.729889 0.683566 0
    outer loop
      vertex 11.3137 -11.3137 21.15
      vertex 12.0294 -10.5495 22.6
      vertex 12.0294 -10.5495 21.15
    endloop
  endfacet
  facet normal -0.729889 0.683566 0
    outer loop
      vertex 12.0294 -10.5495 22.6
      vertex 11.3137 -11.3137 21.15
      vertex 11.3137 -11.3137 22.6
    endloop
  endfacet
  facet normal 0.995194 -0.0979212 0
    outer loop
      vertex -15.8718 2 19.95
      vertex -15.8631 2.08842 16
      vertex -15.8631 2.08842 19.95
    endloop
  endfacet
  facet normal 0.995194 -0.0979212 0
    outer loop
      vertex -15.8631 2.08842 16
      vertex -15.8718 2 19.95
      vertex -15.8718 2 16
    endloop
  endfacet
  facet normal 0.995194 -0.0979212 0
    outer loop
      vertex -15.8718 2 22.6
      vertex -15.8631 2.08842 21.15
      vertex -15.8631 2.08842 22.6
    endloop
  endfacet
  facet normal 0.995194 -0.0979212 0
    outer loop
      vertex -15.8631 2.08842 21.15
      vertex -15.8718 2 22.6
      vertex -15.8718 2 21.15
    endloop
  endfacet
  facet normal 0 0 1
    outer loop
      vertex 14.5 2 16
      vertex 15.8631 2.08842 16
      vertex 15.6926 3.12144 16
    endloop
  endfacet
  facet normal 0 0 1
    outer loop
      vertex 14.5 2 16
      vertex 15.6926 3.12144 16
      vertex 15.4548 4.1411 16
    endloop
  endfacet
  facet normal 0 0 1
    outer loop
      vertex 12.557 3.36465 16
      vertex 15.4548 4.1411 16
      vertex 15.1509 5.14303 16
    endloop
  endfacet
  facet normal 0 0 1
    outer loop
      vertex 12.3101 4.17871 16
      vertex 15.1509 5.14303 16
      vertex 14.7821 6.12293 16
    endloop
  endfacet
  facet normal 0 0 1
    outer loop
      vertex 15.8631 2.08842 16
      vertex 14.5 2 16
      vertex 15.8718 2 16
    endloop
  endfacet
  facet normal 0 0 1
    outer loop
      vertex 15.1509 5.14303 16
      vertex 12.3101 4.17871 16
      vertex 12.557 3.36465 16
    endloop
  endfacet
  facet normal 0 0 1
    outer loop
      vertex 12.3101 4.17871 16
      vertex 14.7821 6.12293 16
      vertex 14.35 7.07662 16
    endloop
  endfacet
  facet normal -0 0 1
    outer loop
      vertex 14.5 -2 16
      vertex 15.8631 -2.08842 16
      vertex 15.8718 -2 16
    endloop
  endfacet
  facet normal 0 0 1
    outer loop
      vertex 15.8631 -2.08842 16
      vertex 14.5 -2 16
      vertex 15.6926 -3.12144 16
    endloop
  endfacet
  facet normal 0 0 1
    outer loop
      vertex 15.6926 -3.12144 16
      vertex 14.5 -2 16
      vertex 15.4548 -4.1411 16
    endloop
  endfacet
  facet normal -0 0 1
    outer loop
      vertex 12.557 -3.36465 16
      vertex 15.4548 -4.1411 16
      vertex 14.5 -2 16
    endloop
  endfacet
  facet normal 0 0 1
    outer loop
      vertex 15.4548 -4.1411 16
      vertex 12.557 -3.36465 16
      vertex 15.1509 -5.14303 16
    endloop
  endfacet
  facet normal -0 0 1
    outer loop
      vertex 12.3101 -4.17871 16
      vertex 15.1509 -5.14303 16
      vertex 12.557 -3.36465 16
    endloop
  endfacet
  facet normal 0 -0 1
    outer loop
      vertex 12.9722 0.85024 16
      vertex 14.5 2 16
      vertex 12.8888 1.69684 16
    endloop
  endfacet
  facet normal 0 0 1
    outer loop
      vertex 11.6593 5.74975 16
      vertex 14.35 7.07662 16
      vertex 13.8564 8 16
    endloop
  endfacet
  facet normal -0 0 1
    outer loop
      vertex 12.9722 -0.85024 16
      vertex 14.5 -2 16
      vertex 13 0 16
    endloop
  endfacet
  facet normal 0 0 1
    outer loop
      vertex 11.2583 6.5 16
      vertex 13.8564 8 16
      vertex 13.3035 8.88912 16
    endloop
  endfacet
  facet normal -0 0 1
    outer loop
      vertex 12.8888 -1.69684 16
      vertex 14.5 -2 16
      vertex 12.9722 -0.85024 16
    endloop
  endfacet
  facet normal 0 0 1
    outer loop
      vertex 12.7502 -2.53617 16
      vertex 14.5 -2 16
      vertex 12.8888 -1.69684 16
    endloop
  endfacet
  facet normal 0 0 1
    outer loop
      vertex 14.5 2 16
      vertex 13 0 16
      vertex 14.5 -2 16
    endloop
  endfacet
  facet normal 0 -0 1
    outer loop
      vertex 13 0 16
      vertex 14.5 2 16
      vertex 12.9722 0.85024 16
    endloop
  endfacet
  facet normal 0 0 1
    outer loop
      vertex 14.5 2 16
      vertex 12.7502 2.53617 16
      vertex 12.8888 1.69684 16
    endloop
  endfacet
  facet normal 0 0 1
    outer loop
      vertex 10.8091 7.22241 16
      vertex 13.3035 8.88912 16
      vertex 12.6937 9.74018 16
    endloop
  endfacet
  facet normal 0 0 1
    outer loop
      vertex 14.5 2 16
      vertex 12.557 3.36465 16
      vertex 12.7502 2.53617 16
    endloop
  endfacet
  facet normal 0 0 1
    outer loop
      vertex 15.4548 4.1411 16
      vertex 12.557 3.36465 16
      vertex 14.5 2 16
    endloop
  endfacet
  facet normal 0 0 1
    outer loop
      vertex 10.3136 7.9139 16
      vertex 12.6937 9.74018 16
      vertex 12.0294 10.5495 16
    endloop
  endfacet
  facet normal 0 0 1
    outer loop
      vertex 14.35 7.07662 16
      vertex 12.0104 4.97488 16
      vertex 12.3101 4.17871 16
    endloop
  endfacet
  facet normal 0 0 1
    outer loop
      vertex 14.35 7.07662 16
      vertex 11.6593 5.74975 16
      vertex 12.0104 4.97488 16
    endloop
  endfacet
  facet normal 0 0 1
    outer loop
      vertex 9.77392 8.5715 16
      vertex 12.0294 10.5495 16
      vertex 11.3137 11.3137 16
    endloop
  endfacet
  facet normal 0 0 1
    outer loop
      vertex 13.8564 8 16
      vertex 11.2583 6.5 16
      vertex 11.6593 5.74975 16
    endloop
  endfacet
  facet normal 0 0 1
    outer loop
      vertex 13.3035 8.88912 16
      vertex 10.8091 7.22241 16
      vertex 11.2583 6.5 16
    endloop
  endfacet
  facet normal 0 0 1
    outer loop
      vertex 9.19239 9.19239 16
      vertex 11.3137 11.3137 16
      vertex 10.5495 12.0294 16
    endloop
  endfacet
  facet normal 0 0 1
    outer loop
      vertex 12.6937 9.74018 16
      vertex 10.3136 7.9139 16
      vertex 10.8091 7.22241 16
    endloop
  endfacet
  facet normal 0 0 1
    outer loop
      vertex 12.0294 10.5495 16
      vertex 9.77392 8.5715 16
      vertex 10.3136 7.9139 16
    endloop
  endfacet
  facet normal 0 0 1
    outer loop
      vertex 8.5715 9.77392 16
      vertex 10.5495 12.0294 16
      vertex 9.74018 12.6937 16
    endloop
  endfacet
  facet normal 0 0 1
    outer loop
      vertex 11.3137 11.3137 16
      vertex 9.19239 9.19239 16
      vertex 9.77392 8.5715 16
    endloop
  endfacet
  facet normal 0 0 1
    outer loop
      vertex 7.9139 10.3136 16
      vertex 9.74018 12.6937 16
      vertex 8.88912 13.3035 16
    endloop
  endfacet
  facet normal 0 0 1
    outer loop
      vertex 10.5495 12.0294 16
      vertex 8.5715 9.77392 16
      vertex 9.19239 9.19239 16
    endloop
  endfacet
  facet normal 0 0 1
    outer loop
      vertex 7.22241 10.8091 16
      vertex 8.88912 13.3035 16
      vertex 8 13.8564 16
    endloop
  endfacet
  facet normal 0 0 1
    outer loop
      vertex 9.74018 12.6937 16
      vertex 7.9139 10.3136 16
      vertex 8.5715 9.77392 16
    endloop
  endfacet
  facet normal 0 0 1
    outer loop
      vertex 8.88912 13.3035 16
      vertex 7.22241 10.8091 16
      vertex 7.9139 10.3136 16
    endloop
  endfacet
  facet normal 0 0 1
    outer loop
      vertex 6.5 11.2583 16
      vertex 8 13.8564 16
      vertex 7.07662 14.35 16
    endloop
  endfacet
  facet normal 0 0 1
    outer loop
      vertex 8 13.8564 16
      vertex 6.5 11.2583 16
      vertex 7.22241 10.8091 16
    endloop
  endfacet
  facet normal 0 0 1
    outer loop
      vertex 5.74975 11.6593 16
      vertex 7.07662 14.35 16
      vertex 6.12293 14.7821 16
    endloop
  endfacet
  facet normal 0 0 1
    outer loop
      vertex 7.07662 14.35 16
      vertex 5.74975 11.6593 16
      vertex 6.5 11.2583 16
    endloop
  endfacet
  facet normal 0 0 1
    outer loop
      vertex 4.97488 12.0104 16
      vertex 6.12293 14.7821 16
      vertex 5.14303 15.1509 16
    endloop
  endfacet
  facet normal 0 0 1
    outer loop
      vertex 6.12293 14.7821 16
      vertex 4.97488 12.0104 16
      vertex 5.74975 11.6593 16
    endloop
  endfacet
  facet normal 0 0 1
    outer loop
      vertex 5.14303 15.1509 16
      vertex 4.17871 12.3101 16
      vertex 4.97488 12.0104 16
    endloop
  endfacet
  facet normal 0 0 1
    outer loop
      vertex 4.1411 15.4548 16
      vertex 4.17871 12.3101 16
      vertex 5.14303 15.1509 16
    endloop
  endfacet
  facet normal 0 0 1
    outer loop
      vertex 4.1411 15.4548 16
      vertex 3.36465 12.557 16
      vertex 4.17871 12.3101 16
    endloop
  endfacet
  facet normal 0 0 1
    outer loop
      vertex 3.12144 15.6926 16
      vertex 3.36465 12.557 16
      vertex 4.1411 15.4548 16
    endloop
  endfacet
  facet normal 0 0 1
    outer loop
      vertex 3.12144 15.6926 16
      vertex 2.53617 12.7502 16
      vertex 3.36465 12.557 16
    endloop
  endfacet
  facet normal 0 0 1
    outer loop
      vertex 2.08842 15.8631 16
      vertex 2.53617 12.7502 16
      vertex 3.12144 15.6926 16
    endloop
  endfacet
  facet normal 0 0 1
    outer loop
      vertex 2.08842 15.8631 16
      vertex 1.69684 12.8888 16
      vertex 2.53617 12.7502 16
    endloop
  endfacet
  facet normal 0 0 1
    outer loop
      vertex 1.04645 15.9657 16
      vertex 1.69684 12.8888 16
      vertex 2.08842 15.8631 16
    endloop
  endfacet
  facet normal 0 0 1
    outer loop
      vertex 1.04645 15.9657 16
      vertex 0.85024 12.9722 16
      vertex 1.69684 12.8888 16
    endloop
  endfacet
  facet normal 0 0 1
    outer loop
      vertex 0 16 16
      vertex 0.85024 12.9722 16
      vertex 1.04645 15.9657 16
    endloop
  endfacet
  facet normal 0 0 1
    outer loop
      vertex 0 16 16
      vertex 0 13 16
      vertex 0.85024 12.9722 16
    endloop
  endfacet
  facet normal 0 0 1
    outer loop
      vertex 0 16 16
      vertex -0.85024 12.9722 16
      vertex 0 13 16
    endloop
  endfacet
  facet normal -0 0 1
    outer loop
      vertex -1.04645 15.9657 16
      vertex -0.85024 12.9722 16
      vertex 0 16 16
    endloop
  endfacet
  facet normal 0 0 1
    outer loop
      vertex -1.04645 15.9657 16
      vertex -1.69684 12.8888 16
      vertex -0.85024 12.9722 16
    endloop
  endfacet
  facet normal -0 0 1
    outer loop
      vertex -2.08842 15.8631 16
      vertex -1.69684 12.8888 16
      vertex -1.04645 15.9657 16
    endloop
  endfacet
  facet normal 0 0 1
    outer loop
      vertex -2.08842 15.8631 16
      vertex -2.53617 12.7502 16
      vertex -1.69684 12.8888 16
    endloop
  endfacet
  facet normal -0 0 1
    outer loop
      vertex -3.12144 15.6926 16
      vertex -2.53617 12.7502 16
      vertex -2.08842 15.8631 16
    endloop
  endfacet
  facet normal 0 0 1
    outer loop
      vertex -3.12144 15.6926 16
      vertex -3.36465 12.557 16
      vertex -2.53617 12.7502 16
    endloop
  endfacet
  facet normal -0 0 1
    outer loop
      vertex -4.1411 15.4548 16
      vertex -3.36465 12.557 16
      vertex -3.12144 15.6926 16
    endloop
  endfacet
  facet normal 0 0 1
    outer loop
      vertex -4.1411 15.4548 16
      vertex -4.17871 12.3101 16
      vertex -3.36465 12.557 16
    endloop
  endfacet
  facet normal -0 0 1
    outer loop
      vertex -5.14303 15.1509 16
      vertex -4.17871 12.3101 16
      vertex -4.1411 15.4548 16
    endloop
  endfacet
  facet normal 0 0 1
    outer loop
      vertex -4.17871 12.3101 16
      vertex -5.14303 15.1509 16
      vertex -4.97488 12.0104 16
    endloop
  endfacet
  facet normal -0 0 1
    outer loop
      vertex -6.12293 14.7821 16
      vertex -4.97488 12.0104 16
      vertex -5.14303 15.1509 16
    endloop
  endfacet
  facet normal 0 0 1
    outer loop
      vertex -4.97488 12.0104 16
      vertex -6.12293 14.7821 16
      vertex -5.74975 11.6593 16
    endloop
  endfacet
  facet normal -0 0 1
    outer loop
      vertex -7.07662 14.35 16
      vertex -5.74975 11.6593 16
      vertex -6.12293 14.7821 16
    endloop
  endfacet
  facet normal 0 0 1
    outer loop
      vertex -5.74975 11.6593 16
      vertex -7.07662 14.35 16
      vertex -6.5 11.2583 16
    endloop
  endfacet
  facet normal -0 0 1
    outer loop
      vertex -8 13.8564 16
      vertex -6.5 11.2583 16
      vertex -7.07662 14.35 16
    endloop
  endfacet
  facet normal 0 0 1
    outer loop
      vertex -6.5 11.2583 16
      vertex -8 13.8564 16
      vertex -7.22241 10.8091 16
    endloop
  endfacet
  facet normal -0 0 1
    outer loop
      vertex -8.88912 13.3035 16
      vertex -7.22241 10.8091 16
      vertex -8 13.8564 16
    endloop
  endfacet
  facet normal 0 0 1
    outer loop
      vertex -7.22241 10.8091 16
      vertex -8.88912 13.3035 16
      vertex -7.9139 10.3136 16
    endloop
  endfacet
  facet normal -0 0 1
    outer loop
      vertex -9.74018 12.6937 16
      vertex -7.9139 10.3136 16
      vertex -8.88912 13.3035 16
    endloop
  endfacet
  facet normal 0 0 1
    outer loop
      vertex -7.9139 10.3136 16
      vertex -9.74018 12.6937 16
      vertex -8.5715 9.77392 16
    endloop
  endfacet
  facet normal -0 0 1
    outer loop
      vertex -10.5495 12.0294 16
      vertex -8.5715 9.77392 16
      vertex -9.74018 12.6937 16
    endloop
  endfacet
  facet normal 0 0 1
    outer loop
      vertex -8.5715 9.77392 16
      vertex -10.5495 12.0294 16
      vertex -9.19239 9.19239 16
    endloop
  endfacet
  facet normal -0 0 1
    outer loop
      vertex -11.3137 11.3137 16
      vertex -9.19239 9.19239 16
      vertex -10.5495 12.0294 16
    endloop
  endfacet
  facet normal 0 0 1
    outer loop
      vertex -9.19239 9.19239 16
      vertex -11.3137 11.3137 16
      vertex -9.77392 8.5715 16
    endloop
  endfacet
  facet normal -0 0 1
    outer loop
      vertex -12.0294 10.5495 16
      vertex -9.77392 8.5715 16
      vertex -11.3137 11.3137 16
    endloop
  endfacet
  facet normal 0 0 1
    outer loop
      vertex -9.77392 8.5715 16
      vertex -12.0294 10.5495 16
      vertex -10.3136 7.9139 16
    endloop
  endfacet
  facet normal -0 0 1
    outer loop
      vertex -12.6937 9.74018 16
      vertex -10.3136 7.9139 16
      vertex -12.0294 10.5495 16
    endloop
  endfacet
  facet normal 0 0 1
    outer loop
      vertex -10.3136 7.9139 16
      vertex -12.6937 9.74018 16
      vertex -10.8091 7.22241 16
    endloop
  endfacet
  facet normal -0 0 1
    outer loop
      vertex -13.3035 8.88912 16
      vertex -10.8091 7.22241 16
      vertex -12.6937 9.74018 16
    endloop
  endfacet
  facet normal 0 0 1
    outer loop
      vertex -10.8091 7.22241 16
      vertex -13.3035 8.88912 16
      vertex -11.2583 6.5 16
    endloop
  endfacet
  facet normal -0 0 1
    outer loop
      vertex -13.8564 8 16
      vertex -11.2583 6.5 16
      vertex -13.3035 8.88912 16
    endloop
  endfacet
  facet normal 0 0 1
    outer loop
      vertex -11.2583 6.5 16
      vertex -13.8564 8 16
      vertex -11.6593 5.74975 16
    endloop
  endfacet
  facet normal -0 0 1
    outer loop
      vertex -14.35 7.07662 16
      vertex -11.6593 5.74975 16
      vertex -13.8564 8 16
    endloop
  endfacet
  facet normal 0 0 1
    outer loop
      vertex -11.6593 5.74975 16
      vertex -14.35 7.07662 16
      vertex -12.0104 4.97488 16
    endloop
  endfacet
  facet normal -0 0 1
    outer loop
      vertex -14.7821 6.12293 16
      vertex -12.0104 4.97488 16
      vertex -14.35 7.07662 16
    endloop
  endfacet
  facet normal 0 0 1
    outer loop
      vertex -12.0104 4.97488 16
      vertex -14.7821 6.12293 16
      vertex -12.3101 4.17871 16
    endloop
  endfacet
  facet normal -0 0 1
    outer loop
      vertex -15.1509 5.14303 16
      vertex -12.3101 4.17871 16
      vertex -14.7821 6.12293 16
    endloop
  endfacet
  facet normal 0 0 1
    outer loop
      vertex -12.3101 4.17871 16
      vertex -15.1509 5.14303 16
      vertex -12.557 3.36465 16
    endloop
  endfacet
  facet normal 0 0 1
    outer loop
      vertex -12.557 -3.36465 16
      vertex -15.4548 -4.1411 16
      vertex -12.3101 -4.17871 16
    endloop
  endfacet
  facet normal 0 0 1
    outer loop
      vertex -12.3101 -4.17871 16
      vertex -14.7821 -6.12293 16
      vertex -14.35 -7.07662 16
    endloop
  endfacet
  facet normal 0 0 1
    outer loop
      vertex -12.3101 -4.17871 16
      vertex -15.1509 -5.14303 16
      vertex -14.7821 -6.12293 16
    endloop
  endfacet
  facet normal 0 0 1
    outer loop
      vertex -12.3101 -4.17871 16
      vertex -15.4548 -4.1411 16
      vertex -15.1509 -5.14303 16
    endloop
  endfacet
  facet normal 0 0 1
    outer loop
      vertex -14.5 -2 16
      vertex -15.6926 -3.12144 16
      vertex -15.4548 -4.1411 16
    endloop
  endfacet
  facet normal 0 0 1
    outer loop
      vertex -14.5 -2 16
      vertex -15.8631 -2.08842 16
      vertex -15.6926 -3.12144 16
    endloop
  endfacet
  facet normal 0 -0 1
    outer loop
      vertex -15.8631 -2.08842 16
      vertex -14.5 -2 16
      vertex -15.8718 -2 16
    endloop
  endfacet
  facet normal 0 0 1
    outer loop
      vertex 12.557 -3.36465 16
      vertex 14.5 -2 16
      vertex 12.7502 -2.53617 16
    endloop
  endfacet
  facet normal 0 0 1
    outer loop
      vertex 15.1509 -5.14303 16
      vertex 12.3101 -4.17871 16
      vertex 14.7821 -6.12293 16
    endloop
  endfacet
  facet normal -0 0 1
    outer loop
      vertex 12.0104 -4.97488 16
      vertex 14.7821 -6.12293 16
      vertex 12.3101 -4.17871 16
    endloop
  endfacet
  facet normal 0 0 1
    outer loop
      vertex 14.7821 -6.12293 16
      vertex 12.0104 -4.97488 16
      vertex 14.35 -7.07662 16
    endloop
  endfacet
  facet normal -0 0 1
    outer loop
      vertex 11.6593 -5.74975 16
      vertex 14.35 -7.07662 16
      vertex 12.0104 -4.97488 16
    endloop
  endfacet
  facet normal 0 0 1
    outer loop
      vertex 14.35 -7.07662 16
      vertex 11.6593 -5.74975 16
      vertex 13.8564 -8 16
    endloop
  endfacet
  facet normal -0 0 1
    outer loop
      vertex 11.2583 -6.5 16
      vertex 13.8564 -8 16
      vertex 11.6593 -5.74975 16
    endloop
  endfacet
  facet normal 0 0 1
    outer loop
      vertex 13.8564 -8 16
      vertex 11.2583 -6.5 16
      vertex 13.3035 -8.88912 16
    endloop
  endfacet
  facet normal -0 0 1
    outer loop
      vertex 10.8091 -7.22241 16
      vertex 13.3035 -8.88912 16
      vertex 11.2583 -6.5 16
    endloop
  endfacet
  facet normal 0 0 1
    outer loop
      vertex 13.3035 -8.88912 16
      vertex 10.8091 -7.22241 16
      vertex 12.6937 -9.74018 16
    endloop
  endfacet
  facet normal -0 0 1
    outer loop
      vertex 10.3136 -7.9139 16
      vertex 12.6937 -9.74018 16
      vertex 10.8091 -7.22241 16
    endloop
  endfacet
  facet normal 0 0 1
    outer loop
      vertex 12.6937 -9.74018 16
      vertex 10.3136 -7.9139 16
      vertex 12.0294 -10.5495 16
    endloop
  endfacet
  facet normal -0 0 1
    outer loop
      vertex 9.77392 -8.5715 16
      vertex 12.0294 -10.5495 16
      vertex 10.3136 -7.9139 16
    endloop
  endfacet
  facet normal 0 0 1
    outer loop
      vertex 12.0294 -10.5495 16
      vertex 9.77392 -8.5715 16
      vertex 11.3137 -11.3137 16
    endloop
  endfacet
  facet normal -0 0 1
    outer loop
      vertex 9.19239 -9.19239 16
      vertex 11.3137 -11.3137 16
      vertex 9.77392 -8.5715 16
    endloop
  endfacet
  facet normal 0 0 1
    outer loop
      vertex 11.3137 -11.3137 16
      vertex 9.19239 -9.19239 16
      vertex 10.5495 -12.0294 16
    endloop
  endfacet
  facet normal -0 0 1
    outer loop
      vertex 8.5715 -9.77392 16
      vertex 10.5495 -12.0294 16
      vertex 9.19239 -9.19239 16
    endloop
  endfacet
  facet normal 0 0 1
    outer loop
      vertex 10.5495 -12.0294 16
      vertex 8.5715 -9.77392 16
      vertex 9.74018 -12.6937 16
    endloop
  endfacet
  facet normal -0 0 1
    outer loop
      vertex 7.9139 -10.3136 16
      vertex 9.74018 -12.6937 16
      vertex 8.5715 -9.77392 16
    endloop
  endfacet
  facet normal 0 0 1
    outer loop
      vertex 9.74018 -12.6937 16
      vertex 7.9139 -10.3136 16
      vertex 8.88912 -13.3035 16
    endloop
  endfacet
  facet normal -0 0 1
    outer loop
      vertex 7.22241 -10.8091 16
      vertex 8.88912 -13.3035 16
      vertex 7.9139 -10.3136 16
    endloop
  endfacet
  facet normal 0 0 1
    outer loop
      vertex 8.88912 -13.3035 16
      vertex 7.22241 -10.8091 16
      vertex 8 -13.8564 16
    endloop
  endfacet
  facet normal -0 0 1
    outer loop
      vertex 6.5 -11.2583 16
      vertex 8 -13.8564 16
      vertex 7.22241 -10.8091 16
    endloop
  endfacet
  facet normal 0 0 1
    outer loop
      vertex 8 -13.8564 16
      vertex 6.5 -11.2583 16
      vertex 7.07662 -14.35 16
    endloop
  endfacet
  facet normal -0 0 1
    outer loop
      vertex 5.74975 -11.6593 16
      vertex 7.07662 -14.35 16
      vertex 6.5 -11.2583 16
    endloop
  endfacet
  facet normal 0 0 1
    outer loop
      vertex 7.07662 -14.35 16
      vertex 5.74975 -11.6593 16
      vertex 6.12293 -14.7821 16
    endloop
  endfacet
  facet normal -0 0 1
    outer loop
      vertex 4.97488 -12.0104 16
      vertex 6.12293 -14.7821 16
      vertex 5.74975 -11.6593 16
    endloop
  endfacet
  facet normal 0 0 1
    outer loop
      vertex 6.12293 -14.7821 16
      vertex 4.97488 -12.0104 16
      vertex 5.14303 -15.1509 16
    endloop
  endfacet
  facet normal -0 0 1
    outer loop
      vertex 4.17871 -12.3101 16
      vertex 5.14303 -15.1509 16
      vertex 4.97488 -12.0104 16
    endloop
  endfacet
  facet normal 0 0 1
    outer loop
      vertex 4.17871 -12.3101 16
      vertex 4.1411 -15.4548 16
      vertex 5.14303 -15.1509 16
    endloop
  endfacet
  facet normal -0 0 1
    outer loop
      vertex 3.36465 -12.557 16
      vertex 4.1411 -15.4548 16
      vertex 4.17871 -12.3101 16
    endloop
  endfacet
  facet normal 0 0 1
    outer loop
      vertex 3.36465 -12.557 16
      vertex 3.12144 -15.6926 16
      vertex 4.1411 -15.4548 16
    endloop
  endfacet
  facet normal -0 0 1
    outer loop
      vertex 2.53617 -12.7502 16
      vertex 3.12144 -15.6926 16
      vertex 3.36465 -12.557 16
    endloop
  endfacet
  facet normal 0 0 1
    outer loop
      vertex 2.53617 -12.7502 16
      vertex 2.08842 -15.8631 16
      vertex 3.12144 -15.6926 16
    endloop
  endfacet
  facet normal -0 0 1
    outer loop
      vertex 1.69684 -12.8888 16
      vertex 2.08842 -15.8631 16
      vertex 2.53617 -12.7502 16
    endloop
  endfacet
  facet normal 0 0 1
    outer loop
      vertex 1.69684 -12.8888 16
      vertex 1.04645 -15.9657 16
      vertex 2.08842 -15.8631 16
    endloop
  endfacet
  facet normal -0 0 1
    outer loop
      vertex 0.85024 -12.9722 16
      vertex 1.04645 -15.9657 16
      vertex 1.69684 -12.8888 16
    endloop
  endfacet
  facet normal -0 0 1
    outer loop
      vertex 0 -13 16
      vertex 1.04645 -15.9657 16
      vertex 0.85024 -12.9722 16
    endloop
  endfacet
  facet normal 0 0 1
    outer loop
      vertex 0 -13 16
      vertex 0 -16 16
      vertex 1.04645 -15.9657 16
    endloop
  endfacet
  facet normal 0 0 1
    outer loop
      vertex -0.85024 -12.9722 16
      vertex 0 -16 16
      vertex 0 -13 16
    endloop
  endfacet
  facet normal 0 0 1
    outer loop
      vertex -0.85024 -12.9722 16
      vertex -1.04645 -15.9657 16
      vertex 0 -16 16
    endloop
  endfacet
  facet normal 0 0 1
    outer loop
      vertex -1.69684 -12.8888 16
      vertex -1.04645 -15.9657 16
      vertex -0.85024 -12.9722 16
    endloop
  endfacet
  facet normal 0 0 1
    outer loop
      vertex -1.69684 -12.8888 16
      vertex -2.08842 -15.8631 16
      vertex -1.04645 -15.9657 16
    endloop
  endfacet
  facet normal 0 0 1
    outer loop
      vertex -2.53617 -12.7502 16
      vertex -2.08842 -15.8631 16
      vertex -1.69684 -12.8888 16
    endloop
  endfacet
  facet normal 0 0 1
    outer loop
      vertex -2.53617 -12.7502 16
      vertex -3.12144 -15.6926 16
      vertex -2.08842 -15.8631 16
    endloop
  endfacet
  facet normal 0 0 1
    outer loop
      vertex -3.36465 -12.557 16
      vertex -3.12144 -15.6926 16
      vertex -2.53617 -12.7502 16
    endloop
  endfacet
  facet normal 0 0 1
    outer loop
      vertex -3.36465 -12.557 16
      vertex -4.1411 -15.4548 16
      vertex -3.12144 -15.6926 16
    endloop
  endfacet
  facet normal 0 0 1
    outer loop
      vertex -4.17871 -12.3101 16
      vertex -4.1411 -15.4548 16
      vertex -3.36465 -12.557 16
    endloop
  endfacet
  facet normal 0 0 1
    outer loop
      vertex -5.14303 -15.1509 16
      vertex -4.17871 -12.3101 16
      vertex -4.97488 -12.0104 16
    endloop
  endfacet
  facet normal 0 0 1
    outer loop
      vertex -4.17871 -12.3101 16
      vertex -5.14303 -15.1509 16
      vertex -4.1411 -15.4548 16
    endloop
  endfacet
  facet normal 0 0 1
    outer loop
      vertex -6.12293 -14.7821 16
      vertex -4.97488 -12.0104 16
      vertex -5.74975 -11.6593 16
    endloop
  endfacet
  facet normal 0 0 1
    outer loop
      vertex -4.97488 -12.0104 16
      vertex -6.12293 -14.7821 16
      vertex -5.14303 -15.1509 16
    endloop
  endfacet
  facet normal 0 0 1
    outer loop
      vertex -7.07662 -14.35 16
      vertex -5.74975 -11.6593 16
      vertex -6.5 -11.2583 16
    endloop
  endfacet
  facet normal 0 0 1
    outer loop
      vertex -5.74975 -11.6593 16
      vertex -7.07662 -14.35 16
      vertex -6.12293 -14.7821 16
    endloop
  endfacet
  facet normal 0 0 1
    outer loop
      vertex -8 -13.8564 16
      vertex -6.5 -11.2583 16
      vertex -7.22241 -10.8091 16
    endloop
  endfacet
  facet normal 0 0 1
    outer loop
      vertex -8.88912 -13.3035 16
      vertex -7.22241 -10.8091 16
      vertex -7.9139 -10.3136 16
    endloop
  endfacet
  facet normal 0 0 1
    outer loop
      vertex -6.5 -11.2583 16
      vertex -8 -13.8564 16
      vertex -7.07662 -14.35 16
    endloop
  endfacet
  facet normal 0 0 1
    outer loop
      vertex -9.74018 -12.6937 16
      vertex -7.9139 -10.3136 16
      vertex -8.5715 -9.77392 16
    endloop
  endfacet
  facet normal 0 0 1
    outer loop
      vertex -7.22241 -10.8091 16
      vertex -8.88912 -13.3035 16
      vertex -8 -13.8564 16
    endloop
  endfacet
  facet normal 0 0 1
    outer loop
      vertex -10.5495 -12.0294 16
      vertex -8.5715 -9.77392 16
      vertex -9.19239 -9.19239 16
    endloop
  endfacet
  facet normal 0 0 1
    outer loop
      vertex -7.9139 -10.3136 16
      vertex -9.74018 -12.6937 16
      vertex -8.88912 -13.3035 16
    endloop
  endfacet
  facet normal 0 0 1
    outer loop
      vertex -11.3137 -11.3137 16
      vertex -9.19239 -9.19239 16
      vertex -9.77392 -8.5715 16
    endloop
  endfacet
  facet normal 0 0 1
    outer loop
      vertex -12.0294 -10.5495 16
      vertex -9.77392 -8.5715 16
      vertex -10.3136 -7.9139 16
    endloop
  endfacet
  facet normal 0 0 1
    outer loop
      vertex -8.5715 -9.77392 16
      vertex -10.5495 -12.0294 16
      vertex -9.74018 -12.6937 16
    endloop
  endfacet
  facet normal 0 0 1
    outer loop
      vertex -12.6937 -9.74018 16
      vertex -10.3136 -7.9139 16
      vertex -10.8091 -7.22241 16
    endloop
  endfacet
  facet normal 0 0 1
    outer loop
      vertex -13.3035 -8.88912 16
      vertex -10.8091 -7.22241 16
      vertex -11.2583 -6.5 16
    endloop
  endfacet
  facet normal 0 0 1
    outer loop
      vertex -9.19239 -9.19239 16
      vertex -11.3137 -11.3137 16
      vertex -10.5495 -12.0294 16
    endloop
  endfacet
  facet normal 0 0 1
    outer loop
      vertex -13.8564 -8 16
      vertex -11.2583 -6.5 16
      vertex -11.6593 -5.74975 16
    endloop
  endfacet
  facet normal 0 0 1
    outer loop
      vertex -14.35 -7.07662 16
      vertex -11.6593 -5.74975 16
      vertex -12.0104 -4.97488 16
    endloop
  endfacet
  facet normal 0 0 1
    outer loop
      vertex -9.77392 -8.5715 16
      vertex -12.0294 -10.5495 16
      vertex -11.3137 -11.3137 16
    endloop
  endfacet
  facet normal 0 0 1
    outer loop
      vertex -14.35 -7.07662 16
      vertex -12.0104 -4.97488 16
      vertex -12.3101 -4.17871 16
    endloop
  endfacet
  facet normal 0 0 1
    outer loop
      vertex -15.4548 -4.1411 16
      vertex -12.557 -3.36465 16
      vertex -14.5 -2 16
    endloop
  endfacet
  facet normal 0 0 1
    outer loop
      vertex -10.3136 -7.9139 16
      vertex -12.6937 -9.74018 16
      vertex -12.0294 -10.5495 16
    endloop
  endfacet
  facet normal 0 0 1
    outer loop
      vertex -14.5 -2 16
      vertex -12.557 -3.36465 16
      vertex -12.7502 -2.53617 16
    endloop
  endfacet
  facet normal -0 0 1
    outer loop
      vertex -14.5 -2 16
      vertex -12.7502 -2.53617 16
      vertex -12.8888 -1.69684 16
    endloop
  endfacet
  facet normal 0 0 1
    outer loop
      vertex -13 0 16
      vertex -14.5 -2 16
      vertex -12.9722 -0.85024 16
    endloop
  endfacet
  facet normal 0 0 1
    outer loop
      vertex -14.5 -2 16
      vertex -13 0 16
      vertex -14.5 2 16
    endloop
  endfacet
  facet normal -0 0 1
    outer loop
      vertex -15.4548 4.1411 16
      vertex -12.557 3.36465 16
      vertex -15.1509 5.14303 16
    endloop
  endfacet
  facet normal 0 0 1
    outer loop
      vertex -12.9722 -0.85024 16
      vertex -14.5 -2 16
      vertex -12.8888 -1.69684 16
    endloop
  endfacet
  facet normal 0 -0 1
    outer loop
      vertex -14.5 2 16
      vertex -12.557 3.36465 16
      vertex -15.4548 4.1411 16
    endloop
  endfacet
  facet normal 0 0 1
    outer loop
      vertex -10.8091 -7.22241 16
      vertex -13.3035 -8.88912 16
      vertex -12.6937 -9.74018 16
    endloop
  endfacet
  facet normal 0 0 1
    outer loop
      vertex -12.9722 0.85024 16
      vertex -14.5 2 16
      vertex -13 0 16
    endloop
  endfacet
  facet normal 0 0 1
    outer loop
      vertex -11.2583 -6.5 16
      vertex -13.8564 -8 16
      vertex -13.3035 -8.88912 16
    endloop
  endfacet
  facet normal 0 0 1
    outer loop
      vertex -11.6593 -5.74975 16
      vertex -14.35 -7.07662 16
      vertex -13.8564 -8 16
    endloop
  endfacet
  facet normal 0 0 1
    outer loop
      vertex -12.557 3.36465 16
      vertex -14.5 2 16
      vertex -12.7502 2.53617 16
    endloop
  endfacet
  facet normal 0 0 1
    outer loop
      vertex -12.8888 1.69684 16
      vertex -14.5 2 16
      vertex -12.9722 0.85024 16
    endloop
  endfacet
  facet normal 0 0 1
    outer loop
      vertex -12.7502 2.53617 16
      vertex -14.5 2 16
      vertex -12.8888 1.69684 16
    endloop
  endfacet
  facet normal -0 0 1
    outer loop
      vertex -15.6926 3.12144 16
      vertex -14.5 2 16
      vertex -15.4548 4.1411 16
    endloop
  endfacet
  facet normal -0 0 1
    outer loop
      vertex -15.8631 2.08842 16
      vertex -14.5 2 16
      vertex -15.6926 3.12144 16
    endloop
  endfacet
  facet normal 0 0 1
    outer loop
      vertex -14.5 2 16
      vertex -15.8631 2.08842 16
      vertex -15.8718 2 16
    endloop
  endfacet
  facet normal -0.956949 -0.290257 0
    outer loop
      vertex 15.4548 4.1411 16
      vertex 15.1509 5.14303 19.95
      vertex 15.1509 5.14303 16
    endloop
  endfacet
  facet normal -0.956949 -0.290257 0
    outer loop
      vertex 15.1509 5.14303 19.95
      vertex 15.4548 4.1411 16
      vertex 15.4548 4.1411 19.95
    endloop
  endfacet
  facet normal -0.956949 -0.290257 0
    outer loop
      vertex 15.4548 4.1411 21.15
      vertex 15.1509 5.14303 22.6
      vertex 15.1509 5.14303 21.15
    endloop
  endfacet
  facet normal -0.956949 -0.290257 0
    outer loop
      vertex 15.1509 5.14303 22.6
      vertex 15.4548 4.1411 21.15
      vertex 15.4548 4.1411 22.6
    endloop
  endfacet
  facet normal 0.935909 0.352243 0
    outer loop
      vertex -14.7821 -6.12293 19.95
      vertex -15.1509 -5.14303 16
      vertex -15.1509 -5.14303 19.95
    endloop
  endfacet
  facet normal 0.935909 0.352243 0
    outer loop
      vertex -15.1509 -5.14303 16
      vertex -14.7821 -6.12293 19.95
      vertex -14.7821 -6.12293 16
    endloop
  endfacet
  facet normal 0.935909 0.352243 0
    outer loop
      vertex -14.7821 -6.12293 22.6
      vertex -15.1509 -5.14303 21.15
      vertex -15.1509 -5.14303 22.6
    endloop
  endfacet
  facet normal 0.935909 0.352243 0
    outer loop
      vertex -15.1509 -5.14303 21.15
      vertex -14.7821 -6.12293 22.6
      vertex -14.7821 -6.12293 21.15
    endloop
  endfacet
  facet normal -0.729889 -0.683566 0
    outer loop
      vertex 12.0294 10.5495 16
      vertex 11.3137 11.3137 19.95
      vertex 11.3137 11.3137 16
    endloop
  endfacet
  facet normal -0.729889 -0.683566 0
    outer loop
      vertex 11.3137 11.3137 19.95
      vertex 12.0294 10.5495 16
      vertex 12.0294 10.5495 19.95
    endloop
  endfacet
  facet normal -0.729889 -0.683566 0
    outer loop
      vertex 12.0294 10.5495 21.15
      vertex 11.3137 11.3137 22.6
      vertex 11.3137 11.3137 21.15
    endloop
  endfacet
  facet normal -0.729889 -0.683566 0
    outer loop
      vertex 11.3137 11.3137 22.6
      vertex 12.0294 10.5495 21.15
      vertex 12.0294 10.5495 22.6
    endloop
  endfacet
  facet normal -0.162847 -0.986651 0
    outer loop
      vertex 2.08842 15.8631 16
      vertex 3.12144 15.6926 19.95
      vertex 2.08842 15.8631 19.95
    endloop
  endfacet
  facet normal -0.162847 -0.986651 -0
    outer loop
      vertex 3.12144 15.6926 19.95
      vertex 2.08842 15.8631 16
      vertex 3.12144 15.6926 16
    endloop
  endfacet
  facet normal -0.162847 -0.986651 0
    outer loop
      vertex 2.08842 15.8631 21.15
      vertex 3.12144 15.6926 22.6
      vertex 2.08842 15.8631 22.6
    endloop
  endfacet
  facet normal -0.162847 -0.986651 -0
    outer loop
      vertex 3.12144 15.6926 22.6
      vertex 2.08842 15.8631 21.15
      vertex 3.12144 15.6926 21.15
    endloop
  endfacet
  facet normal -0.812874 0.582439 0
    outer loop
      vertex 12.6937 -9.74018 16
      vertex 13.3035 -8.88912 19.95
      vertex 13.3035 -8.88912 16
    endloop
  endfacet
  facet normal -0.812874 0.582439 0
    outer loop
      vertex 13.3035 -8.88912 19.95
      vertex 12.6937 -9.74018 16
      vertex 12.6937 -9.74018 19.95
    endloop
  endfacet
  facet normal -0.812874 0.582439 0
    outer loop
      vertex 12.6937 -9.74018 21.15
      vertex 13.3035 -8.88912 22.6
      vertex 13.3035 -8.88912 21.15
    endloop
  endfacet
  facet normal -0.812874 0.582439 0
    outer loop
      vertex 13.3035 -8.88912 22.6
      vertex 12.6937 -9.74018 21.15
      vertex 12.6937 -9.74018 22.6
    endloop
  endfacet
  facet normal 0.582439 -0.812874 0
    outer loop
      vertex -9.74018 12.6937 16
      vertex -8.88912 13.3035 19.95
      vertex -9.74018 12.6937 19.95
    endloop
  endfacet
  facet normal 0.582439 -0.812874 0
    outer loop
      vertex -8.88912 13.3035 19.95
      vertex -9.74018 12.6937 16
      vertex -8.88912 13.3035 16
    endloop
  endfacet
  facet normal 0.582439 -0.812874 0
    outer loop
      vertex -9.74018 12.6937 21.15
      vertex -8.88912 13.3035 22.6
      vertex -9.74018 12.6937 22.6
    endloop
  endfacet
  facet normal 0.582439 -0.812874 0
    outer loop
      vertex -8.88912 13.3035 22.6
      vertex -9.74018 12.6937 21.15
      vertex -8.88912 13.3035 21.15
    endloop
  endfacet
  facet normal 0.910868 -0.412698 0
    outer loop
      vertex -14.7821 6.12293 19.95
      vertex -14.35 7.07662 16
      vertex -14.35 7.07662 19.95
    endloop
  endfacet
  facet normal 0.910868 -0.412698 0
    outer loop
      vertex -14.35 7.07662 16
      vertex -14.7821 6.12293 19.95
      vertex -14.7821 6.12293 16
    endloop
  endfacet
  facet normal 0.910868 -0.412698 0
    outer loop
      vertex -14.7821 6.12293 22.6
      vertex -14.35 7.07662 21.15
      vertex -14.35 7.07662 22.6
    endloop
  endfacet
  facet normal 0.910868 -0.412698 0
    outer loop
      vertex -14.35 7.07662 21.15
      vertex -14.7821 6.12293 22.6
      vertex -14.7821 6.12293 21.15
    endloop
  endfacet
  facet normal -0.935909 -0.352243 0
    outer loop
      vertex 15.1509 5.14303 16
      vertex 14.7821 6.12293 19.95
      vertex 14.7821 6.12293 16
    endloop
  endfacet
  facet normal -0.935909 -0.352243 0
    outer loop
      vertex 14.7821 6.12293 19.95
      vertex 15.1509 5.14303 16
      vertex 15.1509 5.14303 19.95
    endloop
  endfacet
  facet normal -0.935909 -0.352243 0
    outer loop
      vertex 15.1509 5.14303 21.15
      vertex 14.7821 6.12293 22.6
      vertex 14.7821 6.12293 21.15
    endloop
  endfacet
  facet normal -0.935909 -0.352243 0
    outer loop
      vertex 14.7821 6.12293 22.6
      vertex 15.1509 5.14303 21.15
      vertex 15.1509 5.14303 22.6
    endloop
  endfacet
  facet normal 0.986651 0.162847 0
    outer loop
      vertex -15.6926 -3.12144 19.95
      vertex -15.8631 -2.08842 16
      vertex -15.8631 -2.08842 19.95
    endloop
  endfacet
  facet normal 0.986651 0.162847 0
    outer loop
      vertex -15.8631 -2.08842 16
      vertex -15.6926 -3.12144 19.95
      vertex -15.6926 -3.12144 16
    endloop
  endfacet
  facet normal 0.986651 0.162847 0
    outer loop
      vertex -15.6926 -3.12144 22.6
      vertex -15.8631 -2.08842 21.15
      vertex -15.8631 -2.08842 22.6
    endloop
  endfacet
  facet normal 0.986651 0.162847 0
    outer loop
      vertex -15.8631 -2.08842 21.15
      vertex -15.6926 -3.12144 22.6
      vertex -15.6926 -3.12144 21.15
    endloop
  endfacet
  facet normal -0.412698 0.910868 0
    outer loop
      vertex 7.07662 -14.35 16
      vertex 6.12293 -14.7821 19.95
      vertex 7.07662 -14.35 19.95
    endloop
  endfacet
  facet normal -0.412698 0.910868 0
    outer loop
      vertex 6.12293 -14.7821 19.95
      vertex 7.07662 -14.35 16
      vertex 6.12293 -14.7821 16
    endloop
  endfacet
  facet normal -0.412698 0.910868 0
    outer loop
      vertex 7.07662 -14.35 21.15
      vertex 6.12293 -14.7821 22.6
      vertex 7.07662 -14.35 22.6
    endloop
  endfacet
  facet normal -0.412698 0.910868 0
    outer loop
      vertex 6.12293 -14.7821 22.6
      vertex 7.07662 -14.35 21.15
      vertex 6.12293 -14.7821 21.15
    endloop
  endfacet
  facet normal 0.0979934 0.995187 -0
    outer loop
      vertex -1.04645 -15.9657 16
      vertex -2.08842 -15.8631 19.95
      vertex -1.04645 -15.9657 19.95
    endloop
  endfacet
  facet normal 0.0979934 0.995187 0
    outer loop
      vertex -2.08842 -15.8631 19.95
      vertex -1.04645 -15.9657 16
      vertex -2.08842 -15.8631 16
    endloop
  endfacet
  facet normal 0.0979934 0.995187 -0
    outer loop
      vertex -1.04645 -15.9657 21.15
      vertex -2.08842 -15.8631 22.6
      vertex -1.04645 -15.9657 22.6
    endloop
  endfacet
  facet normal 0.0979934 0.995187 0
    outer loop
      vertex -2.08842 -15.8631 22.6
      vertex -1.04645 -15.9657 21.15
      vertex -2.08842 -15.8631 21.15
    endloop
  endfacet
  facet normal -0.77296 0.634455 0
    outer loop
      vertex 12.0294 -10.5495 16
      vertex 12.6937 -9.74018 19.95
      vertex 12.6937 -9.74018 16
    endloop
  endfacet
  facet normal -0.77296 0.634455 0
    outer loop
      vertex 12.6937 -9.74018 19.95
      vertex 12.0294 -10.5495 16
      vertex 12.0294 -10.5495 19.95
    endloop
  endfacet
  facet normal -0.77296 0.634455 0
    outer loop
      vertex 12.0294 -10.5495 21.15
      vertex 12.6937 -9.74018 22.6
      vertex 12.6937 -9.74018 21.15
    endloop
  endfacet
  facet normal -0.77296 0.634455 0
    outer loop
      vertex 12.6937 -9.74018 22.6
      vertex 12.0294 -10.5495 21.15
      vertex 12.0294 -10.5495 22.6
    endloop
  endfacet
  facet normal 0.352243 -0.935909 0
    outer loop
      vertex -6.12293 14.7821 16
      vertex -5.14303 15.1509 19.95
      vertex -6.12293 14.7821 19.95
    endloop
  endfacet
  facet normal 0.352243 -0.935909 0
    outer loop
      vertex -5.14303 15.1509 19.95
      vertex -6.12293 14.7821 16
      vertex -5.14303 15.1509 16
    endloop
  endfacet
  facet normal 0.352243 -0.935909 0
    outer loop
      vertex -6.12293 14.7821 21.15
      vertex -5.14303 15.1509 22.6
      vertex -6.12293 14.7821 22.6
    endloop
  endfacet
  facet normal 0.352243 -0.935909 0
    outer loop
      vertex -5.14303 15.1509 22.6
      vertex -6.12293 14.7821 21.15
      vertex -5.14303 15.1509 21.15
    endloop
  endfacet
  facet normal -0.683566 0.729889 0
    outer loop
      vertex 11.3137 -11.3137 16
      vertex 10.5495 -12.0294 19.95
      vertex 11.3137 -11.3137 19.95
    endloop
  endfacet
  facet normal -0.683566 0.729889 0
    outer loop
      vertex 10.5495 -12.0294 19.95
      vertex 11.3137 -11.3137 16
      vertex 10.5495 -12.0294 16
    endloop
  endfacet
  facet normal -0.683566 0.729889 0
    outer loop
      vertex 11.3137 -11.3137 21.15
      vertex 10.5495 -12.0294 22.6
      vertex 11.3137 -11.3137 22.6
    endloop
  endfacet
  facet normal -0.683566 0.729889 0
    outer loop
      vertex 10.5495 -12.0294 22.6
      vertex 11.3137 -11.3137 21.15
      vertex 10.5495 -12.0294 21.15
    endloop
  endfacet
  facet normal 0.22712 -0.973867 0
    outer loop
      vertex -4.1411 15.4548 16
      vertex -3.12144 15.6926 19.95
      vertex -4.1411 15.4548 19.95
    endloop
  endfacet
  facet normal 0.22712 -0.973867 0
    outer loop
      vertex -3.12144 15.6926 19.95
      vertex -4.1411 15.4548 16
      vertex -3.12144 15.6926 16
    endloop
  endfacet
  facet normal 0.22712 -0.973867 0
    outer loop
      vertex -4.1411 15.4548 21.15
      vertex -3.12144 15.6926 22.6
      vertex -4.1411 15.4548 22.6
    endloop
  endfacet
  facet normal 0.22712 -0.973867 0
    outer loop
      vertex -3.12144 15.6926 22.6
      vertex -4.1411 15.4548 21.15
      vertex -3.12144 15.6926 21.15
    endloop
  endfacet
  facet normal -0.582439 0.812874 0
    outer loop
      vertex 9.74018 -12.6937 16
      vertex 8.88912 -13.3035 19.95
      vertex 9.74018 -12.6937 19.95
    endloop
  endfacet
  facet normal -0.582439 0.812874 0
    outer loop
      vertex 8.88912 -13.3035 19.95
      vertex 9.74018 -12.6937 16
      vertex 8.88912 -13.3035 16
    endloop
  endfacet
  facet normal -0.582439 0.812874 0
    outer loop
      vertex 9.74018 -12.6937 21.15
      vertex 8.88912 -13.3035 22.6
      vertex 9.74018 -12.6937 22.6
    endloop
  endfacet
  facet normal -0.582439 0.812874 0
    outer loop
      vertex 8.88912 -13.3035 22.6
      vertex 9.74018 -12.6937 21.15
      vertex 8.88912 -13.3035 21.15
    endloop
  endfacet
  facet normal 0.956949 -0.290257 0
    outer loop
      vertex -15.4548 4.1411 19.95
      vertex -15.1509 5.14303 16
      vertex -15.1509 5.14303 19.95
    endloop
  endfacet
  facet normal 0.956949 -0.290257 0
    outer loop
      vertex -15.1509 5.14303 16
      vertex -15.4548 4.1411 19.95
      vertex -15.4548 4.1411 16
    endloop
  endfacet
  facet normal 0.956949 -0.290257 0
    outer loop
      vertex -15.4548 4.1411 22.6
      vertex -15.1509 5.14303 21.15
      vertex -15.1509 5.14303 22.6
    endloop
  endfacet
  facet normal 0.956949 -0.290257 0
    outer loop
      vertex -15.1509 5.14303 21.15
      vertex -15.4548 4.1411 22.6
      vertex -15.4548 4.1411 21.15
    endloop
  endfacet
  facet normal 0.973867 -0.22712 0
    outer loop
      vertex -15.6926 3.12144 19.95
      vertex -15.4548 4.1411 16
      vertex -15.4548 4.1411 19.95
    endloop
  endfacet
  facet normal 0.973867 -0.22712 0
    outer loop
      vertex -15.4548 4.1411 16
      vertex -15.6926 3.12144 19.95
      vertex -15.6926 3.12144 16
    endloop
  endfacet
  facet normal 0.973867 -0.22712 0
    outer loop
      vertex -15.6926 3.12144 22.6
      vertex -15.4548 4.1411 21.15
      vertex -15.4548 4.1411 22.6
    endloop
  endfacet
  facet normal 0.973867 -0.22712 0
    outer loop
      vertex -15.4548 4.1411 21.15
      vertex -15.6926 3.12144 22.6
      vertex -15.6926 3.12144 21.15
    endloop
  endfacet
  facet normal -0.986651 0.162847 0
    outer loop
      vertex 15.6926 -3.12144 16
      vertex 15.8631 -2.08842 19.95
      vertex 15.8631 -2.08842 16
    endloop
  endfacet
  facet normal -0.986651 0.162847 0
    outer loop
      vertex 15.8631 -2.08842 19.95
      vertex 15.6926 -3.12144 16
      vertex 15.6926 -3.12144 19.95
    endloop
  endfacet
  facet normal -0.986651 0.162847 0
    outer loop
      vertex 15.6926 -3.12144 21.15
      vertex 15.8631 -2.08842 22.6
      vertex 15.8631 -2.08842 21.15
    endloop
  endfacet
  facet normal -0.986651 0.162847 0
    outer loop
      vertex 15.8631 -2.08842 22.6
      vertex 15.6926 -3.12144 21.15
      vertex 15.6926 -3.12144 22.6
    endloop
  endfacet
  facet normal 0.986651 -0.162847 0
    outer loop
      vertex -15.8631 2.08842 19.95
      vertex -15.6926 3.12144 16
      vertex -15.6926 3.12144 19.95
    endloop
  endfacet
  facet normal 0.986651 -0.162847 0
    outer loop
      vertex -15.6926 3.12144 16
      vertex -15.8631 2.08842 19.95
      vertex -15.8631 2.08842 16
    endloop
  endfacet
  facet normal 0.986651 -0.162847 0
    outer loop
      vertex -15.8631 2.08842 22.6
      vertex -15.6926 3.12144 21.15
      vertex -15.6926 3.12144 22.6
    endloop
  endfacet
  facet normal 0.986651 -0.162847 0
    outer loop
      vertex -15.6926 3.12144 21.15
      vertex -15.8631 2.08842 22.6
      vertex -15.8631 2.08842 21.15
    endloop
  endfacet
  facet normal 0.0979934 -0.995187 0
    outer loop
      vertex -2.08842 15.8631 16
      vertex -1.04645 15.9657 19.95
      vertex -2.08842 15.8631 19.95
    endloop
  endfacet
  facet normal 0.0979934 -0.995187 0
    outer loop
      vertex -1.04645 15.9657 19.95
      vertex -2.08842 15.8631 16
      vertex -1.04645 15.9657 16
    endloop
  endfacet
  facet normal 0.0979934 -0.995187 0
    outer loop
      vertex -2.08842 15.8631 21.15
      vertex -1.04645 15.9657 22.6
      vertex -2.08842 15.8631 22.6
    endloop
  endfacet
  facet normal 0.0979934 -0.995187 0
    outer loop
      vertex -1.04645 15.9657 22.6
      vertex -2.08842 15.8631 21.15
      vertex -1.04645 15.9657 21.15
    endloop
  endfacet
  facet normal 0.973867 0.22712 0
    outer loop
      vertex -15.4548 -4.1411 19.95
      vertex -15.6926 -3.12144 16
      vertex -15.6926 -3.12144 19.95
    endloop
  endfacet
  facet normal 0.973867 0.22712 0
    outer loop
      vertex -15.6926 -3.12144 16
      vertex -15.4548 -4.1411 19.95
      vertex -15.4548 -4.1411 16
    endloop
  endfacet
  facet normal 0.973867 0.22712 0
    outer loop
      vertex -15.4548 -4.1411 22.6
      vertex -15.6926 -3.12144 21.15
      vertex -15.6926 -3.12144 22.6
    endloop
  endfacet
  facet normal 0.973867 0.22712 0
    outer loop
      vertex -15.6926 -3.12144 21.15
      vertex -15.4548 -4.1411 22.6
      vertex -15.4548 -4.1411 21.15
    endloop
  endfacet
  facet normal 0.634455 -0.77296 0
    outer loop
      vertex -10.5495 12.0294 16
      vertex -9.74018 12.6937 19.95
      vertex -10.5495 12.0294 19.95
    endloop
  endfacet
  facet normal 0.634455 -0.77296 0
    outer loop
      vertex -9.74018 12.6937 19.95
      vertex -10.5495 12.0294 16
      vertex -9.74018 12.6937 16
    endloop
  endfacet
  facet normal 0.634455 -0.77296 0
    outer loop
      vertex -10.5495 12.0294 21.15
      vertex -9.74018 12.6937 22.6
      vertex -10.5495 12.0294 22.6
    endloop
  endfacet
  facet normal 0.634455 -0.77296 0
    outer loop
      vertex -9.74018 12.6937 22.6
      vertex -10.5495 12.0294 21.15
      vertex -9.74018 12.6937 21.15
    endloop
  endfacet
  facet normal 0.812874 0.582439 0
    outer loop
      vertex -12.6937 -9.74018 19.95
      vertex -13.3035 -8.88912 16
      vertex -13.3035 -8.88912 19.95
    endloop
  endfacet
  facet normal 0.812874 0.582439 0
    outer loop
      vertex -13.3035 -8.88912 16
      vertex -12.6937 -9.74018 19.95
      vertex -12.6937 -9.74018 16
    endloop
  endfacet
  facet normal 0.812874 0.582439 0
    outer loop
      vertex -12.6937 -9.74018 22.6
      vertex -13.3035 -8.88912 21.15
      vertex -13.3035 -8.88912 22.6
    endloop
  endfacet
  facet normal 0.812874 0.582439 0
    outer loop
      vertex -13.3035 -8.88912 21.15
      vertex -12.6937 -9.74018 22.6
      vertex -12.6937 -9.74018 21.15
    endloop
  endfacet
  facet normal 0.683566 0.729889 -0
    outer loop
      vertex -10.5495 -12.0294 16
      vertex -11.3137 -11.3137 19.95
      vertex -10.5495 -12.0294 19.95
    endloop
  endfacet
  facet normal 0.683566 0.729889 0
    outer loop
      vertex -11.3137 -11.3137 19.95
      vertex -10.5495 -12.0294 16
      vertex -11.3137 -11.3137 16
    endloop
  endfacet
  facet normal 0.683566 0.729889 -0
    outer loop
      vertex -10.5495 -12.0294 21.15
      vertex -11.3137 -11.3137 22.6
      vertex -10.5495 -12.0294 22.6
    endloop
  endfacet
  facet normal 0.683566 0.729889 0
    outer loop
      vertex -11.3137 -11.3137 22.6
      vertex -10.5495 -12.0294 21.15
      vertex -11.3137 -11.3137 21.15
    endloop
  endfacet
  facet normal 0.812874 -0.582439 0
    outer loop
      vertex -13.3035 8.88912 19.95
      vertex -12.6937 9.74018 16
      vertex -12.6937 9.74018 19.95
    endloop
  endfacet
  facet normal 0.812874 -0.582439 0
    outer loop
      vertex -12.6937 9.74018 16
      vertex -13.3035 8.88912 19.95
      vertex -13.3035 8.88912 16
    endloop
  endfacet
  facet normal 0.812874 -0.582439 0
    outer loop
      vertex -13.3035 8.88912 22.6
      vertex -12.6937 9.74018 21.15
      vertex -12.6937 9.74018 22.6
    endloop
  endfacet
  facet normal 0.812874 -0.582439 0
    outer loop
      vertex -12.6937 9.74018 21.15
      vertex -13.3035 8.88912 22.6
      vertex -13.3035 8.88912 21.15
    endloop
  endfacet
  facet normal 0.290257 0.956949 -0
    outer loop
      vertex -4.1411 -15.4548 16
      vertex -5.14303 -15.1509 19.95
      vertex -4.1411 -15.4548 19.95
    endloop
  endfacet
  facet normal 0.290257 0.956949 0
    outer loop
      vertex -5.14303 -15.1509 19.95
      vertex -4.1411 -15.4548 16
      vertex -5.14303 -15.1509 16
    endloop
  endfacet
  facet normal 0.290257 0.956949 -0
    outer loop
      vertex -4.1411 -15.4548 21.15
      vertex -5.14303 -15.1509 22.6
      vertex -4.1411 -15.4548 22.6
    endloop
  endfacet
  facet normal 0.290257 0.956949 0
    outer loop
      vertex -5.14303 -15.1509 22.6
      vertex -4.1411 -15.4548 21.15
      vertex -5.14303 -15.1509 21.15
    endloop
  endfacet
  facet normal 0.683566 -0.729889 0
    outer loop
      vertex -11.3137 11.3137 16
      vertex -10.5495 12.0294 19.95
      vertex -11.3137 11.3137 19.95
    endloop
  endfacet
  facet normal 0.683566 -0.729889 0
    outer loop
      vertex -10.5495 12.0294 19.95
      vertex -11.3137 11.3137 16
      vertex -10.5495 12.0294 16
    endloop
  endfacet
  facet normal 0.683566 -0.729889 0
    outer loop
      vertex -11.3137 11.3137 21.15
      vertex -10.5495 12.0294 22.6
      vertex -11.3137 11.3137 22.6
    endloop
  endfacet
  facet normal 0.683566 -0.729889 0
    outer loop
      vertex -10.5495 12.0294 22.6
      vertex -11.3137 11.3137 21.15
      vertex -10.5495 12.0294 21.15
    endloop
  endfacet
  facet normal -0.881904 0.471429 0
    outer loop
      vertex 13.8564 -8 16
      vertex 14.35 -7.07662 19.95
      vertex 14.35 -7.07662 16
    endloop
  endfacet
  facet normal -0.881904 0.471429 0
    outer loop
      vertex 14.35 -7.07662 19.95
      vertex 13.8564 -8 16
      vertex 13.8564 -8 19.95
    endloop
  endfacet
  facet normal -0.881904 0.471429 0
    outer loop
      vertex 13.8564 -8 21.15
      vertex 14.35 -7.07662 22.6
      vertex 14.35 -7.07662 21.15
    endloop
  endfacet
  facet normal -0.881904 0.471429 0
    outer loop
      vertex 14.35 -7.07662 22.6
      vertex 13.8564 -8 21.15
      vertex 13.8564 -8 22.6
    endloop
  endfacet
  facet normal -0.910868 -0.412698 0
    outer loop
      vertex 14.7821 6.12293 16
      vertex 14.35 7.07662 19.95
      vertex 14.35 7.07662 16
    endloop
  endfacet
  facet normal -0.910868 -0.412698 0
    outer loop
      vertex 14.35 7.07662 19.95
      vertex 14.7821 6.12293 16
      vertex 14.7821 6.12293 19.95
    endloop
  endfacet
  facet normal -0.910868 -0.412698 0
    outer loop
      vertex 14.7821 6.12293 21.15
      vertex 14.35 7.07662 22.6
      vertex 14.35 7.07662 21.15
    endloop
  endfacet
  facet normal -0.910868 -0.412698 0
    outer loop
      vertex 14.35 7.07662 22.6
      vertex 14.7821 6.12293 21.15
      vertex 14.7821 6.12293 22.6
    endloop
  endfacet
  facet normal -0.935909 0.352243 0
    outer loop
      vertex 14.7821 -6.12293 16
      vertex 15.1509 -5.14303 19.95
      vertex 15.1509 -5.14303 16
    endloop
  endfacet
  facet normal -0.935909 0.352243 0
    outer loop
      vertex 15.1509 -5.14303 19.95
      vertex 14.7821 -6.12293 16
      vertex 14.7821 -6.12293 19.95
    endloop
  endfacet
  facet normal -0.935909 0.352243 0
    outer loop
      vertex 14.7821 -6.12293 21.15
      vertex 15.1509 -5.14303 22.6
      vertex 15.1509 -5.14303 21.15
    endloop
  endfacet
  facet normal -0.935909 0.352243 0
    outer loop
      vertex 15.1509 -5.14303 22.6
      vertex 14.7821 -6.12293 21.15
      vertex 14.7821 -6.12293 22.6
    endloop
  endfacet
  facet normal 0.0327599 -0.999463 0
    outer loop
      vertex -1.04645 15.9657 16
      vertex 0 16 19.95
      vertex -1.04645 15.9657 19.95
    endloop
  endfacet
  facet normal 0.0327599 -0.999463 0
    outer loop
      vertex 0 16 19.95
      vertex -1.04645 15.9657 16
      vertex 0 16 16
    endloop
  endfacet
  facet normal 0.0327599 -0.999463 0
    outer loop
      vertex -1.04645 15.9657 21.15
      vertex 0 16 22.6
      vertex -1.04645 15.9657 22.6
    endloop
  endfacet
  facet normal 0.0327599 -0.999463 0
    outer loop
      vertex 0 16 22.6
      vertex -1.04645 15.9657 21.15
      vertex 0 16 21.15
    endloop
  endfacet
  facet normal 0.528075 -0.849198 0
    outer loop
      vertex -8.88912 13.3035 16
      vertex -8 13.8564 19.95
      vertex -8.88912 13.3035 19.95
    endloop
  endfacet
  facet normal 0.528075 -0.849198 0
    outer loop
      vertex -8 13.8564 19.95
      vertex -8.88912 13.3035 16
      vertex -8 13.8564 16
    endloop
  endfacet
  facet normal 0.528075 -0.849198 0
    outer loop
      vertex -8.88912 13.3035 21.15
      vertex -8 13.8564 22.6
      vertex -8.88912 13.3035 22.6
    endloop
  endfacet
  facet normal 0.528075 -0.849198 0
    outer loop
      vertex -8 13.8564 22.6
      vertex -8.88912 13.3035 21.15
      vertex -8 13.8564 21.15
    endloop
  endfacet
  facet normal -0.471429 -0.881904 0
    outer loop
      vertex 7.07662 14.35 16
      vertex 8 13.8564 19.95
      vertex 7.07662 14.35 19.95
    endloop
  endfacet
  facet normal -0.471429 -0.881904 -0
    outer loop
      vertex 8 13.8564 19.95
      vertex 7.07662 14.35 16
      vertex 8 13.8564 16
    endloop
  endfacet
  facet normal -0.471429 -0.881904 0
    outer loop
      vertex 7.07662 14.35 21.15
      vertex 8 13.8564 22.6
      vertex 7.07662 14.35 22.6
    endloop
  endfacet
  facet normal -0.471429 -0.881904 -0
    outer loop
      vertex 8 13.8564 22.6
      vertex 7.07662 14.35 21.15
      vertex 8 13.8564 21.15
    endloop
  endfacet
  facet normal -0.0327599 -0.999463 0
    outer loop
      vertex 0 16 16
      vertex 1.04645 15.9657 19.95
      vertex 0 16 19.95
    endloop
  endfacet
  facet normal -0.0327599 -0.999463 -0
    outer loop
      vertex 1.04645 15.9657 19.95
      vertex 0 16 16
      vertex 1.04645 15.9657 16
    endloop
  endfacet
  facet normal -0.0327599 -0.999463 0
    outer loop
      vertex 0 16 21.15
      vertex 1.04645 15.9657 22.6
      vertex 0 16 22.6
    endloop
  endfacet
  facet normal -0.0327599 -0.999463 -0
    outer loop
      vertex 1.04645 15.9657 22.6
      vertex 0 16 21.15
      vertex 1.04645 15.9657 21.15
    endloop
  endfacet
  facet normal 0.290257 -0.956949 0
    outer loop
      vertex -5.14303 15.1509 16
      vertex -4.1411 15.4548 19.95
      vertex -5.14303 15.1509 19.95
    endloop
  endfacet
  facet normal 0.290257 -0.956949 0
    outer loop
      vertex -4.1411 15.4548 19.95
      vertex -5.14303 15.1509 16
      vertex -4.1411 15.4548 16
    endloop
  endfacet
  facet normal 0.290257 -0.956949 0
    outer loop
      vertex -5.14303 15.1509 21.15
      vertex -4.1411 15.4548 22.6
      vertex -5.14303 15.1509 22.6
    endloop
  endfacet
  facet normal 0.290257 -0.956949 0
    outer loop
      vertex -4.1411 15.4548 22.6
      vertex -5.14303 15.1509 21.15
      vertex -4.1411 15.4548 21.15
    endloop
  endfacet
  facet normal 0.77296 -0.634455 0
    outer loop
      vertex -12.6937 9.74018 19.95
      vertex -12.0294 10.5495 16
      vertex -12.0294 10.5495 19.95
    endloop
  endfacet
  facet normal 0.77296 -0.634455 0
    outer loop
      vertex -12.0294 10.5495 16
      vertex -12.6937 9.74018 19.95
      vertex -12.6937 9.74018 16
    endloop
  endfacet
  facet normal 0.77296 -0.634455 0
    outer loop
      vertex -12.6937 9.74018 22.6
      vertex -12.0294 10.5495 21.15
      vertex -12.0294 10.5495 22.6
    endloop
  endfacet
  facet normal 0.77296 -0.634455 0
    outer loop
      vertex -12.0294 10.5495 21.15
      vertex -12.6937 9.74018 22.6
      vertex -12.6937 9.74018 21.15
    endloop
  endfacet
  facet normal -0.986651 -0.162847 0
    outer loop
      vertex 15.8631 2.08842 16
      vertex 15.6926 3.12144 19.95
      vertex 15.6926 3.12144 16
    endloop
  endfacet
  facet normal -0.986651 -0.162847 0
    outer loop
      vertex 15.6926 3.12144 19.95
      vertex 15.8631 2.08842 16
      vertex 15.8631 2.08842 19.95
    endloop
  endfacet
  facet normal -0.986651 -0.162847 0
    outer loop
      vertex 15.8631 2.08842 21.15
      vertex 15.6926 3.12144 22.6
      vertex 15.6926 3.12144 21.15
    endloop
  endfacet
  facet normal -0.986651 -0.162847 0
    outer loop
      vertex 15.6926 3.12144 22.6
      vertex 15.8631 2.08842 21.15
      vertex 15.8631 2.08842 22.6
    endloop
  endfacet
  facet normal -0.634455 0.77296 0
    outer loop
      vertex 10.5495 -12.0294 16
      vertex 9.74018 -12.6937 19.95
      vertex 10.5495 -12.0294 19.95
    endloop
  endfacet
  facet normal -0.634455 0.77296 0
    outer loop
      vertex 9.74018 -12.6937 19.95
      vertex 10.5495 -12.0294 16
      vertex 9.74018 -12.6937 16
    endloop
  endfacet
  facet normal -0.634455 0.77296 0
    outer loop
      vertex 10.5495 -12.0294 21.15
      vertex 9.74018 -12.6937 22.6
      vertex 10.5495 -12.0294 22.6
    endloop
  endfacet
  facet normal -0.634455 0.77296 0
    outer loop
      vertex 9.74018 -12.6937 22.6
      vertex 10.5495 -12.0294 21.15
      vertex 9.74018 -12.6937 21.15
    endloop
  endfacet
  facet normal 0.729889 0.683566 0
    outer loop
      vertex -11.3137 -11.3137 19.95
      vertex -12.0294 -10.5495 16
      vertex -12.0294 -10.5495 19.95
    endloop
  endfacet
  facet normal 0.729889 0.683566 0
    outer loop
      vertex -12.0294 -10.5495 16
      vertex -11.3137 -11.3137 19.95
      vertex -11.3137 -11.3137 16
    endloop
  endfacet
  facet normal 0.729889 0.683566 0
    outer loop
      vertex -11.3137 -11.3137 22.6
      vertex -12.0294 -10.5495 21.15
      vertex -12.0294 -10.5495 22.6
    endloop
  endfacet
  facet normal 0.729889 0.683566 0
    outer loop
      vertex -12.0294 -10.5495 21.15
      vertex -11.3137 -11.3137 22.6
      vertex -11.3137 -11.3137 21.15
    endloop
  endfacet
  facet normal 0.849198 0.528075 0
    outer loop
      vertex -13.3035 -8.88912 19.95
      vertex -13.8564 -8 16
      vertex -13.8564 -8 19.95
    endloop
  endfacet
  facet normal 0.849198 0.528075 0
    outer loop
      vertex -13.8564 -8 16
      vertex -13.3035 -8.88912 19.95
      vertex -13.3035 -8.88912 16
    endloop
  endfacet
  facet normal 0.849198 0.528075 0
    outer loop
      vertex -13.3035 -8.88912 22.6
      vertex -13.8564 -8 21.15
      vertex -13.8564 -8 22.6
    endloop
  endfacet
  facet normal 0.849198 0.528075 0
    outer loop
      vertex -13.8564 -8 21.15
      vertex -13.3035 -8.88912 22.6
      vertex -13.3035 -8.88912 21.15
    endloop
  endfacet
  facet normal 0.0327599 0.999463 -0
    outer loop
      vertex 0 -16 16
      vertex -1.04645 -15.9657 19.95
      vertex 0 -16 19.95
    endloop
  endfacet
  facet normal 0.0327599 0.999463 0
    outer loop
      vertex -1.04645 -15.9657 19.95
      vertex 0 -16 16
      vertex -1.04645 -15.9657 16
    endloop
  endfacet
  facet normal 0.0327599 0.999463 -0
    outer loop
      vertex 0 -16 21.15
      vertex -1.04645 -15.9657 22.6
      vertex 0 -16 22.6
    endloop
  endfacet
  facet normal 0.0327599 0.999463 0
    outer loop
      vertex -1.04645 -15.9657 22.6
      vertex 0 -16 21.15
      vertex -1.04645 -15.9657 21.15
    endloop
  endfacet
  facet normal 0.995194 0.0979212 0
    outer loop
      vertex -15.8631 -2.08842 19.95
      vertex -15.8718 -2 16
      vertex -15.8718 -2 19.95
    endloop
  endfacet
  facet normal 0.995194 0.0979212 0
    outer loop
      vertex -15.8718 -2 16
      vertex -15.8631 -2.08842 19.95
      vertex -15.8631 -2.08842 16
    endloop
  endfacet
  facet normal 0.995194 0.0979212 0
    outer loop
      vertex -15.8631 -2.08842 22.6
      vertex -15.8718 -2 21.15
      vertex -15.8718 -2 22.6
    endloop
  endfacet
  facet normal 0.995194 0.0979212 0
    outer loop
      vertex -15.8718 -2 21.15
      vertex -15.8631 -2.08842 22.6
      vertex -15.8631 -2.08842 21.15
    endloop
  endfacet
  facet normal 0.22712 0.973867 -0
    outer loop
      vertex -3.12144 -15.6926 16
      vertex -4.1411 -15.4548 19.95
      vertex -3.12144 -15.6926 19.95
    endloop
  endfacet
  facet normal 0.22712 0.973867 0
    outer loop
      vertex -4.1411 -15.4548 19.95
      vertex -3.12144 -15.6926 16
      vertex -4.1411 -15.4548 16
    endloop
  endfacet
  facet normal 0.22712 0.973867 -0
    outer loop
      vertex -3.12144 -15.6926 21.15
      vertex -4.1411 -15.4548 22.6
      vertex -3.12144 -15.6926 22.6
    endloop
  endfacet
  facet normal 0.22712 0.973867 0
    outer loop
      vertex -4.1411 -15.4548 22.6
      vertex -3.12144 -15.6926 21.15
      vertex -4.1411 -15.4548 21.15
    endloop
  endfacet
  facet normal 0.77296 0.634455 0
    outer loop
      vertex -12.0294 -10.5495 19.95
      vertex -12.6937 -9.74018 16
      vertex -12.6937 -9.74018 19.95
    endloop
  endfacet
  facet normal 0.77296 0.634455 0
    outer loop
      vertex -12.6937 -9.74018 16
      vertex -12.0294 -10.5495 19.95
      vertex -12.0294 -10.5495 16
    endloop
  endfacet
  facet normal 0.77296 0.634455 0
    outer loop
      vertex -12.0294 -10.5495 22.6
      vertex -12.6937 -9.74018 21.15
      vertex -12.6937 -9.74018 22.6
    endloop
  endfacet
  facet normal 0.77296 0.634455 0
    outer loop
      vertex -12.6937 -9.74018 21.15
      vertex -12.0294 -10.5495 22.6
      vertex -12.0294 -10.5495 21.15
    endloop
  endfacet
  facet normal 0.881904 -0.471429 0
    outer loop
      vertex -14.35 7.07662 19.95
      vertex -13.8564 8 16
      vertex -13.8564 8 19.95
    endloop
  endfacet
  facet normal 0.881904 -0.471429 0
    outer loop
      vertex -13.8564 8 16
      vertex -14.35 7.07662 19.95
      vertex -14.35 7.07662 16
    endloop
  endfacet
  facet normal 0.881904 -0.471429 0
    outer loop
      vertex -14.35 7.07662 22.6
      vertex -13.8564 8 21.15
      vertex -13.8564 8 22.6
    endloop
  endfacet
  facet normal 0.881904 -0.471429 0
    outer loop
      vertex -13.8564 8 21.15
      vertex -14.35 7.07662 22.6
      vertex -14.35 7.07662 21.15
    endloop
  endfacet
  facet normal -0.849198 0.528075 0
    outer loop
      vertex 13.3035 -8.88912 16
      vertex 13.8564 -8 19.95
      vertex 13.8564 -8 16
    endloop
  endfacet
  facet normal -0.849198 0.528075 0
    outer loop
      vertex 13.8564 -8 19.95
      vertex 13.3035 -8.88912 16
      vertex 13.3035 -8.88912 19.95
    endloop
  endfacet
  facet normal -0.849198 0.528075 0
    outer loop
      vertex 13.3035 -8.88912 21.15
      vertex 13.8564 -8 22.6
      vertex 13.8564 -8 21.15
    endloop
  endfacet
  facet normal -0.849198 0.528075 0
    outer loop
      vertex 13.8564 -8 22.6
      vertex 13.3035 -8.88912 21.15
      vertex 13.3035 -8.88912 22.6
    endloop
  endfacet
  facet normal 0.162847 0.986651 -0
    outer loop
      vertex -2.08842 -15.8631 16
      vertex -3.12144 -15.6926 19.95
      vertex -2.08842 -15.8631 19.95
    endloop
  endfacet
  facet normal 0.162847 0.986651 0
    outer loop
      vertex -3.12144 -15.6926 19.95
      vertex -2.08842 -15.8631 16
      vertex -3.12144 -15.6926 16
    endloop
  endfacet
  facet normal 0.162847 0.986651 -0
    outer loop
      vertex -2.08842 -15.8631 21.15
      vertex -3.12144 -15.6926 22.6
      vertex -2.08842 -15.8631 22.6
    endloop
  endfacet
  facet normal 0.162847 0.986651 0
    outer loop
      vertex -3.12144 -15.6926 22.6
      vertex -2.08842 -15.8631 21.15
      vertex -3.12144 -15.6926 21.15
    endloop
  endfacet
  facet normal 0.729889 -0.683566 0
    outer loop
      vertex -12.0294 10.5495 19.95
      vertex -11.3137 11.3137 16
      vertex -11.3137 11.3137 19.95
    endloop
  endfacet
  facet normal 0.729889 -0.683566 0
    outer loop
      vertex -11.3137 11.3137 16
      vertex -12.0294 10.5495 19.95
      vertex -12.0294 10.5495 16
    endloop
  endfacet
  facet normal 0.729889 -0.683566 0
    outer loop
      vertex -12.0294 10.5495 22.6
      vertex -11.3137 11.3137 21.15
      vertex -11.3137 11.3137 22.6
    endloop
  endfacet
  facet normal 0.729889 -0.683566 0
    outer loop
      vertex -11.3137 11.3137 21.15
      vertex -12.0294 10.5495 22.6
      vertex -12.0294 10.5495 21.15
    endloop
  endfacet
  facet normal 0.935909 -0.352243 0
    outer loop
      vertex -15.1509 5.14303 19.95
      vertex -14.7821 6.12293 16
      vertex -14.7821 6.12293 19.95
    endloop
  endfacet
  facet normal 0.935909 -0.352243 0
    outer loop
      vertex -14.7821 6.12293 16
      vertex -15.1509 5.14303 19.95
      vertex -15.1509 5.14303 16
    endloop
  endfacet
  facet normal 0.935909 -0.352243 0
    outer loop
      vertex -15.1509 5.14303 22.6
      vertex -14.7821 6.12293 21.15
      vertex -14.7821 6.12293 22.6
    endloop
  endfacet
  facet normal 0.935909 -0.352243 0
    outer loop
      vertex -14.7821 6.12293 21.15
      vertex -15.1509 5.14303 22.6
      vertex -15.1509 5.14303 21.15
    endloop
  endfacet
  facet normal -0.290257 -0.956949 0
    outer loop
      vertex 4.1411 15.4548 16
      vertex 5.14303 15.1509 19.95
      vertex 4.1411 15.4548 19.95
    endloop
  endfacet
  facet normal -0.290257 -0.956949 -0
    outer loop
      vertex 5.14303 15.1509 19.95
      vertex 4.1411 15.4548 16
      vertex 5.14303 15.1509 16
    endloop
  endfacet
  facet normal -0.290257 -0.956949 0
    outer loop
      vertex 4.1411 15.4548 21.15
      vertex 5.14303 15.1509 22.6
      vertex 4.1411 15.4548 22.6
    endloop
  endfacet
  facet normal -0.290257 -0.956949 -0
    outer loop
      vertex 5.14303 15.1509 22.6
      vertex 4.1411 15.4548 21.15
      vertex 5.14303 15.1509 21.15
    endloop
  endfacet
  facet normal 0.881904 0.471429 0
    outer loop
      vertex -13.8564 -8 19.95
      vertex -14.35 -7.07662 16
      vertex -14.35 -7.07662 19.95
    endloop
  endfacet
  facet normal 0.881904 0.471429 0
    outer loop
      vertex -14.35 -7.07662 16
      vertex -13.8564 -8 19.95
      vertex -13.8564 -8 16
    endloop
  endfacet
  facet normal 0.881904 0.471429 0
    outer loop
      vertex -13.8564 -8 22.6
      vertex -14.35 -7.07662 21.15
      vertex -14.35 -7.07662 22.6
    endloop
  endfacet
  facet normal 0.881904 0.471429 0
    outer loop
      vertex -14.35 -7.07662 21.15
      vertex -13.8564 -8 22.6
      vertex -13.8564 -8 21.15
    endloop
  endfacet
  facet normal 0.471429 0.881904 -0
    outer loop
      vertex -7.07662 -14.35 16
      vertex -8 -13.8564 19.95
      vertex -7.07662 -14.35 19.95
    endloop
  endfacet
  facet normal 0.471429 0.881904 0
    outer loop
      vertex -8 -13.8564 19.95
      vertex -7.07662 -14.35 16
      vertex -8 -13.8564 16
    endloop
  endfacet
  facet normal 0.471429 0.881904 -0
    outer loop
      vertex -7.07662 -14.35 21.15
      vertex -8 -13.8564 22.6
      vertex -7.07662 -14.35 22.6
    endloop
  endfacet
  facet normal 0.471429 0.881904 0
    outer loop
      vertex -8 -13.8564 22.6
      vertex -7.07662 -14.35 21.15
      vertex -8 -13.8564 21.15
    endloop
  endfacet
  facet normal 0.849198 -0.528075 0
    outer loop
      vertex -13.8564 8 19.95
      vertex -13.3035 8.88912 16
      vertex -13.3035 8.88912 19.95
    endloop
  endfacet
  facet normal 0.849198 -0.528075 0
    outer loop
      vertex -13.3035 8.88912 16
      vertex -13.8564 8 19.95
      vertex -13.8564 8 16
    endloop
  endfacet
  facet normal 0.849198 -0.528075 0
    outer loop
      vertex -13.8564 8 22.6
      vertex -13.3035 8.88912 21.15
      vertex -13.3035 8.88912 22.6
    endloop
  endfacet
  facet normal 0.849198 -0.528075 0
    outer loop
      vertex -13.3035 8.88912 21.15
      vertex -13.8564 8 22.6
      vertex -13.8564 8 21.15
    endloop
  endfacet
  facet normal -0.752348 -0.0246423 0.658305
    outer loop
      vertex 16.525 0 20.55
      vertex 16.4896 1.08079 20.55
      vertex 16 0 19.95
    endloop
  endfacet
  facet normal -0.752382 -0.0246058 0.658267
    outer loop
      vertex 16.4896 1.08079 20.55
      vertex 16 1.0487 19.9892
      vertex 16 0 19.95
    endloop
  endfacet
  facet normal -0.733086 0.170967 0.658297
    outer loop
      vertex 16.2075 -3.22387 20.55
      vertex 15.6926 -3.12144 19.95
      vertex 15.4548 -4.1411 19.95
    endloop
  endfacet
  facet normal -0.611905 0.438428 0.658295
    outer loop
      vertex 13.74 -9.1808 20.55
      vertex 13.3035 -8.88912 19.95
      vertex 13.1102 -10.0598 20.55
    endloop
  endfacet
  facet normal 0.549445 0.514574 0.658273
    outer loop
      vertex -11.6849 -11.6849 20.55
      vertex -11.3137 -11.3137 19.95
      vertex -12.0294 -10.5495 19.95
    endloop
  endfacet
  facet normal -0.68567 -0.310681 0.658281
    outer loop
      vertex 15.2671 6.32384 20.55
      vertex 14.8208 7.30882 20.55
      vertex 14.7821 6.12293 19.95
    endloop
  endfacet
  facet normal 0.704526 -0.265159 0.658281
    outer loop
      vertex -15.1509 5.14303 19.95
      vertex -14.7821 6.12293 19.95
      vertex -15.2671 6.32384 20.55
    endloop
  endfacet
  facet normal 0.438428 0.611905 0.658295
    outer loop
      vertex -9.1808 -13.74 20.55
      vertex -8.88912 -13.3035 19.95
      vertex -10.0598 -13.1102 20.55
    endloop
  endfacet
  facet normal -0.663883 0.354884 0.658267
    outer loop
      vertex 14.8208 -7.30882 20.55
      vertex 14.35 -7.07662 19.95
      vertex 13.8564 -8 19.95
    endloop
  endfacet
  facet normal -0.514587 0.549319 0.658368
    outer loop
      vertex 10.8957 -12.4242 20.55
      vertex 11.6849 -11.6849 20.55
      vertex 10.5495 -12.0294 19.95
    endloop
  endfacet
  facet normal -0.354884 -0.663883 0.658267
    outer loop
      vertex 8 13.8564 19.95
      vertex 7.30882 14.8208 20.55
      vertex 7.07662 14.35 19.95
    endloop
  endfacet
  facet normal -0.720366 -0.218498 0.658279
    outer loop
      vertex 15.4548 4.1411 19.95
      vertex 15.648 5.31179 20.55
      vertex 15.1509 5.14303 19.95
    endloop
  endfacet
  facet normal -0.0246423 0.752348 0.658305
    outer loop
      vertex 1.08079 -16.4896 20.55
      vertex 0 -16 19.95
      vertex 0 -16.525 20.55
    endloop
  endfacet
  facet normal 0.170966 0.733086 0.658298
    outer loop
      vertex -3.22387 -16.2075 20.55
      vertex -4.1411 -15.4548 19.95
      vertex -4.27698 -15.9619 20.55
    endloop
  endfacet
  facet normal -0.354884 0.663883 0.658267
    outer loop
      vertex 7.30882 -14.8208 20.55
      vertex 8 -13.8564 19.95
      vertex 7.07662 -14.35 19.95
    endloop
  endfacet
  facet normal -0.310681 0.68567 0.658281
    outer loop
      vertex 6.32384 -15.2671 20.55
      vertex 7.30882 -14.8208 20.55
      vertex 6.12293 -14.7821 19.95
    endloop
  endfacet
  facet normal 0.397526 0.639202 0.658326
    outer loop
      vertex -8.2625 -14.3111 20.55
      vertex -8 -13.8564 19.95
      vertex -9.1808 -13.74 20.55
    endloop
  endfacet
  facet normal -0.663865 -0.354807 0.658327
    outer loop
      vertex 14.8208 7.30882 20.55
      vertex 14.3111 8.2625 20.55
      vertex 13.8564 8 19.95
    endloop
  endfacet
  facet normal -0.438428 0.611905 0.658295
    outer loop
      vertex 9.1808 -13.74 20.55
      vertex 10.0598 -13.1102 20.55
      vertex 8.88912 -13.3035 19.95
    endloop
  endfacet
  facet normal 0.549445 -0.514574 0.658273
    outer loop
      vertex -11.3137 11.3137 19.95
      vertex -11.6849 11.6849 20.55
      vertex -12.0294 10.5495 19.95
    endloop
  endfacet
  facet normal -0.122584 0.74271 0.658297
    outer loop
      vertex 3.22387 -16.2075 20.55
      vertex 3.12144 -15.6926 19.95
      vertex 2.08842 -15.8631 19.95
    endloop
  endfacet
  facet normal 0.733086 0.170966 0.658298
    outer loop
      vertex -15.9619 -4.27698 20.55
      vertex -15.4548 -4.1411 19.95
      vertex -16.2075 -3.22387 20.55
    endloop
  endfacet
  facet normal -0.0246423 -0.752348 0.658305
    outer loop
      vertex 1.08079 16.4896 20.55
      vertex 0 16.525 20.55
      vertex 0 16 19.95
    endloop
  endfacet
  facet normal -0.514574 0.549445 0.658273
    outer loop
      vertex 11.6849 -11.6849 20.55
      vertex 11.3137 -11.3137 19.95
      vertex 10.5495 -12.0294 19.95
    endloop
  endfacet
  facet normal -0.611891 -0.438431 0.658307
    outer loop
      vertex 13.3035 8.88912 19.95
      vertex 13.1102 10.0598 20.55
      vertex 12.6937 9.74018 19.95
    endloop
  endfacet
  facet normal 0.733086 -0.170967 0.658297
    outer loop
      vertex -15.6926 3.12144 19.95
      vertex -15.4548 4.1411 19.95
      vertex -16.2075 3.22387 20.55
    endloop
  endfacet
  facet normal 0.733086 0.170967 0.658297
    outer loop
      vertex -15.4548 -4.1411 19.95
      vertex -15.6926 -3.12144 19.95
      vertex -16.2075 -3.22387 20.55
    endloop
  endfacet
  facet normal -0.477586 0.581845 0.658307
    outer loop
      vertex 10.0598 -13.1102 20.55
      vertex 10.5495 -12.0294 19.95
      vertex 9.74018 -12.6937 19.95
    endloop
  endfacet
  facet normal 0.438431 0.611891 0.658307
    outer loop
      vertex -8.88912 -13.3035 19.95
      vertex -9.74018 -12.6937 19.95
      vertex -10.0598 -13.1102 20.55
    endloop
  endfacet
  facet normal 0.704526 0.265159 0.658281
    outer loop
      vertex -15.2671 -6.32384 20.55
      vertex -15.1509 -5.14303 19.95
      vertex -15.648 -5.31179 20.55
    endloop
  endfacet
  facet normal 0.720366 -0.218498 0.658279
    outer loop
      vertex -15.4548 4.1411 19.95
      vertex -15.1509 5.14303 19.95
      vertex -15.648 5.31179 20.55
    endloop
  endfacet
  facet normal -0.752348 0.0246423 0.658305
    outer loop
      vertex 16.4896 -1.08079 20.55
      vertex 16.525 0 20.55
      vertex 16 0 19.95
    endloop
  endfacet
  facet normal -0.704526 0.265159 0.658281
    outer loop
      vertex 15.2671 -6.32384 20.55
      vertex 15.1509 -5.14303 19.95
      vertex 14.7821 -6.12293 19.95
    endloop
  endfacet
  facet normal 0.611891 0.438431 0.658307
    outer loop
      vertex -13.1102 -10.0598 20.55
      vertex -12.6937 -9.74018 19.95
      vertex -13.3035 -8.88912 19.95
    endloop
  endfacet
  facet normal 0.514574 0.549445 0.658273
    outer loop
      vertex -10.5495 -12.0294 19.95
      vertex -11.3137 -11.3137 19.95
      vertex -11.6849 -11.6849 20.55
    endloop
  endfacet
  facet normal 0.549319 0.514587 0.658368
    outer loop
      vertex -11.6849 -11.6849 20.55
      vertex -12.0294 -10.5495 19.95
      vertex -12.4242 -10.8957 20.55
    endloop
  endfacet
  facet normal -0.438431 0.611891 0.658307
    outer loop
      vertex 10.0598 -13.1102 20.55
      vertex 9.74018 -12.6937 19.95
      vertex 8.88912 -13.3035 19.95
    endloop
  endfacet
  facet normal -0.265159 0.704526 0.658281
    outer loop
      vertex 6.32384 -15.2671 20.55
      vertex 6.12293 -14.7821 19.95
      vertex 5.14303 -15.1509 19.95
    endloop
  endfacet
  facet normal -0.218498 0.720366 0.658279
    outer loop
      vertex 5.31179 -15.648 20.55
      vertex 5.14303 -15.1509 19.95
      vertex 4.1411 -15.4548 19.95
    endloop
  endfacet
  facet normal -0.265159 0.704526 0.658281
    outer loop
      vertex 5.31179 -15.648 20.55
      vertex 6.32384 -15.2671 20.55
      vertex 5.14303 -15.1509 19.95
    endloop
  endfacet
  facet normal -0.752382 0.0246058 0.658267
    outer loop
      vertex 16.4896 -1.08079 20.55
      vertex 16 0 19.95
      vertex 16 -1.0487 19.9892
    endloop
  endfacet
  facet normal -0.74271 0.122584 0.658297
    outer loop
      vertex 16.2075 -3.22387 20.55
      vertex 15.8631 -2.08842 19.95
      vertex 15.6926 -3.12144 19.95
    endloop
  endfacet
  facet normal 0.720346 0.21851 0.658297
    outer loop
      vertex -15.648 -5.31179 20.55
      vertex -15.4548 -4.1411 19.95
      vertex -15.9619 -4.27698 20.55
    endloop
  endfacet
  facet normal 0.639243 0.397514 0.658294
    outer loop
      vertex -13.74 -9.1808 20.55
      vertex -13.3035 -8.88912 19.95
      vertex -13.8564 -8 19.95
    endloop
  endfacet
  facet normal -0.639202 -0.397526 0.658326
    outer loop
      vertex 13.8564 8 19.95
      vertex 14.3111 8.2625 20.55
      vertex 13.74 9.1808 20.55
    endloop
  endfacet
  facet normal -0.639243 0.397514 0.658294
    outer loop
      vertex 13.74 -9.1808 20.55
      vertex 13.8564 -8 19.95
      vertex 13.3035 -8.88912 19.95
    endloop
  endfacet
  facet normal 0.581845 0.477586 0.658307
    outer loop
      vertex -12.0294 -10.5495 19.95
      vertex -12.6937 -9.74018 19.95
      vertex -13.1102 -10.0598 20.55
    endloop
  endfacet
  facet normal -0.663865 0.354807 0.658327
    outer loop
      vertex 14.3111 -8.2625 20.55
      vertex 14.8208 -7.30882 20.55
      vertex 13.8564 -8 19.95
    endloop
  endfacet
  facet normal 0.74859 0.0736567 0.65893
    outer loop
      vertex -15.8631 -2.08842 19.95
      vertex -15.8718 -2 19.95
      vertex -15.9181 -2 20.0026
    endloop
  endfacet
  facet normal 0.749157 0.0738137 0.658267
    outer loop
      vertex -16 -1.86826 20.0811
      vertex -16 -1.0487 19.9892
      vertex -16.4896 -1.08079 20.55
    endloop
  endfacet
  facet normal -0.170966 0.733086 0.658298
    outer loop
      vertex 4.27698 -15.9619 20.55
      vertex 4.1411 -15.4548 19.95
      vertex 3.22387 -16.2075 20.55
    endloop
  endfacet
  facet normal -0.704526 0.265159 0.658281
    outer loop
      vertex 15.2671 -6.32384 20.55
      vertex 15.648 -5.31179 20.55
      vertex 15.1509 -5.14303 19.95
    endloop
  endfacet
  facet normal 0.74271 0.122584 0.658297
    outer loop
      vertex -15.6926 -3.12144 19.95
      vertex -15.8631 -2.08842 19.95
      vertex -16.2075 -3.22387 20.55
    endloop
  endfacet
  facet normal 0.752382 -0.0246058 0.658267
    outer loop
      vertex -16 0 19.95
      vertex -16 1.0487 19.9892
      vertex -16.4896 1.08079 20.55
    endloop
  endfacet
  facet normal -0.438431 -0.611891 0.658307
    outer loop
      vertex 9.74018 12.6937 19.95
      vertex 10.0598 13.1102 20.55
      vertex 8.88912 13.3035 19.95
    endloop
  endfacet
  facet normal 0.0246423 -0.752348 0.658305
    outer loop
      vertex 0 16 19.95
      vertex 0 16.525 20.55
      vertex -1.08079 16.4896 20.55
    endloop
  endfacet
  facet normal 0.663883 -0.354884 0.658267
    outer loop
      vertex -14.35 7.07662 19.95
      vertex -13.8564 8 19.95
      vertex -14.8208 7.30882 20.55
    endloop
  endfacet
  facet normal 0.265159 -0.704526 0.658281
    outer loop
      vertex -6.12293 14.7821 19.95
      vertex -5.14303 15.1509 19.95
      vertex -6.32384 15.2671 20.55
    endloop
  endfacet
  facet normal -0.477502 0.581842 0.658371
    outer loop
      vertex 10.8957 -12.4242 20.55
      vertex 10.5495 -12.0294 19.95
      vertex 10.0598 -13.1102 20.55
    endloop
  endfacet
  facet normal 0.397514 0.639243 0.658294
    outer loop
      vertex -8 -13.8564 19.95
      vertex -8.88912 -13.3035 19.95
      vertex -9.1808 -13.74 20.55
    endloop
  endfacet
  facet normal -0.170967 0.733086 0.658297
    outer loop
      vertex 3.22387 -16.2075 20.55
      vertex 4.1411 -15.4548 19.95
      vertex 3.12144 -15.6926 19.95
    endloop
  endfacet
  facet normal -0.549445 -0.514574 0.658273
    outer loop
      vertex 12.0294 10.5495 19.95
      vertex 11.6849 11.6849 20.55
      vertex 11.3137 11.3137 19.95
    endloop
  endfacet
  facet normal 0.0246423 0.752348 0.658305
    outer loop
      vertex 0 -16.525 20.55
      vertex 0 -16 19.95
      vertex -1.08079 -16.4896 20.55
    endloop
  endfacet
  facet normal -0.749422 -0.0748151 0.657852
    outer loop
      vertex 16 2 20.0959
      vertex 15.8631 2.08842 19.95
      vertex 15.9181 2 20.0026
    endloop
  endfacet
  facet normal -0.749146 -0.0736551 0.658297
    outer loop
      vertex 15.8631 2.08842 19.95
      vertex 16 2 20.0959
      vertex 16.3836 2.15695 20.55
    endloop
  endfacet
  facet normal -0.749076 -0.0739599 0.658343
    outer loop
      vertex 16 1.86826 20.0811
      vertex 16.3836 2.15695 20.55
      vertex 16 2 20.0959
    endloop
  endfacet
  facet normal -0.749139 -0.073789 0.65829
    outer loop
      vertex 16.3836 2.15695 20.55
      vertex 16 1.86826 20.0811
      vertex 16.4896 1.08079 20.55
    endloop
  endfacet
  facet normal -0.397514 0.639243 0.658294
    outer loop
      vertex 9.1808 -13.74 20.55
      vertex 8.88912 -13.3035 19.95
      vertex 8 -13.8564 19.95
    endloop
  endfacet
  facet normal -0.122587 0.742707 0.6583
    outer loop
      vertex 2.15695 -16.3836 20.55
      vertex 3.22387 -16.2075 20.55
      vertex 2.08842 -15.8631 19.95
    endloop
  endfacet
  facet normal 0.122584 0.74271 0.658297
    outer loop
      vertex -2.08842 -15.8631 19.95
      vertex -3.12144 -15.6926 19.95
      vertex -3.22387 -16.2075 20.55
    endloop
  endfacet
  facet normal 0.663865 -0.354807 0.658327
    outer loop
      vertex -13.8564 8 19.95
      vertex -14.3111 8.2625 20.55
      vertex -14.8208 7.30882 20.55
    endloop
  endfacet
  facet normal 0.0246595 -0.752332 0.658323
    outer loop
      vertex -1.04645 15.9657 19.95
      vertex 0 16 19.95
      vertex -1.08079 16.4896 20.55
    endloop
  endfacet
  facet normal 0.720346 -0.21851 0.658297
    outer loop
      vertex -15.4548 4.1411 19.95
      vertex -15.648 5.31179 20.55
      vertex -15.9619 4.27698 20.55
    endloop
  endfacet
  facet normal 0.122587 -0.742707 0.6583
    outer loop
      vertex -2.08842 15.8631 19.95
      vertex -2.15695 16.3836 20.55
      vertex -3.22387 16.2075 20.55
    endloop
  endfacet
  facet normal -0.733086 0.170966 0.658298
    outer loop
      vertex 15.9619 -4.27698 20.55
      vertex 16.2075 -3.22387 20.55
      vertex 15.4548 -4.1411 19.95
    endloop
  endfacet
  facet normal 0.663865 0.354807 0.658327
    outer loop
      vertex -14.3111 -8.2625 20.55
      vertex -13.8564 -8 19.95
      vertex -14.8208 -7.30882 20.55
    endloop
  endfacet
  facet normal -0.477502 -0.581842 0.658371
    outer loop
      vertex 10.5495 12.0294 19.95
      vertex 10.8957 12.4242 20.55
      vertex 10.0598 13.1102 20.55
    endloop
  endfacet
  facet normal 0.639243 -0.397514 0.658294
    outer loop
      vertex -13.3035 8.88912 19.95
      vertex -13.74 9.1808 20.55
      vertex -13.8564 8 19.95
    endloop
  endfacet
  facet normal -0.749157 0.0738137 0.658267
    outer loop
      vertex 16.4896 -1.08079 20.55
      vertex 16 -1.0487 19.9892
      vertex 16 -1.86826 20.0811
    endloop
  endfacet
  facet normal -0.74859 0.0736567 0.65893
    outer loop
      vertex 15.9181 -2 20.0026
      vertex 15.8718 -2 19.95
      vertex 15.8631 -2.08842 19.95
    endloop
  endfacet
  facet normal 0.477586 -0.581845 0.658307
    outer loop
      vertex -9.74018 12.6937 19.95
      vertex -10.0598 13.1102 20.55
      vertex -10.5495 12.0294 19.95
    endloop
  endfacet
  facet normal -0.742707 0.122587 0.6583
    outer loop
      vertex 16.2075 -3.22387 20.55
      vertex 16.3836 -2.15695 20.55
      vertex 15.8631 -2.08842 19.95
    endloop
  endfacet
  facet normal 0.742707 -0.122587 0.6583
    outer loop
      vertex -15.8631 2.08842 19.95
      vertex -16.2075 3.22387 20.55
      vertex -16.3836 2.15695 20.55
    endloop
  endfacet
  facet normal -0.611891 0.438431 0.658307
    outer loop
      vertex 13.1102 -10.0598 20.55
      vertex 13.3035 -8.88912 19.95
      vertex 12.6937 -9.74018 19.95
    endloop
  endfacet
  facet normal -0.639202 0.397526 0.658326
    outer loop
      vertex 14.3111 -8.2625 20.55
      vertex 13.8564 -8 19.95
      vertex 13.74 -9.1808 20.55
    endloop
  endfacet
  facet normal 0.720366 0.218498 0.658279
    outer loop
      vertex -15.1509 -5.14303 19.95
      vertex -15.4548 -4.1411 19.95
      vertex -15.648 -5.31179 20.55
    endloop
  endfacet
  facet normal -0.218498 -0.720366 0.658279
    outer loop
      vertex 5.14303 15.1509 19.95
      vertex 5.31179 15.648 20.55
      vertex 4.1411 15.4548 19.95
    endloop
  endfacet
  facet normal 0.514587 -0.549319 0.658368
    outer loop
      vertex -10.5495 12.0294 19.95
      vertex -10.8957 12.4242 20.55
      vertex -11.6849 11.6849 20.55
    endloop
  endfacet
  facet normal -0.685688 0.310673 0.658267
    outer loop
      vertex 14.8208 -7.30882 20.55
      vertex 14.7821 -6.12293 19.95
      vertex 14.35 -7.07662 19.95
    endloop
  endfacet
  facet normal -0.749422 0.0748151 0.657852
    outer loop
      vertex 15.9181 -2 20.0026
      vertex 15.8631 -2.08842 19.95
      vertex 16 -2 20.0959
    endloop
  endfacet
  facet normal -0.749076 0.0739599 0.658343
    outer loop
      vertex 16.3836 -2.15695 20.55
      vertex 16 -1.86826 20.0811
      vertex 16 -2 20.0959
    endloop
  endfacet
  facet normal -0.749139 0.073789 0.65829
    outer loop
      vertex 16 -1.86826 20.0811
      vertex 16.3836 -2.15695 20.55
      vertex 16.4896 -1.08079 20.55
    endloop
  endfacet
  facet normal -0.749146 0.0736551 0.658297
    outer loop
      vertex 16.3836 -2.15695 20.55
      vertex 16 -2 20.0959
      vertex 15.8631 -2.08842 19.95
    endloop
  endfacet
  facet normal -0.21851 0.720346 0.658297
    outer loop
      vertex 4.27698 -15.9619 20.55
      vertex 5.31179 -15.648 20.55
      vertex 4.1411 -15.4548 19.95
    endloop
  endfacet
  facet normal 0.611905 0.438428 0.658295
    outer loop
      vertex -13.1102 -10.0598 20.55
      vertex -13.3035 -8.88912 19.95
      vertex -13.74 -9.1808 20.55
    endloop
  endfacet
  facet normal -0.354807 0.663865 0.658327
    outer loop
      vertex 8.2625 -14.3111 20.55
      vertex 8 -13.8564 19.95
      vertex 7.30882 -14.8208 20.55
    endloop
  endfacet
  facet normal -0.0246595 0.752332 0.658323
    outer loop
      vertex 1.08079 -16.4896 20.55
      vertex 1.04645 -15.9657 19.95
      vertex 0 -16 19.95
    endloop
  endfacet
  facet normal 0.170967 -0.733086 0.658297
    outer loop
      vertex -3.12144 15.6926 19.95
      vertex -3.22387 16.2075 20.55
      vertex -4.1411 15.4548 19.95
    endloop
  endfacet
  facet normal 0.21851 -0.720346 0.658297
    outer loop
      vertex -4.1411 15.4548 19.95
      vertex -4.27698 15.9619 20.55
      vertex -5.31179 15.648 20.55
    endloop
  endfacet
  facet normal 0.742707 0.122587 0.6583
    outer loop
      vertex -16.2075 -3.22387 20.55
      vertex -15.8631 -2.08842 19.95
      vertex -16.3836 -2.15695 20.55
    endloop
  endfacet
  facet normal 0.749139 0.073789 0.65829
    outer loop
      vertex -16.3836 -2.15695 20.55
      vertex -16 -1.86826 20.0811
      vertex -16.4896 -1.08079 20.55
    endloop
  endfacet
  facet normal 0.749422 0.0748151 0.657852
    outer loop
      vertex -16 -2 20.0959
      vertex -15.8631 -2.08842 19.95
      vertex -15.9181 -2 20.0026
    endloop
  endfacet
  facet normal 0.749146 0.0736551 0.658297
    outer loop
      vertex -16 -2 20.0959
      vertex -16.3836 -2.15695 20.55
      vertex -15.8631 -2.08842 19.95
    endloop
  endfacet
  facet normal 0.749076 0.0739599 0.658343
    outer loop
      vertex -16 -1.86826 20.0811
      vertex -16.3836 -2.15695 20.55
      vertex -16 -2 20.0959
    endloop
  endfacet
  facet normal 0.733086 -0.170966 0.658298
    outer loop
      vertex -15.4548 4.1411 19.95
      vertex -15.9619 4.27698 20.55
      vertex -16.2075 3.22387 20.55
    endloop
  endfacet
  facet normal 0.265159 -0.704526 0.658281
    outer loop
      vertex -5.14303 15.1509 19.95
      vertex -5.31179 15.648 20.55
      vertex -6.32384 15.2671 20.55
    endloop
  endfacet
  facet normal -0.0737882 0.749131 0.658299
    outer loop
      vertex 2.15695 -16.3836 20.55
      vertex 2.08842 -15.8631 19.95
      vertex 1.08079 -16.4896 20.55
    endloop
  endfacet
  facet normal 0.581842 -0.477502 0.658371
    outer loop
      vertex -12.0294 10.5495 19.95
      vertex -12.4242 10.8957 20.55
      vertex -13.1102 10.0598 20.55
    endloop
  endfacet
  facet normal -0.397526 0.639202 0.658326
    outer loop
      vertex 8.2625 -14.3111 20.55
      vertex 9.1808 -13.74 20.55
      vertex 8 -13.8564 19.95
    endloop
  endfacet
  facet normal 0.170966 -0.733086 0.658298
    outer loop
      vertex -4.1411 15.4548 19.95
      vertex -3.22387 16.2075 20.55
      vertex -4.27698 15.9619 20.55
    endloop
  endfacet
  facet normal 0.581845 -0.477586 0.658307
    outer loop
      vertex -12.6937 9.74018 19.95
      vertex -12.0294 10.5495 19.95
      vertex -13.1102 10.0598 20.55
    endloop
  endfacet
  facet normal 0.639202 -0.397526 0.658326
    outer loop
      vertex -13.8564 8 19.95
      vertex -13.74 9.1808 20.55
      vertex -14.3111 8.2625 20.55
    endloop
  endfacet
  facet normal 0.170967 0.733086 0.658297
    outer loop
      vertex -3.22387 -16.2075 20.55
      vertex -3.12144 -15.6926 19.95
      vertex -4.1411 -15.4548 19.95
    endloop
  endfacet
  facet normal 0.581842 0.477502 0.658371
    outer loop
      vertex -12.4242 -10.8957 20.55
      vertex -12.0294 -10.5495 19.95
      vertex -13.1102 -10.0598 20.55
    endloop
  endfacet
  facet normal -0.639243 -0.397514 0.658294
    outer loop
      vertex 13.8564 8 19.95
      vertex 13.74 9.1808 20.55
      vertex 13.3035 8.88912 19.95
    endloop
  endfacet
  facet normal 0.310681 -0.68567 0.658281
    outer loop
      vertex -6.12293 14.7821 19.95
      vertex -6.32384 15.2671 20.55
      vertex -7.30882 14.8208 20.55
    endloop
  endfacet
  facet normal -0.704526 -0.265159 0.658281
    outer loop
      vertex 15.648 5.31179 20.55
      vertex 15.2671 6.32384 20.55
      vertex 15.1509 5.14303 19.95
    endloop
  endfacet
  facet normal 0.74271 -0.122584 0.658297
    outer loop
      vertex -15.8631 2.08842 19.95
      vertex -15.6926 3.12144 19.95
      vertex -16.2075 3.22387 20.55
    endloop
  endfacet
  facet normal 0.68567 0.310681 0.658281
    outer loop
      vertex -14.8208 -7.30882 20.55
      vertex -14.7821 -6.12293 19.95
      vertex -15.2671 -6.32384 20.55
    endloop
  endfacet
  facet normal 0.74859 -0.0736567 0.65893
    outer loop
      vertex -15.8718 2 19.95
      vertex -15.8631 2.08842 19.95
      vertex -15.9181 2 20.0026
    endloop
  endfacet
  facet normal 0.749157 -0.0738137 0.658267
    outer loop
      vertex -16 1.0487 19.9892
      vertex -16 1.86826 20.0811
      vertex -16.4896 1.08079 20.55
    endloop
  endfacet
  facet normal 0.218498 -0.720366 0.658279
    outer loop
      vertex -5.14303 15.1509 19.95
      vertex -4.1411 15.4548 19.95
      vertex -5.31179 15.648 20.55
    endloop
  endfacet
  facet normal 0.752382 0.0246058 0.658267
    outer loop
      vertex -16 -1.0487 19.9892
      vertex -16 0 19.95
      vertex -16.4896 -1.08079 20.55
    endloop
  endfacet
  facet normal -0.265159 -0.704526 0.658281
    outer loop
      vertex 6.12293 14.7821 19.95
      vertex 6.32384 15.2671 20.55
      vertex 5.14303 15.1509 19.95
    endloop
  endfacet
  facet normal -0.720366 0.218498 0.658279
    outer loop
      vertex 15.648 -5.31179 20.55
      vertex 15.4548 -4.1411 19.95
      vertex 15.1509 -5.14303 19.95
    endloop
  endfacet
  facet normal 0.397526 -0.639202 0.658326
    outer loop
      vertex -8 13.8564 19.95
      vertex -8.2625 14.3111 20.55
      vertex -9.1808 13.74 20.55
    endloop
  endfacet
  facet normal -0.549319 0.514587 0.658368
    outer loop
      vertex 12.4242 -10.8957 20.55
      vertex 12.0294 -10.5495 19.95
      vertex 11.6849 -11.6849 20.55
    endloop
  endfacet
  facet normal -0.581842 0.477502 0.658371
    outer loop
      vertex 12.4242 -10.8957 20.55
      vertex 13.1102 -10.0598 20.55
      vertex 12.0294 -10.5495 19.95
    endloop
  endfacet
  facet normal -0.720346 0.21851 0.658297
    outer loop
      vertex 15.648 -5.31179 20.55
      vertex 15.9619 -4.27698 20.55
      vertex 15.4548 -4.1411 19.95
    endloop
  endfacet
  facet normal -0.68567 0.310681 0.658281
    outer loop
      vertex 14.8208 -7.30882 20.55
      vertex 15.2671 -6.32384 20.55
      vertex 14.7821 -6.12293 19.95
    endloop
  endfacet
  facet normal 0.310681 0.68567 0.658281
    outer loop
      vertex -6.32384 -15.2671 20.55
      vertex -6.12293 -14.7821 19.95
      vertex -7.30882 -14.8208 20.55
    endloop
  endfacet
  facet normal -0.581845 0.477586 0.658307
    outer loop
      vertex 13.1102 -10.0598 20.55
      vertex 12.6937 -9.74018 19.95
      vertex 12.0294 -10.5495 19.95
    endloop
  endfacet
  facet normal -0.549445 0.514574 0.658273
    outer loop
      vertex 11.6849 -11.6849 20.55
      vertex 12.0294 -10.5495 19.95
      vertex 11.3137 -11.3137 19.95
    endloop
  endfacet
  facet normal -0.733086 -0.170967 0.658297
    outer loop
      vertex 15.6926 3.12144 19.95
      vertex 16.2075 3.22387 20.55
      vertex 15.4548 4.1411 19.95
    endloop
  endfacet
  facet normal -0.477586 -0.581845 0.658307
    outer loop
      vertex 10.5495 12.0294 19.95
      vertex 10.0598 13.1102 20.55
      vertex 9.74018 12.6937 19.95
    endloop
  endfacet
  facet normal 0.122587 0.742707 0.6583
    outer loop
      vertex -2.15695 -16.3836 20.55
      vertex -2.08842 -15.8631 19.95
      vertex -3.22387 -16.2075 20.55
    endloop
  endfacet
  facet normal 0.514587 0.549319 0.658368
    outer loop
      vertex -10.8957 -12.4242 20.55
      vertex -10.5495 -12.0294 19.95
      vertex -11.6849 -11.6849 20.55
    endloop
  endfacet
  facet normal -0.0737632 0.749113 0.658322
    outer loop
      vertex 1.08079 -16.4896 20.55
      vertex 2.08842 -15.8631 19.95
      vertex 1.04645 -15.9657 19.95
    endloop
  endfacet
  facet normal 0.438428 -0.611905 0.658295
    outer loop
      vertex -8.88912 13.3035 19.95
      vertex -9.1808 13.74 20.55
      vertex -10.0598 13.1102 20.55
    endloop
  endfacet
  facet normal 0.310673 -0.685688 0.658267
    outer loop
      vertex -7.07662 14.35 19.95
      vertex -6.12293 14.7821 19.95
      vertex -7.30882 14.8208 20.55
    endloop
  endfacet
  facet normal 0.122584 -0.74271 0.658297
    outer loop
      vertex -3.12144 15.6926 19.95
      vertex -2.08842 15.8631 19.95
      vertex -3.22387 16.2075 20.55
    endloop
  endfacet
  facet normal 0.310673 0.685688 0.658267
    outer loop
      vertex -6.12293 -14.7821 19.95
      vertex -7.07662 -14.35 19.95
      vertex -7.30882 -14.8208 20.55
    endloop
  endfacet
  facet normal 0.639202 0.397526 0.658326
    outer loop
      vertex -13.74 -9.1808 20.55
      vertex -13.8564 -8 19.95
      vertex -14.3111 -8.2625 20.55
    endloop
  endfacet
  facet normal 0.704526 0.265159 0.658281
    outer loop
      vertex -14.7821 -6.12293 19.95
      vertex -15.1509 -5.14303 19.95
      vertex -15.2671 -6.32384 20.55
    endloop
  endfacet
  facet normal -0.663883 -0.354884 0.658267
    outer loop
      vertex 14.35 7.07662 19.95
      vertex 14.8208 7.30882 20.55
      vertex 13.8564 8 19.95
    endloop
  endfacet
  facet normal 0.265159 0.704526 0.658281
    outer loop
      vertex -5.31179 -15.648 20.55
      vertex -5.14303 -15.1509 19.95
      vertex -6.32384 -15.2671 20.55
    endloop
  endfacet
  facet normal 0.354884 0.663883 0.658267
    outer loop
      vertex -7.30882 -14.8208 20.55
      vertex -7.07662 -14.35 19.95
      vertex -8 -13.8564 19.95
    endloop
  endfacet
  facet normal 0.477502 0.581842 0.658371
    outer loop
      vertex -10.0598 -13.1102 20.55
      vertex -10.5495 -12.0294 19.95
      vertex -10.8957 -12.4242 20.55
    endloop
  endfacet
  facet normal -0.170966 -0.733086 0.658298
    outer loop
      vertex 4.1411 15.4548 19.95
      vertex 4.27698 15.9619 20.55
      vertex 3.22387 16.2075 20.55
    endloop
  endfacet
  facet normal 0.397514 -0.639243 0.658294
    outer loop
      vertex -8.88912 13.3035 19.95
      vertex -8 13.8564 19.95
      vertex -9.1808 13.74 20.55
    endloop
  endfacet
  facet normal 0.0737882 0.749131 0.658299
    outer loop
      vertex -1.08079 -16.4896 20.55
      vertex -2.08842 -15.8631 19.95
      vertex -2.15695 -16.3836 20.55
    endloop
  endfacet
  facet normal 0.265159 0.704526 0.658281
    outer loop
      vertex -5.14303 -15.1509 19.95
      vertex -6.12293 -14.7821 19.95
      vertex -6.32384 -15.2671 20.55
    endloop
  endfacet
  facet normal -0.0737882 -0.749131 0.658299
    outer loop
      vertex 2.08842 15.8631 19.95
      vertex 2.15695 16.3836 20.55
      vertex 1.08079 16.4896 20.55
    endloop
  endfacet
  facet normal -0.720346 -0.21851 0.658297
    outer loop
      vertex 15.9619 4.27698 20.55
      vertex 15.648 5.31179 20.55
      vertex 15.4548 4.1411 19.95
    endloop
  endfacet
  facet normal 0.438431 -0.611891 0.658307
    outer loop
      vertex -9.74018 12.6937 19.95
      vertex -8.88912 13.3035 19.95
      vertex -10.0598 13.1102 20.55
    endloop
  endfacet
  facet normal 0.663883 0.354884 0.658267
    outer loop
      vertex -13.8564 -8 19.95
      vertex -14.35 -7.07662 19.95
      vertex -14.8208 -7.30882 20.55
    endloop
  endfacet
  facet normal -0.549319 -0.514587 0.658368
    outer loop
      vertex 12.0294 10.5495 19.95
      vertex 12.4242 10.8957 20.55
      vertex 11.6849 11.6849 20.55
    endloop
  endfacet
  facet normal -0.265159 -0.704526 0.658281
    outer loop
      vertex 6.32384 15.2671 20.55
      vertex 5.31179 15.648 20.55
      vertex 5.14303 15.1509 19.95
    endloop
  endfacet
  facet normal 0.704526 -0.265159 0.658281
    outer loop
      vertex -15.1509 5.14303 19.95
      vertex -15.2671 6.32384 20.55
      vertex -15.648 5.31179 20.55
    endloop
  endfacet
  facet normal 0.354807 0.663865 0.658327
    outer loop
      vertex -7.30882 -14.8208 20.55
      vertex -8 -13.8564 19.95
      vertex -8.2625 -14.3111 20.55
    endloop
  endfacet
  facet normal 0.218498 0.720366 0.658279
    outer loop
      vertex -4.1411 -15.4548 19.95
      vertex -5.14303 -15.1509 19.95
      vertex -5.31179 -15.648 20.55
    endloop
  endfacet
  facet normal -0.733086 -0.170966 0.658298
    outer loop
      vertex 16.2075 3.22387 20.55
      vertex 15.9619 4.27698 20.55
      vertex 15.4548 4.1411 19.95
    endloop
  endfacet
  facet normal 0.0737882 -0.749131 0.658299
    outer loop
      vertex -2.08842 15.8631 19.95
      vertex -1.08079 16.4896 20.55
      vertex -2.15695 16.3836 20.55
    endloop
  endfacet
  facet normal 0.0737632 -0.749113 0.658322
    outer loop
      vertex -1.04645 15.9657 19.95
      vertex -1.08079 16.4896 20.55
      vertex -2.08842 15.8631 19.95
    endloop
  endfacet
  facet normal 0.749146 -0.0736551 0.658297
    outer loop
      vertex -16.3836 2.15695 20.55
      vertex -16 2 20.0959
      vertex -15.8631 2.08842 19.95
    endloop
  endfacet
  facet normal 0.749076 -0.0739599 0.658343
    outer loop
      vertex -16.3836 2.15695 20.55
      vertex -16 1.86826 20.0811
      vertex -16 2 20.0959
    endloop
  endfacet
  facet normal 0.749139 -0.073789 0.65829
    outer loop
      vertex -16 1.86826 20.0811
      vertex -16.3836 2.15695 20.55
      vertex -16.4896 1.08079 20.55
    endloop
  endfacet
  facet normal 0.749422 -0.0748151 0.657852
    outer loop
      vertex -15.8631 2.08842 19.95
      vertex -16 2 20.0959
      vertex -15.9181 2 20.0026
    endloop
  endfacet
  facet normal 0.477502 -0.581842 0.658371
    outer loop
      vertex -10.5495 12.0294 19.95
      vertex -10.0598 13.1102 20.55
      vertex -10.8957 12.4242 20.55
    endloop
  endfacet
  facet normal 0.354807 -0.663865 0.658327
    outer loop
      vertex -8 13.8564 19.95
      vertex -7.30882 14.8208 20.55
      vertex -8.2625 14.3111 20.55
    endloop
  endfacet
  facet normal 0.354884 -0.663883 0.658267
    outer loop
      vertex -7.07662 14.35 19.95
      vertex -7.30882 14.8208 20.55
      vertex -8 13.8564 19.95
    endloop
  endfacet
  facet normal -0.704526 -0.265159 0.658281
    outer loop
      vertex 15.1509 5.14303 19.95
      vertex 15.2671 6.32384 20.55
      vertex 14.7821 6.12293 19.95
    endloop
  endfacet
  facet normal 0.514574 -0.549445 0.658273
    outer loop
      vertex -11.3137 11.3137 19.95
      vertex -10.5495 12.0294 19.95
      vertex -11.6849 11.6849 20.55
    endloop
  endfacet
  facet normal 0.0737632 0.749113 0.658322
    outer loop
      vertex -1.08079 -16.4896 20.55
      vertex -1.04645 -15.9657 19.95
      vertex -2.08842 -15.8631 19.95
    endloop
  endfacet
  facet normal 0.477586 0.581845 0.658307
    outer loop
      vertex -10.0598 -13.1102 20.55
      vertex -9.74018 -12.6937 19.95
      vertex -10.5495 -12.0294 19.95
    endloop
  endfacet
  facet normal 0.549319 -0.514587 0.658368
    outer loop
      vertex -12.0294 10.5495 19.95
      vertex -11.6849 11.6849 20.55
      vertex -12.4242 10.8957 20.55
    endloop
  endfacet
  facet normal -0.0737632 -0.749113 0.658322
    outer loop
      vertex 2.08842 15.8631 19.95
      vertex 1.08079 16.4896 20.55
      vertex 1.04645 15.9657 19.95
    endloop
  endfacet
  facet normal -0.21851 -0.720346 0.658297
    outer loop
      vertex 5.31179 15.648 20.55
      vertex 4.27698 15.9619 20.55
      vertex 4.1411 15.4548 19.95
    endloop
  endfacet
  facet normal -0.514587 -0.549319 0.658368
    outer loop
      vertex 11.6849 11.6849 20.55
      vertex 10.8957 12.4242 20.55
      vertex 10.5495 12.0294 19.95
    endloop
  endfacet
  facet normal -0.310673 0.685688 0.658267
    outer loop
      vertex 7.30882 -14.8208 20.55
      vertex 7.07662 -14.35 19.95
      vertex 6.12293 -14.7821 19.95
    endloop
  endfacet
  facet normal 0.685688 -0.310673 0.658267
    outer loop
      vertex -14.7821 6.12293 19.95
      vertex -14.35 7.07662 19.95
      vertex -14.8208 7.30882 20.55
    endloop
  endfacet
  facet normal -0.581845 -0.477586 0.658307
    outer loop
      vertex 12.6937 9.74018 19.95
      vertex 13.1102 10.0598 20.55
      vertex 12.0294 10.5495 19.95
    endloop
  endfacet
  facet normal -0.122587 -0.742707 0.6583
    outer loop
      vertex 3.22387 16.2075 20.55
      vertex 2.15695 16.3836 20.55
      vertex 2.08842 15.8631 19.95
    endloop
  endfacet
  facet normal -0.397514 -0.639243 0.658294
    outer loop
      vertex 8.88912 13.3035 19.95
      vertex 9.1808 13.74 20.55
      vertex 8 13.8564 19.95
    endloop
  endfacet
  facet normal -0.514574 -0.549445 0.658273
    outer loop
      vertex 11.3137 11.3137 19.95
      vertex 11.6849 11.6849 20.55
      vertex 10.5495 12.0294 19.95
    endloop
  endfacet
  facet normal -0.170967 -0.733086 0.658297
    outer loop
      vertex 4.1411 15.4548 19.95
      vertex 3.22387 16.2075 20.55
      vertex 3.12144 15.6926 19.95
    endloop
  endfacet
  facet normal -0.438428 -0.611905 0.658295
    outer loop
      vertex 10.0598 13.1102 20.55
      vertex 9.1808 13.74 20.55
      vertex 8.88912 13.3035 19.95
    endloop
  endfacet
  facet normal -0.397526 -0.639202 0.658326
    outer loop
      vertex 9.1808 13.74 20.55
      vertex 8.2625 14.3111 20.55
      vertex 8 13.8564 19.95
    endloop
  endfacet
  facet normal -0.122584 -0.74271 0.658297
    outer loop
      vertex 3.12144 15.6926 19.95
      vertex 3.22387 16.2075 20.55
      vertex 2.08842 15.8631 19.95
    endloop
  endfacet
  facet normal 0.752348 0.0246423 0.658305
    outer loop
      vertex -16.4896 -1.08079 20.55
      vertex -16 0 19.95
      vertex -16.525 0 20.55
    endloop
  endfacet
  facet normal 0.752348 -0.0246423 0.658305
    outer loop
      vertex -16 0 19.95
      vertex -16.4896 1.08079 20.55
      vertex -16.525 0 20.55
    endloop
  endfacet
  facet normal 0.68567 -0.310681 0.658281
    outer loop
      vertex -14.7821 6.12293 19.95
      vertex -14.8208 7.30882 20.55
      vertex -15.2671 6.32384 20.55
    endloop
  endfacet
  facet normal 0.611905 -0.438428 0.658295
    outer loop
      vertex -13.3035 8.88912 19.95
      vertex -13.1102 10.0598 20.55
      vertex -13.74 9.1808 20.55
    endloop
  endfacet
  facet normal 0.611891 -0.438431 0.658307
    outer loop
      vertex -12.6937 9.74018 19.95
      vertex -13.1102 10.0598 20.55
      vertex -13.3035 8.88912 19.95
    endloop
  endfacet
  facet normal -0.310673 -0.685688 0.658267
    outer loop
      vertex 7.07662 14.35 19.95
      vertex 7.30882 14.8208 20.55
      vertex 6.12293 14.7821 19.95
    endloop
  endfacet
  facet normal 0.21851 0.720346 0.658297
    outer loop
      vertex -4.27698 -15.9619 20.55
      vertex -4.1411 -15.4548 19.95
      vertex -5.31179 -15.648 20.55
    endloop
  endfacet
  facet normal 0.685688 0.310673 0.658267
    outer loop
      vertex -14.35 -7.07662 19.95
      vertex -14.7821 -6.12293 19.95
      vertex -14.8208 -7.30882 20.55
    endloop
  endfacet
  facet normal -0.0246595 -0.752332 0.658323
    outer loop
      vertex 1.04645 15.9657 19.95
      vertex 1.08079 16.4896 20.55
      vertex 0 16 19.95
    endloop
  endfacet
  facet normal -0.310681 -0.68567 0.658281
    outer loop
      vertex 7.30882 14.8208 20.55
      vertex 6.32384 15.2671 20.55
      vertex 6.12293 14.7821 19.95
    endloop
  endfacet
  facet normal -0.354807 -0.663865 0.658327
    outer loop
      vertex 8 13.8564 19.95
      vertex 8.2625 14.3111 20.55
      vertex 7.30882 14.8208 20.55
    endloop
  endfacet
  facet normal -0.742707 -0.122587 0.6583
    outer loop
      vertex 16.3836 2.15695 20.55
      vertex 16.2075 3.22387 20.55
      vertex 15.8631 2.08842 19.95
    endloop
  endfacet
  facet normal -0.685688 -0.310673 0.658267
    outer loop
      vertex 14.7821 6.12293 19.95
      vertex 14.8208 7.30882 20.55
      vertex 14.35 7.07662 19.95
    endloop
  endfacet
  facet normal -0.581842 -0.477502 0.658371
    outer loop
      vertex 13.1102 10.0598 20.55
      vertex 12.4242 10.8957 20.55
      vertex 12.0294 10.5495 19.95
    endloop
  endfacet
  facet normal 0.0246595 0.752332 0.658323
    outer loop
      vertex 0 -16 19.95
      vertex -1.04645 -15.9657 19.95
      vertex -1.08079 -16.4896 20.55
    endloop
  endfacet
  facet normal -0.611905 -0.438428 0.658295
    outer loop
      vertex 13.3035 8.88912 19.95
      vertex 13.74 9.1808 20.55
      vertex 13.1102 10.0598 20.55
    endloop
  endfacet
  facet normal -0.749157 -0.0738137 0.658267
    outer loop
      vertex 16.4896 1.08079 20.55
      vertex 16 1.86826 20.0811
      vertex 16 1.0487 19.9892
    endloop
  endfacet
  facet normal -0.74859 -0.0736567 0.65893
    outer loop
      vertex 15.8718 2 19.95
      vertex 15.9181 2 20.0026
      vertex 15.8631 2.08842 19.95
    endloop
  endfacet
  facet normal -0.74271 -0.122584 0.658297
    outer loop
      vertex 15.8631 2.08842 19.95
      vertex 16.2075 3.22387 20.55
      vertex 15.6926 3.12144 19.95
    endloop
  endfacet
  facet normal -0.752348 -0.0246423 -0.658305
    outer loop
      vertex 16.4896 1.08079 20.55
      vertex 16.525 0 20.55
      vertex 16 0 21.15
    endloop
  endfacet
  facet normal -0.514587 -0.549319 -0.658368
    outer loop
      vertex 10.8957 12.4242 20.55
      vertex 11.6849 11.6849 20.55
      vertex 10.5495 12.0294 21.15
    endloop
  endfacet
  facet normal 0.549319 -0.514587 -0.658368
    outer loop
      vertex -11.6849 11.6849 20.55
      vertex -12.0294 10.5495 21.15
      vertex -12.4242 10.8957 20.55
    endloop
  endfacet
  facet normal -0.663883 0.354884 -0.658267
    outer loop
      vertex 14.35 -7.07662 21.15
      vertex 14.8208 -7.30882 20.55
      vertex 13.8564 -8 21.15
    endloop
  endfacet
  facet normal 0.438428 0.611905 -0.658295
    outer loop
      vertex -8.88912 -13.3035 21.15
      vertex -9.1808 -13.74 20.55
      vertex -10.0598 -13.1102 20.55
    endloop
  endfacet
  facet normal -0.704526 0.265159 -0.658281
    outer loop
      vertex 15.648 -5.31179 20.55
      vertex 15.2671 -6.32384 20.55
      vertex 15.1509 -5.14303 21.15
    endloop
  endfacet
  facet normal 0.549319 0.514587 -0.658368
    outer loop
      vertex -12.0294 -10.5495 21.15
      vertex -11.6849 -11.6849 20.55
      vertex -12.4242 -10.8957 20.55
    endloop
  endfacet
  facet normal 0.704526 0.265159 -0.658281
    outer loop
      vertex -15.1509 -5.14303 21.15
      vertex -14.7821 -6.12293 21.15
      vertex -15.2671 -6.32384 20.55
    endloop
  endfacet
  facet normal 0.663883 -0.354884 -0.658267
    outer loop
      vertex -13.8564 8 21.15
      vertex -14.35 7.07662 21.15
      vertex -14.8208 7.30882 20.55
    endloop
  endfacet
  facet normal 0.122584 -0.74271 -0.658297
    outer loop
      vertex -2.08842 15.8631 21.15
      vertex -3.12144 15.6926 21.15
      vertex -3.22387 16.2075 20.55
    endloop
  endfacet
  facet normal -0.397526 0.639202 -0.658326
    outer loop
      vertex 9.1808 -13.74 20.55
      vertex 8.2625 -14.3111 20.55
      vertex 8 -13.8564 21.15
    endloop
  endfacet
  facet normal 0.310681 0.68567 -0.658281
    outer loop
      vertex -6.12293 -14.7821 21.15
      vertex -6.32384 -15.2671 20.55
      vertex -7.30882 -14.8208 20.55
    endloop
  endfacet
  facet normal 0.170966 -0.733086 -0.658298
    outer loop
      vertex -3.22387 16.2075 20.55
      vertex -4.1411 15.4548 21.15
      vertex -4.27698 15.9619 20.55
    endloop
  endfacet
  facet normal -0.477586 0.581845 -0.658307
    outer loop
      vertex 10.5495 -12.0294 21.15
      vertex 10.0598 -13.1102 20.55
      vertex 9.74018 -12.6937 21.15
    endloop
  endfacet
  facet normal -0.611891 -0.438431 -0.658307
    outer loop
      vertex 13.1102 10.0598 20.55
      vertex 13.3035 8.88912 21.15
      vertex 12.6937 9.74018 21.15
    endloop
  endfacet
  facet normal 0.122587 0.742707 -0.6583
    outer loop
      vertex -2.08842 -15.8631 21.15
      vertex -2.15695 -16.3836 20.55
      vertex -3.22387 -16.2075 20.55
    endloop
  endfacet
  facet normal -0.742707 0.122587 -0.6583
    outer loop
      vertex 16.3836 -2.15695 20.55
      vertex 16.2075 -3.22387 20.55
      vertex 15.8631 -2.08842 21.15
    endloop
  endfacet
  facet normal -0.0246423 0.752348 -0.658305
    outer loop
      vertex 0 -16 21.15
      vertex 1.08079 -16.4896 20.55
      vertex 0 -16.525 20.55
    endloop
  endfacet
  facet normal -0.720366 0.218498 -0.658279
    outer loop
      vertex 15.4548 -4.1411 21.15
      vertex 15.648 -5.31179 20.55
      vertex 15.1509 -5.14303 21.15
    endloop
  endfacet
  facet normal -0.581842 -0.477502 -0.658371
    outer loop
      vertex 12.4242 10.8957 20.55
      vertex 13.1102 10.0598 20.55
      vertex 12.0294 10.5495 21.15
    endloop
  endfacet
  facet normal -0.514574 0.549445 -0.658273
    outer loop
      vertex 11.3137 -11.3137 21.15
      vertex 11.6849 -11.6849 20.55
      vertex 10.5495 -12.0294 21.15
    endloop
  endfacet
  facet normal -0.752348 0.0246423 -0.658305
    outer loop
      vertex 16.525 0 20.55
      vertex 16.4896 -1.08079 20.55
      vertex 16 0 21.15
    endloop
  endfacet
  facet normal -0.704526 -0.265159 -0.658281
    outer loop
      vertex 15.2671 6.32384 20.55
      vertex 15.1509 5.14303 21.15
      vertex 14.7821 6.12293 21.15
    endloop
  endfacet
  facet normal 0.438431 -0.611891 -0.658307
    outer loop
      vertex -8.88912 13.3035 21.15
      vertex -9.74018 12.6937 21.15
      vertex -10.0598 13.1102 20.55
    endloop
  endfacet
  facet normal 0.549445 0.514574 -0.658273
    outer loop
      vertex -11.3137 -11.3137 21.15
      vertex -11.6849 -11.6849 20.55
      vertex -12.0294 -10.5495 21.15
    endloop
  endfacet
  facet normal 0.397514 -0.639243 -0.658294
    outer loop
      vertex -8 13.8564 21.15
      vertex -8.88912 13.3035 21.15
      vertex -9.1808 13.74 20.55
    endloop
  endfacet
  facet normal 0.742707 -0.122587 -0.6583
    outer loop
      vertex -16.2075 3.22387 20.55
      vertex -15.8631 2.08842 21.15
      vertex -16.3836 2.15695 20.55
    endloop
  endfacet
  facet normal 0.514587 0.549319 -0.658368
    outer loop
      vertex -10.5495 -12.0294 21.15
      vertex -10.8957 -12.4242 20.55
      vertex -11.6849 -11.6849 20.55
    endloop
  endfacet
  facet normal -0.0737632 0.749113 -0.658322
    outer loop
      vertex 2.08842 -15.8631 21.15
      vertex 1.08079 -16.4896 20.55
      vertex 1.04645 -15.9657 21.15
    endloop
  endfacet
  facet normal 0.438431 0.611891 -0.658307
    outer loop
      vertex -9.74018 -12.6937 21.15
      vertex -8.88912 -13.3035 21.15
      vertex -10.0598 -13.1102 20.55
    endloop
  endfacet
  facet normal 0.21851 0.720346 -0.658297
    outer loop
      vertex -4.1411 -15.4548 21.15
      vertex -4.27698 -15.9619 20.55
      vertex -5.31179 -15.648 20.55
    endloop
  endfacet
  facet normal 0.218498 -0.720366 -0.658279
    outer loop
      vertex -4.1411 15.4548 21.15
      vertex -5.14303 15.1509 21.15
      vertex -5.31179 15.648 20.55
    endloop
  endfacet
  facet normal 0.477502 0.581842 -0.658371
    outer loop
      vertex -10.5495 -12.0294 21.15
      vertex -10.0598 -13.1102 20.55
      vertex -10.8957 -12.4242 20.55
    endloop
  endfacet
  facet normal -0.397526 -0.639202 -0.658326
    outer loop
      vertex 8.2625 14.3111 20.55
      vertex 9.1808 13.74 20.55
      vertex 8 13.8564 21.15
    endloop
  endfacet
  facet normal -0.704526 -0.265159 -0.658281
    outer loop
      vertex 15.2671 6.32384 20.55
      vertex 15.648 5.31179 20.55
      vertex 15.1509 5.14303 21.15
    endloop
  endfacet
  facet normal -0.733086 0.170967 -0.658297
    outer loop
      vertex 15.6926 -3.12144 21.15
      vertex 16.2075 -3.22387 20.55
      vertex 15.4548 -4.1411 21.15
    endloop
  endfacet
  facet normal -0.0246423 -0.752348 -0.658305
    outer loop
      vertex 0 16.525 20.55
      vertex 1.08079 16.4896 20.55
      vertex 0 16 21.15
    endloop
  endfacet
  facet normal -0.639243 0.397514 -0.658294
    outer loop
      vertex 13.8564 -8 21.15
      vertex 13.74 -9.1808 20.55
      vertex 13.3035 -8.88912 21.15
    endloop
  endfacet
  facet normal 0.0246595 -0.752332 -0.658323
    outer loop
      vertex 0 16 21.15
      vertex -1.04645 15.9657 21.15
      vertex -1.08079 16.4896 20.55
    endloop
  endfacet
  facet normal -0.354884 -0.663883 -0.658267
    outer loop
      vertex 7.30882 14.8208 20.55
      vertex 8 13.8564 21.15
      vertex 7.07662 14.35 21.15
    endloop
  endfacet
  facet normal 0.74271 0.122584 -0.658297
    outer loop
      vertex -15.8631 -2.08842 21.15
      vertex -15.6926 -3.12144 21.15
      vertex -16.2075 -3.22387 20.55
    endloop
  endfacet
  facet normal -0.514587 0.549319 -0.658368
    outer loop
      vertex 11.6849 -11.6849 20.55
      vertex 10.8957 -12.4242 20.55
      vertex 10.5495 -12.0294 21.15
    endloop
  endfacet
  facet normal -0.122584 -0.74271 -0.658297
    outer loop
      vertex 3.22387 16.2075 20.55
      vertex 3.12144 15.6926 21.15
      vertex 2.08842 15.8631 21.15
    endloop
  endfacet
  facet normal 0.611905 0.438428 -0.658295
    outer loop
      vertex -13.3035 -8.88912 21.15
      vertex -13.1102 -10.0598 20.55
      vertex -13.74 -9.1808 20.55
    endloop
  endfacet
  facet normal -0.74271 -0.122584 -0.658297
    outer loop
      vertex 16.2075 3.22387 20.55
      vertex 15.8631 2.08842 21.15
      vertex 15.6926 3.12144 21.15
    endloop
  endfacet
  facet normal 0.477502 -0.581842 -0.658371
    outer loop
      vertex -10.0598 13.1102 20.55
      vertex -10.5495 12.0294 21.15
      vertex -10.8957 12.4242 20.55
    endloop
  endfacet
  facet normal -0.749157 -0.0738137 -0.658267
    outer loop
      vertex 16 1.86826 21.0189
      vertex 16.4896 1.08079 20.55
      vertex 16 1.0487 21.1108
    endloop
  endfacet
  facet normal -0.749207 -0.0737175 -0.658221
    outer loop
      vertex 15.9181 2 21.0973
      vertex 15.8718 2 21.15
      vertex 15.8631 2.08842 21.15
    endloop
  endfacet
  facet normal 0.733086 -0.170966 -0.658298
    outer loop
      vertex -15.9619 4.27698 20.55
      vertex -15.4548 4.1411 21.15
      vertex -16.2075 3.22387 20.55
    endloop
  endfacet
  facet normal 0.397514 0.639243 -0.658294
    outer loop
      vertex -8.88912 -13.3035 21.15
      vertex -8 -13.8564 21.15
      vertex -9.1808 -13.74 20.55
    endloop
  endfacet
  facet normal 0.639243 0.397514 -0.658294
    outer loop
      vertex -13.3035 -8.88912 21.15
      vertex -13.74 -9.1808 20.55
      vertex -13.8564 -8 21.15
    endloop
  endfacet
  facet normal -0.720346 0.21851 -0.658297
    outer loop
      vertex 15.9619 -4.27698 20.55
      vertex 15.648 -5.31179 20.55
      vertex 15.4548 -4.1411 21.15
    endloop
  endfacet
  facet normal -0.21851 -0.720346 -0.658297
    outer loop
      vertex 4.27698 15.9619 20.55
      vertex 5.31179 15.648 20.55
      vertex 4.1411 15.4548 21.15
    endloop
  endfacet
  facet normal 0.514587 -0.549319 -0.658368
    outer loop
      vertex -10.8957 12.4242 20.55
      vertex -10.5495 12.0294 21.15
      vertex -11.6849 11.6849 20.55
    endloop
  endfacet
  facet normal -0.733086 -0.170967 -0.658297
    outer loop
      vertex 16.2075 3.22387 20.55
      vertex 15.6926 3.12144 21.15
      vertex 15.4548 4.1411 21.15
    endloop
  endfacet
  facet normal -0.122587 0.742707 -0.6583
    outer loop
      vertex 3.22387 -16.2075 20.55
      vertex 2.15695 -16.3836 20.55
      vertex 2.08842 -15.8631 21.15
    endloop
  endfacet
  facet normal 0.0246423 -0.752348 -0.658305
    outer loop
      vertex 0 16.525 20.55
      vertex 0 16 21.15
      vertex -1.08079 16.4896 20.55
    endloop
  endfacet
  facet normal -0.170966 -0.733086 -0.658298
    outer loop
      vertex 4.27698 15.9619 20.55
      vertex 4.1411 15.4548 21.15
      vertex 3.22387 16.2075 20.55
    endloop
  endfacet
  facet normal -0.265159 0.704526 -0.658281
    outer loop
      vertex 6.32384 -15.2671 20.55
      vertex 5.31179 -15.648 20.55
      vertex 5.14303 -15.1509 21.15
    endloop
  endfacet
  facet normal -0.581842 0.477502 -0.658371
    outer loop
      vertex 13.1102 -10.0598 20.55
      vertex 12.4242 -10.8957 20.55
      vertex 12.0294 -10.5495 21.15
    endloop
  endfacet
  facet normal 0.122584 0.74271 -0.658297
    outer loop
      vertex -3.12144 -15.6926 21.15
      vertex -2.08842 -15.8631 21.15
      vertex -3.22387 -16.2075 20.55
    endloop
  endfacet
  facet normal 0.720346 0.21851 -0.658297
    outer loop
      vertex -15.4548 -4.1411 21.15
      vertex -15.648 -5.31179 20.55
      vertex -15.9619 -4.27698 20.55
    endloop
  endfacet
  facet normal -0.397514 0.639243 -0.658294
    outer loop
      vertex 8.88912 -13.3035 21.15
      vertex 9.1808 -13.74 20.55
      vertex 8 -13.8564 21.15
    endloop
  endfacet
  facet normal -0.0246595 0.752332 -0.658323
    outer loop
      vertex 1.04645 -15.9657 21.15
      vertex 1.08079 -16.4896 20.55
      vertex 0 -16 21.15
    endloop
  endfacet
  facet normal -0.639202 0.397526 -0.658326
    outer loop
      vertex 13.8564 -8 21.15
      vertex 14.3111 -8.2625 20.55
      vertex 13.74 -9.1808 20.55
    endloop
  endfacet
  facet normal 0.639202 0.397526 -0.658326
    outer loop
      vertex -13.8564 -8 21.15
      vertex -13.74 -9.1808 20.55
      vertex -14.3111 -8.2625 20.55
    endloop
  endfacet
  facet normal 0.0737632 0.749113 -0.658322
    outer loop
      vertex -1.04645 -15.9657 21.15
      vertex -1.08079 -16.4896 20.55
      vertex -2.08842 -15.8631 21.15
    endloop
  endfacet
  facet normal 0.752382 -0.0246058 -0.658267
    outer loop
      vertex -16 1.0487 21.1108
      vertex -16 0 21.15
      vertex -16.4896 1.08079 20.55
    endloop
  endfacet
  facet normal 0.611905 -0.438428 -0.658295
    outer loop
      vertex -13.1102 10.0598 20.55
      vertex -13.3035 8.88912 21.15
      vertex -13.74 9.1808 20.55
    endloop
  endfacet
  facet normal 0.438428 -0.611905 -0.658295
    outer loop
      vertex -9.1808 13.74 20.55
      vertex -8.88912 13.3035 21.15
      vertex -10.0598 13.1102 20.55
    endloop
  endfacet
  facet normal -0.549319 0.514587 -0.658368
    outer loop
      vertex 12.0294 -10.5495 21.15
      vertex 12.4242 -10.8957 20.55
      vertex 11.6849 -11.6849 20.55
    endloop
  endfacet
  facet normal 0.0246423 0.752348 -0.658305
    outer loop
      vertex 0 -16 21.15
      vertex 0 -16.525 20.55
      vertex -1.08079 -16.4896 20.55
    endloop
  endfacet
  facet normal 0.549445 -0.514574 -0.658273
    outer loop
      vertex -11.6849 11.6849 20.55
      vertex -11.3137 11.3137 21.15
      vertex -12.0294 10.5495 21.15
    endloop
  endfacet
  facet normal 0.704526 -0.265159 -0.658281
    outer loop
      vertex -14.7821 6.12293 21.15
      vertex -15.1509 5.14303 21.15
      vertex -15.2671 6.32384 20.55
    endloop
  endfacet
  facet normal -0.265159 0.704526 -0.658281
    outer loop
      vertex 6.12293 -14.7821 21.15
      vertex 6.32384 -15.2671 20.55
      vertex 5.14303 -15.1509 21.15
    endloop
  endfacet
  facet normal 0.704526 0.265159 -0.658281
    outer loop
      vertex -15.1509 -5.14303 21.15
      vertex -15.2671 -6.32384 20.55
      vertex -15.648 -5.31179 20.55
    endloop
  endfacet
  facet normal -0.742707 -0.122587 -0.6583
    outer loop
      vertex 16.2075 3.22387 20.55
      vertex 16.3836 2.15695 20.55
      vertex 15.8631 2.08842 21.15
    endloop
  endfacet
  facet normal -0.749146 -0.0736551 -0.658297
    outer loop
      vertex 16.3836 2.15695 20.55
      vertex 16 2 21.0041
      vertex 15.8631 2.08842 21.15
    endloop
  endfacet
  facet normal -0.749076 -0.0739599 -0.658343
    outer loop
      vertex 16.3836 2.15695 20.55
      vertex 16 1.86826 21.0189
      vertex 16 2 21.0041
    endloop
  endfacet
  facet normal -0.749139 -0.073789 -0.65829
    outer loop
      vertex 16 1.86826 21.0189
      vertex 16.3836 2.15695 20.55
      vertex 16.4896 1.08079 20.55
    endloop
  endfacet
  facet normal -0.749138 -0.0736226 -0.658309
    outer loop
      vertex 15.8631 2.08842 21.15
      vertex 16 2 21.0041
      vertex 15.9181 2 21.0973
    endloop
  endfacet
  facet normal -0.752382 -0.0246058 -0.658267
    outer loop
      vertex 16 1.0487 21.1108
      vertex 16.4896 1.08079 20.55
      vertex 16 0 21.15
    endloop
  endfacet
  facet normal 0.397526 -0.639202 -0.658326
    outer loop
      vertex -8.2625 14.3111 20.55
      vertex -8 13.8564 21.15
      vertex -9.1808 13.74 20.55
    endloop
  endfacet
  facet normal 0.122587 -0.742707 -0.6583
    outer loop
      vertex -2.15695 16.3836 20.55
      vertex -2.08842 15.8631 21.15
      vertex -3.22387 16.2075 20.55
    endloop
  endfacet
  facet normal 0.0246595 0.752332 -0.658323
    outer loop
      vertex -1.04645 -15.9657 21.15
      vertex 0 -16 21.15
      vertex -1.08079 -16.4896 20.55
    endloop
  endfacet
  facet normal -0.354807 -0.663865 -0.658327
    outer loop
      vertex 8.2625 14.3111 20.55
      vertex 8 13.8564 21.15
      vertex 7.30882 14.8208 20.55
    endloop
  endfacet
  facet normal -0.477586 -0.581845 -0.658307
    outer loop
      vertex 10.0598 13.1102 20.55
      vertex 10.5495 12.0294 21.15
      vertex 9.74018 12.6937 21.15
    endloop
  endfacet
  facet normal -0.218498 0.720366 -0.658279
    outer loop
      vertex 5.14303 -15.1509 21.15
      vertex 5.31179 -15.648 20.55
      vertex 4.1411 -15.4548 21.15
    endloop
  endfacet
  facet normal 0.733086 -0.170967 -0.658297
    outer loop
      vertex -15.4548 4.1411 21.15
      vertex -15.6926 3.12144 21.15
      vertex -16.2075 3.22387 20.55
    endloop
  endfacet
  facet normal -0.663865 -0.354807 -0.658327
    outer loop
      vertex 14.3111 8.2625 20.55
      vertex 14.8208 7.30882 20.55
      vertex 13.8564 8 21.15
    endloop
  endfacet
  facet normal 0.581842 0.477502 -0.658371
    outer loop
      vertex -12.0294 -10.5495 21.15
      vertex -12.4242 -10.8957 20.55
      vertex -13.1102 -10.0598 20.55
    endloop
  endfacet
  facet normal 0.685688 0.310673 -0.658267
    outer loop
      vertex -14.7821 -6.12293 21.15
      vertex -14.35 -7.07662 21.15
      vertex -14.8208 -7.30882 20.55
    endloop
  endfacet
  facet normal 0.310681 -0.68567 -0.658281
    outer loop
      vertex -6.32384 15.2671 20.55
      vertex -6.12293 14.7821 21.15
      vertex -7.30882 14.8208 20.55
    endloop
  endfacet
  facet normal 0.581845 0.477586 -0.658307
    outer loop
      vertex -12.6937 -9.74018 21.15
      vertex -12.0294 -10.5495 21.15
      vertex -13.1102 -10.0598 20.55
    endloop
  endfacet
  facet normal 0.752348 -0.0246423 -0.658305
    outer loop
      vertex -16.4896 1.08079 20.55
      vertex -16 0 21.15
      vertex -16.525 0 20.55
    endloop
  endfacet
  facet normal -0.170967 -0.733086 -0.658297
    outer loop
      vertex 3.22387 16.2075 20.55
      vertex 4.1411 15.4548 21.15
      vertex 3.12144 15.6926 21.15
    endloop
  endfacet
  facet normal 0.720346 -0.21851 -0.658297
    outer loop
      vertex -15.648 5.31179 20.55
      vertex -15.4548 4.1411 21.15
      vertex -15.9619 4.27698 20.55
    endloop
  endfacet
  facet normal 0.265159 -0.704526 -0.658281
    outer loop
      vertex -5.31179 15.648 20.55
      vertex -5.14303 15.1509 21.15
      vertex -6.32384 15.2671 20.55
    endloop
  endfacet
  facet normal -0.720366 -0.218498 -0.658279
    outer loop
      vertex 15.648 5.31179 20.55
      vertex 15.4548 4.1411 21.15
      vertex 15.1509 5.14303 21.15
    endloop
  endfacet
  facet normal -0.310681 -0.68567 -0.658281
    outer loop
      vertex 6.32384 15.2671 20.55
      vertex 7.30882 14.8208 20.55
      vertex 6.12293 14.7821 21.15
    endloop
  endfacet
  facet normal -0.704526 0.265159 -0.658281
    outer loop
      vertex 15.1509 -5.14303 21.15
      vertex 15.2671 -6.32384 20.55
      vertex 14.7821 -6.12293 21.15
    endloop
  endfacet
  facet normal 0.663883 0.354884 -0.658267
    outer loop
      vertex -14.35 -7.07662 21.15
      vertex -13.8564 -8 21.15
      vertex -14.8208 -7.30882 20.55
    endloop
  endfacet
  facet normal -0.663883 -0.354884 -0.658267
    outer loop
      vertex 14.8208 7.30882 20.55
      vertex 14.35 7.07662 21.15
      vertex 13.8564 8 21.15
    endloop
  endfacet
  facet normal -0.438428 -0.611905 -0.658295
    outer loop
      vertex 9.1808 13.74 20.55
      vertex 10.0598 13.1102 20.55
      vertex 8.88912 13.3035 21.15
    endloop
  endfacet
  facet normal 0.74271 -0.122584 -0.658297
    outer loop
      vertex -15.6926 3.12144 21.15
      vertex -15.8631 2.08842 21.15
      vertex -16.2075 3.22387 20.55
    endloop
  endfacet
  facet normal -0.733086 0.170966 -0.658298
    outer loop
      vertex 16.2075 -3.22387 20.55
      vertex 15.9619 -4.27698 20.55
      vertex 15.4548 -4.1411 21.15
    endloop
  endfacet
  facet normal -0.549445 0.514574 -0.658273
    outer loop
      vertex 12.0294 -10.5495 21.15
      vertex 11.6849 -11.6849 20.55
      vertex 11.3137 -11.3137 21.15
    endloop
  endfacet
  facet normal 0.265159 0.704526 -0.658281
    outer loop
      vertex -5.14303 -15.1509 21.15
      vertex -5.31179 -15.648 20.55
      vertex -6.32384 -15.2671 20.55
    endloop
  endfacet
  facet normal 0.21851 -0.720346 -0.658297
    outer loop
      vertex -4.27698 15.9619 20.55
      vertex -4.1411 15.4548 21.15
      vertex -5.31179 15.648 20.55
    endloop
  endfacet
  facet normal -0.122584 0.74271 -0.658297
    outer loop
      vertex 3.12144 -15.6926 21.15
      vertex 3.22387 -16.2075 20.55
      vertex 2.08842 -15.8631 21.15
    endloop
  endfacet
  facet normal -0.0737632 -0.749113 -0.658322
    outer loop
      vertex 1.08079 16.4896 20.55
      vertex 2.08842 15.8631 21.15
      vertex 1.04645 15.9657 21.15
    endloop
  endfacet
  facet normal 0.581842 -0.477502 -0.658371
    outer loop
      vertex -12.4242 10.8957 20.55
      vertex -12.0294 10.5495 21.15
      vertex -13.1102 10.0598 20.55
    endloop
  endfacet
  facet normal -0.68567 -0.310681 -0.658281
    outer loop
      vertex 14.8208 7.30882 20.55
      vertex 15.2671 6.32384 20.55
      vertex 14.7821 6.12293 21.15
    endloop
  endfacet
  facet normal -0.0737882 0.749131 -0.658299
    outer loop
      vertex 2.08842 -15.8631 21.15
      vertex 2.15695 -16.3836 20.55
      vertex 1.08079 -16.4896 20.55
    endloop
  endfacet
  facet normal -0.639202 -0.397526 -0.658326
    outer loop
      vertex 14.3111 8.2625 20.55
      vertex 13.8564 8 21.15
      vertex 13.74 9.1808 20.55
    endloop
  endfacet
  facet normal -0.611905 -0.438428 -0.658295
    outer loop
      vertex 13.74 9.1808 20.55
      vertex 13.3035 8.88912 21.15
      vertex 13.1102 10.0598 20.55
    endloop
  endfacet
  facet normal -0.310673 -0.685688 -0.658267
    outer loop
      vertex 7.30882 14.8208 20.55
      vertex 7.07662 14.35 21.15
      vertex 6.12293 14.7821 21.15
    endloop
  endfacet
  facet normal -0.639243 -0.397514 -0.658294
    outer loop
      vertex 13.74 9.1808 20.55
      vertex 13.8564 8 21.15
      vertex 13.3035 8.88912 21.15
    endloop
  endfacet
  facet normal -0.749139 0.073789 -0.65829
    outer loop
      vertex 16.3836 -2.15695 20.55
      vertex 16 -1.86826 21.0189
      vertex 16.4896 -1.08079 20.55
    endloop
  endfacet
  facet normal -0.749138 0.0736226 -0.658309
    outer loop
      vertex 16 -2 21.0041
      vertex 15.8631 -2.08842 21.15
      vertex 15.9181 -2 21.0973
    endloop
  endfacet
  facet normal -0.749146 0.0736551 -0.658297
    outer loop
      vertex 16 -2 21.0041
      vertex 16.3836 -2.15695 20.55
      vertex 15.8631 -2.08842 21.15
    endloop
  endfacet
  facet normal -0.749076 0.0739599 -0.658343
    outer loop
      vertex 16 -1.86826 21.0189
      vertex 16.3836 -2.15695 20.55
      vertex 16 -2 21.0041
    endloop
  endfacet
  facet normal -0.611905 0.438428 -0.658295
    outer loop
      vertex 13.3035 -8.88912 21.15
      vertex 13.74 -9.1808 20.55
      vertex 13.1102 -10.0598 20.55
    endloop
  endfacet
  facet normal 0.354884 0.663883 -0.658267
    outer loop
      vertex -7.07662 -14.35 21.15
      vertex -7.30882 -14.8208 20.55
      vertex -8 -13.8564 21.15
    endloop
  endfacet
  facet normal 0.218498 0.720366 -0.658279
    outer loop
      vertex -5.14303 -15.1509 21.15
      vertex -4.1411 -15.4548 21.15
      vertex -5.31179 -15.648 20.55
    endloop
  endfacet
  facet normal 0.720366 -0.218498 -0.658279
    outer loop
      vertex -15.1509 5.14303 21.15
      vertex -15.4548 4.1411 21.15
      vertex -15.648 5.31179 20.55
    endloop
  endfacet
  facet normal -0.74271 0.122584 -0.658297
    outer loop
      vertex 15.8631 -2.08842 21.15
      vertex 16.2075 -3.22387 20.55
      vertex 15.6926 -3.12144 21.15
    endloop
  endfacet
  facet normal -0.611891 0.438431 -0.658307
    outer loop
      vertex 13.3035 -8.88912 21.15
      vertex 13.1102 -10.0598 20.55
      vertex 12.6937 -9.74018 21.15
    endloop
  endfacet
  facet normal 0.749138 -0.0736226 -0.658309
    outer loop
      vertex -16 2 21.0041
      vertex -15.8631 2.08842 21.15
      vertex -15.9181 2 21.0973
    endloop
  endfacet
  facet normal 0.749146 -0.0736551 -0.658297
    outer loop
      vertex -15.8631 2.08842 21.15
      vertex -16 2 21.0041
      vertex -16.3836 2.15695 20.55
    endloop
  endfacet
  facet normal 0.749076 -0.0739599 -0.658343
    outer loop
      vertex -16 1.86826 21.0189
      vertex -16.3836 2.15695 20.55
      vertex -16 2 21.0041
    endloop
  endfacet
  facet normal 0.749139 -0.073789 -0.65829
    outer loop
      vertex -16.3836 2.15695 20.55
      vertex -16 1.86826 21.0189
      vertex -16.4896 1.08079 20.55
    endloop
  endfacet
  facet normal -0.749157 0.0738137 -0.658267
    outer loop
      vertex 16 -1.0487 21.1108
      vertex 16.4896 -1.08079 20.55
      vertex 16 -1.86826 21.0189
    endloop
  endfacet
  facet normal -0.749207 0.0737175 -0.658221
    outer loop
      vertex 15.8718 -2 21.15
      vertex 15.9181 -2 21.0973
      vertex 15.8631 -2.08842 21.15
    endloop
  endfacet
  facet normal -0.752382 0.0246058 -0.658267
    outer loop
      vertex 16 0 21.15
      vertex 16.4896 -1.08079 20.55
      vertex 16 -1.0487 21.1108
    endloop
  endfacet
  facet normal -0.265159 -0.704526 -0.658281
    outer loop
      vertex 5.31179 15.648 20.55
      vertex 6.32384 15.2671 20.55
      vertex 5.14303 15.1509 21.15
    endloop
  endfacet
  facet normal -0.218498 -0.720366 -0.658279
    outer loop
      vertex 5.31179 15.648 20.55
      vertex 5.14303 15.1509 21.15
      vertex 4.1411 15.4548 21.15
    endloop
  endfacet
  facet normal 0.68567 0.310681 -0.658281
    outer loop
      vertex -14.7821 -6.12293 21.15
      vertex -14.8208 -7.30882 20.55
      vertex -15.2671 -6.32384 20.55
    endloop
  endfacet
  facet normal 0.397526 0.639202 -0.658326
    outer loop
      vertex -8 -13.8564 21.15
      vertex -8.2625 -14.3111 20.55
      vertex -9.1808 -13.74 20.55
    endloop
  endfacet
  facet normal 0.752348 0.0246423 -0.658305
    outer loop
      vertex -16 0 21.15
      vertex -16.4896 -1.08079 20.55
      vertex -16.525 0 20.55
    endloop
  endfacet
  facet normal 0.514574 -0.549445 -0.658273
    outer loop
      vertex -10.5495 12.0294 21.15
      vertex -11.3137 11.3137 21.15
      vertex -11.6849 11.6849 20.55
    endloop
  endfacet
  facet normal -0.310673 0.685688 -0.658267
    outer loop
      vertex 7.07662 -14.35 21.15
      vertex 7.30882 -14.8208 20.55
      vertex 6.12293 -14.7821 21.15
    endloop
  endfacet
  facet normal -0.477502 0.581842 -0.658371
    outer loop
      vertex 10.5495 -12.0294 21.15
      vertex 10.8957 -12.4242 20.55
      vertex 10.0598 -13.1102 20.55
    endloop
  endfacet
  facet normal -0.733086 -0.170966 -0.658298
    outer loop
      vertex 15.9619 4.27698 20.55
      vertex 16.2075 3.22387 20.55
      vertex 15.4548 4.1411 21.15
    endloop
  endfacet
  facet normal 0.477586 -0.581845 -0.658307
    outer loop
      vertex -10.0598 13.1102 20.55
      vertex -9.74018 12.6937 21.15
      vertex -10.5495 12.0294 21.15
    endloop
  endfacet
  facet normal 0.310673 0.685688 -0.658267
    outer loop
      vertex -7.07662 -14.35 21.15
      vertex -6.12293 -14.7821 21.15
      vertex -7.30882 -14.8208 20.55
    endloop
  endfacet
  facet normal -0.438431 -0.611891 -0.658307
    outer loop
      vertex 10.0598 13.1102 20.55
      vertex 9.74018 12.6937 21.15
      vertex 8.88912 13.3035 21.15
    endloop
  endfacet
  facet normal 0.477586 0.581845 -0.658307
    outer loop
      vertex -9.74018 -12.6937 21.15
      vertex -10.0598 -13.1102 20.55
      vertex -10.5495 -12.0294 21.15
    endloop
  endfacet
  facet normal 0.0737882 0.749131 -0.658299
    outer loop
      vertex -2.08842 -15.8631 21.15
      vertex -1.08079 -16.4896 20.55
      vertex -2.15695 -16.3836 20.55
    endloop
  endfacet
  facet normal -0.581845 0.477586 -0.658307
    outer loop
      vertex 12.6937 -9.74018 21.15
      vertex 13.1102 -10.0598 20.55
      vertex 12.0294 -10.5495 21.15
    endloop
  endfacet
  facet normal 0.170966 0.733086 -0.658298
    outer loop
      vertex -4.1411 -15.4548 21.15
      vertex -3.22387 -16.2075 20.55
      vertex -4.27698 -15.9619 20.55
    endloop
  endfacet
  facet normal -0.265159 -0.704526 -0.658281
    outer loop
      vertex 6.32384 15.2671 20.55
      vertex 6.12293 14.7821 21.15
      vertex 5.14303 15.1509 21.15
    endloop
  endfacet
  facet normal 0.170967 -0.733086 -0.658297
    outer loop
      vertex -3.22387 16.2075 20.55
      vertex -3.12144 15.6926 21.15
      vertex -4.1411 15.4548 21.15
    endloop
  endfacet
  facet normal 0.0737882 -0.749131 -0.658299
    outer loop
      vertex -1.08079 16.4896 20.55
      vertex -2.08842 15.8631 21.15
      vertex -2.15695 16.3836 20.55
    endloop
  endfacet
  facet normal 0.68567 -0.310681 -0.658281
    outer loop
      vertex -14.8208 7.30882 20.55
      vertex -14.7821 6.12293 21.15
      vertex -15.2671 6.32384 20.55
    endloop
  endfacet
  facet normal -0.549445 -0.514574 -0.658273
    outer loop
      vertex 11.6849 11.6849 20.55
      vertex 12.0294 10.5495 21.15
      vertex 11.3137 11.3137 21.15
    endloop
  endfacet
  facet normal 0.0737632 -0.749113 -0.658322
    outer loop
      vertex -1.08079 16.4896 20.55
      vertex -1.04645 15.9657 21.15
      vertex -2.08842 15.8631 21.15
    endloop
  endfacet
  facet normal -0.438428 0.611905 -0.658295
    outer loop
      vertex 10.0598 -13.1102 20.55
      vertex 9.1808 -13.74 20.55
      vertex 8.88912 -13.3035 21.15
    endloop
  endfacet
  facet normal 0.265159 -0.704526 -0.658281
    outer loop
      vertex -5.14303 15.1509 21.15
      vertex -6.12293 14.7821 21.15
      vertex -6.32384 15.2671 20.55
    endloop
  endfacet
  facet normal 0.514574 0.549445 -0.658273
    outer loop
      vertex -11.3137 -11.3137 21.15
      vertex -10.5495 -12.0294 21.15
      vertex -11.6849 -11.6849 20.55
    endloop
  endfacet
  facet normal -0.663865 0.354807 -0.658327
    outer loop
      vertex 14.8208 -7.30882 20.55
      vertex 14.3111 -8.2625 20.55
      vertex 13.8564 -8 21.15
    endloop
  endfacet
  facet normal -0.0246595 -0.752332 -0.658323
    outer loop
      vertex 1.08079 16.4896 20.55
      vertex 1.04645 15.9657 21.15
      vertex 0 16 21.15
    endloop
  endfacet
  facet normal -0.685688 -0.310673 -0.658267
    outer loop
      vertex 14.8208 7.30882 20.55
      vertex 14.7821 6.12293 21.15
      vertex 14.35 7.07662 21.15
    endloop
  endfacet
  facet normal 0.581845 -0.477586 -0.658307
    outer loop
      vertex -12.0294 10.5495 21.15
      vertex -12.6937 9.74018 21.15
      vertex -13.1102 10.0598 20.55
    endloop
  endfacet
  facet normal -0.0737882 -0.749131 -0.658299
    outer loop
      vertex 2.15695 16.3836 20.55
      vertex 2.08842 15.8631 21.15
      vertex 1.08079 16.4896 20.55
    endloop
  endfacet
  facet normal -0.122587 -0.742707 -0.6583
    outer loop
      vertex 2.15695 16.3836 20.55
      vertex 3.22387 16.2075 20.55
      vertex 2.08842 15.8631 21.15
    endloop
  endfacet
  facet normal -0.21851 0.720346 -0.658297
    outer loop
      vertex 5.31179 -15.648 20.55
      vertex 4.27698 -15.9619 20.55
      vertex 4.1411 -15.4548 21.15
    endloop
  endfacet
  facet normal -0.68567 0.310681 -0.658281
    outer loop
      vertex 15.2671 -6.32384 20.55
      vertex 14.8208 -7.30882 20.55
      vertex 14.7821 -6.12293 21.15
    endloop
  endfacet
  facet normal -0.354884 0.663883 -0.658267
    outer loop
      vertex 8 -13.8564 21.15
      vertex 7.30882 -14.8208 20.55
      vertex 7.07662 -14.35 21.15
    endloop
  endfacet
  facet normal -0.549319 -0.514587 -0.658368
    outer loop
      vertex 12.4242 10.8957 20.55
      vertex 12.0294 10.5495 21.15
      vertex 11.6849 11.6849 20.55
    endloop
  endfacet
  facet normal -0.581845 -0.477586 -0.658307
    outer loop
      vertex 13.1102 10.0598 20.55
      vertex 12.6937 9.74018 21.15
      vertex 12.0294 10.5495 21.15
    endloop
  endfacet
  facet normal 0.639243 -0.397514 -0.658294
    outer loop
      vertex -13.74 9.1808 20.55
      vertex -13.3035 8.88912 21.15
      vertex -13.8564 8 21.15
    endloop
  endfacet
  facet normal 0.704526 -0.265159 -0.658281
    outer loop
      vertex -15.2671 6.32384 20.55
      vertex -15.1509 5.14303 21.15
      vertex -15.648 5.31179 20.55
    endloop
  endfacet
  facet normal -0.310681 0.68567 -0.658281
    outer loop
      vertex 7.30882 -14.8208 20.55
      vertex 6.32384 -15.2671 20.55
      vertex 6.12293 -14.7821 21.15
    endloop
  endfacet
  facet normal -0.354807 0.663865 -0.658327
    outer loop
      vertex 8 -13.8564 21.15
      vertex 8.2625 -14.3111 20.55
      vertex 7.30882 -14.8208 20.55
    endloop
  endfacet
  facet normal 0.354807 0.663865 -0.658327
    outer loop
      vertex -8 -13.8564 21.15
      vertex -7.30882 -14.8208 20.55
      vertex -8.2625 -14.3111 20.55
    endloop
  endfacet
  facet normal 0.663865 0.354807 -0.658327
    outer loop
      vertex -13.8564 -8 21.15
      vertex -14.3111 -8.2625 20.55
      vertex -14.8208 -7.30882 20.55
    endloop
  endfacet
  facet normal 0.639202 -0.397526 -0.658326
    outer loop
      vertex -13.74 9.1808 20.55
      vertex -13.8564 8 21.15
      vertex -14.3111 8.2625 20.55
    endloop
  endfacet
  facet normal 0.265159 0.704526 -0.658281
    outer loop
      vertex -6.12293 -14.7821 21.15
      vertex -5.14303 -15.1509 21.15
      vertex -6.32384 -15.2671 20.55
    endloop
  endfacet
  facet normal -0.170966 0.733086 -0.658298
    outer loop
      vertex 4.1411 -15.4548 21.15
      vertex 4.27698 -15.9619 20.55
      vertex 3.22387 -16.2075 20.55
    endloop
  endfacet
  facet normal 0.611891 -0.438431 -0.658307
    outer loop
      vertex -13.1102 10.0598 20.55
      vertex -12.6937 9.74018 21.15
      vertex -13.3035 8.88912 21.15
    endloop
  endfacet
  facet normal -0.685688 0.310673 -0.658267
    outer loop
      vertex 14.7821 -6.12293 21.15
      vertex 14.8208 -7.30882 20.55
      vertex 14.35 -7.07662 21.15
    endloop
  endfacet
  facet normal -0.477502 -0.581842 -0.658371
    outer loop
      vertex 10.8957 12.4242 20.55
      vertex 10.5495 12.0294 21.15
      vertex 10.0598 13.1102 20.55
    endloop
  endfacet
  facet normal -0.397514 -0.639243 -0.658294
    outer loop
      vertex 9.1808 13.74 20.55
      vertex 8.88912 13.3035 21.15
      vertex 8 13.8564 21.15
    endloop
  endfacet
  facet normal 0.733086 0.170966 -0.658298
    outer loop
      vertex -15.4548 -4.1411 21.15
      vertex -15.9619 -4.27698 20.55
      vertex -16.2075 -3.22387 20.55
    endloop
  endfacet
  facet normal -0.514574 -0.549445 -0.658273
    outer loop
      vertex 11.6849 11.6849 20.55
      vertex 11.3137 11.3137 21.15
      vertex 10.5495 12.0294 21.15
    endloop
  endfacet
  facet normal 0.611891 0.438431 -0.658307
    outer loop
      vertex -12.6937 -9.74018 21.15
      vertex -13.1102 -10.0598 20.55
      vertex -13.3035 -8.88912 21.15
    endloop
  endfacet
  facet normal -0.720346 -0.21851 -0.658297
    outer loop
      vertex 15.648 5.31179 20.55
      vertex 15.9619 4.27698 20.55
      vertex 15.4548 4.1411 21.15
    endloop
  endfacet
  facet normal 0.749157 0.0738137 -0.658267
    outer loop
      vertex -16 -1.0487 21.1108
      vertex -16 -1.86826 21.0189
      vertex -16.4896 -1.08079 20.55
    endloop
  endfacet
  facet normal 0.749207 0.0737175 -0.658221
    outer loop
      vertex -15.8718 -2 21.15
      vertex -15.8631 -2.08842 21.15
      vertex -15.9181 -2 21.0973
    endloop
  endfacet
  facet normal 0.749138 0.0736226 -0.658309
    outer loop
      vertex -15.9181 -2 21.0973
      vertex -15.8631 -2.08842 21.15
      vertex -16 -2 21.0041
    endloop
  endfacet
  facet normal 0.749076 0.0739599 -0.658343
    outer loop
      vertex -16.3836 -2.15695 20.55
      vertex -16 -1.86826 21.0189
      vertex -16 -2 21.0041
    endloop
  endfacet
  facet normal 0.749139 0.073789 -0.65829
    outer loop
      vertex -16 -1.86826 21.0189
      vertex -16.3836 -2.15695 20.55
      vertex -16.4896 -1.08079 20.55
    endloop
  endfacet
  facet normal 0.749146 0.0736551 -0.658297
    outer loop
      vertex -16.3836 -2.15695 20.55
      vertex -16 -2 21.0041
      vertex -15.8631 -2.08842 21.15
    endloop
  endfacet
  facet normal 0.742707 0.122587 -0.6583
    outer loop
      vertex -15.8631 -2.08842 21.15
      vertex -16.2075 -3.22387 20.55
      vertex -16.3836 -2.15695 20.55
    endloop
  endfacet
  facet normal -0.438431 0.611891 -0.658307
    outer loop
      vertex 9.74018 -12.6937 21.15
      vertex 10.0598 -13.1102 20.55
      vertex 8.88912 -13.3035 21.15
    endloop
  endfacet
  facet normal 0.749157 -0.0738137 -0.658267
    outer loop
      vertex -16 1.86826 21.0189
      vertex -16 1.0487 21.1108
      vertex -16.4896 1.08079 20.55
    endloop
  endfacet
  facet normal 0.749207 -0.0737175 -0.658221
    outer loop
      vertex -15.8631 2.08842 21.15
      vertex -15.8718 2 21.15
      vertex -15.9181 2 21.0973
    endloop
  endfacet
  facet normal 0.170967 0.733086 -0.658297
    outer loop
      vertex -3.12144 -15.6926 21.15
      vertex -3.22387 -16.2075 20.55
      vertex -4.1411 -15.4548 21.15
    endloop
  endfacet
  facet normal 0.354807 -0.663865 -0.658327
    outer loop
      vertex -7.30882 14.8208 20.55
      vertex -8 13.8564 21.15
      vertex -8.2625 14.3111 20.55
    endloop
  endfacet
  facet normal 0.733086 0.170967 -0.658297
    outer loop
      vertex -15.6926 -3.12144 21.15
      vertex -15.4548 -4.1411 21.15
      vertex -16.2075 -3.22387 20.55
    endloop
  endfacet
  facet normal 0.663865 -0.354807 -0.658327
    outer loop
      vertex -14.3111 8.2625 20.55
      vertex -13.8564 8 21.15
      vertex -14.8208 7.30882 20.55
    endloop
  endfacet
  facet normal 0.354884 -0.663883 -0.658267
    outer loop
      vertex -7.30882 14.8208 20.55
      vertex -7.07662 14.35 21.15
      vertex -8 13.8564 21.15
    endloop
  endfacet
  facet normal 0.720366 0.218498 -0.658279
    outer loop
      vertex -15.4548 -4.1411 21.15
      vertex -15.1509 -5.14303 21.15
      vertex -15.648 -5.31179 20.55
    endloop
  endfacet
  facet normal 0.752382 0.0246058 -0.658267
    outer loop
      vertex -16 0 21.15
      vertex -16 -1.0487 21.1108
      vertex -16.4896 -1.08079 20.55
    endloop
  endfacet
  facet normal 0.685688 -0.310673 -0.658267
    outer loop
      vertex -14.35 7.07662 21.15
      vertex -14.7821 6.12293 21.15
      vertex -14.8208 7.30882 20.55
    endloop
  endfacet
  facet normal 0.310673 -0.685688 -0.658267
    outer loop
      vertex -6.12293 14.7821 21.15
      vertex -7.07662 14.35 21.15
      vertex -7.30882 14.8208 20.55
    endloop
  endfacet
  facet normal -0.170967 0.733086 -0.658297
    outer loop
      vertex 4.1411 -15.4548 21.15
      vertex 3.22387 -16.2075 20.55
      vertex 3.12144 -15.6926 21.15
    endloop
  endfacet
  facet normal 1 -0 0
    outer loop
      vertex -4.5 -17.4237 22.6
      vertex -4.5 -16.5 21.4
      vertex -4.5 -16.5 22.6
    endloop
  endfacet
  facet normal 1 0 0
    outer loop
      vertex -4.5 -16.5 21.4
      vertex -4.5 -17.4237 22.6
      vertex -4.5 -17.4237 21.4
    endloop
  endfacet
  facet normal -1 0 0
    outer loop
      vertex 4.5 -17.4237 21.4
      vertex 4.5 -16.5 22.6
      vertex 4.5 -16.5 21.4
    endloop
  endfacet
  facet normal -1 -0 0
    outer loop
      vertex 4.5 -16.5 22.6
      vertex 4.5 -17.4237 21.4
      vertex 4.5 -17.4237 22.6
    endloop
  endfacet
  facet normal 0 0 1
    outer loop
      vertex 4.5 -16.5 21.4
      vertex 3.51163 -17.6541 21.4
      vertex 4.5 -17.4237 21.4
    endloop
  endfacet
  facet normal 0 0 1
    outer loop
      vertex 4.5 -16.5 21.4
      vertex 2.34947 -17.846 21.4
      vertex 3.51163 -17.6541 21.4
    endloop
  endfacet
  facet normal 0 0 1
    outer loop
      vertex 4.5 -16.5 21.4
      vertex 1.17726 -17.9615 21.4
      vertex 2.34947 -17.846 21.4
    endloop
  endfacet
  facet normal 0 0 1
    outer loop
      vertex 4.5 -16.5 21.4
      vertex 0 -18 21.4
      vertex 1.17726 -17.9615 21.4
    endloop
  endfacet
  facet normal -0 0 1
    outer loop
      vertex -4.5 -16.5 21.4
      vertex 0 -18 21.4
      vertex 4.5 -16.5 21.4
    endloop
  endfacet
  facet normal 0 0 1
    outer loop
      vertex 0 -18 21.4
      vertex -4.5 -16.5 21.4
      vertex -1.17726 -17.9615 21.4
    endloop
  endfacet
  facet normal 0 0 1
    outer loop
      vertex -1.17726 -17.9615 21.4
      vertex -4.5 -16.5 21.4
      vertex -2.34947 -17.846 21.4
    endloop
  endfacet
  facet normal 0 0 1
    outer loop
      vertex -2.34947 -17.846 21.4
      vertex -4.5 -16.5 21.4
      vertex -3.51163 -17.6541 21.4
    endloop
  endfacet
  facet normal 0 0 1
    outer loop
      vertex -3.51163 -17.6541 21.4
      vertex -4.5 -16.5 21.4
      vertex -4.5 -17.4237 21.4
    endloop
  endfacet
  facet normal 0 -1 0
    outer loop
      vertex -4.5 -16.5 21.4
      vertex 4.5 -16.5 22.6
      vertex -4.5 -16.5 22.6
    endloop
  endfacet
  facet normal 0 -1 -0
    outer loop
      vertex 4.5 -16.5 22.6
      vertex -4.5 -16.5 21.4
      vertex 4.5 -16.5 21.4
    endloop
  endfacet
  facet normal 1 -0 0
    outer loop
      vertex -14.5 -2 22.6
      vertex -14.5 2 16
      vertex -14.5 2 22.6
    endloop
  endfacet
  facet normal 1 0 0
    outer loop
      vertex -14.5 2 16
      vertex -14.5 -2 22.6
      vertex -14.5 -2 16
    endloop
  endfacet
  facet normal -1 0 0
    outer loop
      vertex -16 1.86826 20.0811
      vertex -16 2 21.0041
      vertex -16 2 20.0959
    endloop
  endfacet
  facet normal -1 0 0
    outer loop
      vertex -16 1.86826 20.0811
      vertex -16 1.86826 21.0189
      vertex -16 2 21.0041
    endloop
  endfacet
  facet normal -1 0 0
    outer loop
      vertex -16 1.0487 19.9892
      vertex -16 1.86826 21.0189
      vertex -16 1.86826 20.0811
    endloop
  endfacet
  facet normal -1 0 0
    outer loop
      vertex -16 1.0487 19.9892
      vertex -16 1.0487 21.1108
      vertex -16 1.86826 21.0189
    endloop
  endfacet
  facet normal -1 0 0
    outer loop
      vertex -16 0 19.95
      vertex -16 1.0487 21.1108
      vertex -16 1.0487 19.9892
    endloop
  endfacet
  facet normal -1 0 0
    outer loop
      vertex -16 0 19.95
      vertex -16 0 21.15
      vertex -16 1.0487 21.1108
    endloop
  endfacet
  facet normal -1 0 0
    outer loop
      vertex -16 -1.0487 19.9892
      vertex -16 0 21.15
      vertex -16 0 19.95
    endloop
  endfacet
  facet normal -1 0 0
    outer loop
      vertex -16 -1.0487 19.9892
      vertex -16 -1.0487 21.1108
      vertex -16 0 21.15
    endloop
  endfacet
  facet normal -1 0 0
    outer loop
      vertex -16 -1.86826 20.0811
      vertex -16 -1.0487 21.1108
      vertex -16 -1.0487 19.9892
    endloop
  endfacet
  facet normal -1 0 0
    outer loop
      vertex -16 -1.86826 20.0811
      vertex -16 -1.86826 21.0189
      vertex -16 -1.0487 21.1108
    endloop
  endfacet
  facet normal -1 0 0
    outer loop
      vertex -16 -2 20.0959
      vertex -16 -1.86826 21.0189
      vertex -16 -1.86826 20.0811
    endloop
  endfacet
  facet normal -1 0 0
    outer loop
      vertex -16 -1.86826 21.0189
      vertex -16 -2 20.0959
      vertex -16 -2 21.0041
    endloop
  endfacet
  facet normal 0 1 0
    outer loop
      vertex -14.5 2 22.6
      vertex -15.8718 2 21.15
      vertex -15.8718 2 22.6
    endloop
  endfacet
  facet normal 0 1 0
    outer loop
      vertex -15.8718 2 19.95
      vertex -15.8718 2 21.15
      vertex -14.5 2 22.6
    endloop
  endfacet
  facet normal 0 1 0
    outer loop
      vertex -15.8718 2 21.15
      vertex -15.8718 2 19.95
      vertex -15.9181 2 21.0973
    endloop
  endfacet
  facet normal -0 1 0
    outer loop
      vertex -15.9181 2 20.0026
      vertex -15.9181 2 21.0973
      vertex -15.8718 2 19.95
    endloop
  endfacet
  facet normal 0 1 0
    outer loop
      vertex -16 2 21.0041
      vertex -15.9181 2 20.0026
      vertex -16 2 20.0959
    endloop
  endfacet
  facet normal 0 1 0
    outer loop
      vertex -15.9181 2 21.0973
      vertex -15.9181 2 20.0026
      vertex -16 2 21.0041
    endloop
  endfacet
  facet normal 0 1 -0
    outer loop
      vertex -14.5 2 16
      vertex -15.8718 2 19.95
      vertex -14.5 2 22.6
    endloop
  endfacet
  facet normal 0 1 0
    outer loop
      vertex -15.8718 2 19.95
      vertex -14.5 2 16
      vertex -15.8718 2 16
    endloop
  endfacet
  facet normal 0 -1 0
    outer loop
      vertex -15.8718 -2 21.15
      vertex -14.5 -2 22.6
      vertex -15.8718 -2 22.6
    endloop
  endfacet
  facet normal 0 -1 0
    outer loop
      vertex -15.8718 -2 19.95
      vertex -15.8718 -2 21.15
      vertex -15.9181 -2 21.0973
    endloop
  endfacet
  facet normal 0 -1 0
    outer loop
      vertex -15.9181 -2 20.0026
      vertex -15.9181 -2 21.0973
      vertex -16 -2 21.0041
    endloop
  endfacet
  facet normal 0 -1 0
    outer loop
      vertex -15.9181 -2 20.0026
      vertex -16 -2 21.0041
      vertex -16 -2 20.0959
    endloop
  endfacet
  facet normal 0 -1 0
    outer loop
      vertex -15.9181 -2 21.0973
      vertex -15.9181 -2 20.0026
      vertex -15.8718 -2 19.95
    endloop
  endfacet
  facet normal 0 -1 0
    outer loop
      vertex -15.8718 -2 21.15
      vertex -15.8718 -2 19.95
      vertex -14.5 -2 22.6
    endloop
  endfacet
  facet normal 0 -1 0
    outer loop
      vertex -14.5 -2 16
      vertex -15.8718 -2 19.95
      vertex -15.8718 -2 16
    endloop
  endfacet
  facet normal 0 -1 0
    outer loop
      vertex -15.8718 -2 19.95
      vertex -14.5 -2 16
      vertex -14.5 -2 22.6
    endloop
  endfacet
  facet normal 1 0 0
    outer loop
      vertex 16 1.86826 21.0189
      vertex 16 2 20.0959
      vertex 16 2 21.0041
    endloop
  endfacet
  facet normal 1 0 0
    outer loop
      vertex 16 1.86826 21.0189
      vertex 16 1.86826 20.0811
      vertex 16 2 20.0959
    endloop
  endfacet
  facet normal 1 0 0
    outer loop
      vertex 16 1.0487 21.1108
      vertex 16 1.86826 20.0811
      vertex 16 1.86826 21.0189
    endloop
  endfacet
  facet normal 1 0 0
    outer loop
      vertex 16 1.0487 21.1108
      vertex 16 1.0487 19.9892
      vertex 16 1.86826 20.0811
    endloop
  endfacet
  facet normal 1 0 0
    outer loop
      vertex 16 0 21.15
      vertex 16 1.0487 19.9892
      vertex 16 1.0487 21.1108
    endloop
  endfacet
  facet normal 1 0 0
    outer loop
      vertex 16 0 21.15
      vertex 16 0 19.95
      vertex 16 1.0487 19.9892
    endloop
  endfacet
  facet normal 1 -0 0
    outer loop
      vertex 16 -1.0487 21.1108
      vertex 16 0 19.95
      vertex 16 0 21.15
    endloop
  endfacet
  facet normal 1 0 0
    outer loop
      vertex 16 -1.0487 21.1108
      vertex 16 -1.0487 19.9892
      vertex 16 0 19.95
    endloop
  endfacet
  facet normal 1 -0 0
    outer loop
      vertex 16 -1.86826 21.0189
      vertex 16 -1.0487 19.9892
      vertex 16 -1.0487 21.1108
    endloop
  endfacet
  facet normal 1 0 0
    outer loop
      vertex 16 -1.86826 21.0189
      vertex 16 -1.86826 20.0811
      vertex 16 -1.0487 19.9892
    endloop
  endfacet
  facet normal 1 -0 0
    outer loop
      vertex 16 -2 21.0041
      vertex 16 -1.86826 20.0811
      vertex 16 -1.86826 21.0189
    endloop
  endfacet
  facet normal 1 0 0
    outer loop
      vertex 16 -1.86826 20.0811
      vertex 16 -2 21.0041
      vertex 16 -2 20.0959
    endloop
  endfacet
  facet normal -1 0 0
    outer loop
      vertex 14.5 -2 16
      vertex 14.5 2 22.6
      vertex 14.5 2 16
    endloop
  endfacet
  facet normal -1 -0 0
    outer loop
      vertex 14.5 2 22.6
      vertex 14.5 -2 16
      vertex 14.5 -2 22.6
    endloop
  endfacet
  facet normal 0 1 -0
    outer loop
      vertex 15.8718 2 21.15
      vertex 14.5 2 22.6
      vertex 15.8718 2 22.6
    endloop
  endfacet
  facet normal 0 1 0
    outer loop
      vertex 15.8718 2 19.95
      vertex 15.8718 2 21.15
      vertex 15.9181 2 21.0973
    endloop
  endfacet
  facet normal 0 1 0
    outer loop
      vertex 15.9181 2 20.0026
      vertex 15.9181 2 21.0973
      vertex 16 2 21.0041
    endloop
  endfacet
  facet normal 0 1 0
    outer loop
      vertex 15.9181 2 20.0026
      vertex 16 2 21.0041
      vertex 16 2 20.0959
    endloop
  endfacet
  facet normal 0 1 0
    outer loop
      vertex 15.9181 2 21.0973
      vertex 15.9181 2 20.0026
      vertex 15.8718 2 19.95
    endloop
  endfacet
  facet normal 0 1 0
    outer loop
      vertex 15.8718 2 21.15
      vertex 15.8718 2 19.95
      vertex 14.5 2 22.6
    endloop
  endfacet
  facet normal 0 1 0
    outer loop
      vertex 14.5 2 16
      vertex 15.8718 2 19.95
      vertex 15.8718 2 16
    endloop
  endfacet
  facet normal 0 1 0
    outer loop
      vertex 15.8718 2 19.95
      vertex 14.5 2 16
      vertex 14.5 2 22.6
    endloop
  endfacet
  facet normal 0 -1 0
    outer loop
      vertex 14.5 -2 22.6
      vertex 15.8718 -2 21.15
      vertex 15.8718 -2 22.6
    endloop
  endfacet
  facet normal 0 -1 0
    outer loop
      vertex 15.8718 -2 19.95
      vertex 15.8718 -2 21.15
      vertex 14.5 -2 22.6
    endloop
  endfacet
  facet normal 0 -1 0
    outer loop
      vertex 15.8718 -2 21.15
      vertex 15.8718 -2 19.95
      vertex 15.9181 -2 21.0973
    endloop
  endfacet
  facet normal -0 -1 0
    outer loop
      vertex 15.9181 -2 20.0026
      vertex 15.9181 -2 21.0973
      vertex 15.8718 -2 19.95
    endloop
  endfacet
  facet normal 0 -1 -0
    outer loop
      vertex 16 -2 21.0041
      vertex 15.9181 -2 20.0026
      vertex 16 -2 20.0959
    endloop
  endfacet
  facet normal 0 -1 0
    outer loop
      vertex 15.9181 -2 21.0973
      vertex 15.9181 -2 20.0026
      vertex 16 -2 21.0041
    endloop
  endfacet
  facet normal 0 -1 0
    outer loop
      vertex 14.5 -2 16
      vertex 15.8718 -2 19.95
      vertex 14.5 -2 22.6
    endloop
  endfacet
  facet normal 0 -1 -0
    outer loop
      vertex 15.8718 -2 19.95
      vertex 14.5 -2 16
      vertex 15.8718 -2 16
    endloop
  endfacet
endsolid OpenSCAD_Model
