solid OpenSCAD_Model
  facet normal 0.683594 -0.729863 0
    outer loop
      vertex 11.8682 -13.5331 4.1
      vertex 12.7279 -12.7279 6.1
      vertex 11.8682 -13.5331 6.1
    endloop
  endfacet
  facet normal 0.683594 -0.729863 0
    outer loop
      vertex 12.7279 -12.7279 6.1
      vertex 11.8682 -13.5331 4.1
      vertex 12.7279 -12.7279 4.1
    endloop
  endfacet
  facet normal 0.995181 0.098057 0
    outer loop
      vertex 17.9615 1.17726 6.1
      vertex 17.846 2.34947 4.1
      vertex 17.846 2.34947 6.1
    endloop
  endfacet
  facet normal 0.995181 0.098057 0
    outer loop
      vertex 17.846 2.34947 4.1
      vertex 17.9615 1.17726 6.1
      vertex 17.9615 1.17726 4.1
    endloop
  endfacet
  facet normal 0.999466 0.0326856 0
    outer loop
      vertex 18 0 6.1
      vertex 17.9615 1.17726 4.1
      vertex 17.9615 1.17726 6.1
    endloop
  endfacet
  facet normal 0.999466 0.0326856 0
    outer loop
      vertex 17.9615 1.17726 4.1
      vertex 18 0 6.1
      vertex 18 0 4.1
    endloop
  endfacet
  facet normal 0.849212 0.528052 0
    outer loop
      vertex 15.5885 9 6.1
      vertex 14.9665 10.0003 4.1
      vertex 14.9665 10.0003 6.1
    endloop
  endfacet
  facet normal 0.849212 0.528052 0
    outer loop
      vertex 14.9665 10.0003 4.1
      vertex 15.5885 9 6.1
      vertex 15.5885 9 4.1
    endloop
  endfacet
  facet normal 0.471364 -0.881939 0
    outer loop
      vertex 7.9612 -16.1437 4.1
      vertex 9 -15.5885 6.1
      vertex 7.9612 -16.1437 6.1
    endloop
  endfacet
  facet normal 0.471364 -0.881939 0
    outer loop
      vertex 9 -15.5885 6.1
      vertex 7.9612 -16.1437 4.1
      vertex 9 -15.5885 4.1
    endloop
  endfacet
  facet normal 0.227021 0.97389 -0
    outer loop
      vertex 4.65874 17.3867 4.1
      vertex 3.51163 17.6541 6.1
      vertex 4.65874 17.3867 6.1
    endloop
  endfacet
  facet normal 0.227021 0.97389 0
    outer loop
      vertex 3.51163 17.6541 6.1
      vertex 4.65874 17.3867 4.1
      vertex 3.51163 17.6541 4.1
    endloop
  endfacet
  facet normal -0.63443 0.77298 0
    outer loop
      vertex -10.9577 14.2804 4.1
      vertex -11.8682 13.5331 6.1
      vertex -10.9577 14.2804 6.1
    endloop
  endfacet
  facet normal -0.63443 0.77298 0
    outer loop
      vertex -11.8682 13.5331 6.1
      vertex -10.9577 14.2804 4.1
      vertex -11.8682 13.5331 4.1
    endloop
  endfacet
  facet normal 0.352242 -0.935909 0
    outer loop
      vertex 5.78591 -17.0447 4.1
      vertex 6.8883 -16.6298 6.1
      vertex 5.78591 -17.0447 6.1
    endloop
  endfacet
  facet normal 0.352242 -0.935909 0
    outer loop
      vertex 6.8883 -16.6298 6.1
      vertex 5.78591 -17.0447 4.1
      vertex 6.8883 -16.6298 4.1
    endloop
  endfacet
  facet normal 0.41269 0.910872 -0
    outer loop
      vertex 7.9612 16.1437 4.1
      vertex 6.8883 16.6298 6.1
      vertex 7.9612 16.1437 6.1
    endloop
  endfacet
  facet normal 0.41269 0.910872 0
    outer loop
      vertex 6.8883 16.6298 6.1
      vertex 7.9612 16.1437 4.1
      vertex 6.8883 16.6298 4.1
    endloop
  endfacet
  facet normal 0.098057 0.995181 -0
    outer loop
      vertex 2.34947 17.846 4.1
      vertex 1.17726 17.9615 6.1
      vertex 2.34947 17.846 6.1
    endloop
  endfacet
  facet normal 0.098057 0.995181 0
    outer loop
      vertex 1.17726 17.9615 6.1
      vertex 2.34947 17.846 4.1
      vertex 1.17726 17.9615 4.1
    endloop
  endfacet
  facet normal -0.935909 -0.352242 0
    outer loop
      vertex -16.6298 -6.8883 4.1
      vertex -17.0447 -5.78591 6.1
      vertex -17.0447 -5.78591 4.1
    endloop
  endfacet
  facet normal -0.935909 -0.352242 0
    outer loop
      vertex -17.0447 -5.78591 6.1
      vertex -16.6298 -6.8883 4.1
      vertex -16.6298 -6.8883 6.1
    endloop
  endfacet
  facet normal -0.995181 0.098057 0
    outer loop
      vertex -17.9615 1.17726 4.1
      vertex -17.846 2.34947 6.1
      vertex -17.846 2.34947 4.1
    endloop
  endfacet
  facet normal -0.995181 0.098057 0
    outer loop
      vertex -17.846 2.34947 6.1
      vertex -17.9615 1.17726 4.1
      vertex -17.9615 1.17726 6.1
    endloop
  endfacet
  facet normal -0.683594 0.729863 0
    outer loop
      vertex -11.8682 13.5331 4.1
      vertex -12.7279 12.7279 6.1
      vertex -11.8682 13.5331 6.1
    endloop
  endfacet
  facet normal -0.683594 0.729863 0
    outer loop
      vertex -12.7279 12.7279 6.1
      vertex -11.8682 13.5331 4.1
      vertex -12.7279 12.7279 4.1
    endloop
  endfacet
  facet normal 0.956922 0.290344 0
    outer loop
      vertex 17.3867 4.65874 6.1
      vertex 17.0447 5.78591 4.1
      vertex 17.0447 5.78591 6.1
    endloop
  endfacet
  facet normal 0.956922 0.290344 0
    outer loop
      vertex 17.0447 5.78591 4.1
      vertex 17.3867 4.65874 6.1
      vertex 17.3867 4.65874 4.1
    endloop
  endfacet
  facet normal -0.910872 0.41269 0
    outer loop
      vertex -16.6298 6.8883 4.1
      vertex -16.1437 7.9612 6.1
      vertex -16.1437 7.9612 4.1
    endloop
  endfacet
  facet normal -0.910872 0.41269 0
    outer loop
      vertex -16.1437 7.9612 6.1
      vertex -16.6298 6.8883 4.1
      vertex -16.6298 6.8883 6.1
    endloop
  endfacet
  facet normal 0.77298 -0.63443 0
    outer loop
      vertex 13.5331 -11.8682 6.1
      vertex 14.2804 -10.9577 4.1
      vertex 14.2804 -10.9577 6.1
    endloop
  endfacet
  facet normal 0.77298 -0.63443 0
    outer loop
      vertex 14.2804 -10.9577 4.1
      vertex 13.5331 -11.8682 6.1
      vertex 13.5331 -11.8682 4.1
    endloop
  endfacet
  facet normal -0.935909 0.352242 0
    outer loop
      vertex -17.0447 5.78591 4.1
      vertex -16.6298 6.8883 6.1
      vertex -16.6298 6.8883 4.1
    endloop
  endfacet
  facet normal -0.935909 0.352242 0
    outer loop
      vertex -16.6298 6.8883 6.1
      vertex -17.0447 5.78591 4.1
      vertex -17.0447 5.78591 6.1
    endloop
  endfacet
  facet normal -0.729863 -0.683594 0
    outer loop
      vertex -12.7279 -12.7279 4.1
      vertex -13.5331 -11.8682 6.1
      vertex -13.5331 -11.8682 4.1
    endloop
  endfacet
  facet normal -0.729863 -0.683594 0
    outer loop
      vertex -13.5331 -11.8682 6.1
      vertex -12.7279 -12.7279 4.1
      vertex -12.7279 -12.7279 6.1
    endloop
  endfacet
  facet normal 0.290344 0.956922 -0
    outer loop
      vertex 5.78591 17.0447 4.1
      vertex 4.65874 17.3867 6.1
      vertex 5.78591 17.0447 6.1
    endloop
  endfacet
  facet normal 0.290344 0.956922 0
    outer loop
      vertex 4.65874 17.3867 6.1
      vertex 5.78591 17.0447 4.1
      vertex 4.65874 17.3867 4.1
    endloop
  endfacet
  facet normal -0.812832 0.582498 0
    outer loop
      vertex -14.9665 10.0003 4.1
      vertex -14.2804 10.9577 6.1
      vertex -14.2804 10.9577 4.1
    endloop
  endfacet
  facet normal -0.812832 0.582498 0
    outer loop
      vertex -14.2804 10.9577 6.1
      vertex -14.9665 10.0003 4.1
      vertex -14.9665 10.0003 6.1
    endloop
  endfacet
  facet normal 0.162917 0.98664 -0
    outer loop
      vertex 3.51163 17.6541 4.1
      vertex 2.34947 17.846 6.1
      vertex 3.51163 17.6541 6.1
    endloop
  endfacet
  facet normal 0.162917 0.98664 0
    outer loop
      vertex 2.34947 17.846 6.1
      vertex 3.51163 17.6541 4.1
      vertex 2.34947 17.846 4.1
    endloop
  endfacet
  facet normal 0.812832 0.582498 0
    outer loop
      vertex 14.9665 10.0003 6.1
      vertex 14.2804 10.9577 4.1
      vertex 14.2804 10.9577 6.1
    endloop
  endfacet
  facet normal 0.812832 0.582498 0
    outer loop
      vertex 14.2804 10.9577 4.1
      vertex 14.9665 10.0003 6.1
      vertex 14.9665 10.0003 4.1
    endloop
  endfacet
  facet normal -0.812832 -0.582498 0
    outer loop
      vertex -14.2804 -10.9577 4.1
      vertex -14.9665 -10.0003 6.1
      vertex -14.9665 -10.0003 4.1
    endloop
  endfacet
  facet normal -0.812832 -0.582498 0
    outer loop
      vertex -14.9665 -10.0003 6.1
      vertex -14.2804 -10.9577 4.1
      vertex -14.2804 -10.9577 6.1
    endloop
  endfacet
  facet normal 0.582498 0.812832 -0
    outer loop
      vertex 10.9577 14.2804 4.1
      vertex 10.0003 14.9665 6.1
      vertex 10.9577 14.2804 6.1
    endloop
  endfacet
  facet normal 0.582498 0.812832 0
    outer loop
      vertex 10.0003 14.9665 6.1
      vertex 10.9577 14.2804 4.1
      vertex 10.0003 14.9665 4.1
    endloop
  endfacet
  facet normal -0.582498 0.812832 0
    outer loop
      vertex -10.0003 14.9665 4.1
      vertex -10.9577 14.2804 6.1
      vertex -10.0003 14.9665 6.1
    endloop
  endfacet
  facet normal -0.582498 0.812832 0
    outer loop
      vertex -10.9577 14.2804 6.1
      vertex -10.0003 14.9665 4.1
      vertex -10.9577 14.2804 4.1
    endloop
  endfacet
  facet normal 0.63443 -0.77298 0
    outer loop
      vertex 10.9577 -14.2804 4.1
      vertex 11.8682 -13.5331 6.1
      vertex 10.9577 -14.2804 6.1
    endloop
  endfacet
  facet normal 0.63443 -0.77298 0
    outer loop
      vertex 11.8682 -13.5331 6.1
      vertex 10.9577 -14.2804 4.1
      vertex 11.8682 -13.5331 4.1
    endloop
  endfacet
  facet normal 0.227021 -0.97389 0
    outer loop
      vertex 3.51163 -17.6541 4.55316
      vertex 4.65874 -17.3867 6.1
      vertex 3.51163 -17.6541 6.1
    endloop
  endfacet
  facet normal 0.227024 -0.973889 -2.17566e-06
    outer loop
      vertex 4.5 -17.4237 4.32271
      vertex 4.65874 -17.3867 6.1
      vertex 3.51163 -17.6541 4.55316
    endloop
  endfacet
  facet normal 0.227001 -0.973895 0
    outer loop
      vertex 4.65874 -17.3867 4.1
      vertex 4.5 -17.4237 4.32271
      vertex 4.5 -17.4237 4.1
    endloop
  endfacet
  facet normal 0.227001 -0.973895 0
    outer loop
      vertex 4.5 -17.4237 4.32271
      vertex 4.65874 -17.3867 4.1
      vertex 4.65874 -17.3867 6.1
    endloop
  endfacet
  facet normal 0.528052 0.849212 -0
    outer loop
      vertex 10.0003 14.9665 4.1
      vertex 9 15.5885 6.1
      vertex 10.0003 14.9665 6.1
    endloop
  endfacet
  facet normal 0.528052 0.849212 0
    outer loop
      vertex 9 15.5885 6.1
      vertex 10.0003 14.9665 4.1
      vertex 9 15.5885 4.1
    endloop
  endfacet
  facet normal 0.97389 0.227021 0
    outer loop
      vertex 17.6541 3.51163 6.1
      vertex 17.3867 4.65874 4.1
      vertex 17.3867 4.65874 6.1
    endloop
  endfacet
  facet normal 0.97389 0.227021 0
    outer loop
      vertex 17.3867 4.65874 4.1
      vertex 17.6541 3.51163 6.1
      vertex 17.6541 3.51163 4.1
    endloop
  endfacet
  facet normal -0.352242 0.935909 0
    outer loop
      vertex -5.78591 17.0447 4.1
      vertex -6.8883 16.6298 6.1
      vertex -5.78591 17.0447 6.1
    endloop
  endfacet
  facet normal -0.352242 0.935909 0
    outer loop
      vertex -6.8883 16.6298 6.1
      vertex -5.78591 17.0447 4.1
      vertex -6.8883 16.6298 4.1
    endloop
  endfacet
  facet normal 0.582498 -0.812832 0
    outer loop
      vertex 10.0003 -14.9665 4.1
      vertex 10.9577 -14.2804 6.1
      vertex 10.0003 -14.9665 6.1
    endloop
  endfacet
  facet normal 0.582498 -0.812832 0
    outer loop
      vertex 10.9577 -14.2804 6.1
      vertex 10.0003 -14.9665 4.1
      vertex 10.9577 -14.2804 4.1
    endloop
  endfacet
  facet normal 0.162917 -0.98664 0
    outer loop
      vertex 2.34947 -17.846 4.74504
      vertex 3.51163 -17.6541 6.1
      vertex 2.34947 -17.846 6.1
    endloop
  endfacet
  facet normal 0.162917 -0.98664 0
    outer loop
      vertex 3.51163 -17.6541 6.1
      vertex 2.34947 -17.846 4.74504
      vertex 3.51163 -17.6541 4.55316
    endloop
  endfacet
  facet normal 0.098057 -0.995181 0
    outer loop
      vertex 1.17726 -17.9615 4.86049
      vertex 2.34947 -17.846 6.1
      vertex 1.17726 -17.9615 6.1
    endloop
  endfacet
  facet normal 0.098057 -0.995181 0
    outer loop
      vertex 2.34947 -17.846 6.1
      vertex 1.17726 -17.9615 4.86049
      vertex 2.34947 -17.846 4.74504
    endloop
  endfacet
  facet normal 0.910872 0.41269 0
    outer loop
      vertex 16.6298 6.8883 6.1
      vertex 16.1437 7.9612 4.1
      vertex 16.1437 7.9612 6.1
    endloop
  endfacet
  facet normal 0.910872 0.41269 0
    outer loop
      vertex 16.1437 7.9612 4.1
      vertex 16.6298 6.8883 6.1
      vertex 16.6298 6.8883 4.1
    endloop
  endfacet
  facet normal 0.683594 0.729863 -0
    outer loop
      vertex 12.7279 12.7279 4.1
      vertex 11.8682 13.5331 6.1
      vertex 12.7279 12.7279 6.1
    endloop
  endfacet
  facet normal 0.683594 0.729863 0
    outer loop
      vertex 11.8682 13.5331 6.1
      vertex 12.7279 12.7279 4.1
      vertex 11.8682 13.5331 4.1
    endloop
  endfacet
  facet normal -0.162917 0.98664 0
    outer loop
      vertex -2.34947 17.846 4.1
      vertex -3.51163 17.6541 6.1
      vertex -2.34947 17.846 6.1
    endloop
  endfacet
  facet normal -0.162917 0.98664 0
    outer loop
      vertex -3.51163 17.6541 6.1
      vertex -2.34947 17.846 4.1
      vertex -3.51163 17.6541 4.1
    endloop
  endfacet
  facet normal 0.41269 -0.910872 0
    outer loop
      vertex 6.8883 -16.6298 4.1
      vertex 7.9612 -16.1437 6.1
      vertex 6.8883 -16.6298 6.1
    endloop
  endfacet
  facet normal 0.41269 -0.910872 0
    outer loop
      vertex 7.9612 -16.1437 6.1
      vertex 6.8883 -16.6298 4.1
      vertex 7.9612 -16.1437 4.1
    endloop
  endfacet
  facet normal -0.956922 0.290344 0
    outer loop
      vertex -17.3867 4.65874 4.1
      vertex -17.0447 5.78591 6.1
      vertex -17.0447 5.78591 4.1
    endloop
  endfacet
  facet normal -0.956922 0.290344 0
    outer loop
      vertex -17.0447 5.78591 6.1
      vertex -17.3867 4.65874 4.1
      vertex -17.3867 4.65874 6.1
    endloop
  endfacet
  facet normal -0.0326856 0.999466 0
    outer loop
      vertex 0 18 4.1
      vertex -1.17726 17.9615 6.1
      vertex 0 18 6.1
    endloop
  endfacet
  facet normal -0.0326856 0.999466 0
    outer loop
      vertex -1.17726 17.9615 6.1
      vertex 0 18 4.1
      vertex -1.17726 17.9615 4.1
    endloop
  endfacet
  facet normal -0.162917 -0.98664 0
    outer loop
      vertex -3.51163 -17.6541 6.1
      vertex -2.34947 -17.846 4.74504
      vertex -2.34947 -17.846 6.1
    endloop
  endfacet
  facet normal -0.162917 -0.98664 0
    outer loop
      vertex -2.34947 -17.846 4.74504
      vertex -3.51163 -17.6541 6.1
      vertex -3.51163 -17.6541 4.55316
    endloop
  endfacet
  facet normal 0.881939 -0.471364 0
    outer loop
      vertex 15.5885 -9 6.1
      vertex 16.1437 -7.9612 4.1
      vertex 16.1437 -7.9612 6.1
    endloop
  endfacet
  facet normal 0.881939 -0.471364 0
    outer loop
      vertex 16.1437 -7.9612 4.1
      vertex 15.5885 -9 6.1
      vertex 15.5885 -9 4.1
    endloop
  endfacet
  facet normal 0.935909 -0.352242 0
    outer loop
      vertex 16.6298 -6.8883 6.1
      vertex 17.0447 -5.78591 4.1
      vertex 17.0447 -5.78591 6.1
    endloop
  endfacet
  facet normal 0.935909 -0.352242 0
    outer loop
      vertex 17.0447 -5.78591 4.1
      vertex 16.6298 -6.8883 6.1
      vertex 16.6298 -6.8883 4.1
    endloop
  endfacet
  facet normal -0.849212 0.528052 0
    outer loop
      vertex -15.5885 9 4.1
      vertex -14.9665 10.0003 6.1
      vertex -14.9665 10.0003 4.1
    endloop
  endfacet
  facet normal -0.849212 0.528052 0
    outer loop
      vertex -14.9665 10.0003 6.1
      vertex -15.5885 9 4.1
      vertex -15.5885 9 6.1
    endloop
  endfacet
  facet normal 0.849212 -0.528052 0
    outer loop
      vertex 14.9665 -10.0003 6.1
      vertex 15.5885 -9 4.1
      vertex 15.5885 -9 6.1
    endloop
  endfacet
  facet normal 0.849212 -0.528052 0
    outer loop
      vertex 15.5885 -9 4.1
      vertex 14.9665 -10.0003 6.1
      vertex 14.9665 -10.0003 4.1
    endloop
  endfacet
  facet normal 0.471364 0.881939 -0
    outer loop
      vertex 9 15.5885 4.1
      vertex 7.9612 16.1437 6.1
      vertex 9 15.5885 6.1
    endloop
  endfacet
  facet normal 0.471364 0.881939 0
    outer loop
      vertex 7.9612 16.1437 6.1
      vertex 9 15.5885 4.1
      vertex 7.9612 16.1437 4.1
    endloop
  endfacet
  facet normal -0.881939 -0.471364 0
    outer loop
      vertex -15.5885 -9 4.1
      vertex -16.1437 -7.9612 6.1
      vertex -16.1437 -7.9612 4.1
    endloop
  endfacet
  facet normal -0.881939 -0.471364 0
    outer loop
      vertex -16.1437 -7.9612 6.1
      vertex -15.5885 -9 4.1
      vertex -15.5885 -9 6.1
    endloop
  endfacet
  facet normal 0.98664 -0.162917 0
    outer loop
      vertex 17.6541 -3.51163 6.1
      vertex 17.846 -2.34947 4.1
      vertex 17.846 -2.34947 6.1
    endloop
  endfacet
  facet normal 0.98664 -0.162917 0
    outer loop
      vertex 17.846 -2.34947 4.1
      vertex 17.6541 -3.51163 6.1
      vertex 17.6541 -3.51163 4.1
    endloop
  endfacet
  facet normal -0.227021 -0.97389 0
    outer loop
      vertex -4.65874 -17.3867 6.1
      vertex -3.51163 -17.6541 4.55316
      vertex -3.51163 -17.6541 6.1
    endloop
  endfacet
  facet normal -0.227024 -0.973889 -2.17566e-06
    outer loop
      vertex -4.65874 -17.3867 6.1
      vertex -4.5 -17.4237 4.32271
      vertex -3.51163 -17.6541 4.55316
    endloop
  endfacet
  facet normal -0.227001 -0.973895 0
    outer loop
      vertex -4.65874 -17.3867 4.1
      vertex -4.5 -17.4237 4.32271
      vertex -4.65874 -17.3867 6.1
    endloop
  endfacet
  facet normal -0.227001 -0.973895 -0
    outer loop
      vertex -4.5 -17.4237 4.32271
      vertex -4.65874 -17.3867 4.1
      vertex -4.5 -17.4237 4.1
    endloop
  endfacet
  facet normal -0.98664 -0.162917 0
    outer loop
      vertex -17.6541 -3.51163 4.1
      vertex -17.846 -2.34947 6.1
      vertex -17.846 -2.34947 4.1
    endloop
  endfacet
  facet normal -0.98664 -0.162917 0
    outer loop
      vertex -17.846 -2.34947 6.1
      vertex -17.6541 -3.51163 4.1
      vertex -17.6541 -3.51163 6.1
    endloop
  endfacet
  facet normal 0.881939 0.471364 0
    outer loop
      vertex 16.1437 7.9612 6.1
      vertex 15.5885 9 4.1
      vertex 15.5885 9 6.1
    endloop
  endfacet
  facet normal 0.881939 0.471364 0
    outer loop
      vertex 15.5885 9 4.1
      vertex 16.1437 7.9612 6.1
      vertex 16.1437 7.9612 4.1
    endloop
  endfacet
  facet normal 0.729863 0.683594 0
    outer loop
      vertex 13.5331 11.8682 6.1
      vertex 12.7279 12.7279 4.1
      vertex 12.7279 12.7279 6.1
    endloop
  endfacet
  facet normal 0.729863 0.683594 0
    outer loop
      vertex 12.7279 12.7279 4.1
      vertex 13.5331 11.8682 6.1
      vertex 13.5331 11.8682 4.1
    endloop
  endfacet
  facet normal 0.0326856 0.999466 -0
    outer loop
      vertex 1.17726 17.9615 4.1
      vertex 0 18 6.1
      vertex 1.17726 17.9615 6.1
    endloop
  endfacet
  facet normal 0.0326856 0.999466 0
    outer loop
      vertex 0 18 6.1
      vertex 1.17726 17.9615 4.1
      vertex 0 18 4.1
    endloop
  endfacet
  facet normal -0.849212 -0.528052 0
    outer loop
      vertex -14.9665 -10.0003 4.1
      vertex -15.5885 -9 6.1
      vertex -15.5885 -9 4.1
    endloop
  endfacet
  facet normal -0.849212 -0.528052 0
    outer loop
      vertex -15.5885 -9 6.1
      vertex -14.9665 -10.0003 4.1
      vertex -14.9665 -10.0003 6.1
    endloop
  endfacet
  facet normal -0.352242 -0.935909 0
    outer loop
      vertex -6.8883 -16.6298 4.1
      vertex -5.78591 -17.0447 6.1
      vertex -6.8883 -16.6298 6.1
    endloop
  endfacet
  facet normal -0.352242 -0.935909 -0
    outer loop
      vertex -5.78591 -17.0447 6.1
      vertex -6.8883 -16.6298 4.1
      vertex -5.78591 -17.0447 4.1
    endloop
  endfacet
  facet normal -0.471364 0.881939 0
    outer loop
      vertex -7.9612 16.1437 4.1
      vertex -9 15.5885 6.1
      vertex -7.9612 16.1437 6.1
    endloop
  endfacet
  facet normal -0.471364 0.881939 0
    outer loop
      vertex -9 15.5885 6.1
      vertex -7.9612 16.1437 4.1
      vertex -9 15.5885 4.1
    endloop
  endfacet
  facet normal -0.098057 0.995181 0
    outer loop
      vertex -1.17726 17.9615 4.1
      vertex -2.34947 17.846 6.1
      vertex -1.17726 17.9615 6.1
    endloop
  endfacet
  facet normal -0.098057 0.995181 0
    outer loop
      vertex -2.34947 17.846 6.1
      vertex -1.17726 17.9615 4.1
      vertex -2.34947 17.846 4.1
    endloop
  endfacet
  facet normal -0.227021 0.97389 0
    outer loop
      vertex -3.51163 17.6541 4.1
      vertex -4.65874 17.3867 6.1
      vertex -3.51163 17.6541 6.1
    endloop
  endfacet
  facet normal -0.227021 0.97389 0
    outer loop
      vertex -4.65874 17.3867 6.1
      vertex -3.51163 17.6541 4.1
      vertex -4.65874 17.3867 4.1
    endloop
  endfacet
  facet normal 0.0326856 -0.999466 0
    outer loop
      vertex 0 -18 4.89903
      vertex 1.17726 -17.9615 6.1
      vertex 0 -18 6.1
    endloop
  endfacet
  facet normal 0.0326856 -0.999466 0
    outer loop
      vertex 1.17726 -17.9615 6.1
      vertex 0 -18 4.89903
      vertex 1.17726 -17.9615 4.86049
    endloop
  endfacet
  facet normal -0.0326856 -0.999466 0
    outer loop
      vertex -1.17726 -17.9615 6.1
      vertex 0 -18 4.89903
      vertex 0 -18 6.1
    endloop
  endfacet
  facet normal -0.0326856 -0.999466 0
    outer loop
      vertex 0 -18 4.89903
      vertex -1.17726 -17.9615 6.1
      vertex -1.17726 -17.9615 4.86049
    endloop
  endfacet
  facet normal 0.77298 0.63443 0
    outer loop
      vertex 14.2804 10.9577 6.1
      vertex 13.5331 11.8682 4.1
      vertex 13.5331 11.8682 6.1
    endloop
  endfacet
  facet normal 0.77298 0.63443 0
    outer loop
      vertex 13.5331 11.8682 4.1
      vertex 14.2804 10.9577 6.1
      vertex 14.2804 10.9577 4.1
    endloop
  endfacet
  facet normal 0.812832 -0.582498 0
    outer loop
      vertex 14.2804 -10.9577 6.1
      vertex 14.9665 -10.0003 4.1
      vertex 14.9665 -10.0003 6.1
    endloop
  endfacet
  facet normal 0.812832 -0.582498 0
    outer loop
      vertex 14.9665 -10.0003 4.1
      vertex 14.2804 -10.9577 6.1
      vertex 14.2804 -10.9577 4.1
    endloop
  endfacet
  facet normal -0.97389 -0.227021 0
    outer loop
      vertex -17.3867 -4.65874 4.1
      vertex -17.6541 -3.51163 6.1
      vertex -17.6541 -3.51163 4.1
    endloop
  endfacet
  facet normal -0.97389 -0.227021 0
    outer loop
      vertex -17.6541 -3.51163 6.1
      vertex -17.3867 -4.65874 4.1
      vertex -17.3867 -4.65874 6.1
    endloop
  endfacet
  facet normal -0.97389 0.227021 0
    outer loop
      vertex -17.6541 3.51163 4.1
      vertex -17.3867 4.65874 6.1
      vertex -17.3867 4.65874 4.1
    endloop
  endfacet
  facet normal -0.97389 0.227021 0
    outer loop
      vertex -17.3867 4.65874 6.1
      vertex -17.6541 3.51163 4.1
      vertex -17.6541 3.51163 6.1
    endloop
  endfacet
  facet normal 0.528052 -0.849212 0
    outer loop
      vertex 9 -15.5885 4.1
      vertex 10.0003 -14.9665 6.1
      vertex 9 -15.5885 6.1
    endloop
  endfacet
  facet normal 0.528052 -0.849212 0
    outer loop
      vertex 10.0003 -14.9665 6.1
      vertex 9 -15.5885 4.1
      vertex 10.0003 -14.9665 4.1
    endloop
  endfacet
  facet normal -0.77298 -0.63443 0
    outer loop
      vertex -13.5331 -11.8682 4.1
      vertex -14.2804 -10.9577 6.1
      vertex -14.2804 -10.9577 4.1
    endloop
  endfacet
  facet normal -0.77298 -0.63443 0
    outer loop
      vertex -14.2804 -10.9577 6.1
      vertex -13.5331 -11.8682 4.1
      vertex -13.5331 -11.8682 6.1
    endloop
  endfacet
  facet normal -0.729863 0.683594 0
    outer loop
      vertex -13.5331 11.8682 4.1
      vertex -12.7279 12.7279 6.1
      vertex -12.7279 12.7279 4.1
    endloop
  endfacet
  facet normal -0.729863 0.683594 0
    outer loop
      vertex -12.7279 12.7279 6.1
      vertex -13.5331 11.8682 4.1
      vertex -13.5331 11.8682 6.1
    endloop
  endfacet
  facet normal 0.995181 -0.098057 0
    outer loop
      vertex 17.846 -2.34947 6.1
      vertex 17.9615 -1.17726 4.1
      vertex 17.9615 -1.17726 6.1
    endloop
  endfacet
  facet normal 0.995181 -0.098057 0
    outer loop
      vertex 17.9615 -1.17726 4.1
      vertex 17.846 -2.34947 6.1
      vertex 17.846 -2.34947 4.1
    endloop
  endfacet
  facet normal -0.956922 -0.290344 0
    outer loop
      vertex -17.0447 -5.78591 4.1
      vertex -17.3867 -4.65874 6.1
      vertex -17.3867 -4.65874 4.1
    endloop
  endfacet
  facet normal -0.956922 -0.290344 0
    outer loop
      vertex -17.3867 -4.65874 6.1
      vertex -17.0447 -5.78591 4.1
      vertex -17.0447 -5.78591 6.1
    endloop
  endfacet
  facet normal -0.290344 0.956922 0
    outer loop
      vertex -4.65874 17.3867 4.1
      vertex -5.78591 17.0447 6.1
      vertex -4.65874 17.3867 6.1
    endloop
  endfacet
  facet normal -0.290344 0.956922 0
    outer loop
      vertex -5.78591 17.0447 6.1
      vertex -4.65874 17.3867 4.1
      vertex -5.78591 17.0447 4.1
    endloop
  endfacet
  facet normal -0.528052 0.849212 0
    outer loop
      vertex -9 15.5885 4.1
      vertex -10.0003 14.9665 6.1
      vertex -9 15.5885 6.1
    endloop
  endfacet
  facet normal -0.528052 0.849212 0
    outer loop
      vertex -10.0003 14.9665 6.1
      vertex -9 15.5885 4.1
      vertex -10.0003 14.9665 4.1
    endloop
  endfacet
  facet normal -0.41269 0.910872 0
    outer loop
      vertex -6.8883 16.6298 4.1
      vertex -7.9612 16.1437 6.1
      vertex -6.8883 16.6298 6.1
    endloop
  endfacet
  facet normal -0.41269 0.910872 0
    outer loop
      vertex -7.9612 16.1437 6.1
      vertex -6.8883 16.6298 4.1
      vertex -7.9612 16.1437 4.1
    endloop
  endfacet
  facet normal -0.63443 -0.77298 0
    outer loop
      vertex -11.8682 -13.5331 4.1
      vertex -10.9577 -14.2804 6.1
      vertex -11.8682 -13.5331 6.1
    endloop
  endfacet
  facet normal -0.63443 -0.77298 -0
    outer loop
      vertex -10.9577 -14.2804 6.1
      vertex -11.8682 -13.5331 4.1
      vertex -10.9577 -14.2804 4.1
    endloop
  endfacet
  facet normal 0.729863 -0.683594 0
    outer loop
      vertex 12.7279 -12.7279 6.1
      vertex 13.5331 -11.8682 4.1
      vertex 13.5331 -11.8682 6.1
    endloop
  endfacet
  facet normal 0.729863 -0.683594 0
    outer loop
      vertex 13.5331 -11.8682 4.1
      vertex 12.7279 -12.7279 6.1
      vertex 12.7279 -12.7279 4.1
    endloop
  endfacet
  facet normal 0.97389 -0.227021 0
    outer loop
      vertex 17.3867 -4.65874 6.1
      vertex 17.6541 -3.51163 4.1
      vertex 17.6541 -3.51163 6.1
    endloop
  endfacet
  facet normal 0.97389 -0.227021 0
    outer loop
      vertex 17.6541 -3.51163 4.1
      vertex 17.3867 -4.65874 6.1
      vertex 17.3867 -4.65874 4.1
    endloop
  endfacet
  facet normal -0.098057 -0.995181 0
    outer loop
      vertex -2.34947 -17.846 6.1
      vertex -1.17726 -17.9615 4.86049
      vertex -1.17726 -17.9615 6.1
    endloop
  endfacet
  facet normal -0.098057 -0.995181 0
    outer loop
      vertex -1.17726 -17.9615 4.86049
      vertex -2.34947 -17.846 6.1
      vertex -2.34947 -17.846 4.74504
    endloop
  endfacet
  facet normal 0.63443 0.77298 -0
    outer loop
      vertex 11.8682 13.5331 4.1
      vertex 10.9577 14.2804 6.1
      vertex 11.8682 13.5331 6.1
    endloop
  endfacet
  facet normal 0.63443 0.77298 0
    outer loop
      vertex 10.9577 14.2804 6.1
      vertex 11.8682 13.5331 4.1
      vertex 10.9577 14.2804 4.1
    endloop
  endfacet
  facet normal 0.956922 -0.290344 0
    outer loop
      vertex 17.0447 -5.78591 6.1
      vertex 17.3867 -4.65874 4.1
      vertex 17.3867 -4.65874 6.1
    endloop
  endfacet
  facet normal 0.956922 -0.290344 0
    outer loop
      vertex 17.3867 -4.65874 4.1
      vertex 17.0447 -5.78591 6.1
      vertex 17.0447 -5.78591 4.1
    endloop
  endfacet
  facet normal -0.471364 -0.881939 0
    outer loop
      vertex -9 -15.5885 4.1
      vertex -7.9612 -16.1437 6.1
      vertex -9 -15.5885 6.1
    endloop
  endfacet
  facet normal -0.471364 -0.881939 -0
    outer loop
      vertex -7.9612 -16.1437 6.1
      vertex -9 -15.5885 4.1
      vertex -7.9612 -16.1437 4.1
    endloop
  endfacet
  facet normal 0.935909 0.352242 0
    outer loop
      vertex 17.0447 5.78591 6.1
      vertex 16.6298 6.8883 4.1
      vertex 16.6298 6.8883 6.1
    endloop
  endfacet
  facet normal 0.935909 0.352242 0
    outer loop
      vertex 16.6298 6.8883 4.1
      vertex 17.0447 5.78591 6.1
      vertex 17.0447 5.78591 4.1
    endloop
  endfacet
  facet normal -0.683594 -0.729863 0
    outer loop
      vertex -12.7279 -12.7279 4.1
      vertex -11.8682 -13.5331 6.1
      vertex -12.7279 -12.7279 6.1
    endloop
  endfacet
  facet normal -0.683594 -0.729863 -0
    outer loop
      vertex -11.8682 -13.5331 6.1
      vertex -12.7279 -12.7279 4.1
      vertex -11.8682 -13.5331 4.1
    endloop
  endfacet
  facet normal 0.98664 0.162917 0
    outer loop
      vertex 17.846 2.34947 6.1
      vertex 17.6541 3.51163 4.1
      vertex 17.6541 3.51163 6.1
    endloop
  endfacet
  facet normal 0.98664 0.162917 0
    outer loop
      vertex 17.6541 3.51163 4.1
      vertex 17.846 2.34947 6.1
      vertex 17.846 2.34947 4.1
    endloop
  endfacet
  facet normal -0.881939 0.471364 0
    outer loop
      vertex -16.1437 7.9612 4.1
      vertex -15.5885 9 6.1
      vertex -15.5885 9 4.1
    endloop
  endfacet
  facet normal -0.881939 0.471364 0
    outer loop
      vertex -15.5885 9 6.1
      vertex -16.1437 7.9612 4.1
      vertex -16.1437 7.9612 6.1
    endloop
  endfacet
  facet normal -0.995181 -0.098057 0
    outer loop
      vertex -17.846 -2.34947 4.1
      vertex -17.9615 -1.17726 6.1
      vertex -17.9615 -1.17726 4.1
    endloop
  endfacet
  facet normal -0.995181 -0.098057 0
    outer loop
      vertex -17.9615 -1.17726 6.1
      vertex -17.846 -2.34947 4.1
      vertex -17.846 -2.34947 6.1
    endloop
  endfacet
  facet normal 0.290344 -0.956922 0
    outer loop
      vertex 4.65874 -17.3867 4.1
      vertex 5.78591 -17.0447 6.1
      vertex 4.65874 -17.3867 6.1
    endloop
  endfacet
  facet normal 0.290344 -0.956922 0
    outer loop
      vertex 5.78591 -17.0447 6.1
      vertex 4.65874 -17.3867 4.1
      vertex 5.78591 -17.0447 4.1
    endloop
  endfacet
  facet normal -0.98664 0.162917 0
    outer loop
      vertex -17.846 2.34947 4.1
      vertex -17.6541 3.51163 6.1
      vertex -17.6541 3.51163 4.1
    endloop
  endfacet
  facet normal -0.98664 0.162917 0
    outer loop
      vertex -17.6541 3.51163 6.1
      vertex -17.846 2.34947 4.1
      vertex -17.846 2.34947 6.1
    endloop
  endfacet
  facet normal -0.290344 -0.956922 0
    outer loop
      vertex -5.78591 -17.0447 4.1
      vertex -4.65874 -17.3867 6.1
      vertex -5.78591 -17.0447 6.1
    endloop
  endfacet
  facet normal -0.290344 -0.956922 -0
    outer loop
      vertex -4.65874 -17.3867 6.1
      vertex -5.78591 -17.0447 4.1
      vertex -4.65874 -17.3867 4.1
    endloop
  endfacet
  facet normal -0.910872 -0.41269 0
    outer loop
      vertex -16.1437 -7.9612 4.1
      vertex -16.6298 -6.8883 6.1
      vertex -16.6298 -6.8883 4.1
    endloop
  endfacet
  facet normal -0.910872 -0.41269 0
    outer loop
      vertex -16.6298 -6.8883 6.1
      vertex -16.1437 -7.9612 4.1
      vertex -16.1437 -7.9612 6.1
    endloop
  endfacet
  facet normal -0.999466 -0.0326856 0
    outer loop
      vertex -17.9615 -1.17726 4.1
      vertex -18 0 6.1
      vertex -18 0 4.1
    endloop
  endfacet
  facet normal -0.999466 -0.0326856 0
    outer loop
      vertex -18 0 6.1
      vertex -17.9615 -1.17726 4.1
      vertex -17.9615 -1.17726 6.1
    endloop
  endfacet
  facet normal 0.999466 -0.0326856 0
    outer loop
      vertex 17.9615 -1.17726 6.1
      vertex 18 0 4.1
      vertex 18 0 6.1
    endloop
  endfacet
  facet normal 0.999466 -0.0326856 0
    outer loop
      vertex 18 0 4.1
      vertex 17.9615 -1.17726 6.1
      vertex 17.9615 -1.17726 4.1
    endloop
  endfacet
  facet normal -0.528052 -0.849212 0
    outer loop
      vertex -10.0003 -14.9665 4.1
      vertex -9 -15.5885 6.1
      vertex -10.0003 -14.9665 6.1
    endloop
  endfacet
  facet normal -0.528052 -0.849212 -0
    outer loop
      vertex -9 -15.5885 6.1
      vertex -10.0003 -14.9665 4.1
      vertex -9 -15.5885 4.1
    endloop
  endfacet
  facet normal 0.352242 0.935909 -0
    outer loop
      vertex 6.8883 16.6298 4.1
      vertex 5.78591 17.0447 6.1
      vertex 6.8883 16.6298 6.1
    endloop
  endfacet
  facet normal 0.352242 0.935909 0
    outer loop
      vertex 5.78591 17.0447 6.1
      vertex 6.8883 16.6298 4.1
      vertex 5.78591 17.0447 4.1
    endloop
  endfacet
  facet normal -0.77298 0.63443 0
    outer loop
      vertex -14.2804 10.9577 4.1
      vertex -13.5331 11.8682 6.1
      vertex -13.5331 11.8682 4.1
    endloop
  endfacet
  facet normal -0.77298 0.63443 0
    outer loop
      vertex -13.5331 11.8682 6.1
      vertex -14.2804 10.9577 4.1
      vertex -14.2804 10.9577 6.1
    endloop
  endfacet
  facet normal -0.999466 0.0326856 0
    outer loop
      vertex -18 0 4.1
      vertex -17.9615 1.17726 6.1
      vertex -17.9615 1.17726 4.1
    endloop
  endfacet
  facet normal -0.999466 0.0326856 0
    outer loop
      vertex -17.9615 1.17726 6.1
      vertex -18 0 4.1
      vertex -18 0 6.1
    endloop
  endfacet
  facet normal 0.910872 -0.41269 0
    outer loop
      vertex 16.1437 -7.9612 6.1
      vertex 16.6298 -6.8883 4.1
      vertex 16.6298 -6.8883 6.1
    endloop
  endfacet
  facet normal 0.910872 -0.41269 0
    outer loop
      vertex 16.6298 -6.8883 4.1
      vertex 16.1437 -7.9612 6.1
      vertex 16.1437 -7.9612 4.1
    endloop
  endfacet
  facet normal 0 0 -1
    outer loop
      vertex -4.5 -17.4237 4.1
      vertex -4.65874 -17.3867 4.1
      vertex -4.5 -17.201 4.1
    endloop
  endfacet
  facet normal 0 0 -1
    outer loop
      vertex 17.75 -2.25 4.1
      vertex 18 0 4.1
      vertex 17.9615 -1.17726 4.1
    endloop
  endfacet
  facet normal 0 0 -1
    outer loop
      vertex 17.75 -2.25 4.1
      vertex 17.9615 -1.17726 4.1
      vertex 17.846 -2.34947 4.1
    endloop
  endfacet
  facet normal 0 0 -1
    outer loop
      vertex 17.75 2.25 4.1
      vertex 18 0 4.1
      vertex 17.75 -2.25 4.1
    endloop
  endfacet
  facet normal 0 0 -1
    outer loop
      vertex 18 0 4.1
      vertex 17.75 2.25 4.1
      vertex 17.9615 1.17726 4.1
    endloop
  endfacet
  facet normal 0 0 -1
    outer loop
      vertex 17.6541 -3.51163 4.1
      vertex 17.75 -2.25 4.1
      vertex 17.846 -2.34947 4.1
    endloop
  endfacet
  facet normal 0 0 -1
    outer loop
      vertex 15.5454 -3.09218 4.1
      vertex 17.6541 -3.51163 4.1
      vertex 17.3867 -4.65874 4.1
    endloop
  endfacet
  facet normal 0 0 -1
    outer loop
      vertex 15.3099 -4.10228 4.1
      vertex 17.3867 -4.65874 4.1
      vertex 17.0447 -5.78591 4.1
    endloop
  endfacet
  facet normal 0 0 -1
    outer loop
      vertex 15.0088 -5.09482 4.1
      vertex 17.0447 -5.78591 4.1
      vertex 16.6298 -6.8883 4.1
    endloop
  endfacet
  facet normal 0 0 -1
    outer loop
      vertex 14.6435 -6.06553 4.1
      vertex 16.6298 -6.8883 4.1
      vertex 16.1437 -7.9612 4.1
    endloop
  endfacet
  facet normal 0 0 -1
    outer loop
      vertex 17.3867 -4.65874 4.1
      vertex 15.3099 -4.10228 4.1
      vertex 15.5454 -3.09218 4.1
    endloop
  endfacet
  facet normal 0 0 -1
    outer loop
      vertex 14.2154 -7.01027 4.1
      vertex 16.1437 -7.9612 4.1
      vertex 15.5885 -9 4.1
    endloop
  endfacet
  facet normal 0 0 -1
    outer loop
      vertex 17.6541 -3.51163 4.1
      vertex 15.6845 -2.25 4.1
      vertex 17.75 -2.25 4.1
    endloop
  endfacet
  facet normal 0 -0 -1
    outer loop
      vertex 15.6845 -2.25 4.1
      vertex 17.6541 -3.51163 4.1
      vertex 15.5454 -3.09218 4.1
    endloop
  endfacet
  facet normal 0 0 -1
    outer loop
      vertex 17.0447 -5.78591 4.1
      vertex 15.0088 -5.09482 4.1
      vertex 15.3099 -4.10228 4.1
    endloop
  endfacet
  facet normal 0 0 -1
    outer loop
      vertex 13.7265 -7.925 4.1
      vertex 15.5885 -9 4.1
      vertex 14.9665 -10.0003 4.1
    endloop
  endfacet
  facet normal 0 0 -1
    outer loop
      vertex 16.6298 -6.8883 4.1
      vertex 14.6435 -6.06553 4.1
      vertex 15.0088 -5.09482 4.1
    endloop
  endfacet
  facet normal 0 0 -1
    outer loop
      vertex 13.1788 -8.80579 4.1
      vertex 14.9665 -10.0003 4.1
      vertex 14.2804 -10.9577 4.1
    endloop
  endfacet
  facet normal 0 0 -1
    outer loop
      vertex 16.1437 -7.9612 4.1
      vertex 14.2154 -7.01027 4.1
      vertex 14.6435 -6.06553 4.1
    endloop
  endfacet
  facet normal 0 0 -1
    outer loop
      vertex 15.5885 -9 4.1
      vertex 13.7265 -7.925 4.1
      vertex 14.2154 -7.01027 4.1
    endloop
  endfacet
  facet normal 0 0 -1
    outer loop
      vertex 12.5746 -9.64887 4.1
      vertex 14.2804 -10.9577 4.1
      vertex 13.5331 -11.8682 4.1
    endloop
  endfacet
  facet normal 0 0 -1
    outer loop
      vertex 14.9665 -10.0003 4.1
      vertex 13.1788 -8.80579 4.1
      vertex 13.7265 -7.925 4.1
    endloop
  endfacet
  facet normal 0 0 -1
    outer loop
      vertex 11.9167 -10.4506 4.1
      vertex 13.5331 -11.8682 4.1
      vertex 12.7279 -12.7279 4.1
    endloop
  endfacet
  facet normal 0 0 -1
    outer loop
      vertex 14.2804 -10.9577 4.1
      vertex 12.5746 -9.64887 4.1
      vertex 13.1788 -8.80579 4.1
    endloop
  endfacet
  facet normal 0 0 -1
    outer loop
      vertex 13.5331 -11.8682 4.1
      vertex 11.9167 -10.4506 4.1
      vertex 12.5746 -9.64887 4.1
    endloop
  endfacet
  facet normal 0 0 -1
    outer loop
      vertex 11.2076 -11.2076 4.1
      vertex 12.7279 -12.7279 4.1
      vertex 11.8682 -13.5331 4.1
    endloop
  endfacet
  facet normal 0 0 -1
    outer loop
      vertex 12.7279 -12.7279 4.1
      vertex 11.2076 -11.2076 4.1
      vertex 11.9167 -10.4506 4.1
    endloop
  endfacet
  facet normal 0 0 -1
    outer loop
      vertex 10.4506 -11.9167 4.1
      vertex 11.8682 -13.5331 4.1
      vertex 10.9577 -14.2804 4.1
    endloop
  endfacet
  facet normal 0 0 -1
    outer loop
      vertex 11.8682 -13.5331 4.1
      vertex 10.4506 -11.9167 4.1
      vertex 11.2076 -11.2076 4.1
    endloop
  endfacet
  facet normal 0 0 -1
    outer loop
      vertex 9.64887 -12.5746 4.1
      vertex 10.9577 -14.2804 4.1
      vertex 10.0003 -14.9665 4.1
    endloop
  endfacet
  facet normal 0 0 -1
    outer loop
      vertex 10.9577 -14.2804 4.1
      vertex 9.64887 -12.5746 4.1
      vertex 10.4506 -11.9167 4.1
    endloop
  endfacet
  facet normal 0 0 -1
    outer loop
      vertex 8.80579 -13.1788 4.1
      vertex 10.0003 -14.9665 4.1
      vertex 9 -15.5885 4.1
    endloop
  endfacet
  facet normal 0 0 -1
    outer loop
      vertex 10.0003 -14.9665 4.1
      vertex 8.80579 -13.1788 4.1
      vertex 9.64887 -12.5746 4.1
    endloop
  endfacet
  facet normal 0 0 -1
    outer loop
      vertex 7.925 -13.7265 4.1
      vertex 9 -15.5885 4.1
      vertex 7.9612 -16.1437 4.1
    endloop
  endfacet
  facet normal 0 0 -1
    outer loop
      vertex 9 -15.5885 4.1
      vertex 7.925 -13.7265 4.1
      vertex 8.80579 -13.1788 4.1
    endloop
  endfacet
  facet normal 0 0 -1
    outer loop
      vertex 7.9612 -16.1437 4.1
      vertex 7.01027 -14.2154 4.1
      vertex 7.925 -13.7265 4.1
    endloop
  endfacet
  facet normal 0 0 -1
    outer loop
      vertex 6.8883 -16.6298 4.1
      vertex 7.01027 -14.2154 4.1
      vertex 7.9612 -16.1437 4.1
    endloop
  endfacet
  facet normal 0 0 -1
    outer loop
      vertex 6.8883 -16.6298 4.1
      vertex 6.06553 -14.6435 4.1
      vertex 7.01027 -14.2154 4.1
    endloop
  endfacet
  facet normal 0 0 -1
    outer loop
      vertex 5.78591 -17.0447 4.1
      vertex 6.06553 -14.6435 4.1
      vertex 6.8883 -16.6298 4.1
    endloop
  endfacet
  facet normal 0 0 -1
    outer loop
      vertex 5.78591 -17.0447 4.1
      vertex 5.09482 -15.0088 4.1
      vertex 6.06553 -14.6435 4.1
    endloop
  endfacet
  facet normal 0 0 -1
    outer loop
      vertex 4.5 -17.201 4.1
      vertex 5.78591 -17.0447 4.1
      vertex 4.65874 -17.3867 4.1
    endloop
  endfacet
  facet normal 0 0 -1
    outer loop
      vertex 4.5 -17.201 4.1
      vertex 4.65874 -17.3867 4.1
      vertex 4.5 -17.4237 4.1
    endloop
  endfacet
  facet normal -0 0 -1
    outer loop
      vertex 5.78591 -17.0447 4.1
      vertex 4.5 -17.201 4.1
      vertex 5.09482 -15.0088 4.1
    endloop
  endfacet
  facet normal 0 0 -1
    outer loop
      vertex 4.5 -17.201 4.1
      vertex 4.10228 -15.3099 4.1
      vertex 5.09482 -15.0088 4.1
    endloop
  endfacet
  facet normal 0 0 -1
    outer loop
      vertex 4.5 -17.201 4.1
      vertex 3.09218 -15.5454 4.1
      vertex 4.10228 -15.3099 4.1
    endloop
  endfacet
  facet normal 0 0 -1
    outer loop
      vertex 4.5 -17.201 4.1
      vertex 2.06884 -15.7144 4.1
      vertex 3.09218 -15.5454 4.1
    endloop
  endfacet
  facet normal 0 0 -1
    outer loop
      vertex 4.5 -17.201 4.1
      vertex 1.03664 -15.8161 4.1
      vertex 2.06884 -15.7144 4.1
    endloop
  endfacet
  facet normal 0 0 -1
    outer loop
      vertex 4.5 -17.201 4.1
      vertex 0 -15.85 4.1
      vertex 1.03664 -15.8161 4.1
    endloop
  endfacet
  facet normal 0 0 -1
    outer loop
      vertex -4.5 -17.201 4.1
      vertex 0 -15.85 4.1
      vertex 4.5 -17.201 4.1
    endloop
  endfacet
  facet normal -0 0 -1
    outer loop
      vertex 0 -15.85 4.1
      vertex -4.5 -17.201 4.1
      vertex -1.03664 -15.8161 4.1
    endloop
  endfacet
  facet normal -0 0 -1
    outer loop
      vertex -1.03664 -15.8161 4.1
      vertex -4.5 -17.201 4.1
      vertex -2.06884 -15.7144 4.1
    endloop
  endfacet
  facet normal -0 0 -1
    outer loop
      vertex -2.06884 -15.7144 4.1
      vertex -4.5 -17.201 4.1
      vertex -3.09218 -15.5454 4.1
    endloop
  endfacet
  facet normal 0 0 -1
    outer loop
      vertex -4.5 -17.201 4.1
      vertex -4.10228 -15.3099 4.1
      vertex -3.09218 -15.5454 4.1
    endloop
  endfacet
  facet normal 0 0 -1
    outer loop
      vertex -5.78591 -17.0447 4.1
      vertex -4.5 -17.201 4.1
      vertex -4.65874 -17.3867 4.1
    endloop
  endfacet
  facet normal 0 0 -1
    outer loop
      vertex -4.5 -17.201 4.1
      vertex -5.09482 -15.0088 4.1
      vertex -4.10228 -15.3099 4.1
    endloop
  endfacet
  facet normal 0 0 -1
    outer loop
      vertex -4.5 -17.201 4.1
      vertex -5.78591 -17.0447 4.1
      vertex -5.09482 -15.0088 4.1
    endloop
  endfacet
  facet normal 0 0 -1
    outer loop
      vertex -5.78591 -17.0447 4.1
      vertex -6.06553 -14.6435 4.1
      vertex -5.09482 -15.0088 4.1
    endloop
  endfacet
  facet normal 0 0 -1
    outer loop
      vertex -6.8883 -16.6298 4.1
      vertex -6.06553 -14.6435 4.1
      vertex -5.78591 -17.0447 4.1
    endloop
  endfacet
  facet normal 0 0 -1
    outer loop
      vertex -6.8883 -16.6298 4.1
      vertex -7.01027 -14.2154 4.1
      vertex -6.06553 -14.6435 4.1
    endloop
  endfacet
  facet normal 0 0 -1
    outer loop
      vertex -7.9612 -16.1437 4.1
      vertex -7.01027 -14.2154 4.1
      vertex -6.8883 -16.6298 4.1
    endloop
  endfacet
  facet normal -0 0 -1
    outer loop
      vertex -7.01027 -14.2154 4.1
      vertex -7.9612 -16.1437 4.1
      vertex -7.925 -13.7265 4.1
    endloop
  endfacet
  facet normal 0 0 -1
    outer loop
      vertex -9 -15.5885 4.1
      vertex -7.925 -13.7265 4.1
      vertex -7.9612 -16.1437 4.1
    endloop
  endfacet
  facet normal -0 0 -1
    outer loop
      vertex -7.925 -13.7265 4.1
      vertex -9 -15.5885 4.1
      vertex -8.80579 -13.1788 4.1
    endloop
  endfacet
  facet normal 0 0 -1
    outer loop
      vertex -10.0003 -14.9665 4.1
      vertex -8.80579 -13.1788 4.1
      vertex -9 -15.5885 4.1
    endloop
  endfacet
  facet normal -0 0 -1
    outer loop
      vertex -8.80579 -13.1788 4.1
      vertex -10.0003 -14.9665 4.1
      vertex -9.64887 -12.5746 4.1
    endloop
  endfacet
  facet normal 0 0 -1
    outer loop
      vertex -10.9577 -14.2804 4.1
      vertex -9.64887 -12.5746 4.1
      vertex -10.0003 -14.9665 4.1
    endloop
  endfacet
  facet normal -0 0 -1
    outer loop
      vertex -9.64887 -12.5746 4.1
      vertex -10.9577 -14.2804 4.1
      vertex -10.4506 -11.9167 4.1
    endloop
  endfacet
  facet normal 0 0 -1
    outer loop
      vertex -11.8682 -13.5331 4.1
      vertex -10.4506 -11.9167 4.1
      vertex -10.9577 -14.2804 4.1
    endloop
  endfacet
  facet normal -0 0 -1
    outer loop
      vertex -10.4506 -11.9167 4.1
      vertex -11.8682 -13.5331 4.1
      vertex -11.2076 -11.2076 4.1
    endloop
  endfacet
  facet normal 0 0 -1
    outer loop
      vertex -12.7279 -12.7279 4.1
      vertex -11.2076 -11.2076 4.1
      vertex -11.8682 -13.5331 4.1
    endloop
  endfacet
  facet normal -0 0 -1
    outer loop
      vertex -11.2076 -11.2076 4.1
      vertex -12.7279 -12.7279 4.1
      vertex -11.9167 -10.4506 4.1
    endloop
  endfacet
  facet normal 0 0 -1
    outer loop
      vertex -13.5331 -11.8682 4.1
      vertex -11.9167 -10.4506 4.1
      vertex -12.7279 -12.7279 4.1
    endloop
  endfacet
  facet normal -0 0 -1
    outer loop
      vertex -11.9167 -10.4506 4.1
      vertex -13.5331 -11.8682 4.1
      vertex -12.5746 -9.64887 4.1
    endloop
  endfacet
  facet normal 0 0 -1
    outer loop
      vertex -14.2804 -10.9577 4.1
      vertex -12.5746 -9.64887 4.1
      vertex -13.5331 -11.8682 4.1
    endloop
  endfacet
  facet normal -0 0 -1
    outer loop
      vertex -12.5746 -9.64887 4.1
      vertex -14.2804 -10.9577 4.1
      vertex -13.1788 -8.80579 4.1
    endloop
  endfacet
  facet normal 0 0 -1
    outer loop
      vertex -14.9665 -10.0003 4.1
      vertex -13.1788 -8.80579 4.1
      vertex -14.2804 -10.9577 4.1
    endloop
  endfacet
  facet normal -0 0 -1
    outer loop
      vertex -13.1788 -8.80579 4.1
      vertex -14.9665 -10.0003 4.1
      vertex -13.7265 -7.925 4.1
    endloop
  endfacet
  facet normal 0 0 -1
    outer loop
      vertex -15.5885 -9 4.1
      vertex -13.7265 -7.925 4.1
      vertex -14.9665 -10.0003 4.1
    endloop
  endfacet
  facet normal -0 0 -1
    outer loop
      vertex -13.7265 -7.925 4.1
      vertex -15.5885 -9 4.1
      vertex -14.2154 -7.01027 4.1
    endloop
  endfacet
  facet normal 0 0 -1
    outer loop
      vertex -16.1437 -7.9612 4.1
      vertex -14.2154 -7.01027 4.1
      vertex -15.5885 -9 4.1
    endloop
  endfacet
  facet normal -0 0 -1
    outer loop
      vertex -14.2154 -7.01027 4.1
      vertex -16.1437 -7.9612 4.1
      vertex -14.6435 -6.06553 4.1
    endloop
  endfacet
  facet normal 0 0 -1
    outer loop
      vertex -16.6298 -6.8883 4.1
      vertex -14.6435 -6.06553 4.1
      vertex -16.1437 -7.9612 4.1
    endloop
  endfacet
  facet normal -0 0 -1
    outer loop
      vertex -14.6435 -6.06553 4.1
      vertex -16.6298 -6.8883 4.1
      vertex -15.0088 -5.09482 4.1
    endloop
  endfacet
  facet normal 0 0 -1
    outer loop
      vertex -17.0447 -5.78591 4.1
      vertex -15.0088 -5.09482 4.1
      vertex -16.6298 -6.8883 4.1
    endloop
  endfacet
  facet normal -0 0 -1
    outer loop
      vertex -15.0088 -5.09482 4.1
      vertex -17.0447 -5.78591 4.1
      vertex -15.3099 -4.10228 4.1
    endloop
  endfacet
  facet normal 0 0 -1
    outer loop
      vertex -17.3867 -4.65874 4.1
      vertex -15.3099 -4.10228 4.1
      vertex -17.0447 -5.78591 4.1
    endloop
  endfacet
  facet normal -0 0 -1
    outer loop
      vertex -15.3099 -4.10228 4.1
      vertex -17.3867 -4.65874 4.1
      vertex -15.5454 -3.09218 4.1
    endloop
  endfacet
  facet normal 0 0 -1
    outer loop
      vertex -17.6541 -3.51163 4.1
      vertex -15.5454 -3.09218 4.1
      vertex -17.3867 -4.65874 4.1
    endloop
  endfacet
  facet normal -0 0 -1
    outer loop
      vertex -15.5454 -3.09218 4.1
      vertex -17.6541 -3.51163 4.1
      vertex -15.6845 -2.25 4.1
    endloop
  endfacet
  facet normal 0 0 -1
    outer loop
      vertex -17.6541 -3.51163 4.1
      vertex -17.75 -2.25 4.1
      vertex -15.6845 -2.25 4.1
    endloop
  endfacet
  facet normal 0 0 -1
    outer loop
      vertex -17.9615 -1.17726 4.1
      vertex -17.75 -2.25 4.1
      vertex -17.846 -2.34947 4.1
    endloop
  endfacet
  facet normal 0 0 -1
    outer loop
      vertex -17.846 -2.34947 4.1
      vertex -17.75 -2.25 4.1
      vertex -17.6541 -3.51163 4.1
    endloop
  endfacet
  facet normal 0 0 -1
    outer loop
      vertex 17.9615 1.17726 4.1
      vertex 17.75 2.25 4.1
      vertex 17.846 2.34947 4.1
    endloop
  endfacet
  facet normal 0 0 -1
    outer loop
      vertex 17.75 2.25 4.1
      vertex 17.6541 3.51163 4.1
      vertex 17.846 2.34947 4.1
    endloop
  endfacet
  facet normal 0 0 -1
    outer loop
      vertex 15.6845 2.25 4.1
      vertex 17.6541 3.51163 4.1
      vertex 17.75 2.25 4.1
    endloop
  endfacet
  facet normal -0 0 -1
    outer loop
      vertex 17.6541 3.51163 4.1
      vertex 15.5454 3.09218 4.1
      vertex 17.3867 4.65874 4.1
    endloop
  endfacet
  facet normal 0 0 -1
    outer loop
      vertex 15.3099 4.10228 4.1
      vertex 17.3867 4.65874 4.1
      vertex 15.5454 3.09218 4.1
    endloop
  endfacet
  facet normal 0 0 -1
    outer loop
      vertex 15.0088 5.09482 4.1
      vertex 17.0447 5.78591 4.1
      vertex 15.3099 4.10228 4.1
    endloop
  endfacet
  facet normal 0 0 -1
    outer loop
      vertex 17.6541 3.51163 4.1
      vertex 15.6845 2.25 4.1
      vertex 15.5454 3.09218 4.1
    endloop
  endfacet
  facet normal -0 0 -1
    outer loop
      vertex 17.3867 4.65874 4.1
      vertex 15.3099 4.10228 4.1
      vertex 17.0447 5.78591 4.1
    endloop
  endfacet
  facet normal -0 0 -1
    outer loop
      vertex 17.0447 5.78591 4.1
      vertex 15.0088 5.09482 4.1
      vertex 16.6298 6.8883 4.1
    endloop
  endfacet
  facet normal 0 0 -1
    outer loop
      vertex 14.6435 6.06553 4.1
      vertex 16.6298 6.8883 4.1
      vertex 15.0088 5.09482 4.1
    endloop
  endfacet
  facet normal -0 0 -1
    outer loop
      vertex 16.6298 6.8883 4.1
      vertex 14.6435 6.06553 4.1
      vertex 16.1437 7.9612 4.1
    endloop
  endfacet
  facet normal 0 0 -1
    outer loop
      vertex 14.2154 7.01027 4.1
      vertex 16.1437 7.9612 4.1
      vertex 14.6435 6.06553 4.1
    endloop
  endfacet
  facet normal -0 0 -1
    outer loop
      vertex 16.1437 7.9612 4.1
      vertex 14.2154 7.01027 4.1
      vertex 15.5885 9 4.1
    endloop
  endfacet
  facet normal 0 0 -1
    outer loop
      vertex 13.7265 7.925 4.1
      vertex 15.5885 9 4.1
      vertex 14.2154 7.01027 4.1
    endloop
  endfacet
  facet normal -0 0 -1
    outer loop
      vertex 15.5885 9 4.1
      vertex 13.7265 7.925 4.1
      vertex 14.9665 10.0003 4.1
    endloop
  endfacet
  facet normal 0 0 -1
    outer loop
      vertex 13.1788 8.80579 4.1
      vertex 14.9665 10.0003 4.1
      vertex 13.7265 7.925 4.1
    endloop
  endfacet
  facet normal -0 0 -1
    outer loop
      vertex 14.9665 10.0003 4.1
      vertex 13.1788 8.80579 4.1
      vertex 14.2804 10.9577 4.1
    endloop
  endfacet
  facet normal 0 0 -1
    outer loop
      vertex 12.5746 9.64887 4.1
      vertex 14.2804 10.9577 4.1
      vertex 13.1788 8.80579 4.1
    endloop
  endfacet
  facet normal -0 0 -1
    outer loop
      vertex 14.2804 10.9577 4.1
      vertex 12.5746 9.64887 4.1
      vertex 13.5331 11.8682 4.1
    endloop
  endfacet
  facet normal 0 0 -1
    outer loop
      vertex 11.9167 10.4506 4.1
      vertex 13.5331 11.8682 4.1
      vertex 12.5746 9.64887 4.1
    endloop
  endfacet
  facet normal -0 0 -1
    outer loop
      vertex 13.5331 11.8682 4.1
      vertex 11.9167 10.4506 4.1
      vertex 12.7279 12.7279 4.1
    endloop
  endfacet
  facet normal 0 0 -1
    outer loop
      vertex 11.2076 11.2076 4.1
      vertex 12.7279 12.7279 4.1
      vertex 11.9167 10.4506 4.1
    endloop
  endfacet
  facet normal -0 0 -1
    outer loop
      vertex 12.7279 12.7279 4.1
      vertex 11.2076 11.2076 4.1
      vertex 11.8682 13.5331 4.1
    endloop
  endfacet
  facet normal 0 0 -1
    outer loop
      vertex 10.4506 11.9167 4.1
      vertex 11.8682 13.5331 4.1
      vertex 11.2076 11.2076 4.1
    endloop
  endfacet
  facet normal -0 0 -1
    outer loop
      vertex 11.8682 13.5331 4.1
      vertex 10.4506 11.9167 4.1
      vertex 10.9577 14.2804 4.1
    endloop
  endfacet
  facet normal 0 0 -1
    outer loop
      vertex 9.64887 12.5746 4.1
      vertex 10.9577 14.2804 4.1
      vertex 10.4506 11.9167 4.1
    endloop
  endfacet
  facet normal -0 0 -1
    outer loop
      vertex 10.9577 14.2804 4.1
      vertex 9.64887 12.5746 4.1
      vertex 10.0003 14.9665 4.1
    endloop
  endfacet
  facet normal 0 0 -1
    outer loop
      vertex 8.80579 13.1788 4.1
      vertex 10.0003 14.9665 4.1
      vertex 9.64887 12.5746 4.1
    endloop
  endfacet
  facet normal -0 0 -1
    outer loop
      vertex 10.0003 14.9665 4.1
      vertex 8.80579 13.1788 4.1
      vertex 9 15.5885 4.1
    endloop
  endfacet
  facet normal 0 0 -1
    outer loop
      vertex 7.925 13.7265 4.1
      vertex 9 15.5885 4.1
      vertex 8.80579 13.1788 4.1
    endloop
  endfacet
  facet normal -0 0 -1
    outer loop
      vertex 9 15.5885 4.1
      vertex 7.925 13.7265 4.1
      vertex 7.9612 16.1437 4.1
    endloop
  endfacet
  facet normal 0 0 -1
    outer loop
      vertex 7.01027 14.2154 4.1
      vertex 7.9612 16.1437 4.1
      vertex 7.925 13.7265 4.1
    endloop
  endfacet
  facet normal 0 0 -1
    outer loop
      vertex 7.01027 14.2154 4.1
      vertex 6.8883 16.6298 4.1
      vertex 7.9612 16.1437 4.1
    endloop
  endfacet
  facet normal 0 0 -1
    outer loop
      vertex 6.06553 14.6435 4.1
      vertex 6.8883 16.6298 4.1
      vertex 7.01027 14.2154 4.1
    endloop
  endfacet
  facet normal 0 0 -1
    outer loop
      vertex 6.06553 14.6435 4.1
      vertex 5.78591 17.0447 4.1
      vertex 6.8883 16.6298 4.1
    endloop
  endfacet
  facet normal 0 0 -1
    outer loop
      vertex 5.09482 15.0088 4.1
      vertex 5.78591 17.0447 4.1
      vertex 6.06553 14.6435 4.1
    endloop
  endfacet
  facet normal 0 0 -1
    outer loop
      vertex 5.09482 15.0088 4.1
      vertex 4.65874 17.3867 4.1
      vertex 5.78591 17.0447 4.1
    endloop
  endfacet
  facet normal 0 0 -1
    outer loop
      vertex 4.10228 15.3099 4.1
      vertex 4.65874 17.3867 4.1
      vertex 5.09482 15.0088 4.1
    endloop
  endfacet
  facet normal 0 0 -1
    outer loop
      vertex 4.10228 15.3099 4.1
      vertex 3.51163 17.6541 4.1
      vertex 4.65874 17.3867 4.1
    endloop
  endfacet
  facet normal 0 0 -1
    outer loop
      vertex 3.09218 15.5454 4.1
      vertex 3.51163 17.6541 4.1
      vertex 4.10228 15.3099 4.1
    endloop
  endfacet
  facet normal 0 0 -1
    outer loop
      vertex 3.09218 15.5454 4.1
      vertex 2.34947 17.846 4.1
      vertex 3.51163 17.6541 4.1
    endloop
  endfacet
  facet normal 0 0 -1
    outer loop
      vertex 2.06884 15.7144 4.1
      vertex 2.34947 17.846 4.1
      vertex 3.09218 15.5454 4.1
    endloop
  endfacet
  facet normal 0 0 -1
    outer loop
      vertex 2.06884 15.7144 4.1
      vertex 1.17726 17.9615 4.1
      vertex 2.34947 17.846 4.1
    endloop
  endfacet
  facet normal 0 0 -1
    outer loop
      vertex 1.03664 15.8161 4.1
      vertex 1.17726 17.9615 4.1
      vertex 2.06884 15.7144 4.1
    endloop
  endfacet
  facet normal 0 0 -1
    outer loop
      vertex 0 15.85 4.1
      vertex 1.17726 17.9615 4.1
      vertex 1.03664 15.8161 4.1
    endloop
  endfacet
  facet normal 0 0 -1
    outer loop
      vertex 0 15.85 4.1
      vertex 0 18 4.1
      vertex 1.17726 17.9615 4.1
    endloop
  endfacet
  facet normal 0 0 -1
    outer loop
      vertex -1.03664 15.8161 4.1
      vertex 0 18 4.1
      vertex 0 15.85 4.1
    endloop
  endfacet
  facet normal 0 0 -1
    outer loop
      vertex -1.03664 15.8161 4.1
      vertex -1.17726 17.9615 4.1
      vertex 0 18 4.1
    endloop
  endfacet
  facet normal 0 0 -1
    outer loop
      vertex -2.06884 15.7144 4.1
      vertex -1.17726 17.9615 4.1
      vertex -1.03664 15.8161 4.1
    endloop
  endfacet
  facet normal 0 0 -1
    outer loop
      vertex -2.06884 15.7144 4.1
      vertex -2.34947 17.846 4.1
      vertex -1.17726 17.9615 4.1
    endloop
  endfacet
  facet normal 0 0 -1
    outer loop
      vertex -3.09218 15.5454 4.1
      vertex -2.34947 17.846 4.1
      vertex -2.06884 15.7144 4.1
    endloop
  endfacet
  facet normal 0 0 -1
    outer loop
      vertex -3.09218 15.5454 4.1
      vertex -3.51163 17.6541 4.1
      vertex -2.34947 17.846 4.1
    endloop
  endfacet
  facet normal 0 0 -1
    outer loop
      vertex -4.10228 15.3099 4.1
      vertex -3.51163 17.6541 4.1
      vertex -3.09218 15.5454 4.1
    endloop
  endfacet
  facet normal 0 0 -1
    outer loop
      vertex -4.10228 15.3099 4.1
      vertex -4.65874 17.3867 4.1
      vertex -3.51163 17.6541 4.1
    endloop
  endfacet
  facet normal 0 0 -1
    outer loop
      vertex -5.09482 15.0088 4.1
      vertex -4.65874 17.3867 4.1
      vertex -4.10228 15.3099 4.1
    endloop
  endfacet
  facet normal 0 0 -1
    outer loop
      vertex -5.09482 15.0088 4.1
      vertex -5.78591 17.0447 4.1
      vertex -4.65874 17.3867 4.1
    endloop
  endfacet
  facet normal 0 0 -1
    outer loop
      vertex -6.06553 14.6435 4.1
      vertex -5.78591 17.0447 4.1
      vertex -5.09482 15.0088 4.1
    endloop
  endfacet
  facet normal 0 0 -1
    outer loop
      vertex -6.06553 14.6435 4.1
      vertex -6.8883 16.6298 4.1
      vertex -5.78591 17.0447 4.1
    endloop
  endfacet
  facet normal 0 0 -1
    outer loop
      vertex -7.01027 14.2154 4.1
      vertex -6.8883 16.6298 4.1
      vertex -6.06553 14.6435 4.1
    endloop
  endfacet
  facet normal 0 0 -1
    outer loop
      vertex -7.9612 16.1437 4.1
      vertex -7.01027 14.2154 4.1
      vertex -7.925 13.7265 4.1
    endloop
  endfacet
  facet normal 0 0 -1
    outer loop
      vertex -7.01027 14.2154 4.1
      vertex -7.9612 16.1437 4.1
      vertex -6.8883 16.6298 4.1
    endloop
  endfacet
  facet normal 0 0 -1
    outer loop
      vertex -9 15.5885 4.1
      vertex -7.925 13.7265 4.1
      vertex -8.80579 13.1788 4.1
    endloop
  endfacet
  facet normal 0 0 -1
    outer loop
      vertex -7.925 13.7265 4.1
      vertex -9 15.5885 4.1
      vertex -7.9612 16.1437 4.1
    endloop
  endfacet
  facet normal 0 0 -1
    outer loop
      vertex -10.0003 14.9665 4.1
      vertex -8.80579 13.1788 4.1
      vertex -9.64887 12.5746 4.1
    endloop
  endfacet
  facet normal 0 0 -1
    outer loop
      vertex -8.80579 13.1788 4.1
      vertex -10.0003 14.9665 4.1
      vertex -9 15.5885 4.1
    endloop
  endfacet
  facet normal 0 0 -1
    outer loop
      vertex -10.9577 14.2804 4.1
      vertex -9.64887 12.5746 4.1
      vertex -10.4506 11.9167 4.1
    endloop
  endfacet
  facet normal 0 0 -1
    outer loop
      vertex -9.64887 12.5746 4.1
      vertex -10.9577 14.2804 4.1
      vertex -10.0003 14.9665 4.1
    endloop
  endfacet
  facet normal 0 0 -1
    outer loop
      vertex -11.8682 13.5331 4.1
      vertex -10.4506 11.9167 4.1
      vertex -11.2076 11.2076 4.1
    endloop
  endfacet
  facet normal 0 0 -1
    outer loop
      vertex -10.4506 11.9167 4.1
      vertex -11.8682 13.5331 4.1
      vertex -10.9577 14.2804 4.1
    endloop
  endfacet
  facet normal 0 0 -1
    outer loop
      vertex -12.7279 12.7279 4.1
      vertex -11.2076 11.2076 4.1
      vertex -11.9167 10.4506 4.1
    endloop
  endfacet
  facet normal 0 0 -1
    outer loop
      vertex -13.5331 11.8682 4.1
      vertex -11.9167 10.4506 4.1
      vertex -12.5746 9.64887 4.1
    endloop
  endfacet
  facet normal 0 0 -1
    outer loop
      vertex -11.2076 11.2076 4.1
      vertex -12.7279 12.7279 4.1
      vertex -11.8682 13.5331 4.1
    endloop
  endfacet
  facet normal 0 0 -1
    outer loop
      vertex -14.2804 10.9577 4.1
      vertex -12.5746 9.64887 4.1
      vertex -13.1788 8.80579 4.1
    endloop
  endfacet
  facet normal 0 0 -1
    outer loop
      vertex -11.9167 10.4506 4.1
      vertex -13.5331 11.8682 4.1
      vertex -12.7279 12.7279 4.1
    endloop
  endfacet
  facet normal 0 0 -1
    outer loop
      vertex -14.9665 10.0003 4.1
      vertex -13.1788 8.80579 4.1
      vertex -13.7265 7.925 4.1
    endloop
  endfacet
  facet normal 0 0 -1
    outer loop
      vertex -15.5885 9 4.1
      vertex -13.7265 7.925 4.1
      vertex -14.2154 7.01027 4.1
    endloop
  endfacet
  facet normal 0 0 -1
    outer loop
      vertex -12.5746 9.64887 4.1
      vertex -14.2804 10.9577 4.1
      vertex -13.5331 11.8682 4.1
    endloop
  endfacet
  facet normal 0 0 -1
    outer loop
      vertex -16.1437 7.9612 4.1
      vertex -14.2154 7.01027 4.1
      vertex -14.6435 6.06553 4.1
    endloop
  endfacet
  facet normal 0 0 -1
    outer loop
      vertex -13.1788 8.80579 4.1
      vertex -14.9665 10.0003 4.1
      vertex -14.2804 10.9577 4.1
    endloop
  endfacet
  facet normal 0 0 -1
    outer loop
      vertex -16.6298 6.8883 4.1
      vertex -14.6435 6.06553 4.1
      vertex -15.0088 5.09482 4.1
    endloop
  endfacet
  facet normal 0 0 -1
    outer loop
      vertex -17.0447 5.78591 4.1
      vertex -15.0088 5.09482 4.1
      vertex -15.3099 4.10228 4.1
    endloop
  endfacet
  facet normal 0 0 -1
    outer loop
      vertex -17.3867 4.65874 4.1
      vertex -15.3099 4.10228 4.1
      vertex -15.5454 3.09218 4.1
    endloop
  endfacet
  facet normal 0 0 -1
    outer loop
      vertex -13.7265 7.925 4.1
      vertex -15.5885 9 4.1
      vertex -14.9665 10.0003 4.1
    endloop
  endfacet
  facet normal 0 0 -1
    outer loop
      vertex -17.6541 3.51163 4.1
      vertex -15.5454 3.09218 4.1
      vertex -15.6845 2.25 4.1
    endloop
  endfacet
  facet normal 0 0 -1
    outer loop
      vertex -14.2154 7.01027 4.1
      vertex -16.1437 7.9612 4.1
      vertex -15.5885 9 4.1
    endloop
  endfacet
  facet normal 0 0 -1
    outer loop
      vertex -14.6435 6.06553 4.1
      vertex -16.6298 6.8883 4.1
      vertex -16.1437 7.9612 4.1
    endloop
  endfacet
  facet normal 0 0 -1
    outer loop
      vertex -15.0088 5.09482 4.1
      vertex -17.0447 5.78591 4.1
      vertex -16.6298 6.8883 4.1
    endloop
  endfacet
  facet normal 0 0 -1
    outer loop
      vertex -15.3099 4.10228 4.1
      vertex -17.3867 4.65874 4.1
      vertex -17.0447 5.78591 4.1
    endloop
  endfacet
  facet normal 0 0 -1
    outer loop
      vertex -15.5454 3.09218 4.1
      vertex -17.6541 3.51163 4.1
      vertex -17.3867 4.65874 4.1
    endloop
  endfacet
  facet normal 0 0 -1
    outer loop
      vertex -17.75 2.25 4.1
      vertex -17.6541 3.51163 4.1
      vertex -15.6845 2.25 4.1
    endloop
  endfacet
  facet normal 0 0 -1
    outer loop
      vertex -17.75 2.25 4.1
      vertex -17.846 2.34947 4.1
      vertex -17.6541 3.51163 4.1
    endloop
  endfacet
  facet normal 0 0 -1
    outer loop
      vertex -18 0 4.1
      vertex -17.75 -2.25 4.1
      vertex -17.9615 -1.17726 4.1
    endloop
  endfacet
  facet normal 0 0 -1
    outer loop
      vertex -17.75 -2.25 4.1
      vertex -18 0 4.1
      vertex -17.75 2.25 4.1
    endloop
  endfacet
  facet normal -0 0 -1
    outer loop
      vertex -17.75 2.25 4.1
      vertex -17.9615 1.17726 4.1
      vertex -17.846 2.34947 4.1
    endloop
  endfacet
  facet normal 0 0 -1
    outer loop
      vertex -17.75 2.25 4.1
      vertex -18 0 4.1
      vertex -17.9615 1.17726 4.1
    endloop
  endfacet
  facet normal 0 0 1
    outer loop
      vertex 4 0 6.1
      vertex 18 0 6.1
      vertex 17.9615 1.17726 6.1
    endloop
  endfacet
  facet normal 0 0 1
    outer loop
      vertex 3.99144 0.261612 6.1
      vertex 17.9615 1.17726 6.1
      vertex 17.846 2.34947 6.1
    endloop
  endfacet
  facet normal 0 0 1
    outer loop
      vertex 18 0 6.1
      vertex 4 0 6.1
      vertex 17.9615 -1.17726 6.1
    endloop
  endfacet
  facet normal 0 0 1
    outer loop
      vertex 3.96578 0.522104 6.1
      vertex 17.846 2.34947 6.1
      vertex 17.6541 3.51163 6.1
    endloop
  endfacet
  facet normal -0 0 1
    outer loop
      vertex 3.99144 -0.261612 6.1
      vertex 17.9615 -1.17726 6.1
      vertex 4 0 6.1
    endloop
  endfacet
  facet normal 0 0 1
    outer loop
      vertex 3.92314 0.780361 6.1
      vertex 17.6541 3.51163 6.1
      vertex 17.3867 4.65874 6.1
    endloop
  endfacet
  facet normal 0 0 1
    outer loop
      vertex 17.9615 -1.17726 6.1
      vertex 3.99144 -0.261612 6.1
      vertex 17.846 -2.34947 6.1
    endloop
  endfacet
  facet normal 0 0 1
    outer loop
      vertex 3.8637 1.03528 6.1
      vertex 17.3867 4.65874 6.1
      vertex 17.0447 5.78591 6.1
    endloop
  endfacet
  facet normal -0 0 1
    outer loop
      vertex 3.96578 -0.522104 6.1
      vertex 17.846 -2.34947 6.1
      vertex 3.99144 -0.261612 6.1
    endloop
  endfacet
  facet normal 0 0 1
    outer loop
      vertex 3.78772 1.28576 6.1
      vertex 17.0447 5.78591 6.1
      vertex 16.6298 6.8883 6.1
    endloop
  endfacet
  facet normal 0 0 1
    outer loop
      vertex 17.846 -2.34947 6.1
      vertex 3.96578 -0.522104 6.1
      vertex 17.6541 -3.51163 6.1
    endloop
  endfacet
  facet normal 0 0 1
    outer loop
      vertex 3.69552 1.53073 6.1
      vertex 16.6298 6.8883 6.1
      vertex 16.1437 7.9612 6.1
    endloop
  endfacet
  facet normal -0 0 1
    outer loop
      vertex 3.92314 -0.780361 6.1
      vertex 17.6541 -3.51163 6.1
      vertex 3.96578 -0.522104 6.1
    endloop
  endfacet
  facet normal 0 0 1
    outer loop
      vertex 3.58749 1.76915 6.1
      vertex 16.1437 7.9612 6.1
      vertex 15.5885 9 6.1
    endloop
  endfacet
  facet normal 0 0 1
    outer loop
      vertex 17.6541 -3.51163 6.1
      vertex 3.92314 -0.780361 6.1
      vertex 17.3867 -4.65874 6.1
    endloop
  endfacet
  facet normal 0 0 1
    outer loop
      vertex 3.4641 2 6.1
      vertex 15.5885 9 6.1
      vertex 14.9665 10.0003 6.1
    endloop
  endfacet
  facet normal -0 0 1
    outer loop
      vertex 3.8637 -1.03528 6.1
      vertex 17.3867 -4.65874 6.1
      vertex 3.92314 -0.780361 6.1
    endloop
  endfacet
  facet normal 0 0 1
    outer loop
      vertex 3.32588 2.22228 6.1
      vertex 14.9665 10.0003 6.1
      vertex 14.2804 10.9577 6.1
    endloop
  endfacet
  facet normal 0 0 1
    outer loop
      vertex 17.3867 -4.65874 6.1
      vertex 3.8637 -1.03528 6.1
      vertex 17.0447 -5.78591 6.1
    endloop
  endfacet
  facet normal 0 0 1
    outer loop
      vertex 3.17341 2.43505 6.1
      vertex 14.2804 10.9577 6.1
      vertex 13.5331 11.8682 6.1
    endloop
  endfacet
  facet normal -0 0 1
    outer loop
      vertex 3.78772 -1.28576 6.1
      vertex 17.0447 -5.78591 6.1
      vertex 3.8637 -1.03528 6.1
    endloop
  endfacet
  facet normal 0 0 1
    outer loop
      vertex 3.00736 2.63738 6.1
      vertex 13.5331 11.8682 6.1
      vertex 12.7279 12.7279 6.1
    endloop
  endfacet
  facet normal 0 0 1
    outer loop
      vertex 17.0447 -5.78591 6.1
      vertex 3.78772 -1.28576 6.1
      vertex 16.6298 -6.8883 6.1
    endloop
  endfacet
  facet normal 0 0 1
    outer loop
      vertex 2.82843 2.82843 6.1
      vertex 12.7279 12.7279 6.1
      vertex 11.8682 13.5331 6.1
    endloop
  endfacet
  facet normal -0 0 1
    outer loop
      vertex 3.69552 -1.53073 6.1
      vertex 16.6298 -6.8883 6.1
      vertex 3.78772 -1.28576 6.1
    endloop
  endfacet
  facet normal 0 0 1
    outer loop
      vertex 2.63738 3.00736 6.1
      vertex 11.8682 13.5331 6.1
      vertex 10.9577 14.2804 6.1
    endloop
  endfacet
  facet normal 0 0 1
    outer loop
      vertex 16.6298 -6.8883 6.1
      vertex 3.69552 -1.53073 6.1
      vertex 16.1437 -7.9612 6.1
    endloop
  endfacet
  facet normal 0 0 1
    outer loop
      vertex 2.43505 3.17341 6.1
      vertex 10.9577 14.2804 6.1
      vertex 10.0003 14.9665 6.1
    endloop
  endfacet
  facet normal -0 0 1
    outer loop
      vertex 3.58749 -1.76915 6.1
      vertex 16.1437 -7.9612 6.1
      vertex 3.69552 -1.53073 6.1
    endloop
  endfacet
  facet normal 0 0 1
    outer loop
      vertex 2.22228 3.32588 6.1
      vertex 10.0003 14.9665 6.1
      vertex 9 15.5885 6.1
    endloop
  endfacet
  facet normal 0 0 1
    outer loop
      vertex 16.1437 -7.9612 6.1
      vertex 3.58749 -1.76915 6.1
      vertex 15.5885 -9 6.1
    endloop
  endfacet
  facet normal 0 0 1
    outer loop
      vertex 2 3.4641 6.1
      vertex 9 15.5885 6.1
      vertex 7.9612 16.1437 6.1
    endloop
  endfacet
  facet normal -0 0 1
    outer loop
      vertex 3.4641 -2 6.1
      vertex 15.5885 -9 6.1
      vertex 3.58749 -1.76915 6.1
    endloop
  endfacet
  facet normal 0 0 1
    outer loop
      vertex 1.76915 3.58749 6.1
      vertex 7.9612 16.1437 6.1
      vertex 6.8883 16.6298 6.1
    endloop
  endfacet
  facet normal 0 0 1
    outer loop
      vertex 15.5885 -9 6.1
      vertex 3.4641 -2 6.1
      vertex 14.9665 -10.0003 6.1
    endloop
  endfacet
  facet normal 0 0 1
    outer loop
      vertex 1.53073 3.69552 6.1
      vertex 6.8883 16.6298 6.1
      vertex 5.78591 17.0447 6.1
    endloop
  endfacet
  facet normal -0 0 1
    outer loop
      vertex 3.32588 -2.22228 6.1
      vertex 14.9665 -10.0003 6.1
      vertex 3.4641 -2 6.1
    endloop
  endfacet
  facet normal 0 0 1
    outer loop
      vertex 1.28576 3.78772 6.1
      vertex 5.78591 17.0447 6.1
      vertex 4.65874 17.3867 6.1
    endloop
  endfacet
  facet normal 0 0 1
    outer loop
      vertex 14.9665 -10.0003 6.1
      vertex 3.32588 -2.22228 6.1
      vertex 14.2804 -10.9577 6.1
    endloop
  endfacet
  facet normal -0 0 1
    outer loop
      vertex 3.17341 -2.43505 6.1
      vertex 14.2804 -10.9577 6.1
      vertex 3.32588 -2.22228 6.1
    endloop
  endfacet
  facet normal 0 0 1
    outer loop
      vertex 17.9615 1.17726 6.1
      vertex 3.99144 0.261612 6.1
      vertex 4 0 6.1
    endloop
  endfacet
  facet normal 0 0 1
    outer loop
      vertex 17.846 2.34947 6.1
      vertex 3.96578 0.522104 6.1
      vertex 3.99144 0.261612 6.1
    endloop
  endfacet
  facet normal 0 0 1
    outer loop
      vertex 17.6541 3.51163 6.1
      vertex 3.92314 0.780361 6.1
      vertex 3.96578 0.522104 6.1
    endloop
  endfacet
  facet normal 0 0 1
    outer loop
      vertex 17.3867 4.65874 6.1
      vertex 3.8637 1.03528 6.1
      vertex 3.92314 0.780361 6.1
    endloop
  endfacet
  facet normal 0 0 1
    outer loop
      vertex 17.0447 5.78591 6.1
      vertex 3.78772 1.28576 6.1
      vertex 3.8637 1.03528 6.1
    endloop
  endfacet
  facet normal 0 0 1
    outer loop
      vertex 16.6298 6.8883 6.1
      vertex 3.69552 1.53073 6.1
      vertex 3.78772 1.28576 6.1
    endloop
  endfacet
  facet normal 0 0 1
    outer loop
      vertex 16.1437 7.9612 6.1
      vertex 3.58749 1.76915 6.1
      vertex 3.69552 1.53073 6.1
    endloop
  endfacet
  facet normal 0 0 1
    outer loop
      vertex 1.03528 3.8637 6.1
      vertex 4.65874 17.3867 6.1
      vertex 3.51163 17.6541 6.1
    endloop
  endfacet
  facet normal 0 0 1
    outer loop
      vertex 15.5885 9 6.1
      vertex 3.4641 2 6.1
      vertex 3.58749 1.76915 6.1
    endloop
  endfacet
  facet normal 0 0 1
    outer loop
      vertex 14.9665 10.0003 6.1
      vertex 3.32588 2.22228 6.1
      vertex 3.4641 2 6.1
    endloop
  endfacet
  facet normal 0 0 1
    outer loop
      vertex 14.2804 10.9577 6.1
      vertex 3.17341 2.43505 6.1
      vertex 3.32588 2.22228 6.1
    endloop
  endfacet
  facet normal 0 0 1
    outer loop
      vertex 13.5331 11.8682 6.1
      vertex 3.00736 2.63738 6.1
      vertex 3.17341 2.43505 6.1
    endloop
  endfacet
  facet normal 0 0 1
    outer loop
      vertex 12.7279 12.7279 6.1
      vertex 2.82843 2.82843 6.1
      vertex 3.00736 2.63738 6.1
    endloop
  endfacet
  facet normal 0 0 1
    outer loop
      vertex 11.8682 13.5331 6.1
      vertex 2.63738 3.00736 6.1
      vertex 2.82843 2.82843 6.1
    endloop
  endfacet
  facet normal 0 0 1
    outer loop
      vertex 10.9577 14.2804 6.1
      vertex 2.43505 3.17341 6.1
      vertex 2.63738 3.00736 6.1
    endloop
  endfacet
  facet normal 0 0 1
    outer loop
      vertex 0.780361 3.92314 6.1
      vertex 3.51163 17.6541 6.1
      vertex 2.34947 17.846 6.1
    endloop
  endfacet
  facet normal 0 0 1
    outer loop
      vertex 10.0003 14.9665 6.1
      vertex 2.22228 3.32588 6.1
      vertex 2.43505 3.17341 6.1
    endloop
  endfacet
  facet normal 0 0 1
    outer loop
      vertex 9 15.5885 6.1
      vertex 2 3.4641 6.1
      vertex 2.22228 3.32588 6.1
    endloop
  endfacet
  facet normal 0 0 1
    outer loop
      vertex 7.9612 16.1437 6.1
      vertex 1.76915 3.58749 6.1
      vertex 2 3.4641 6.1
    endloop
  endfacet
  facet normal 0 0 1
    outer loop
      vertex 6.8883 16.6298 6.1
      vertex 1.53073 3.69552 6.1
      vertex 1.76915 3.58749 6.1
    endloop
  endfacet
  facet normal 0 0 1
    outer loop
      vertex 5.78591 17.0447 6.1
      vertex 1.28576 3.78772 6.1
      vertex 1.53073 3.69552 6.1
    endloop
  endfacet
  facet normal 0 0 1
    outer loop
      vertex 0.522104 3.96578 6.1
      vertex 2.34947 17.846 6.1
      vertex 1.17726 17.9615 6.1
    endloop
  endfacet
  facet normal 0 0 1
    outer loop
      vertex 4.65874 17.3867 6.1
      vertex 1.03528 3.8637 6.1
      vertex 1.28576 3.78772 6.1
    endloop
  endfacet
  facet normal 0 0 1
    outer loop
      vertex 3.51163 17.6541 6.1
      vertex 0.780361 3.92314 6.1
      vertex 1.03528 3.8637 6.1
    endloop
  endfacet
  facet normal 0 0 1
    outer loop
      vertex 2.34947 17.846 6.1
      vertex 0.522104 3.96578 6.1
      vertex 0.780361 3.92314 6.1
    endloop
  endfacet
  facet normal 0 0 1
    outer loop
      vertex 1.17726 17.9615 6.1
      vertex 0.261612 3.99144 6.1
      vertex 0.522104 3.96578 6.1
    endloop
  endfacet
  facet normal 0 0 1
    outer loop
      vertex 0 18 6.1
      vertex 0.261612 3.99144 6.1
      vertex 1.17726 17.9615 6.1
    endloop
  endfacet
  facet normal 0 0 1
    outer loop
      vertex 0 18 6.1
      vertex 0 4 6.1
      vertex 0.261612 3.99144 6.1
    endloop
  endfacet
  facet normal 0 0 1
    outer loop
      vertex 0 18 6.1
      vertex -0.261612 3.99144 6.1
      vertex 0 4 6.1
    endloop
  endfacet
  facet normal -0 0 1
    outer loop
      vertex -1.17726 17.9615 6.1
      vertex -0.261612 3.99144 6.1
      vertex 0 18 6.1
    endloop
  endfacet
  facet normal 0 0 1
    outer loop
      vertex -0.261612 3.99144 6.1
      vertex -1.17726 17.9615 6.1
      vertex -0.522104 3.96578 6.1
    endloop
  endfacet
  facet normal -0 0 1
    outer loop
      vertex -2.34947 17.846 6.1
      vertex -0.522104 3.96578 6.1
      vertex -1.17726 17.9615 6.1
    endloop
  endfacet
  facet normal 0 0 1
    outer loop
      vertex -0.522104 3.96578 6.1
      vertex -2.34947 17.846 6.1
      vertex -0.780361 3.92314 6.1
    endloop
  endfacet
  facet normal -0 0 1
    outer loop
      vertex -3.51163 17.6541 6.1
      vertex -0.780361 3.92314 6.1
      vertex -2.34947 17.846 6.1
    endloop
  endfacet
  facet normal 0 0 1
    outer loop
      vertex -0.780361 3.92314 6.1
      vertex -3.51163 17.6541 6.1
      vertex -1.03528 3.8637 6.1
    endloop
  endfacet
  facet normal -0 0 1
    outer loop
      vertex -4.65874 17.3867 6.1
      vertex -1.03528 3.8637 6.1
      vertex -3.51163 17.6541 6.1
    endloop
  endfacet
  facet normal 0 0 1
    outer loop
      vertex -1.03528 3.8637 6.1
      vertex -4.65874 17.3867 6.1
      vertex -1.28576 3.78772 6.1
    endloop
  endfacet
  facet normal -0 0 1
    outer loop
      vertex -5.78591 17.0447 6.1
      vertex -1.28576 3.78772 6.1
      vertex -4.65874 17.3867 6.1
    endloop
  endfacet
  facet normal 0 0 1
    outer loop
      vertex -1.28576 3.78772 6.1
      vertex -5.78591 17.0447 6.1
      vertex -1.53073 3.69552 6.1
    endloop
  endfacet
  facet normal -0 0 1
    outer loop
      vertex -6.8883 16.6298 6.1
      vertex -1.53073 3.69552 6.1
      vertex -5.78591 17.0447 6.1
    endloop
  endfacet
  facet normal 0 0 1
    outer loop
      vertex -1.53073 3.69552 6.1
      vertex -6.8883 16.6298 6.1
      vertex -1.76915 3.58749 6.1
    endloop
  endfacet
  facet normal -0 0 1
    outer loop
      vertex -7.9612 16.1437 6.1
      vertex -1.76915 3.58749 6.1
      vertex -6.8883 16.6298 6.1
    endloop
  endfacet
  facet normal 0 0 1
    outer loop
      vertex -1.76915 3.58749 6.1
      vertex -7.9612 16.1437 6.1
      vertex -2 3.4641 6.1
    endloop
  endfacet
  facet normal -0 0 1
    outer loop
      vertex -9 15.5885 6.1
      vertex -2 3.4641 6.1
      vertex -7.9612 16.1437 6.1
    endloop
  endfacet
  facet normal 0 0 1
    outer loop
      vertex -2 3.4641 6.1
      vertex -9 15.5885 6.1
      vertex -2.22228 3.32588 6.1
    endloop
  endfacet
  facet normal -0 0 1
    outer loop
      vertex -10.0003 14.9665 6.1
      vertex -2.22228 3.32588 6.1
      vertex -9 15.5885 6.1
    endloop
  endfacet
  facet normal 0 0 1
    outer loop
      vertex -2.22228 3.32588 6.1
      vertex -10.0003 14.9665 6.1
      vertex -2.43505 3.17341 6.1
    endloop
  endfacet
  facet normal -0 0 1
    outer loop
      vertex -10.9577 14.2804 6.1
      vertex -2.43505 3.17341 6.1
      vertex -10.0003 14.9665 6.1
    endloop
  endfacet
  facet normal 0 0 1
    outer loop
      vertex -2.43505 3.17341 6.1
      vertex -10.9577 14.2804 6.1
      vertex -2.63738 3.00736 6.1
    endloop
  endfacet
  facet normal -0 0 1
    outer loop
      vertex -11.8682 13.5331 6.1
      vertex -2.63738 3.00736 6.1
      vertex -10.9577 14.2804 6.1
    endloop
  endfacet
  facet normal 0 0 1
    outer loop
      vertex -2.63738 3.00736 6.1
      vertex -11.8682 13.5331 6.1
      vertex -2.82843 2.82843 6.1
    endloop
  endfacet
  facet normal -0 0 1
    outer loop
      vertex -12.7279 12.7279 6.1
      vertex -2.82843 2.82843 6.1
      vertex -11.8682 13.5331 6.1
    endloop
  endfacet
  facet normal 0 0 1
    outer loop
      vertex -2.82843 2.82843 6.1
      vertex -12.7279 12.7279 6.1
      vertex -3.00736 2.63738 6.1
    endloop
  endfacet
  facet normal -0 0 1
    outer loop
      vertex -13.5331 11.8682 6.1
      vertex -3.00736 2.63738 6.1
      vertex -12.7279 12.7279 6.1
    endloop
  endfacet
  facet normal 0 0 1
    outer loop
      vertex -3.00736 2.63738 6.1
      vertex -13.5331 11.8682 6.1
      vertex -3.17341 2.43505 6.1
    endloop
  endfacet
  facet normal -0 0 1
    outer loop
      vertex -14.2804 10.9577 6.1
      vertex -3.17341 2.43505 6.1
      vertex -13.5331 11.8682 6.1
    endloop
  endfacet
  facet normal 0 0 1
    outer loop
      vertex 14.2804 -10.9577 6.1
      vertex 3.17341 -2.43505 6.1
      vertex 13.5331 -11.8682 6.1
    endloop
  endfacet
  facet normal -0 0 1
    outer loop
      vertex 3.00736 -2.63738 6.1
      vertex 13.5331 -11.8682 6.1
      vertex 3.17341 -2.43505 6.1
    endloop
  endfacet
  facet normal 0 0 1
    outer loop
      vertex 13.5331 -11.8682 6.1
      vertex 3.00736 -2.63738 6.1
      vertex 12.7279 -12.7279 6.1
    endloop
  endfacet
  facet normal -0 0 1
    outer loop
      vertex 2.82843 -2.82843 6.1
      vertex 12.7279 -12.7279 6.1
      vertex 3.00736 -2.63738 6.1
    endloop
  endfacet
  facet normal 0 0 1
    outer loop
      vertex 12.7279 -12.7279 6.1
      vertex 2.82843 -2.82843 6.1
      vertex 11.8682 -13.5331 6.1
    endloop
  endfacet
  facet normal -0 0 1
    outer loop
      vertex 2.63738 -3.00736 6.1
      vertex 11.8682 -13.5331 6.1
      vertex 2.82843 -2.82843 6.1
    endloop
  endfacet
  facet normal 0 0 1
    outer loop
      vertex 11.8682 -13.5331 6.1
      vertex 2.63738 -3.00736 6.1
      vertex 10.9577 -14.2804 6.1
    endloop
  endfacet
  facet normal -0 0 1
    outer loop
      vertex 2.43505 -3.17341 6.1
      vertex 10.9577 -14.2804 6.1
      vertex 2.63738 -3.00736 6.1
    endloop
  endfacet
  facet normal 0 0 1
    outer loop
      vertex 10.9577 -14.2804 6.1
      vertex 2.43505 -3.17341 6.1
      vertex 10.0003 -14.9665 6.1
    endloop
  endfacet
  facet normal -0 0 1
    outer loop
      vertex 2.22228 -3.32588 6.1
      vertex 10.0003 -14.9665 6.1
      vertex 2.43505 -3.17341 6.1
    endloop
  endfacet
  facet normal 0 0 1
    outer loop
      vertex 10.0003 -14.9665 6.1
      vertex 2.22228 -3.32588 6.1
      vertex 9 -15.5885 6.1
    endloop
  endfacet
  facet normal -0 0 1
    outer loop
      vertex 2 -3.4641 6.1
      vertex 9 -15.5885 6.1
      vertex 2.22228 -3.32588 6.1
    endloop
  endfacet
  facet normal 0 0 1
    outer loop
      vertex 9 -15.5885 6.1
      vertex 2 -3.4641 6.1
      vertex 7.9612 -16.1437 6.1
    endloop
  endfacet
  facet normal -0 0 1
    outer loop
      vertex 1.76915 -3.58749 6.1
      vertex 7.9612 -16.1437 6.1
      vertex 2 -3.4641 6.1
    endloop
  endfacet
  facet normal 0 0 1
    outer loop
      vertex 7.9612 -16.1437 6.1
      vertex 1.76915 -3.58749 6.1
      vertex 6.8883 -16.6298 6.1
    endloop
  endfacet
  facet normal -0 0 1
    outer loop
      vertex 1.53073 -3.69552 6.1
      vertex 6.8883 -16.6298 6.1
      vertex 1.76915 -3.58749 6.1
    endloop
  endfacet
  facet normal 0 0 1
    outer loop
      vertex 6.8883 -16.6298 6.1
      vertex 1.53073 -3.69552 6.1
      vertex 5.78591 -17.0447 6.1
    endloop
  endfacet
  facet normal -0 0 1
    outer loop
      vertex 1.28576 -3.78772 6.1
      vertex 5.78591 -17.0447 6.1
      vertex 1.53073 -3.69552 6.1
    endloop
  endfacet
  facet normal 0 0 1
    outer loop
      vertex 5.78591 -17.0447 6.1
      vertex 1.28576 -3.78772 6.1
      vertex 4.65874 -17.3867 6.1
    endloop
  endfacet
  facet normal -0 0 1
    outer loop
      vertex 1.03528 -3.8637 6.1
      vertex 4.65874 -17.3867 6.1
      vertex 1.28576 -3.78772 6.1
    endloop
  endfacet
  facet normal 0 0 1
    outer loop
      vertex 4.65874 -17.3867 6.1
      vertex 1.03528 -3.8637 6.1
      vertex 3.51163 -17.6541 6.1
    endloop
  endfacet
  facet normal -0 0 1
    outer loop
      vertex 0.780361 -3.92314 6.1
      vertex 3.51163 -17.6541 6.1
      vertex 1.03528 -3.8637 6.1
    endloop
  endfacet
  facet normal 0 0 1
    outer loop
      vertex 3.51163 -17.6541 6.1
      vertex 0.780361 -3.92314 6.1
      vertex 2.34947 -17.846 6.1
    endloop
  endfacet
  facet normal -0 0 1
    outer loop
      vertex 0.522104 -3.96578 6.1
      vertex 2.34947 -17.846 6.1
      vertex 0.780361 -3.92314 6.1
    endloop
  endfacet
  facet normal 0 0 1
    outer loop
      vertex 2.34947 -17.846 6.1
      vertex 0.522104 -3.96578 6.1
      vertex 1.17726 -17.9615 6.1
    endloop
  endfacet
  facet normal -0 0 1
    outer loop
      vertex 0.261612 -3.99144 6.1
      vertex 1.17726 -17.9615 6.1
      vertex 0.522104 -3.96578 6.1
    endloop
  endfacet
  facet normal -0 0 1
    outer loop
      vertex 0 -4 6.1
      vertex 1.17726 -17.9615 6.1
      vertex 0.261612 -3.99144 6.1
    endloop
  endfacet
  facet normal 0 0 1
    outer loop
      vertex 0 -4 6.1
      vertex 0 -18 6.1
      vertex 1.17726 -17.9615 6.1
    endloop
  endfacet
  facet normal 0 0 1
    outer loop
      vertex -0.261612 -3.99144 6.1
      vertex 0 -18 6.1
      vertex 0 -4 6.1
    endloop
  endfacet
  facet normal 0 0 1
    outer loop
      vertex -1.17726 -17.9615 6.1
      vertex -0.261612 -3.99144 6.1
      vertex -0.522104 -3.96578 6.1
    endloop
  endfacet
  facet normal 0 0 1
    outer loop
      vertex -2.34947 -17.846 6.1
      vertex -0.522104 -3.96578 6.1
      vertex -0.780361 -3.92314 6.1
    endloop
  endfacet
  facet normal 0 0 1
    outer loop
      vertex -3.51163 -17.6541 6.1
      vertex -0.780361 -3.92314 6.1
      vertex -1.03528 -3.8637 6.1
    endloop
  endfacet
  facet normal 0 0 1
    outer loop
      vertex -0.261612 -3.99144 6.1
      vertex -1.17726 -17.9615 6.1
      vertex 0 -18 6.1
    endloop
  endfacet
  facet normal 0 0 1
    outer loop
      vertex -4.65874 -17.3867 6.1
      vertex -1.03528 -3.8637 6.1
      vertex -1.28576 -3.78772 6.1
    endloop
  endfacet
  facet normal 0 0 1
    outer loop
      vertex -5.78591 -17.0447 6.1
      vertex -1.28576 -3.78772 6.1
      vertex -1.53073 -3.69552 6.1
    endloop
  endfacet
  facet normal 0 0 1
    outer loop
      vertex -6.8883 -16.6298 6.1
      vertex -1.53073 -3.69552 6.1
      vertex -1.76915 -3.58749 6.1
    endloop
  endfacet
  facet normal 0 0 1
    outer loop
      vertex -7.9612 -16.1437 6.1
      vertex -1.76915 -3.58749 6.1
      vertex -2 -3.4641 6.1
    endloop
  endfacet
  facet normal 0 0 1
    outer loop
      vertex -9 -15.5885 6.1
      vertex -2 -3.4641 6.1
      vertex -2.22228 -3.32588 6.1
    endloop
  endfacet
  facet normal 0 0 1
    outer loop
      vertex -0.522104 -3.96578 6.1
      vertex -2.34947 -17.846 6.1
      vertex -1.17726 -17.9615 6.1
    endloop
  endfacet
  facet normal 0 0 1
    outer loop
      vertex -10.0003 -14.9665 6.1
      vertex -2.22228 -3.32588 6.1
      vertex -2.43505 -3.17341 6.1
    endloop
  endfacet
  facet normal 0 0 1
    outer loop
      vertex -10.9577 -14.2804 6.1
      vertex -2.43505 -3.17341 6.1
      vertex -2.63738 -3.00736 6.1
    endloop
  endfacet
  facet normal 0 0 1
    outer loop
      vertex -11.8682 -13.5331 6.1
      vertex -2.63738 -3.00736 6.1
      vertex -2.82843 -2.82843 6.1
    endloop
  endfacet
  facet normal 0 0 1
    outer loop
      vertex -12.7279 -12.7279 6.1
      vertex -2.82843 -2.82843 6.1
      vertex -3.00736 -2.63738 6.1
    endloop
  endfacet
  facet normal 0 0 1
    outer loop
      vertex -13.5331 -11.8682 6.1
      vertex -3.00736 -2.63738 6.1
      vertex -3.17341 -2.43505 6.1
    endloop
  endfacet
  facet normal 0 0 1
    outer loop
      vertex -14.2804 -10.9577 6.1
      vertex -3.17341 -2.43505 6.1
      vertex -3.32588 -2.22228 6.1
    endloop
  endfacet
  facet normal 0 0 1
    outer loop
      vertex -14.9665 -10.0003 6.1
      vertex -3.32588 -2.22228 6.1
      vertex -3.4641 -2 6.1
    endloop
  endfacet
  facet normal 0 0 1
    outer loop
      vertex -0.780361 -3.92314 6.1
      vertex -3.51163 -17.6541 6.1
      vertex -2.34947 -17.846 6.1
    endloop
  endfacet
  facet normal 0 0 1
    outer loop
      vertex -15.5885 -9 6.1
      vertex -3.4641 -2 6.1
      vertex -3.58749 -1.76915 6.1
    endloop
  endfacet
  facet normal 0 0 1
    outer loop
      vertex -16.1437 -7.9612 6.1
      vertex -3.58749 -1.76915 6.1
      vertex -3.69552 -1.53073 6.1
    endloop
  endfacet
  facet normal 0 0 1
    outer loop
      vertex -16.6298 -6.8883 6.1
      vertex -3.69552 -1.53073 6.1
      vertex -3.78772 -1.28576 6.1
    endloop
  endfacet
  facet normal 0 0 1
    outer loop
      vertex -17.0447 -5.78591 6.1
      vertex -3.78772 -1.28576 6.1
      vertex -3.8637 -1.03528 6.1
    endloop
  endfacet
  facet normal 0 0 1
    outer loop
      vertex -17.3867 -4.65874 6.1
      vertex -3.8637 -1.03528 6.1
      vertex -3.92314 -0.780361 6.1
    endloop
  endfacet
  facet normal 0 0 1
    outer loop
      vertex -17.6541 -3.51163 6.1
      vertex -3.92314 -0.780361 6.1
      vertex -3.96578 -0.522104 6.1
    endloop
  endfacet
  facet normal 0 0 1
    outer loop
      vertex -17.846 -2.34947 6.1
      vertex -3.96578 -0.522104 6.1
      vertex -3.99144 -0.261612 6.1
    endloop
  endfacet
  facet normal 0 0 1
    outer loop
      vertex -17.9615 -1.17726 6.1
      vertex -3.99144 -0.261612 6.1
      vertex -4 0 6.1
    endloop
  endfacet
  facet normal 0 0 1
    outer loop
      vertex -3.17341 2.43505 6.1
      vertex -14.2804 10.9577 6.1
      vertex -3.32588 2.22228 6.1
    endloop
  endfacet
  facet normal 0 0 1
    outer loop
      vertex -1.03528 -3.8637 6.1
      vertex -4.65874 -17.3867 6.1
      vertex -3.51163 -17.6541 6.1
    endloop
  endfacet
  facet normal -0 0 1
    outer loop
      vertex -14.9665 10.0003 6.1
      vertex -3.32588 2.22228 6.1
      vertex -14.2804 10.9577 6.1
    endloop
  endfacet
  facet normal 0 0 1
    outer loop
      vertex -1.28576 -3.78772 6.1
      vertex -5.78591 -17.0447 6.1
      vertex -4.65874 -17.3867 6.1
    endloop
  endfacet
  facet normal 0 0 1
    outer loop
      vertex -3.32588 2.22228 6.1
      vertex -14.9665 10.0003 6.1
      vertex -3.4641 2 6.1
    endloop
  endfacet
  facet normal 0 0 1
    outer loop
      vertex -1.53073 -3.69552 6.1
      vertex -6.8883 -16.6298 6.1
      vertex -5.78591 -17.0447 6.1
    endloop
  endfacet
  facet normal -0 0 1
    outer loop
      vertex -15.5885 9 6.1
      vertex -3.4641 2 6.1
      vertex -14.9665 10.0003 6.1
    endloop
  endfacet
  facet normal 0 0 1
    outer loop
      vertex -1.76915 -3.58749 6.1
      vertex -7.9612 -16.1437 6.1
      vertex -6.8883 -16.6298 6.1
    endloop
  endfacet
  facet normal 0 0 1
    outer loop
      vertex -3.4641 2 6.1
      vertex -15.5885 9 6.1
      vertex -3.58749 1.76915 6.1
    endloop
  endfacet
  facet normal 0 0 1
    outer loop
      vertex -2 -3.4641 6.1
      vertex -9 -15.5885 6.1
      vertex -7.9612 -16.1437 6.1
    endloop
  endfacet
  facet normal -0 0 1
    outer loop
      vertex -16.1437 7.9612 6.1
      vertex -3.58749 1.76915 6.1
      vertex -15.5885 9 6.1
    endloop
  endfacet
  facet normal 0 0 1
    outer loop
      vertex -2.22228 -3.32588 6.1
      vertex -10.0003 -14.9665 6.1
      vertex -9 -15.5885 6.1
    endloop
  endfacet
  facet normal 0 0 1
    outer loop
      vertex -3.58749 1.76915 6.1
      vertex -16.1437 7.9612 6.1
      vertex -3.69552 1.53073 6.1
    endloop
  endfacet
  facet normal 0 0 1
    outer loop
      vertex -2.43505 -3.17341 6.1
      vertex -10.9577 -14.2804 6.1
      vertex -10.0003 -14.9665 6.1
    endloop
  endfacet
  facet normal -0 0 1
    outer loop
      vertex -16.6298 6.8883 6.1
      vertex -3.69552 1.53073 6.1
      vertex -16.1437 7.9612 6.1
    endloop
  endfacet
  facet normal 0 0 1
    outer loop
      vertex -2.63738 -3.00736 6.1
      vertex -11.8682 -13.5331 6.1
      vertex -10.9577 -14.2804 6.1
    endloop
  endfacet
  facet normal 0 0 1
    outer loop
      vertex -3.69552 1.53073 6.1
      vertex -16.6298 6.8883 6.1
      vertex -3.78772 1.28576 6.1
    endloop
  endfacet
  facet normal 0 0 1
    outer loop
      vertex -2.82843 -2.82843 6.1
      vertex -12.7279 -12.7279 6.1
      vertex -11.8682 -13.5331 6.1
    endloop
  endfacet
  facet normal -0 0 1
    outer loop
      vertex -17.0447 5.78591 6.1
      vertex -3.78772 1.28576 6.1
      vertex -16.6298 6.8883 6.1
    endloop
  endfacet
  facet normal 0 0 1
    outer loop
      vertex -3.00736 -2.63738 6.1
      vertex -13.5331 -11.8682 6.1
      vertex -12.7279 -12.7279 6.1
    endloop
  endfacet
  facet normal 0 0 1
    outer loop
      vertex -3.78772 1.28576 6.1
      vertex -17.0447 5.78591 6.1
      vertex -3.8637 1.03528 6.1
    endloop
  endfacet
  facet normal 0 0 1
    outer loop
      vertex -3.17341 -2.43505 6.1
      vertex -14.2804 -10.9577 6.1
      vertex -13.5331 -11.8682 6.1
    endloop
  endfacet
  facet normal -0 0 1
    outer loop
      vertex -17.3867 4.65874 6.1
      vertex -3.8637 1.03528 6.1
      vertex -17.0447 5.78591 6.1
    endloop
  endfacet
  facet normal 0 0 1
    outer loop
      vertex -3.32588 -2.22228 6.1
      vertex -14.9665 -10.0003 6.1
      vertex -14.2804 -10.9577 6.1
    endloop
  endfacet
  facet normal 0 0 1
    outer loop
      vertex -3.8637 1.03528 6.1
      vertex -17.3867 4.65874 6.1
      vertex -3.92314 0.780361 6.1
    endloop
  endfacet
  facet normal 0 0 1
    outer loop
      vertex -3.4641 -2 6.1
      vertex -15.5885 -9 6.1
      vertex -14.9665 -10.0003 6.1
    endloop
  endfacet
  facet normal -0 0 1
    outer loop
      vertex -17.6541 3.51163 6.1
      vertex -3.92314 0.780361 6.1
      vertex -17.3867 4.65874 6.1
    endloop
  endfacet
  facet normal 0 0 1
    outer loop
      vertex -3.58749 -1.76915 6.1
      vertex -16.1437 -7.9612 6.1
      vertex -15.5885 -9 6.1
    endloop
  endfacet
  facet normal 0 0 1
    outer loop
      vertex -3.92314 0.780361 6.1
      vertex -17.6541 3.51163 6.1
      vertex -3.96578 0.522104 6.1
    endloop
  endfacet
  facet normal 0 0 1
    outer loop
      vertex -3.69552 -1.53073 6.1
      vertex -16.6298 -6.8883 6.1
      vertex -16.1437 -7.9612 6.1
    endloop
  endfacet
  facet normal -0 0 1
    outer loop
      vertex -17.846 2.34947 6.1
      vertex -3.96578 0.522104 6.1
      vertex -17.6541 3.51163 6.1
    endloop
  endfacet
  facet normal 0 0 1
    outer loop
      vertex -3.78772 -1.28576 6.1
      vertex -17.0447 -5.78591 6.1
      vertex -16.6298 -6.8883 6.1
    endloop
  endfacet
  facet normal 0 0 1
    outer loop
      vertex -3.96578 0.522104 6.1
      vertex -17.846 2.34947 6.1
      vertex -3.99144 0.261612 6.1
    endloop
  endfacet
  facet normal 0 0 1
    outer loop
      vertex -3.8637 -1.03528 6.1
      vertex -17.3867 -4.65874 6.1
      vertex -17.0447 -5.78591 6.1
    endloop
  endfacet
  facet normal -0 0 1
    outer loop
      vertex -17.9615 1.17726 6.1
      vertex -3.99144 0.261612 6.1
      vertex -17.846 2.34947 6.1
    endloop
  endfacet
  facet normal 0 0 1
    outer loop
      vertex -3.92314 -0.780361 6.1
      vertex -17.6541 -3.51163 6.1
      vertex -17.3867 -4.65874 6.1
    endloop
  endfacet
  facet normal 0 0 1
    outer loop
      vertex -3.99144 0.261612 6.1
      vertex -17.9615 1.17726 6.1
      vertex -4 0 6.1
    endloop
  endfacet
  facet normal 0 0 1
    outer loop
      vertex -3.96578 -0.522104 6.1
      vertex -17.846 -2.34947 6.1
      vertex -17.6541 -3.51163 6.1
    endloop
  endfacet
  facet normal 0 0 1
    outer loop
      vertex -18 0 6.1
      vertex -4 0 6.1
      vertex -17.9615 1.17726 6.1
    endloop
  endfacet
  facet normal 0 0 1
    outer loop
      vertex -3.99144 -0.261612 6.1
      vertex -17.9615 -1.17726 6.1
      vertex -17.846 -2.34947 6.1
    endloop
  endfacet
  facet normal 0 0 1
    outer loop
      vertex -4 0 6.1
      vertex -18 0 6.1
      vertex -17.9615 -1.17726 6.1
    endloop
  endfacet
  facet normal -0.41269 -0.910872 0
    outer loop
      vertex -7.9612 -16.1437 4.1
      vertex -6.8883 -16.6298 6.1
      vertex -7.9612 -16.1437 6.1
    endloop
  endfacet
  facet normal -0.41269 -0.910872 -0
    outer loop
      vertex -6.8883 -16.6298 6.1
      vertex -7.9612 -16.1437 4.1
      vertex -6.8883 -16.6298 4.1
    endloop
  endfacet
  facet normal -0.582498 -0.812832 0
    outer loop
      vertex -10.9577 -14.2804 4.1
      vertex -10.0003 -14.9665 6.1
      vertex -10.9577 -14.2804 6.1
    endloop
  endfacet
  facet normal -0.582498 -0.812832 -0
    outer loop
      vertex -10.0003 -14.9665 6.1
      vertex -10.9577 -14.2804 4.1
      vertex -10.0003 -14.9665 4.1
    endloop
  endfacet
  facet normal 0.227056 0.973882 -0
    outer loop
      vertex 4.10228 15.3099 0
      vertex 3.09218 15.5454 1.45
      vertex 4.10228 15.3099 1.45
    endloop
  endfacet
  facet normal 0.227056 0.973882 0
    outer loop
      vertex 3.09218 15.5454 1.45
      vertex 4.10228 15.3099 0
      vertex 3.09218 15.5454 0
    endloop
  endfacet
  facet normal 0.227056 0.973882 -0
    outer loop
      vertex 4.10228 15.3099 2.65
      vertex 3.09218 15.5454 4.1
      vertex 4.10228 15.3099 4.1
    endloop
  endfacet
  facet normal 0.227056 0.973882 0
    outer loop
      vertex 3.09218 15.5454 4.1
      vertex 4.10228 15.3099 2.65
      vertex 3.09218 15.5454 2.65
    endloop
  endfacet
  facet normal 0.986633 0.162959 0
    outer loop
      vertex 15.6845 2.25 1.45
      vertex 15.5454 3.09218 0
      vertex 15.5454 3.09218 1.45
    endloop
  endfacet
  facet normal 0.986633 0.162959 0
    outer loop
      vertex 15.5454 3.09218 0
      vertex 15.6845 2.25 1.45
      vertex 15.6845 2.25 0
    endloop
  endfacet
  facet normal 0.986633 0.162959 0
    outer loop
      vertex 15.6845 2.25 4.1
      vertex 15.5454 3.09218 2.65
      vertex 15.5454 3.09218 4.1
    endloop
  endfacet
  facet normal 0.986633 0.162959 0
    outer loop
      vertex 15.5454 3.09218 2.65
      vertex 15.6845 2.25 4.1
      vertex 15.6845 2.25 2.65
    endloop
  endfacet
  facet normal 0.973882 0.227056 0
    outer loop
      vertex 15.5454 3.09218 1.45
      vertex 15.3099 4.10228 0
      vertex 15.3099 4.10228 1.45
    endloop
  endfacet
  facet normal 0.973882 0.227056 0
    outer loop
      vertex 15.3099 4.10228 0
      vertex 15.5454 3.09218 1.45
      vertex 15.5454 3.09218 0
    endloop
  endfacet
  facet normal 0.973882 0.227056 0
    outer loop
      vertex 15.5454 3.09218 4.1
      vertex 15.3099 4.10228 2.65
      vertex 15.3099 4.10228 4.1
    endloop
  endfacet
  facet normal 0.973882 0.227056 0
    outer loop
      vertex 15.3099 4.10228 2.65
      vertex 15.5454 3.09218 4.1
      vertex 15.5454 3.09218 2.65
    endloop
  endfacet
  facet normal 0.0980526 0.995181 -0
    outer loop
      vertex 2.06884 15.7144 2.65
      vertex 1.03664 15.8161 4.1
      vertex 2.06884 15.7144 4.1
    endloop
  endfacet
  facet normal 0.0980526 0.995181 0
    outer loop
      vertex 1.03664 15.8161 4.1
      vertex 2.06884 15.7144 2.65
      vertex 1.03664 15.8161 2.65
    endloop
  endfacet
  facet normal 0.0980526 0.995181 -0
    outer loop
      vertex 2.06884 15.7144 0
      vertex 1.03664 15.8161 1.45
      vertex 2.06884 15.7144 1.45
    endloop
  endfacet
  facet normal 0.0980526 0.995181 0
    outer loop
      vertex 1.03664 15.8161 1.45
      vertex 2.06884 15.7144 0
      vertex 1.03664 15.8161 0
    endloop
  endfacet
  facet normal 0.986633 -0.162959 0
    outer loop
      vertex 15.5454 -3.09218 4.1
      vertex 15.6845 -2.25 2.65
      vertex 15.6845 -2.25 4.1
    endloop
  endfacet
  facet normal 0.986633 -0.162959 0
    outer loop
      vertex 15.6845 -2.25 2.65
      vertex 15.5454 -3.09218 4.1
      vertex 15.5454 -3.09218 2.65
    endloop
  endfacet
  facet normal 0.986633 -0.162959 0
    outer loop
      vertex 15.5454 -3.09218 1.45
      vertex 15.6845 -2.25 0
      vertex 15.6845 -2.25 1.45
    endloop
  endfacet
  facet normal 0.986633 -0.162959 0
    outer loop
      vertex 15.6845 -2.25 0
      vertex 15.5454 -3.09218 1.45
      vertex 15.5454 -3.09218 0
    endloop
  endfacet
  facet normal 0.935922 -0.352208 0
    outer loop
      vertex 14.6435 -6.06553 1.45
      vertex 15.0088 -5.09482 0
      vertex 15.0088 -5.09482 1.45
    endloop
  endfacet
  facet normal 0.935922 -0.352208 0
    outer loop
      vertex 15.0088 -5.09482 0
      vertex 14.6435 -6.06553 1.45
      vertex 14.6435 -6.06553 0
    endloop
  endfacet
  facet normal 0.935922 -0.352208 0
    outer loop
      vertex 14.6435 -6.06553 4.1
      vertex 15.0088 -5.09482 2.65
      vertex 15.0088 -5.09482 4.1
    endloop
  endfacet
  facet normal 0.935922 -0.352208 0
    outer loop
      vertex 15.0088 -5.09482 2.65
      vertex 14.6435 -6.06553 4.1
      vertex 14.6435 -6.06553 2.65
    endloop
  endfacet
  facet normal 0.471372 0.881935 -0
    outer loop
      vertex 7.925 13.7265 0
      vertex 7.01027 14.2154 1.45
      vertex 7.925 13.7265 1.45
    endloop
  endfacet
  facet normal 0.471372 0.881935 0
    outer loop
      vertex 7.01027 14.2154 1.45
      vertex 7.925 13.7265 0
      vertex 7.01027 14.2154 0
    endloop
  endfacet
  facet normal 0.471372 0.881935 -0
    outer loop
      vertex 7.925 13.7265 2.65
      vertex 7.01027 14.2154 4.1
      vertex 7.925 13.7265 4.1
    endloop
  endfacet
  facet normal 0.471372 0.881935 0
    outer loop
      vertex 7.01027 14.2154 4.1
      vertex 7.925 13.7265 2.65
      vertex 7.01027 14.2154 2.65
    endloop
  endfacet
  facet normal -0.729907 0.683547 0
    outer loop
      vertex -11.9167 10.4506 0
      vertex -11.7206 10.66 1.45
      vertex -11.7206 10.66 0
    endloop
  endfacet
  facet normal -0.729907 0.683547 0
    outer loop
      vertex -11.7206 10.66 1.45
      vertex -11.9167 10.4506 0
      vertex -11.9167 10.4506 1.45
    endloop
  endfacet
  facet normal -0.729907 0.683547 0
    outer loop
      vertex -11.7206 10.66 2.65
      vertex -11.9167 10.4506 2.65
      vertex -11.7206 10.66 2.89
    endloop
  endfacet
  facet normal -0.729787 0.683675 0
    outer loop
      vertex -11.7206 10.66 2.89
      vertex -11.2076 11.2076 4.1
      vertex -11.2076 11.2076 2.89
    endloop
  endfacet
  facet normal -0.729907 0.683547 0
    outer loop
      vertex -11.9167 10.4506 4.1
      vertex -11.7206 10.66 2.89
      vertex -11.9167 10.4506 2.65
    endloop
  endfacet
  facet normal -0.72982 0.68364 3.01499e-05
    outer loop
      vertex -11.7206 10.66 2.89
      vertex -11.9167 10.4506 4.1
      vertex -11.2076 11.2076 4.1
    endloop
  endfacet
  facet normal -0.849207 0.528061 0
    outer loop
      vertex -13.7265 7.925 2.65
      vertex -13.1788 8.80579 4.1
      vertex -13.1788 8.80579 2.65
    endloop
  endfacet
  facet normal -0.849207 0.528061 0
    outer loop
      vertex -13.1788 8.80579 4.1
      vertex -13.7265 7.925 2.65
      vertex -13.7265 7.925 4.1
    endloop
  endfacet
  facet normal -0.849207 0.528061 0
    outer loop
      vertex -13.7265 7.925 0
      vertex -13.1788 8.80579 1.45
      vertex -13.1788 8.80579 0
    endloop
  endfacet
  facet normal -0.849207 0.528061 0
    outer loop
      vertex -13.1788 8.80579 1.45
      vertex -13.7265 7.925 0
      vertex -13.7265 7.925 1.45
    endloop
  endfacet
  facet normal 0.162939 -0.986636 0
    outer loop
      vertex 2.06884 -15.7144 2.65
      vertex 3.09218 -15.5454 4.1
      vertex 2.06884 -15.7144 4.1
    endloop
  endfacet
  facet normal 0.162939 -0.986636 0
    outer loop
      vertex 3.09218 -15.5454 4.1
      vertex 2.06884 -15.7144 2.65
      vertex 3.09218 -15.5454 2.65
    endloop
  endfacet
  facet normal 0.162939 -0.986636 0
    outer loop
      vertex 2.06884 -15.7144 0
      vertex 3.09218 -15.5454 1.45
      vertex 2.06884 -15.7144 1.45
    endloop
  endfacet
  facet normal 0.162939 -0.986636 0
    outer loop
      vertex 3.09218 -15.5454 1.45
      vertex 2.06884 -15.7144 0
      vertex 3.09218 -15.5454 0
    endloop
  endfacet
  facet normal 0.528061 0.849207 -0
    outer loop
      vertex 8.80579 13.1788 0
      vertex 7.925 13.7265 1.45
      vertex 8.80579 13.1788 1.45
    endloop
  endfacet
  facet normal 0.528061 0.849207 0
    outer loop
      vertex 7.925 13.7265 1.45
      vertex 8.80579 13.1788 0
      vertex 7.925 13.7265 0
    endloop
  endfacet
  facet normal 0.528061 0.849207 -0
    outer loop
      vertex 8.80579 13.1788 2.65
      vertex 7.925 13.7265 4.1
      vertex 8.80579 13.1788 4.1
    endloop
  endfacet
  facet normal 0.528061 0.849207 0
    outer loop
      vertex 7.925 13.7265 4.1
      vertex 8.80579 13.1788 2.65
      vertex 7.925 13.7265 2.65
    endloop
  endfacet
  facet normal 0.352208 0.935922 -0
    outer loop
      vertex 6.06553 14.6435 2.65
      vertex 5.09482 15.0088 4.1
      vertex 6.06553 14.6435 4.1
    endloop
  endfacet
  facet normal 0.352208 0.935922 0
    outer loop
      vertex 5.09482 15.0088 4.1
      vertex 6.06553 14.6435 2.65
      vertex 5.09482 15.0088 2.65
    endloop
  endfacet
  facet normal 0.352208 0.935922 -0
    outer loop
      vertex 6.06553 14.6435 0
      vertex 5.09482 15.0088 1.45
      vertex 6.06553 14.6435 1.45
    endloop
  endfacet
  facet normal 0.352208 0.935922 0
    outer loop
      vertex 5.09482 15.0088 1.45
      vertex 6.06553 14.6435 0
      vertex 5.09482 15.0088 0
    endloop
  endfacet
  facet normal -0.956936 -0.290299 0
    outer loop
      vertex -15.0088 -5.09482 0
      vertex -15.3099 -4.10228 1.45
      vertex -15.3099 -4.10228 0
    endloop
  endfacet
  facet normal -0.956936 -0.290299 0
    outer loop
      vertex -15.3099 -4.10228 1.45
      vertex -15.0088 -5.09482 0
      vertex -15.0088 -5.09482 1.45
    endloop
  endfacet
  facet normal -0.956936 -0.290299 0
    outer loop
      vertex -15.0088 -5.09482 2.65
      vertex -15.3099 -4.10228 4.1
      vertex -15.3099 -4.10228 2.65
    endloop
  endfacet
  facet normal -0.956936 -0.290299 0
    outer loop
      vertex -15.3099 -4.10228 4.1
      vertex -15.0088 -5.09482 2.65
      vertex -15.0088 -5.09482 4.1
    endloop
  endfacet
  facet normal -0.162939 -0.986636 0
    outer loop
      vertex -3.09218 -15.5454 0
      vertex -2.06884 -15.7144 1.45
      vertex -3.09218 -15.5454 1.45
    endloop
  endfacet
  facet normal -0.162939 -0.986636 -0
    outer loop
      vertex -2.06884 -15.7144 1.45
      vertex -3.09218 -15.5454 0
      vertex -2.06884 -15.7144 0
    endloop
  endfacet
  facet normal -0.162939 -0.986636 0
    outer loop
      vertex -3.09218 -15.5454 2.65
      vertex -2.06884 -15.7144 4.1
      vertex -3.09218 -15.5454 4.1
    endloop
  endfacet
  facet normal -0.162939 -0.986636 -0
    outer loop
      vertex -2.06884 -15.7144 4.1
      vertex -3.09218 -15.5454 2.65
      vertex -2.06884 -15.7144 2.65
    endloop
  endfacet
  facet normal 0.849207 -0.528061 0
    outer loop
      vertex 13.1788 -8.80579 4.1
      vertex 13.7265 -7.925 2.65
      vertex 13.7265 -7.925 4.1
    endloop
  endfacet
  facet normal 0.849207 -0.528061 0
    outer loop
      vertex 13.7265 -7.925 2.65
      vertex 13.1788 -8.80579 4.1
      vertex 13.1788 -8.80579 2.65
    endloop
  endfacet
  facet normal 0.849207 -0.528061 0
    outer loop
      vertex 13.1788 -8.80579 1.45
      vertex 13.7265 -7.925 0
      vertex 13.7265 -7.925 1.45
    endloop
  endfacet
  facet normal 0.849207 -0.528061 0
    outer loop
      vertex 13.7265 -7.925 0
      vertex 13.1788 -8.80579 1.45
      vertex 13.1788 -8.80579 0
    endloop
  endfacet
  facet normal 0.81282 0.582514 0
    outer loop
      vertex 13.1788 8.80579 4.1
      vertex 12.5746 9.64887 2.65
      vertex 12.5746 9.64887 4.1
    endloop
  endfacet
  facet normal 0.81282 0.582514 0
    outer loop
      vertex 12.5746 9.64887 2.65
      vertex 13.1788 8.80579 4.1
      vertex 13.1788 8.80579 2.65
    endloop
  endfacet
  facet normal 0.81282 0.582514 0
    outer loop
      vertex 13.1788 8.80579 1.45
      vertex 12.5746 9.64887 0
      vertex 12.5746 9.64887 1.45
    endloop
  endfacet
  facet normal 0.81282 0.582514 0
    outer loop
      vertex 12.5746 9.64887 0
      vertex 13.1788 8.80579 1.45
      vertex 13.1788 8.80579 0
    endloop
  endfacet
  facet normal 0.634357 -0.77304 0
    outer loop
      vertex 9.64887 -12.5746 2.65
      vertex 10.4506 -11.9167 4.1
      vertex 9.64887 -12.5746 4.1
    endloop
  endfacet
  facet normal 0.634357 -0.77304 0
    outer loop
      vertex 10.4506 -11.9167 4.1
      vertex 9.64887 -12.5746 2.65
      vertex 10.4506 -11.9167 2.65
    endloop
  endfacet
  facet normal 0.634357 -0.77304 0
    outer loop
      vertex 9.64887 -12.5746 0
      vertex 10.4506 -11.9167 1.45
      vertex 9.64887 -12.5746 1.45
    endloop
  endfacet
  facet normal 0.634357 -0.77304 0
    outer loop
      vertex 10.4506 -11.9167 1.45
      vertex 9.64887 -12.5746 0
      vertex 10.4506 -11.9167 0
    endloop
  endfacet
  facet normal 0.81282 -0.582514 0
    outer loop
      vertex 12.5746 -9.64887 1.45
      vertex 13.1788 -8.80579 0
      vertex 13.1788 -8.80579 1.45
    endloop
  endfacet
  facet normal 0.81282 -0.582514 0
    outer loop
      vertex 13.1788 -8.80579 0
      vertex 12.5746 -9.64887 1.45
      vertex 12.5746 -9.64887 0
    endloop
  endfacet
  facet normal 0.81282 -0.582514 0
    outer loop
      vertex 12.5746 -9.64887 4.1
      vertex 13.1788 -8.80579 2.65
      vertex 13.1788 -8.80579 4.1
    endloop
  endfacet
  facet normal 0.81282 -0.582514 0
    outer loop
      vertex 13.1788 -8.80579 2.65
      vertex 12.5746 -9.64887 4.1
      vertex 12.5746 -9.64887 2.65
    endloop
  endfacet
  facet normal 0.849207 0.528061 0
    outer loop
      vertex 13.7265 7.925 4.1
      vertex 13.1788 8.80579 2.65
      vertex 13.1788 8.80579 4.1
    endloop
  endfacet
  facet normal 0.849207 0.528061 0
    outer loop
      vertex 13.1788 8.80579 2.65
      vertex 13.7265 7.925 4.1
      vertex 13.7265 7.925 2.65
    endloop
  endfacet
  facet normal 0.849207 0.528061 0
    outer loop
      vertex 13.7265 7.925 1.45
      vertex 13.1788 8.80579 0
      vertex 13.1788 8.80579 1.45
    endloop
  endfacet
  facet normal 0.849207 0.528061 0
    outer loop
      vertex 13.1788 8.80579 0
      vertex 13.7265 7.925 1.45
      vertex 13.7265 7.925 0
    endloop
  endfacet
  facet normal -0.910848 -0.412742 0
    outer loop
      vertex -14.2154 -7.01027 2.65
      vertex -14.6435 -6.06553 4.1
      vertex -14.6435 -6.06553 2.65
    endloop
  endfacet
  facet normal -0.910848 -0.412742 0
    outer loop
      vertex -14.6435 -6.06553 4.1
      vertex -14.2154 -7.01027 2.65
      vertex -14.2154 -7.01027 4.1
    endloop
  endfacet
  facet normal -0.910848 -0.412742 0
    outer loop
      vertex -14.2154 -7.01027 0
      vertex -14.6435 -6.06553 1.45
      vertex -14.6435 -6.06553 0
    endloop
  endfacet
  facet normal -0.910848 -0.412742 0
    outer loop
      vertex -14.6435 -6.06553 1.45
      vertex -14.2154 -7.01027 0
      vertex -14.2154 -7.01027 1.45
    endloop
  endfacet
  facet normal 0.0326843 0.999466 -0
    outer loop
      vertex 1.03664 15.8161 0
      vertex 0 15.85 1.45
      vertex 1.03664 15.8161 1.45
    endloop
  endfacet
  facet normal 0.0326843 0.999466 0
    outer loop
      vertex 0 15.85 1.45
      vertex 1.03664 15.8161 0
      vertex 0 15.85 0
    endloop
  endfacet
  facet normal 0.0326843 0.999466 -0
    outer loop
      vertex 1.03664 15.8161 2.65
      vertex 0 15.85 4.1
      vertex 1.03664 15.8161 4.1
    endloop
  endfacet
  facet normal 0.0326843 0.999466 0
    outer loop
      vertex 0 15.85 4.1
      vertex 1.03664 15.8161 2.65
      vertex 0 15.85 2.65
    endloop
  endfacet
  facet normal 0.881935 0.471372 0
    outer loop
      vertex 14.2154 7.01027 1.45
      vertex 13.7265 7.925 0
      vertex 13.7265 7.925 1.45
    endloop
  endfacet
  facet normal 0.881935 0.471372 0
    outer loop
      vertex 13.7265 7.925 0
      vertex 14.2154 7.01027 1.45
      vertex 14.2154 7.01027 0
    endloop
  endfacet
  facet normal 0.881935 0.471372 0
    outer loop
      vertex 14.2154 7.01027 4.1
      vertex 13.7265 7.925 2.65
      vertex 13.7265 7.925 4.1
    endloop
  endfacet
  facet normal 0.881935 0.471372 0
    outer loop
      vertex 13.7265 7.925 2.65
      vertex 14.2154 7.01027 4.1
      vertex 14.2154 7.01027 2.65
    endloop
  endfacet
  facet normal -0.634357 0.77304 0
    outer loop
      vertex -9.64887 12.5746 2.65
      vertex -10.4506 11.9167 4.1
      vertex -9.64887 12.5746 4.1
    endloop
  endfacet
  facet normal -0.634357 0.77304 0
    outer loop
      vertex -10.4506 11.9167 4.1
      vertex -9.64887 12.5746 2.65
      vertex -10.4506 11.9167 2.65
    endloop
  endfacet
  facet normal -0.634357 0.77304 0
    outer loop
      vertex -9.64887 12.5746 0
      vertex -10.4506 11.9167 1.45
      vertex -9.64887 12.5746 1.45
    endloop
  endfacet
  facet normal -0.634357 0.77304 0
    outer loop
      vertex -10.4506 11.9167 1.45
      vertex -9.64887 12.5746 0
      vertex -10.4506 11.9167 0
    endloop
  endfacet
  facet normal -0.412742 0.910848 0
    outer loop
      vertex -6.06553 14.6435 2.65
      vertex -7.01027 14.2154 4.1
      vertex -6.06553 14.6435 4.1
    endloop
  endfacet
  facet normal -0.412742 0.910848 0
    outer loop
      vertex -7.01027 14.2154 4.1
      vertex -6.06553 14.6435 2.65
      vertex -7.01027 14.2154 2.65
    endloop
  endfacet
  facet normal -0.412742 0.910848 0
    outer loop
      vertex -6.06553 14.6435 0
      vertex -7.01027 14.2154 1.45
      vertex -6.06553 14.6435 1.45
    endloop
  endfacet
  facet normal -0.412742 0.910848 0
    outer loop
      vertex -7.01027 14.2154 1.45
      vertex -6.06553 14.6435 0
      vertex -7.01027 14.2154 0
    endloop
  endfacet
  facet normal -0.0980526 0.995181 0
    outer loop
      vertex -1.03664 15.8161 2.65
      vertex -2.06884 15.7144 4.1
      vertex -1.03664 15.8161 4.1
    endloop
  endfacet
  facet normal -0.0980526 0.995181 0
    outer loop
      vertex -2.06884 15.7144 4.1
      vertex -1.03664 15.8161 2.65
      vertex -2.06884 15.7144 2.65
    endloop
  endfacet
  facet normal -0.0980526 0.995181 0
    outer loop
      vertex -1.03664 15.8161 0
      vertex -2.06884 15.7144 1.45
      vertex -1.03664 15.8161 1.45
    endloop
  endfacet
  facet normal -0.0980526 0.995181 0
    outer loop
      vertex -2.06884 15.7144 1.45
      vertex -1.03664 15.8161 0
      vertex -2.06884 15.7144 0
    endloop
  endfacet
  facet normal 0.77304 -0.634357 0
    outer loop
      vertex 11.9167 -10.4506 4.1
      vertex 12.5746 -9.64887 2.65
      vertex 12.5746 -9.64887 4.1
    endloop
  endfacet
  facet normal 0.77304 -0.634357 0
    outer loop
      vertex 12.5746 -9.64887 2.65
      vertex 11.9167 -10.4506 4.1
      vertex 11.9167 -10.4506 2.65
    endloop
  endfacet
  facet normal 0.77304 -0.634357 0
    outer loop
      vertex 11.9167 -10.4506 1.45
      vertex 12.5746 -9.64887 0
      vertex 12.5746 -9.64887 1.45
    endloop
  endfacet
  facet normal 0.77304 -0.634357 0
    outer loop
      vertex 12.5746 -9.64887 0
      vertex 11.9167 -10.4506 1.45
      vertex 11.9167 -10.4506 0
    endloop
  endfacet
  facet normal -0.471372 -0.881935 0
    outer loop
      vertex -7.925 -13.7265 0
      vertex -7.01027 -14.2154 1.45
      vertex -7.925 -13.7265 1.45
    endloop
  endfacet
  facet normal -0.471372 -0.881935 -0
    outer loop
      vertex -7.01027 -14.2154 1.45
      vertex -7.925 -13.7265 0
      vertex -7.01027 -14.2154 0
    endloop
  endfacet
  facet normal -0.471372 -0.881935 0
    outer loop
      vertex -7.925 -13.7265 2.65
      vertex -7.01027 -14.2154 4.1
      vertex -7.925 -13.7265 4.1
    endloop
  endfacet
  facet normal -0.471372 -0.881935 -0
    outer loop
      vertex -7.01027 -14.2154 4.1
      vertex -7.925 -13.7265 2.65
      vertex -7.01027 -14.2154 2.65
    endloop
  endfacet
  facet normal -0.881935 -0.471372 0
    outer loop
      vertex -13.7265 -7.925 0
      vertex -14.2154 -7.01027 1.45
      vertex -14.2154 -7.01027 0
    endloop
  endfacet
  facet normal -0.881935 -0.471372 0
    outer loop
      vertex -14.2154 -7.01027 1.45
      vertex -13.7265 -7.925 0
      vertex -13.7265 -7.925 1.45
    endloop
  endfacet
  facet normal -0.881935 -0.471372 0
    outer loop
      vertex -13.7265 -7.925 2.65
      vertex -14.2154 -7.01027 4.1
      vertex -14.2154 -7.01027 2.65
    endloop
  endfacet
  facet normal -0.881935 -0.471372 0
    outer loop
      vertex -14.2154 -7.01027 4.1
      vertex -13.7265 -7.925 2.65
      vertex -13.7265 -7.925 4.1
    endloop
  endfacet
  facet normal 0.881935 -0.471372 0
    outer loop
      vertex 13.7265 -7.925 4.1
      vertex 14.2154 -7.01027 2.65
      vertex 14.2154 -7.01027 4.1
    endloop
  endfacet
  facet normal 0.881935 -0.471372 0
    outer loop
      vertex 14.2154 -7.01027 2.65
      vertex 13.7265 -7.925 4.1
      vertex 13.7265 -7.925 2.65
    endloop
  endfacet
  facet normal 0.881935 -0.471372 0
    outer loop
      vertex 13.7265 -7.925 1.45
      vertex 14.2154 -7.01027 0
      vertex 14.2154 -7.01027 1.45
    endloop
  endfacet
  facet normal 0.881935 -0.471372 0
    outer loop
      vertex 14.2154 -7.01027 0
      vertex 13.7265 -7.925 1.45
      vertex 13.7265 -7.925 0
    endloop
  endfacet
  facet normal -0.0326843 0.999466 0
    outer loop
      vertex 0 15.85 2.65
      vertex -1.03664 15.8161 4.1
      vertex 0 15.85 4.1
    endloop
  endfacet
  facet normal -0.0326843 0.999466 0
    outer loop
      vertex -1.03664 15.8161 4.1
      vertex 0 15.85 2.65
      vertex -1.03664 15.8161 2.65
    endloop
  endfacet
  facet normal -0.0326843 0.999466 0
    outer loop
      vertex 0 15.85 0
      vertex -1.03664 15.8161 1.45
      vertex 0 15.85 1.45
    endloop
  endfacet
  facet normal -0.0326843 0.999466 0
    outer loop
      vertex -1.03664 15.8161 1.45
      vertex 0 15.85 0
      vertex -1.03664 15.8161 0
    endloop
  endfacet
  facet normal -0.0326843 -0.999466 0
    outer loop
      vertex -1.03664 -15.8161 0
      vertex 0 -15.85 1.45
      vertex -1.03664 -15.8161 1.45
    endloop
  endfacet
  facet normal -0.0326843 -0.999466 -0
    outer loop
      vertex 0 -15.85 1.45
      vertex -1.03664 -15.8161 0
      vertex 0 -15.85 0
    endloop
  endfacet
  facet normal -0.0326843 -0.999466 0
    outer loop
      vertex -1.03664 -15.8161 2.65
      vertex 0 -15.85 4.1
      vertex -1.03664 -15.8161 4.1
    endloop
  endfacet
  facet normal -0.0326843 -0.999466 -0
    outer loop
      vertex 0 -15.85 4.1
      vertex -1.03664 -15.8161 2.65
      vertex 0 -15.85 2.65
    endloop
  endfacet
  facet normal 0.352208 -0.935922 0
    outer loop
      vertex 5.09482 -15.0088 2.65
      vertex 6.06553 -14.6435 4.1
      vertex 5.09482 -15.0088 4.1
    endloop
  endfacet
  facet normal 0.352208 -0.935922 0
    outer loop
      vertex 6.06553 -14.6435 4.1
      vertex 5.09482 -15.0088 2.65
      vertex 6.06553 -14.6435 2.65
    endloop
  endfacet
  facet normal 0.352208 -0.935922 0
    outer loop
      vertex 5.09482 -15.0088 0
      vertex 6.06553 -14.6435 1.45
      vertex 5.09482 -15.0088 1.45
    endloop
  endfacet
  facet normal 0.352208 -0.935922 0
    outer loop
      vertex 6.06553 -14.6435 1.45
      vertex 5.09482 -15.0088 0
      vertex 6.06553 -14.6435 0
    endloop
  endfacet
  facet normal 0.0980526 -0.995181 0
    outer loop
      vertex 1.03664 -15.8161 2.65
      vertex 2.06884 -15.7144 4.1
      vertex 1.03664 -15.8161 4.1
    endloop
  endfacet
  facet normal 0.0980526 -0.995181 0
    outer loop
      vertex 2.06884 -15.7144 4.1
      vertex 1.03664 -15.8161 2.65
      vertex 2.06884 -15.7144 2.65
    endloop
  endfacet
  facet normal 0.0980526 -0.995181 0
    outer loop
      vertex 1.03664 -15.8161 0
      vertex 2.06884 -15.7144 1.45
      vertex 1.03664 -15.8161 1.45
    endloop
  endfacet
  facet normal 0.0980526 -0.995181 0
    outer loop
      vertex 2.06884 -15.7144 1.45
      vertex 1.03664 -15.8161 0
      vertex 2.06884 -15.7144 0
    endloop
  endfacet
  facet normal -0.352208 0.935922 0
    outer loop
      vertex -5.09482 15.0088 0
      vertex -6.06553 14.6435 1.45
      vertex -5.09482 15.0088 1.45
    endloop
  endfacet
  facet normal -0.352208 0.935922 0
    outer loop
      vertex -6.06553 14.6435 1.45
      vertex -5.09482 15.0088 0
      vertex -6.06553 14.6435 0
    endloop
  endfacet
  facet normal -0.352208 0.935922 0
    outer loop
      vertex -5.09482 15.0088 2.65
      vertex -6.06553 14.6435 4.1
      vertex -5.09482 15.0088 4.1
    endloop
  endfacet
  facet normal -0.352208 0.935922 0
    outer loop
      vertex -6.06553 14.6435 4.1
      vertex -5.09482 15.0088 2.65
      vertex -6.06553 14.6435 2.65
    endloop
  endfacet
  facet normal 0.471372 -0.881935 0
    outer loop
      vertex 7.01027 -14.2154 2.65
      vertex 7.925 -13.7265 4.1
      vertex 7.01027 -14.2154 4.1
    endloop
  endfacet
  facet normal 0.471372 -0.881935 0
    outer loop
      vertex 7.925 -13.7265 4.1
      vertex 7.01027 -14.2154 2.65
      vertex 7.925 -13.7265 2.65
    endloop
  endfacet
  facet normal 0.471372 -0.881935 0
    outer loop
      vertex 7.01027 -14.2154 0
      vertex 7.925 -13.7265 1.45
      vertex 7.01027 -14.2154 1.45
    endloop
  endfacet
  facet normal 0.471372 -0.881935 0
    outer loop
      vertex 7.925 -13.7265 1.45
      vertex 7.01027 -14.2154 0
      vertex 7.925 -13.7265 0
    endloop
  endfacet
  facet normal -0.956936 0.290299 0
    outer loop
      vertex -15.3099 4.10228 0
      vertex -15.0088 5.09482 1.45
      vertex -15.0088 5.09482 0
    endloop
  endfacet
  facet normal -0.956936 0.290299 0
    outer loop
      vertex -15.0088 5.09482 1.45
      vertex -15.3099 4.10228 0
      vertex -15.3099 4.10228 1.45
    endloop
  endfacet
  facet normal -0.956936 0.290299 0
    outer loop
      vertex -15.3099 4.10228 2.65
      vertex -15.0088 5.09482 4.1
      vertex -15.0088 5.09482 2.65
    endloop
  endfacet
  facet normal -0.956936 0.290299 0
    outer loop
      vertex -15.0088 5.09482 4.1
      vertex -15.3099 4.10228 2.65
      vertex -15.3099 4.10228 4.1
    endloop
  endfacet
  facet normal 0.0326843 -0.999466 0
    outer loop
      vertex 0 -15.85 0
      vertex 1.03664 -15.8161 1.45
      vertex 0 -15.85 1.45
    endloop
  endfacet
  facet normal 0.0326843 -0.999466 0
    outer loop
      vertex 1.03664 -15.8161 1.45
      vertex 0 -15.85 0
      vertex 1.03664 -15.8161 0
    endloop
  endfacet
  facet normal 0.0326843 -0.999466 0
    outer loop
      vertex 0 -15.85 2.65
      vertex 1.03664 -15.8161 4.1
      vertex 0 -15.85 4.1
    endloop
  endfacet
  facet normal 0.0326843 -0.999466 0
    outer loop
      vertex 1.03664 -15.8161 4.1
      vertex 0 -15.85 2.65
      vertex 1.03664 -15.8161 2.65
    endloop
  endfacet
  facet normal 0.729907 0.683547 0
    outer loop
      vertex 11.9167 10.4506 1.45
      vertex 11.7206 10.66 0
      vertex 11.7206 10.66 1.45
    endloop
  endfacet
  facet normal 0.729907 0.683547 0
    outer loop
      vertex 11.7206 10.66 0
      vertex 11.9167 10.4506 1.45
      vertex 11.9167 10.4506 0
    endloop
  endfacet
  facet normal 0.729787 0.683675 0
    outer loop
      vertex 11.2076 11.2076 4.1
      vertex 11.7206 10.66 2.89
      vertex 11.2076 11.2076 2.89
    endloop
  endfacet
  facet normal 0.72982 0.68364 3.01499e-05
    outer loop
      vertex 11.9167 10.4506 4.1
      vertex 11.7206 10.66 2.89
      vertex 11.2076 11.2076 4.1
    endloop
  endfacet
  facet normal 0.729907 0.683547 -0
    outer loop
      vertex 11.9167 10.4506 2.65
      vertex 11.7206 10.66 2.89
      vertex 11.9167 10.4506 4.1
    endloop
  endfacet
  facet normal 0.729907 0.683547 0
    outer loop
      vertex 11.7206 10.66 2.89
      vertex 11.9167 10.4506 2.65
      vertex 11.7206 10.66 2.65
    endloop
  endfacet
  facet normal 0.582514 -0.81282 0
    outer loop
      vertex 8.80579 -13.1788 0
      vertex 9.64887 -12.5746 1.45
      vertex 8.80579 -13.1788 1.45
    endloop
  endfacet
  facet normal 0.582514 -0.81282 0
    outer loop
      vertex 9.64887 -12.5746 1.45
      vertex 8.80579 -13.1788 0
      vertex 9.64887 -12.5746 0
    endloop
  endfacet
  facet normal 0.582514 -0.81282 0
    outer loop
      vertex 8.80579 -13.1788 2.65
      vertex 9.64887 -12.5746 4.1
      vertex 8.80579 -13.1788 4.1
    endloop
  endfacet
  facet normal 0.582514 -0.81282 0
    outer loop
      vertex 9.64887 -12.5746 4.1
      vertex 8.80579 -13.1788 2.65
      vertex 9.64887 -12.5746 2.65
    endloop
  endfacet
  facet normal 0.162939 0.986636 -0
    outer loop
      vertex 3.09218 15.5454 0
      vertex 2.06884 15.7144 1.45
      vertex 3.09218 15.5454 1.45
    endloop
  endfacet
  facet normal 0.162939 0.986636 0
    outer loop
      vertex 2.06884 15.7144 1.45
      vertex 3.09218 15.5454 0
      vertex 2.06884 15.7144 0
    endloop
  endfacet
  facet normal 0.162939 0.986636 -0
    outer loop
      vertex 3.09218 15.5454 2.65
      vertex 2.06884 15.7144 4.1
      vertex 3.09218 15.5454 4.1
    endloop
  endfacet
  facet normal 0.162939 0.986636 0
    outer loop
      vertex 2.06884 15.7144 4.1
      vertex 3.09218 15.5454 2.65
      vertex 2.06884 15.7144 2.65
    endloop
  endfacet
  facet normal -0.77304 -0.634357 0
    outer loop
      vertex -11.9167 -10.4506 0
      vertex -12.5746 -9.64887 1.45
      vertex -12.5746 -9.64887 0
    endloop
  endfacet
  facet normal -0.77304 -0.634357 0
    outer loop
      vertex -12.5746 -9.64887 1.45
      vertex -11.9167 -10.4506 0
      vertex -11.9167 -10.4506 1.45
    endloop
  endfacet
  facet normal -0.77304 -0.634357 0
    outer loop
      vertex -11.9167 -10.4506 2.65
      vertex -12.5746 -9.64887 4.1
      vertex -12.5746 -9.64887 2.65
    endloop
  endfacet
  facet normal -0.77304 -0.634357 0
    outer loop
      vertex -12.5746 -9.64887 4.1
      vertex -11.9167 -10.4506 2.65
      vertex -11.9167 -10.4506 4.1
    endloop
  endfacet
  facet normal 0.412742 0.910848 -0
    outer loop
      vertex 7.01027 14.2154 0
      vertex 6.06553 14.6435 1.45
      vertex 7.01027 14.2154 1.45
    endloop
  endfacet
  facet normal 0.412742 0.910848 0
    outer loop
      vertex 6.06553 14.6435 1.45
      vertex 7.01027 14.2154 0
      vertex 6.06553 14.6435 0
    endloop
  endfacet
  facet normal 0.412742 0.910848 -0
    outer loop
      vertex 7.01027 14.2154 2.65
      vertex 6.06553 14.6435 4.1
      vertex 7.01027 14.2154 4.1
    endloop
  endfacet
  facet normal 0.412742 0.910848 0
    outer loop
      vertex 6.06553 14.6435 4.1
      vertex 7.01027 14.2154 2.65
      vertex 6.06553 14.6435 2.65
    endloop
  endfacet
  facet normal -0.910848 0.412742 0
    outer loop
      vertex -14.6435 6.06553 0
      vertex -14.2154 7.01027 1.45
      vertex -14.2154 7.01027 0
    endloop
  endfacet
  facet normal -0.910848 0.412742 0
    outer loop
      vertex -14.2154 7.01027 1.45
      vertex -14.6435 6.06553 0
      vertex -14.6435 6.06553 1.45
    endloop
  endfacet
  facet normal -0.910848 0.412742 0
    outer loop
      vertex -14.6435 6.06553 2.65
      vertex -14.2154 7.01027 4.1
      vertex -14.2154 7.01027 2.65
    endloop
  endfacet
  facet normal -0.910848 0.412742 0
    outer loop
      vertex -14.2154 7.01027 4.1
      vertex -14.6435 6.06553 2.65
      vertex -14.6435 6.06553 4.1
    endloop
  endfacet
  facet normal 0.956936 0.290299 0
    outer loop
      vertex 15.3099 4.10228 1.45
      vertex 15.0088 5.09482 0
      vertex 15.0088 5.09482 1.45
    endloop
  endfacet
  facet normal 0.956936 0.290299 0
    outer loop
      vertex 15.0088 5.09482 0
      vertex 15.3099 4.10228 1.45
      vertex 15.3099 4.10228 0
    endloop
  endfacet
  facet normal 0.956936 0.290299 0
    outer loop
      vertex 15.3099 4.10228 4.1
      vertex 15.0088 5.09482 2.65
      vertex 15.0088 5.09482 4.1
    endloop
  endfacet
  facet normal 0.956936 0.290299 0
    outer loop
      vertex 15.0088 5.09482 2.65
      vertex 15.3099 4.10228 4.1
      vertex 15.3099 4.10228 2.65
    endloop
  endfacet
  facet normal -0.986633 -0.162959 0
    outer loop
      vertex -15.5454 -3.09218 0
      vertex -15.6845 -2.25 1.45
      vertex -15.6845 -2.25 0
    endloop
  endfacet
  facet normal -0.986633 -0.162959 0
    outer loop
      vertex -15.6845 -2.25 1.45
      vertex -15.5454 -3.09218 0
      vertex -15.5454 -3.09218 1.45
    endloop
  endfacet
  facet normal -0.986633 -0.162959 0
    outer loop
      vertex -15.5454 -3.09218 2.65
      vertex -15.6845 -2.25 4.1
      vertex -15.6845 -2.25 2.65
    endloop
  endfacet
  facet normal -0.986633 -0.162959 0
    outer loop
      vertex -15.6845 -2.25 4.1
      vertex -15.5454 -3.09218 2.65
      vertex -15.5454 -3.09218 4.1
    endloop
  endfacet
  facet normal 0.68364 -0.72982 3.01499e-05
    outer loop
      vertex 10.4506 -11.9167 4.1
      vertex 10.66 -11.7206 2.89
      vertex 11.2076 -11.2076 4.1
    endloop
  endfacet
  facet normal 0.683547 -0.729907 0
    outer loop
      vertex 10.4506 -11.9167 2.65
      vertex 10.66 -11.7206 2.89
      vertex 10.4506 -11.9167 4.1
    endloop
  endfacet
  facet normal 0.683547 -0.729907 0
    outer loop
      vertex 10.66 -11.7206 2.89
      vertex 10.4506 -11.9167 2.65
      vertex 10.66 -11.7206 2.65
    endloop
  endfacet
  facet normal 0.683675 -0.729787 0
    outer loop
      vertex 11.2076 -11.2076 4.1
      vertex 10.66 -11.7206 2.89
      vertex 11.2076 -11.2076 2.89
    endloop
  endfacet
  facet normal 0.683547 -0.729907 0
    outer loop
      vertex 10.4506 -11.9167 0
      vertex 10.66 -11.7206 1.45
      vertex 10.4506 -11.9167 1.45
    endloop
  endfacet
  facet normal 0.683547 -0.729907 0
    outer loop
      vertex 10.66 -11.7206 1.45
      vertex 10.4506 -11.9167 0
      vertex 10.66 -11.7206 0
    endloop
  endfacet
  facet normal 0.582514 0.81282 -0
    outer loop
      vertex 9.64887 12.5746 2.65
      vertex 8.80579 13.1788 4.1
      vertex 9.64887 12.5746 4.1
    endloop
  endfacet
  facet normal 0.582514 0.81282 0
    outer loop
      vertex 8.80579 13.1788 4.1
      vertex 9.64887 12.5746 2.65
      vertex 8.80579 13.1788 2.65
    endloop
  endfacet
  facet normal 0.582514 0.81282 -0
    outer loop
      vertex 9.64887 12.5746 0
      vertex 8.80579 13.1788 1.45
      vertex 9.64887 12.5746 1.45
    endloop
  endfacet
  facet normal 0.582514 0.81282 0
    outer loop
      vertex 8.80579 13.1788 1.45
      vertex 9.64887 12.5746 0
      vertex 8.80579 13.1788 0
    endloop
  endfacet
  facet normal -0.227056 0.973882 0
    outer loop
      vertex -3.09218 15.5454 0
      vertex -4.10228 15.3099 1.45
      vertex -3.09218 15.5454 1.45
    endloop
  endfacet
  facet normal -0.227056 0.973882 0
    outer loop
      vertex -4.10228 15.3099 1.45
      vertex -3.09218 15.5454 0
      vertex -4.10228 15.3099 0
    endloop
  endfacet
  facet normal -0.227056 0.973882 0
    outer loop
      vertex -3.09218 15.5454 2.65
      vertex -4.10228 15.3099 4.1
      vertex -3.09218 15.5454 4.1
    endloop
  endfacet
  facet normal -0.227056 0.973882 0
    outer loop
      vertex -4.10228 15.3099 4.1
      vertex -3.09218 15.5454 2.65
      vertex -4.10228 15.3099 2.65
    endloop
  endfacet
  facet normal 0.935922 0.352208 0
    outer loop
      vertex 15.0088 5.09482 4.1
      vertex 14.6435 6.06553 2.65
      vertex 14.6435 6.06553 4.1
    endloop
  endfacet
  facet normal 0.935922 0.352208 0
    outer loop
      vertex 14.6435 6.06553 2.65
      vertex 15.0088 5.09482 4.1
      vertex 15.0088 5.09482 2.65
    endloop
  endfacet
  facet normal 0.935922 0.352208 0
    outer loop
      vertex 15.0088 5.09482 1.45
      vertex 14.6435 6.06553 0
      vertex 14.6435 6.06553 1.45
    endloop
  endfacet
  facet normal 0.935922 0.352208 0
    outer loop
      vertex 14.6435 6.06553 0
      vertex 15.0088 5.09482 1.45
      vertex 15.0088 5.09482 0
    endloop
  endfacet
  facet normal 0.412742 -0.910848 0
    outer loop
      vertex 6.06553 -14.6435 2.65
      vertex 7.01027 -14.2154 4.1
      vertex 6.06553 -14.6435 4.1
    endloop
  endfacet
  facet normal 0.412742 -0.910848 0
    outer loop
      vertex 7.01027 -14.2154 4.1
      vertex 6.06553 -14.6435 2.65
      vertex 7.01027 -14.2154 2.65
    endloop
  endfacet
  facet normal 0.412742 -0.910848 0
    outer loop
      vertex 6.06553 -14.6435 0
      vertex 7.01027 -14.2154 1.45
      vertex 6.06553 -14.6435 1.45
    endloop
  endfacet
  facet normal 0.412742 -0.910848 0
    outer loop
      vertex 7.01027 -14.2154 1.45
      vertex 6.06553 -14.6435 0
      vertex 7.01027 -14.2154 0
    endloop
  endfacet
  facet normal 0.227056 -0.973882 0
    outer loop
      vertex 3.09218 -15.5454 2.65
      vertex 4.10228 -15.3099 4.1
      vertex 3.09218 -15.5454 4.1
    endloop
  endfacet
  facet normal 0.227056 -0.973882 0
    outer loop
      vertex 4.10228 -15.3099 4.1
      vertex 3.09218 -15.5454 2.65
      vertex 4.10228 -15.3099 2.65
    endloop
  endfacet
  facet normal 0.227056 -0.973882 0
    outer loop
      vertex 3.09218 -15.5454 0
      vertex 4.10228 -15.3099 1.45
      vertex 3.09218 -15.5454 1.45
    endloop
  endfacet
  facet normal 0.227056 -0.973882 0
    outer loop
      vertex 4.10228 -15.3099 1.45
      vertex 3.09218 -15.5454 0
      vertex 4.10228 -15.3099 0
    endloop
  endfacet
  facet normal -0.471372 0.881935 0
    outer loop
      vertex -7.01027 14.2154 2.65
      vertex -7.925 13.7265 4.1
      vertex -7.01027 14.2154 4.1
    endloop
  endfacet
  facet normal -0.471372 0.881935 0
    outer loop
      vertex -7.925 13.7265 4.1
      vertex -7.01027 14.2154 2.65
      vertex -7.925 13.7265 2.65
    endloop
  endfacet
  facet normal -0.471372 0.881935 0
    outer loop
      vertex -7.01027 14.2154 0
      vertex -7.925 13.7265 1.45
      vertex -7.01027 14.2154 1.45
    endloop
  endfacet
  facet normal -0.471372 0.881935 0
    outer loop
      vertex -7.925 13.7265 1.45
      vertex -7.01027 14.2154 0
      vertex -7.925 13.7265 0
    endloop
  endfacet
  facet normal 0.290299 -0.956936 0
    outer loop
      vertex 4.10228 -15.3099 2.65
      vertex 5.09482 -15.0088 4.1
      vertex 4.10228 -15.3099 4.1
    endloop
  endfacet
  facet normal 0.290299 -0.956936 0
    outer loop
      vertex 5.09482 -15.0088 4.1
      vertex 4.10228 -15.3099 2.65
      vertex 5.09482 -15.0088 2.65
    endloop
  endfacet
  facet normal 0.290299 -0.956936 0
    outer loop
      vertex 4.10228 -15.3099 0
      vertex 5.09482 -15.0088 1.45
      vertex 4.10228 -15.3099 1.45
    endloop
  endfacet
  facet normal 0.290299 -0.956936 0
    outer loop
      vertex 5.09482 -15.0088 1.45
      vertex 4.10228 -15.3099 0
      vertex 5.09482 -15.0088 0
    endloop
  endfacet
  facet normal -0.528061 -0.849207 0
    outer loop
      vertex -8.80579 -13.1788 0
      vertex -7.925 -13.7265 1.45
      vertex -8.80579 -13.1788 1.45
    endloop
  endfacet
  facet normal -0.528061 -0.849207 -0
    outer loop
      vertex -7.925 -13.7265 1.45
      vertex -8.80579 -13.1788 0
      vertex -7.925 -13.7265 0
    endloop
  endfacet
  facet normal -0.528061 -0.849207 0
    outer loop
      vertex -8.80579 -13.1788 2.65
      vertex -7.925 -13.7265 4.1
      vertex -8.80579 -13.1788 4.1
    endloop
  endfacet
  facet normal -0.528061 -0.849207 -0
    outer loop
      vertex -7.925 -13.7265 4.1
      vertex -8.80579 -13.1788 2.65
      vertex -7.925 -13.7265 2.65
    endloop
  endfacet
  facet normal -0.290299 0.956936 0
    outer loop
      vertex -4.10228 15.3099 0
      vertex -5.09482 15.0088 1.45
      vertex -4.10228 15.3099 1.45
    endloop
  endfacet
  facet normal -0.290299 0.956936 0
    outer loop
      vertex -5.09482 15.0088 1.45
      vertex -4.10228 15.3099 0
      vertex -5.09482 15.0088 0
    endloop
  endfacet
  facet normal -0.290299 0.956936 0
    outer loop
      vertex -4.10228 15.3099 2.65
      vertex -5.09482 15.0088 4.1
      vertex -4.10228 15.3099 4.1
    endloop
  endfacet
  facet normal -0.290299 0.956936 0
    outer loop
      vertex -5.09482 15.0088 4.1
      vertex -4.10228 15.3099 2.65
      vertex -5.09482 15.0088 2.65
    endloop
  endfacet
  facet normal -0.683547 -0.729907 0
    outer loop
      vertex -10.66 -11.7206 0
      vertex -10.4506 -11.9167 1.45
      vertex -10.66 -11.7206 1.45
    endloop
  endfacet
  facet normal -0.683547 -0.729907 -0
    outer loop
      vertex -10.4506 -11.9167 1.45
      vertex -10.66 -11.7206 0
      vertex -10.4506 -11.9167 0
    endloop
  endfacet
  facet normal -0.683675 -0.729787 0
    outer loop
      vertex -10.66 -11.7206 2.89
      vertex -11.2076 -11.2076 4.1
      vertex -11.2076 -11.2076 2.89
    endloop
  endfacet
  facet normal -0.68364 -0.72982 3.01499e-05
    outer loop
      vertex -11.2076 -11.2076 4.1
      vertex -10.66 -11.7206 2.89
      vertex -10.4506 -11.9167 4.1
    endloop
  endfacet
  facet normal -0.683547 -0.729907 0
    outer loop
      vertex -10.4506 -11.9167 2.65
      vertex -10.66 -11.7206 2.89
      vertex -10.66 -11.7206 2.65
    endloop
  endfacet
  facet normal -0.683547 -0.729907 0
    outer loop
      vertex -10.66 -11.7206 2.89
      vertex -10.4506 -11.9167 2.65
      vertex -10.4506 -11.9167 4.1
    endloop
  endfacet
  facet normal -0.352208 -0.935922 0
    outer loop
      vertex -6.06553 -14.6435 0
      vertex -5.09482 -15.0088 1.45
      vertex -6.06553 -14.6435 1.45
    endloop
  endfacet
  facet normal -0.352208 -0.935922 -0
    outer loop
      vertex -5.09482 -15.0088 1.45
      vertex -6.06553 -14.6435 0
      vertex -5.09482 -15.0088 0
    endloop
  endfacet
  facet normal -0.352208 -0.935922 0
    outer loop
      vertex -6.06553 -14.6435 2.65
      vertex -5.09482 -15.0088 4.1
      vertex -6.06553 -14.6435 4.1
    endloop
  endfacet
  facet normal -0.352208 -0.935922 -0
    outer loop
      vertex -5.09482 -15.0088 4.1
      vertex -6.06553 -14.6435 2.65
      vertex -5.09482 -15.0088 2.65
    endloop
  endfacet
  facet normal -0.162939 0.986636 0
    outer loop
      vertex -2.06884 15.7144 2.65
      vertex -3.09218 15.5454 4.1
      vertex -2.06884 15.7144 4.1
    endloop
  endfacet
  facet normal -0.162939 0.986636 0
    outer loop
      vertex -3.09218 15.5454 4.1
      vertex -2.06884 15.7144 2.65
      vertex -3.09218 15.5454 2.65
    endloop
  endfacet
  facet normal -0.162939 0.986636 0
    outer loop
      vertex -2.06884 15.7144 0
      vertex -3.09218 15.5454 1.45
      vertex -2.06884 15.7144 1.45
    endloop
  endfacet
  facet normal -0.162939 0.986636 0
    outer loop
      vertex -3.09218 15.5454 1.45
      vertex -2.06884 15.7144 0
      vertex -3.09218 15.5454 0
    endloop
  endfacet
  facet normal -0.582514 0.81282 0
    outer loop
      vertex -8.80579 13.1788 0
      vertex -9.64887 12.5746 1.45
      vertex -8.80579 13.1788 1.45
    endloop
  endfacet
  facet normal -0.582514 0.81282 0
    outer loop
      vertex -9.64887 12.5746 1.45
      vertex -8.80579 13.1788 0
      vertex -9.64887 12.5746 0
    endloop
  endfacet
  facet normal -0.582514 0.81282 0
    outer loop
      vertex -8.80579 13.1788 2.65
      vertex -9.64887 12.5746 4.1
      vertex -8.80579 13.1788 4.1
    endloop
  endfacet
  facet normal -0.582514 0.81282 0
    outer loop
      vertex -9.64887 12.5746 4.1
      vertex -8.80579 13.1788 2.65
      vertex -9.64887 12.5746 2.65
    endloop
  endfacet
  facet normal -0.81282 -0.582514 0
    outer loop
      vertex -12.5746 -9.64887 2.65
      vertex -13.1788 -8.80579 4.1
      vertex -13.1788 -8.80579 2.65
    endloop
  endfacet
  facet normal -0.81282 -0.582514 0
    outer loop
      vertex -13.1788 -8.80579 4.1
      vertex -12.5746 -9.64887 2.65
      vertex -12.5746 -9.64887 4.1
    endloop
  endfacet
  facet normal -0.81282 -0.582514 0
    outer loop
      vertex -12.5746 -9.64887 0
      vertex -13.1788 -8.80579 1.45
      vertex -13.1788 -8.80579 0
    endloop
  endfacet
  facet normal -0.81282 -0.582514 0
    outer loop
      vertex -13.1788 -8.80579 1.45
      vertex -12.5746 -9.64887 0
      vertex -12.5746 -9.64887 1.45
    endloop
  endfacet
  facet normal 0.290299 0.956936 -0
    outer loop
      vertex 5.09482 15.0088 0
      vertex 4.10228 15.3099 1.45
      vertex 5.09482 15.0088 1.45
    endloop
  endfacet
  facet normal 0.290299 0.956936 0
    outer loop
      vertex 4.10228 15.3099 1.45
      vertex 5.09482 15.0088 0
      vertex 4.10228 15.3099 0
    endloop
  endfacet
  facet normal 0.290299 0.956936 -0
    outer loop
      vertex 5.09482 15.0088 2.65
      vertex 4.10228 15.3099 4.1
      vertex 5.09482 15.0088 4.1
    endloop
  endfacet
  facet normal 0.290299 0.956936 0
    outer loop
      vertex 4.10228 15.3099 4.1
      vertex 5.09482 15.0088 2.65
      vertex 4.10228 15.3099 2.65
    endloop
  endfacet
  facet normal 0.77304 0.634357 0
    outer loop
      vertex 12.5746 9.64887 1.45
      vertex 11.9167 10.4506 0
      vertex 11.9167 10.4506 1.45
    endloop
  endfacet
  facet normal 0.77304 0.634357 0
    outer loop
      vertex 11.9167 10.4506 0
      vertex 12.5746 9.64887 1.45
      vertex 12.5746 9.64887 0
    endloop
  endfacet
  facet normal 0.77304 0.634357 0
    outer loop
      vertex 12.5746 9.64887 4.1
      vertex 11.9167 10.4506 2.65
      vertex 11.9167 10.4506 4.1
    endloop
  endfacet
  facet normal 0.77304 0.634357 0
    outer loop
      vertex 11.9167 10.4506 2.65
      vertex 12.5746 9.64887 4.1
      vertex 12.5746 9.64887 2.65
    endloop
  endfacet
  facet normal 0.634357 0.77304 -0
    outer loop
      vertex 10.4506 11.9167 2.65
      vertex 9.64887 12.5746 4.1
      vertex 10.4506 11.9167 4.1
    endloop
  endfacet
  facet normal 0.634357 0.77304 0
    outer loop
      vertex 9.64887 12.5746 4.1
      vertex 10.4506 11.9167 2.65
      vertex 9.64887 12.5746 2.65
    endloop
  endfacet
  facet normal 0.634357 0.77304 -0
    outer loop
      vertex 10.4506 11.9167 0
      vertex 9.64887 12.5746 1.45
      vertex 10.4506 11.9167 1.45
    endloop
  endfacet
  facet normal 0.634357 0.77304 0
    outer loop
      vertex 9.64887 12.5746 1.45
      vertex 10.4506 11.9167 0
      vertex 9.64887 12.5746 0
    endloop
  endfacet
  facet normal -0.77304 0.634357 0
    outer loop
      vertex -12.5746 9.64887 0
      vertex -11.9167 10.4506 1.45
      vertex -11.9167 10.4506 0
    endloop
  endfacet
  facet normal -0.77304 0.634357 0
    outer loop
      vertex -11.9167 10.4506 1.45
      vertex -12.5746 9.64887 0
      vertex -12.5746 9.64887 1.45
    endloop
  endfacet
  facet normal -0.77304 0.634357 0
    outer loop
      vertex -12.5746 9.64887 2.65
      vertex -11.9167 10.4506 4.1
      vertex -11.9167 10.4506 2.65
    endloop
  endfacet
  facet normal -0.77304 0.634357 0
    outer loop
      vertex -11.9167 10.4506 4.1
      vertex -12.5746 9.64887 2.65
      vertex -12.5746 9.64887 4.1
    endloop
  endfacet
  facet normal 0.973882 -0.227056 0
    outer loop
      vertex 15.3099 -4.10228 4.1
      vertex 15.5454 -3.09218 2.65
      vertex 15.5454 -3.09218 4.1
    endloop
  endfacet
  facet normal 0.973882 -0.227056 0
    outer loop
      vertex 15.5454 -3.09218 2.65
      vertex 15.3099 -4.10228 4.1
      vertex 15.3099 -4.10228 2.65
    endloop
  endfacet
  facet normal 0.973882 -0.227056 0
    outer loop
      vertex 15.3099 -4.10228 1.45
      vertex 15.5454 -3.09218 0
      vertex 15.5454 -3.09218 1.45
    endloop
  endfacet
  facet normal 0.973882 -0.227056 0
    outer loop
      vertex 15.5454 -3.09218 0
      vertex 15.3099 -4.10228 1.45
      vertex 15.3099 -4.10228 0
    endloop
  endfacet
  facet normal 0.910848 -0.412742 0
    outer loop
      vertex 14.2154 -7.01027 1.45
      vertex 14.6435 -6.06553 0
      vertex 14.6435 -6.06553 1.45
    endloop
  endfacet
  facet normal 0.910848 -0.412742 0
    outer loop
      vertex 14.6435 -6.06553 0
      vertex 14.2154 -7.01027 1.45
      vertex 14.2154 -7.01027 0
    endloop
  endfacet
  facet normal 0.910848 -0.412742 0
    outer loop
      vertex 14.2154 -7.01027 4.1
      vertex 14.6435 -6.06553 2.65
      vertex 14.6435 -6.06553 4.1
    endloop
  endfacet
  facet normal 0.910848 -0.412742 0
    outer loop
      vertex 14.6435 -6.06553 2.65
      vertex 14.2154 -7.01027 4.1
      vertex 14.2154 -7.01027 2.65
    endloop
  endfacet
  facet normal 0.528061 -0.849207 0
    outer loop
      vertex 7.925 -13.7265 0
      vertex 8.80579 -13.1788 1.45
      vertex 7.925 -13.7265 1.45
    endloop
  endfacet
  facet normal 0.528061 -0.849207 0
    outer loop
      vertex 8.80579 -13.1788 1.45
      vertex 7.925 -13.7265 0
      vertex 8.80579 -13.1788 0
    endloop
  endfacet
  facet normal 0.528061 -0.849207 0
    outer loop
      vertex 7.925 -13.7265 2.65
      vertex 8.80579 -13.1788 4.1
      vertex 7.925 -13.7265 4.1
    endloop
  endfacet
  facet normal 0.528061 -0.849207 0
    outer loop
      vertex 8.80579 -13.1788 4.1
      vertex 7.925 -13.7265 2.65
      vertex 8.80579 -13.1788 2.65
    endloop
  endfacet
  facet normal -0.729907 -0.683547 0
    outer loop
      vertex -11.7206 -10.66 0
      vertex -11.9167 -10.4506 1.45
      vertex -11.9167 -10.4506 0
    endloop
  endfacet
  facet normal -0.729907 -0.683547 0
    outer loop
      vertex -11.9167 -10.4506 1.45
      vertex -11.7206 -10.66 0
      vertex -11.7206 -10.66 1.45
    endloop
  endfacet
  facet normal -0.729907 -0.683547 -0
    outer loop
      vertex -11.7206 -10.66 2.89
      vertex -11.9167 -10.4506 2.65
      vertex -11.7206 -10.66 2.65
    endloop
  endfacet
  facet normal -0.729907 -0.683547 0
    outer loop
      vertex -11.9167 -10.4506 2.65
      vertex -11.7206 -10.66 2.89
      vertex -11.9167 -10.4506 4.1
    endloop
  endfacet
  facet normal -0.729787 -0.683675 -0
    outer loop
      vertex -11.2076 -11.2076 4.1
      vertex -11.7206 -10.66 2.89
      vertex -11.2076 -11.2076 2.89
    endloop
  endfacet
  facet normal -0.72982 -0.68364 3.01499e-05
    outer loop
      vertex -11.7206 -10.66 2.89
      vertex -11.2076 -11.2076 4.1
      vertex -11.9167 -10.4506 4.1
    endloop
  endfacet
  facet normal 0.910848 0.412742 0
    outer loop
      vertex 14.6435 6.06553 4.1
      vertex 14.2154 7.01027 2.65
      vertex 14.2154 7.01027 4.1
    endloop
  endfacet
  facet normal 0.910848 0.412742 0
    outer loop
      vertex 14.2154 7.01027 2.65
      vertex 14.6435 6.06553 4.1
      vertex 14.6435 6.06553 2.65
    endloop
  endfacet
  facet normal 0.910848 0.412742 0
    outer loop
      vertex 14.6435 6.06553 1.45
      vertex 14.2154 7.01027 0
      vertex 14.2154 7.01027 1.45
    endloop
  endfacet
  facet normal 0.910848 0.412742 0
    outer loop
      vertex 14.2154 7.01027 0
      vertex 14.6435 6.06553 1.45
      vertex 14.6435 6.06553 0
    endloop
  endfacet
  facet normal 0.956936 -0.290299 0
    outer loop
      vertex 15.0088 -5.09482 1.45
      vertex 15.3099 -4.10228 0
      vertex 15.3099 -4.10228 1.45
    endloop
  endfacet
  facet normal 0.956936 -0.290299 0
    outer loop
      vertex 15.3099 -4.10228 0
      vertex 15.0088 -5.09482 1.45
      vertex 15.0088 -5.09482 0
    endloop
  endfacet
  facet normal 0.956936 -0.290299 0
    outer loop
      vertex 15.0088 -5.09482 4.1
      vertex 15.3099 -4.10228 2.65
      vertex 15.3099 -4.10228 4.1
    endloop
  endfacet
  facet normal 0.956936 -0.290299 0
    outer loop
      vertex 15.3099 -4.10228 2.65
      vertex 15.0088 -5.09482 4.1
      vertex 15.0088 -5.09482 2.65
    endloop
  endfacet
  facet normal -0.634357 -0.77304 0
    outer loop
      vertex -10.4506 -11.9167 0
      vertex -9.64887 -12.5746 1.45
      vertex -10.4506 -11.9167 1.45
    endloop
  endfacet
  facet normal -0.634357 -0.77304 -0
    outer loop
      vertex -9.64887 -12.5746 1.45
      vertex -10.4506 -11.9167 0
      vertex -9.64887 -12.5746 0
    endloop
  endfacet
  facet normal -0.634357 -0.77304 0
    outer loop
      vertex -10.4506 -11.9167 2.65
      vertex -9.64887 -12.5746 4.1
      vertex -10.4506 -11.9167 4.1
    endloop
  endfacet
  facet normal -0.634357 -0.77304 -0
    outer loop
      vertex -9.64887 -12.5746 4.1
      vertex -10.4506 -11.9167 2.65
      vertex -9.64887 -12.5746 2.65
    endloop
  endfacet
  facet normal 0.729907 -0.683547 0
    outer loop
      vertex 11.9167 -10.4506 4.1
      vertex 11.7206 -10.66 2.89
      vertex 11.9167 -10.4506 2.65
    endloop
  endfacet
  facet normal 0.72982 -0.68364 3.01499e-05
    outer loop
      vertex 11.2076 -11.2076 4.1
      vertex 11.7206 -10.66 2.89
      vertex 11.9167 -10.4506 4.1
    endloop
  endfacet
  facet normal 0.729787 -0.683675 0
    outer loop
      vertex 11.7206 -10.66 2.89
      vertex 11.2076 -11.2076 4.1
      vertex 11.2076 -11.2076 2.89
    endloop
  endfacet
  facet normal 0.729907 -0.683547 0
    outer loop
      vertex 11.9167 -10.4506 2.65
      vertex 11.7206 -10.66 2.89
      vertex 11.7206 -10.66 2.65
    endloop
  endfacet
  facet normal 0.729907 -0.683547 0
    outer loop
      vertex 11.7206 -10.66 1.45
      vertex 11.9167 -10.4506 0
      vertex 11.9167 -10.4506 1.45
    endloop
  endfacet
  facet normal 0.729907 -0.683547 0
    outer loop
      vertex 11.9167 -10.4506 0
      vertex 11.7206 -10.66 1.45
      vertex 11.7206 -10.66 0
    endloop
  endfacet
  facet normal -0.935922 0.352208 0
    outer loop
      vertex -15.0088 5.09482 2.65
      vertex -14.6435 6.06553 4.1
      vertex -14.6435 6.06553 2.65
    endloop
  endfacet
  facet normal -0.935922 0.352208 0
    outer loop
      vertex -14.6435 6.06553 4.1
      vertex -15.0088 5.09482 2.65
      vertex -15.0088 5.09482 4.1
    endloop
  endfacet
  facet normal -0.935922 0.352208 0
    outer loop
      vertex -15.0088 5.09482 0
      vertex -14.6435 6.06553 1.45
      vertex -14.6435 6.06553 0
    endloop
  endfacet
  facet normal -0.935922 0.352208 0
    outer loop
      vertex -14.6435 6.06553 1.45
      vertex -15.0088 5.09482 0
      vertex -15.0088 5.09482 1.45
    endloop
  endfacet
  facet normal -0.0980526 -0.995181 0
    outer loop
      vertex -2.06884 -15.7144 0
      vertex -1.03664 -15.8161 1.45
      vertex -2.06884 -15.7144 1.45
    endloop
  endfacet
  facet normal -0.0980526 -0.995181 -0
    outer loop
      vertex -1.03664 -15.8161 1.45
      vertex -2.06884 -15.7144 0
      vertex -1.03664 -15.8161 0
    endloop
  endfacet
  facet normal -0.0980526 -0.995181 0
    outer loop
      vertex -2.06884 -15.7144 2.65
      vertex -1.03664 -15.8161 4.1
      vertex -2.06884 -15.7144 4.1
    endloop
  endfacet
  facet normal -0.0980526 -0.995181 -0
    outer loop
      vertex -1.03664 -15.8161 4.1
      vertex -2.06884 -15.7144 2.65
      vertex -1.03664 -15.8161 2.65
    endloop
  endfacet
  facet normal -0.973882 0.227056 0
    outer loop
      vertex -15.5454 3.09218 0
      vertex -15.3099 4.10228 1.45
      vertex -15.3099 4.10228 0
    endloop
  endfacet
  facet normal -0.973882 0.227056 0
    outer loop
      vertex -15.3099 4.10228 1.45
      vertex -15.5454 3.09218 0
      vertex -15.5454 3.09218 1.45
    endloop
  endfacet
  facet normal -0.973882 0.227056 0
    outer loop
      vertex -15.5454 3.09218 2.65
      vertex -15.3099 4.10228 4.1
      vertex -15.3099 4.10228 2.65
    endloop
  endfacet
  facet normal -0.973882 0.227056 0
    outer loop
      vertex -15.3099 4.10228 4.1
      vertex -15.5454 3.09218 2.65
      vertex -15.5454 3.09218 4.1
    endloop
  endfacet
  facet normal -0.68364 0.72982 3.01499e-05
    outer loop
      vertex -10.4506 11.9167 4.1
      vertex -10.66 11.7206 2.89
      vertex -11.2076 11.2076 4.1
    endloop
  endfacet
  facet normal -0.683547 0.729907 0
    outer loop
      vertex -10.4506 11.9167 2.65
      vertex -10.66 11.7206 2.89
      vertex -10.4506 11.9167 4.1
    endloop
  endfacet
  facet normal -0.683547 0.729907 0
    outer loop
      vertex -10.66 11.7206 2.89
      vertex -10.4506 11.9167 2.65
      vertex -10.66 11.7206 2.65
    endloop
  endfacet
  facet normal -0.683675 0.729787 0
    outer loop
      vertex -11.2076 11.2076 4.1
      vertex -10.66 11.7206 2.89
      vertex -11.2076 11.2076 2.89
    endloop
  endfacet
  facet normal -0.683547 0.729907 0
    outer loop
      vertex -10.4506 11.9167 0
      vertex -10.66 11.7206 1.45
      vertex -10.4506 11.9167 1.45
    endloop
  endfacet
  facet normal -0.683547 0.729907 0
    outer loop
      vertex -10.66 11.7206 1.45
      vertex -10.4506 11.9167 0
      vertex -10.66 11.7206 0
    endloop
  endfacet
  facet normal -0.227056 -0.973882 0
    outer loop
      vertex -4.10228 -15.3099 2.65
      vertex -3.09218 -15.5454 4.1
      vertex -4.10228 -15.3099 4.1
    endloop
  endfacet
  facet normal -0.227056 -0.973882 -0
    outer loop
      vertex -3.09218 -15.5454 4.1
      vertex -4.10228 -15.3099 2.65
      vertex -3.09218 -15.5454 2.65
    endloop
  endfacet
  facet normal -0.227056 -0.973882 0
    outer loop
      vertex -4.10228 -15.3099 0
      vertex -3.09218 -15.5454 1.45
      vertex -4.10228 -15.3099 1.45
    endloop
  endfacet
  facet normal -0.227056 -0.973882 -0
    outer loop
      vertex -3.09218 -15.5454 1.45
      vertex -4.10228 -15.3099 0
      vertex -3.09218 -15.5454 0
    endloop
  endfacet
  facet normal 0 0 -1
    outer loop
      vertex 9.13194 10.413 0
      vertex 10.4506 11.9167 0
      vertex 10.66 11.7206 0
    endloop
  endfacet
  facet normal 0 0 -1
    outer loop
      vertex 9.13194 10.413 0
      vertex 10.66 11.7206 0
      vertex 9.24574 10.3064 0
    endloop
  endfacet
  facet normal -0 0 -1
    outer loop
      vertex 10.4506 11.9167 0
      vertex 9.13194 10.413 0
      vertex 9.64887 12.5746 0
    endloop
  endfacet
  facet normal 0 0 -1
    outer loop
      vertex 8.43134 10.9879 0
      vertex 9.64887 12.5746 0
      vertex 9.13194 10.413 0
    endloop
  endfacet
  facet normal -0 0 -1
    outer loop
      vertex 9.64887 12.5746 0
      vertex 8.43134 10.9879 0
      vertex 8.80579 13.1788 0
    endloop
  endfacet
  facet normal 0 0 -1
    outer loop
      vertex 7.69465 11.5159 0
      vertex 8.80579 13.1788 0
      vertex 8.43134 10.9879 0
    endloop
  endfacet
  facet normal -0 0 -1
    outer loop
      vertex 8.80579 13.1788 0
      vertex 7.69465 11.5159 0
      vertex 7.925 13.7265 0
    endloop
  endfacet
  facet normal 0 0 -1
    outer loop
      vertex 6.925 11.9945 0
      vertex 7.925 13.7265 0
      vertex 7.69465 11.5159 0
    endloop
  endfacet
  facet normal -0 0 -1
    outer loop
      vertex 7.925 13.7265 0
      vertex 6.925 11.9945 0
      vertex 7.01027 14.2154 0
    endloop
  endfacet
  facet normal 0 0 -1
    outer loop
      vertex 6.1257 12.4217 0
      vertex 7.01027 14.2154 0
      vertex 6.925 11.9945 0
    endloop
  endfacet
  facet normal 0 0 -1
    outer loop
      vertex 6.1257 12.4217 0
      vertex 6.06553 14.6435 0
      vertex 7.01027 14.2154 0
    endloop
  endfacet
  facet normal 0 0 -1
    outer loop
      vertex 5.30017 12.7957 0
      vertex 6.06553 14.6435 0
      vertex 6.1257 12.4217 0
    endloop
  endfacet
  facet normal 0 0 -1
    outer loop
      vertex 5.30017 12.7957 0
      vertex 5.09482 15.0088 0
      vertex 6.06553 14.6435 0
    endloop
  endfacet
  facet normal 0 0 -1
    outer loop
      vertex 4.45194 13.115 0
      vertex 5.09482 15.0088 0
      vertex 5.30017 12.7957 0
    endloop
  endfacet
  facet normal 0 0 -1
    outer loop
      vertex 4.45194 13.115 0
      vertex 4.10228 15.3099 0
      vertex 5.09482 15.0088 0
    endloop
  endfacet
  facet normal 0 0 -1
    outer loop
      vertex 3.58464 13.3781 0
      vertex 4.10228 15.3099 0
      vertex 4.45194 13.115 0
    endloop
  endfacet
  facet normal 0 0 -1
    outer loop
      vertex 3.58464 13.3781 0
      vertex 3.09218 15.5454 0
      vertex 4.10228 15.3099 0
    endloop
  endfacet
  facet normal 0 0 -1
    outer loop
      vertex 2.702 13.5839 0
      vertex 3.09218 15.5454 0
      vertex 3.58464 13.3781 0
    endloop
  endfacet
  facet normal 0 0 -1
    outer loop
      vertex 2.702 13.5839 0
      vertex 2.06884 15.7144 0
      vertex 3.09218 15.5454 0
    endloop
  endfacet
  facet normal 0 0 -1
    outer loop
      vertex 1.80779 13.7315 0
      vertex 2.06884 15.7144 0
      vertex 2.702 13.5839 0
    endloop
  endfacet
  facet normal 0 0 -1
    outer loop
      vertex 1.80779 13.7315 0
      vertex 1.03664 15.8161 0
      vertex 2.06884 15.7144 0
    endloop
  endfacet
  facet normal 0 0 -1
    outer loop
      vertex 0.905833 13.8203 0
      vertex 1.03664 15.8161 0
      vertex 1.80779 13.7315 0
    endloop
  endfacet
  facet normal 0 0 -1
    outer loop
      vertex 0 13.85 0
      vertex 1.03664 15.8161 0
      vertex 0.905833 13.8203 0
    endloop
  endfacet
  facet normal 0 0 -1
    outer loop
      vertex 0 13.85 0
      vertex 0 15.85 0
      vertex 1.03664 15.8161 0
    endloop
  endfacet
  facet normal 0 0 -1
    outer loop
      vertex -0.905833 13.8203 0
      vertex 0 15.85 0
      vertex 0 13.85 0
    endloop
  endfacet
  facet normal 0 0 -1
    outer loop
      vertex -0.905833 13.8203 0
      vertex -1.03664 15.8161 0
      vertex 0 15.85 0
    endloop
  endfacet
  facet normal 0 0 -1
    outer loop
      vertex -1.80779 13.7315 0
      vertex -1.03664 15.8161 0
      vertex -0.905833 13.8203 0
    endloop
  endfacet
  facet normal 0 0 -1
    outer loop
      vertex -1.80779 13.7315 0
      vertex -2.06884 15.7144 0
      vertex -1.03664 15.8161 0
    endloop
  endfacet
  facet normal 0 0 -1
    outer loop
      vertex -2.702 13.5839 0
      vertex -2.06884 15.7144 0
      vertex -1.80779 13.7315 0
    endloop
  endfacet
  facet normal 0 0 -1
    outer loop
      vertex -2.702 13.5839 0
      vertex -3.09218 15.5454 0
      vertex -2.06884 15.7144 0
    endloop
  endfacet
  facet normal 0 0 -1
    outer loop
      vertex -3.58464 13.3781 0
      vertex -3.09218 15.5454 0
      vertex -2.702 13.5839 0
    endloop
  endfacet
  facet normal 0 0 -1
    outer loop
      vertex -3.58464 13.3781 0
      vertex -4.10228 15.3099 0
      vertex -3.09218 15.5454 0
    endloop
  endfacet
  facet normal 0 0 -1
    outer loop
      vertex -4.45194 13.115 0
      vertex -4.10228 15.3099 0
      vertex -3.58464 13.3781 0
    endloop
  endfacet
  facet normal 0 0 -1
    outer loop
      vertex -4.45194 13.115 0
      vertex -5.09482 15.0088 0
      vertex -4.10228 15.3099 0
    endloop
  endfacet
  facet normal 0 0 -1
    outer loop
      vertex -5.30017 12.7957 0
      vertex -5.09482 15.0088 0
      vertex -4.45194 13.115 0
    endloop
  endfacet
  facet normal 0 0 -1
    outer loop
      vertex -5.30017 12.7957 0
      vertex -6.06553 14.6435 0
      vertex -5.09482 15.0088 0
    endloop
  endfacet
  facet normal 0 0 -1
    outer loop
      vertex -6.1257 12.4217 0
      vertex -6.06553 14.6435 0
      vertex -5.30017 12.7957 0
    endloop
  endfacet
  facet normal 0 0 -1
    outer loop
      vertex -7.01027 14.2154 0
      vertex -6.1257 12.4217 0
      vertex -6.925 11.9945 0
    endloop
  endfacet
  facet normal 0 0 -1
    outer loop
      vertex -6.1257 12.4217 0
      vertex -7.01027 14.2154 0
      vertex -6.06553 14.6435 0
    endloop
  endfacet
  facet normal 0 0 -1
    outer loop
      vertex -7.925 13.7265 0
      vertex -6.925 11.9945 0
      vertex -7.69465 11.5159 0
    endloop
  endfacet
  facet normal 0 0 -1
    outer loop
      vertex -6.925 11.9945 0
      vertex -7.925 13.7265 0
      vertex -7.01027 14.2154 0
    endloop
  endfacet
  facet normal 0 0 -1
    outer loop
      vertex -8.80579 13.1788 0
      vertex -7.69465 11.5159 0
      vertex -8.43134 10.9879 0
    endloop
  endfacet
  facet normal 0 0 -1
    outer loop
      vertex -7.69465 11.5159 0
      vertex -8.80579 13.1788 0
      vertex -7.925 13.7265 0
    endloop
  endfacet
  facet normal 0 0 -1
    outer loop
      vertex -9.64887 12.5746 0
      vertex -8.43134 10.9879 0
      vertex -9.13194 10.413 0
    endloop
  endfacet
  facet normal 0 0 -1
    outer loop
      vertex -10.4506 11.9167 0
      vertex -9.13194 10.413 0
      vertex -9.24574 10.3064 0
    endloop
  endfacet
  facet normal 0 0 -1
    outer loop
      vertex -8.43134 10.9879 0
      vertex -9.64887 12.5746 0
      vertex -8.80579 13.1788 0
    endloop
  endfacet
  facet normal 0 0 -1
    outer loop
      vertex -9.13194 10.413 0
      vertex -10.4506 11.9167 0
      vertex -9.64887 12.5746 0
    endloop
  endfacet
  facet normal 0 -0 -1
    outer loop
      vertex -10.4506 11.9167 0
      vertex -9.24574 10.3064 0
      vertex -10.66 11.7206 0
    endloop
  endfacet
  facet normal 0 0 -1
    outer loop
      vertex 13.5839 -2.702 0
      vertex 15.5454 -3.09218 0
      vertex 15.3099 -4.10228 0
    endloop
  endfacet
  facet normal 0 0 -1
    outer loop
      vertex 13.3781 -3.58464 0
      vertex 15.3099 -4.10228 0
      vertex 15.0088 -5.09482 0
    endloop
  endfacet
  facet normal 0 0 -1
    outer loop
      vertex 13.115 -4.45194 0
      vertex 15.0088 -5.09482 0
      vertex 14.6435 -6.06553 0
    endloop
  endfacet
  facet normal 0 0 -1
    outer loop
      vertex 12.7957 -5.30017 0
      vertex 14.6435 -6.06553 0
      vertex 14.2154 -7.01027 0
    endloop
  endfacet
  facet normal 0 0 -1
    outer loop
      vertex 15.0088 -5.09482 0
      vertex 13.115 -4.45194 0
      vertex 13.3781 -3.58464 0
    endloop
  endfacet
  facet normal 0 0 -1
    outer loop
      vertex 13.95 -2.25 0
      vertex 13.85 0 0
      vertex 13.95 2.25 0
    endloop
  endfacet
  facet normal 0 0 -1
    outer loop
      vertex 13.95 -2.25 0
      vertex 13.8203 -0.905833 0
      vertex 13.85 0 0
    endloop
  endfacet
  facet normal 0 0 -1
    outer loop
      vertex 15.5454 -3.09218 0
      vertex 13.5839 -2.702 0
      vertex 13.95 -2.25 0
    endloop
  endfacet
  facet normal 0 0 -1
    outer loop
      vertex 13.95 -2.25 0
      vertex 13.7315 -1.80779 0
      vertex 13.8203 -0.905833 0
    endloop
  endfacet
  facet normal 0 0 -1
    outer loop
      vertex 12.4217 -6.1257 0
      vertex 14.2154 -7.01027 0
      vertex 13.7265 -7.925 0
    endloop
  endfacet
  facet normal -0 0 -1
    outer loop
      vertex 13.95 -2.25 0
      vertex 13.5839 -2.702 0
      vertex 13.7315 -1.80779 0
    endloop
  endfacet
  facet normal 0 0 -1
    outer loop
      vertex 15.5454 -3.09218 0
      vertex 13.95 -2.25 0
      vertex 15.6845 -2.25 0
    endloop
  endfacet
  facet normal 0 0 -1
    outer loop
      vertex 11.9945 -6.925 0
      vertex 13.7265 -7.925 0
      vertex 13.1788 -8.80579 0
    endloop
  endfacet
  facet normal 0 -0 -1
    outer loop
      vertex 13.5839 -2.702 0
      vertex 15.3099 -4.10228 0
      vertex 13.3781 -3.58464 0
    endloop
  endfacet
  facet normal 0 0 -1
    outer loop
      vertex 14.6435 -6.06553 0
      vertex 12.7957 -5.30017 0
      vertex 13.115 -4.45194 0
    endloop
  endfacet
  facet normal 0 0 -1
    outer loop
      vertex 11.5159 -7.69465 0
      vertex 13.1788 -8.80579 0
      vertex 12.5746 -9.64887 0
    endloop
  endfacet
  facet normal 0 0 -1
    outer loop
      vertex 14.2154 -7.01027 0
      vertex 12.4217 -6.1257 0
      vertex 12.7957 -5.30017 0
    endloop
  endfacet
  facet normal 0 0 -1
    outer loop
      vertex 13.7265 -7.925 0
      vertex 11.9945 -6.925 0
      vertex 12.4217 -6.1257 0
    endloop
  endfacet
  facet normal 0 0 -1
    outer loop
      vertex 10.9879 -8.43134 0
      vertex 12.5746 -9.64887 0
      vertex 11.9167 -10.4506 0
    endloop
  endfacet
  facet normal 0 0 -1
    outer loop
      vertex 10.413 -9.13194 0
      vertex 11.9167 -10.4506 0
      vertex 11.7206 -10.66 0
    endloop
  endfacet
  facet normal 0 0 -1
    outer loop
      vertex 13.1788 -8.80579 0
      vertex 11.5159 -7.69465 0
      vertex 11.9945 -6.925 0
    endloop
  endfacet
  facet normal 0 0 -1
    outer loop
      vertex 12.5746 -9.64887 0
      vertex 10.9879 -8.43134 0
      vertex 11.5159 -7.69465 0
    endloop
  endfacet
  facet normal 0 0 -1
    outer loop
      vertex 11.9167 -10.4506 0
      vertex 10.413 -9.13194 0
      vertex 10.9879 -8.43134 0
    endloop
  endfacet
  facet normal 0 -0 -1
    outer loop
      vertex 10.413 -9.13194 0
      vertex 11.7206 -10.66 0
      vertex 10.3064 -9.24574 0
    endloop
  endfacet
  facet normal 0 0 -1
    outer loop
      vertex 13.95 2.25 0
      vertex 15.5454 3.09218 0
      vertex 15.6845 2.25 0
    endloop
  endfacet
  facet normal 0 0 -1
    outer loop
      vertex 13.5839 2.702 0
      vertex 15.5454 3.09218 0
      vertex 13.95 2.25 0
    endloop
  endfacet
  facet normal -0 0 -1
    outer loop
      vertex 15.3099 4.10228 0
      vertex 13.3781 3.58464 0
      vertex 15.0088 5.09482 0
    endloop
  endfacet
  facet normal 0 0 -1
    outer loop
      vertex 13.115 4.45194 0
      vertex 15.0088 5.09482 0
      vertex 13.3781 3.58464 0
    endloop
  endfacet
  facet normal -0 0 -1
    outer loop
      vertex 15.5454 3.09218 0
      vertex 13.5839 2.702 0
      vertex 15.3099 4.10228 0
    endloop
  endfacet
  facet normal 0 0 -1
    outer loop
      vertex 13.8203 0.905833 0
      vertex 13.95 2.25 0
      vertex 13.85 0 0
    endloop
  endfacet
  facet normal 0 0 -1
    outer loop
      vertex 13.7315 1.80779 0
      vertex 13.95 2.25 0
      vertex 13.8203 0.905833 0
    endloop
  endfacet
  facet normal 0 0 -1
    outer loop
      vertex 13.5839 2.702 0
      vertex 13.95 2.25 0
      vertex 13.7315 1.80779 0
    endloop
  endfacet
  facet normal 0 0 -1
    outer loop
      vertex 15.3099 4.10228 0
      vertex 13.5839 2.702 0
      vertex 13.3781 3.58464 0
    endloop
  endfacet
  facet normal -0 0 -1
    outer loop
      vertex 15.0088 5.09482 0
      vertex 13.115 4.45194 0
      vertex 14.6435 6.06553 0
    endloop
  endfacet
  facet normal 0 0 -1
    outer loop
      vertex 12.7957 5.30017 0
      vertex 14.6435 6.06553 0
      vertex 13.115 4.45194 0
    endloop
  endfacet
  facet normal -0 0 -1
    outer loop
      vertex 14.6435 6.06553 0
      vertex 12.7957 5.30017 0
      vertex 14.2154 7.01027 0
    endloop
  endfacet
  facet normal 0 0 -1
    outer loop
      vertex 12.4217 6.1257 0
      vertex 14.2154 7.01027 0
      vertex 12.7957 5.30017 0
    endloop
  endfacet
  facet normal -0 0 -1
    outer loop
      vertex 14.2154 7.01027 0
      vertex 12.4217 6.1257 0
      vertex 13.7265 7.925 0
    endloop
  endfacet
  facet normal 0 0 -1
    outer loop
      vertex 11.9945 6.925 0
      vertex 13.7265 7.925 0
      vertex 12.4217 6.1257 0
    endloop
  endfacet
  facet normal -0 0 -1
    outer loop
      vertex 13.7265 7.925 0
      vertex 11.9945 6.925 0
      vertex 13.1788 8.80579 0
    endloop
  endfacet
  facet normal 0 0 -1
    outer loop
      vertex 11.5159 7.69465 0
      vertex 13.1788 8.80579 0
      vertex 11.9945 6.925 0
    endloop
  endfacet
  facet normal -0 0 -1
    outer loop
      vertex 13.1788 8.80579 0
      vertex 11.5159 7.69465 0
      vertex 12.5746 9.64887 0
    endloop
  endfacet
  facet normal 0 0 -1
    outer loop
      vertex 10.9879 8.43134 0
      vertex 12.5746 9.64887 0
      vertex 11.5159 7.69465 0
    endloop
  endfacet
  facet normal -0 0 -1
    outer loop
      vertex 12.5746 9.64887 0
      vertex 10.9879 8.43134 0
      vertex 11.9167 10.4506 0
    endloop
  endfacet
  facet normal 0 0 -1
    outer loop
      vertex 10.413 9.13194 0
      vertex 11.9167 10.4506 0
      vertex 10.9879 8.43134 0
    endloop
  endfacet
  facet normal -0 0 -1
    outer loop
      vertex 11.9167 10.4506 0
      vertex 10.413 9.13194 0
      vertex 11.7206 10.66 0
    endloop
  endfacet
  facet normal 0 0 -1
    outer loop
      vertex 11.7206 10.66 0
      vertex 10.413 9.13194 0
      vertex 10.3064 9.24574 0
    endloop
  endfacet
  facet normal 0 0 -1
    outer loop
      vertex 9.13194 -10.413 0
      vertex 10.4506 -11.9167 0
      vertex 9.64887 -12.5746 0
    endloop
  endfacet
  facet normal 0 0 -1
    outer loop
      vertex 10.4506 -11.9167 0
      vertex 9.13194 -10.413 0
      vertex 10.66 -11.7206 0
    endloop
  endfacet
  facet normal 0 0 -1
    outer loop
      vertex 10.66 -11.7206 0
      vertex 9.13194 -10.413 0
      vertex 9.24574 -10.3064 0
    endloop
  endfacet
  facet normal 0 0 -1
    outer loop
      vertex 8.43134 -10.9879 0
      vertex 9.64887 -12.5746 0
      vertex 8.80579 -13.1788 0
    endloop
  endfacet
  facet normal 0 0 -1
    outer loop
      vertex 9.64887 -12.5746 0
      vertex 8.43134 -10.9879 0
      vertex 9.13194 -10.413 0
    endloop
  endfacet
  facet normal 0 0 -1
    outer loop
      vertex 7.69465 -11.5159 0
      vertex 8.80579 -13.1788 0
      vertex 7.925 -13.7265 0
    endloop
  endfacet
  facet normal 0 0 -1
    outer loop
      vertex 8.80579 -13.1788 0
      vertex 7.69465 -11.5159 0
      vertex 8.43134 -10.9879 0
    endloop
  endfacet
  facet normal 0 0 -1
    outer loop
      vertex 6.925 -11.9945 0
      vertex 7.925 -13.7265 0
      vertex 7.01027 -14.2154 0
    endloop
  endfacet
  facet normal 0 0 -1
    outer loop
      vertex 7.925 -13.7265 0
      vertex 6.925 -11.9945 0
      vertex 7.69465 -11.5159 0
    endloop
  endfacet
  facet normal 0 0 -1
    outer loop
      vertex 7.01027 -14.2154 0
      vertex 6.1257 -12.4217 0
      vertex 6.925 -11.9945 0
    endloop
  endfacet
  facet normal 0 0 -1
    outer loop
      vertex 6.06553 -14.6435 0
      vertex 6.1257 -12.4217 0
      vertex 7.01027 -14.2154 0
    endloop
  endfacet
  facet normal 0 0 -1
    outer loop
      vertex 6.06553 -14.6435 0
      vertex 5.30017 -12.7957 0
      vertex 6.1257 -12.4217 0
    endloop
  endfacet
  facet normal 0 0 -1
    outer loop
      vertex 5.09482 -15.0088 0
      vertex 5.30017 -12.7957 0
      vertex 6.06553 -14.6435 0
    endloop
  endfacet
  facet normal 0 0 -1
    outer loop
      vertex 5.09482 -15.0088 0
      vertex 4.45194 -13.115 0
      vertex 5.30017 -12.7957 0
    endloop
  endfacet
  facet normal 0 0 -1
    outer loop
      vertex 4.10228 -15.3099 0
      vertex 4.45194 -13.115 0
      vertex 5.09482 -15.0088 0
    endloop
  endfacet
  facet normal 0 0 -1
    outer loop
      vertex 4.10228 -15.3099 0
      vertex 3.58464 -13.3781 0
      vertex 4.45194 -13.115 0
    endloop
  endfacet
  facet normal 0 0 -1
    outer loop
      vertex 3.09218 -15.5454 0
      vertex 3.58464 -13.3781 0
      vertex 4.10228 -15.3099 0
    endloop
  endfacet
  facet normal 0 0 -1
    outer loop
      vertex 3.09218 -15.5454 0
      vertex 2.702 -13.5839 0
      vertex 3.58464 -13.3781 0
    endloop
  endfacet
  facet normal 0 0 -1
    outer loop
      vertex 2.06884 -15.7144 0
      vertex 2.702 -13.5839 0
      vertex 3.09218 -15.5454 0
    endloop
  endfacet
  facet normal 0 0 -1
    outer loop
      vertex 2.06884 -15.7144 0
      vertex 1.80779 -13.7315 0
      vertex 2.702 -13.5839 0
    endloop
  endfacet
  facet normal 0 0 -1
    outer loop
      vertex 1.03664 -15.8161 0
      vertex 1.80779 -13.7315 0
      vertex 2.06884 -15.7144 0
    endloop
  endfacet
  facet normal 0 0 -1
    outer loop
      vertex 1.03664 -15.8161 0
      vertex 0.905833 -13.8203 0
      vertex 1.80779 -13.7315 0
    endloop
  endfacet
  facet normal 0 0 -1
    outer loop
      vertex 0 -15.85 0
      vertex 0.905833 -13.8203 0
      vertex 1.03664 -15.8161 0
    endloop
  endfacet
  facet normal 0 0 -1
    outer loop
      vertex 0 -15.85 0
      vertex 0 -13.85 0
      vertex 0.905833 -13.8203 0
    endloop
  endfacet
  facet normal 0 0 -1
    outer loop
      vertex 0 -15.85 0
      vertex -0.905833 -13.8203 0
      vertex 0 -13.85 0
    endloop
  endfacet
  facet normal 0 0 -1
    outer loop
      vertex -1.03664 -15.8161 0
      vertex -0.905833 -13.8203 0
      vertex 0 -15.85 0
    endloop
  endfacet
  facet normal 0 0 -1
    outer loop
      vertex -1.03664 -15.8161 0
      vertex -1.80779 -13.7315 0
      vertex -0.905833 -13.8203 0
    endloop
  endfacet
  facet normal 0 0 -1
    outer loop
      vertex -2.06884 -15.7144 0
      vertex -1.80779 -13.7315 0
      vertex -1.03664 -15.8161 0
    endloop
  endfacet
  facet normal 0 0 -1
    outer loop
      vertex -2.06884 -15.7144 0
      vertex -2.702 -13.5839 0
      vertex -1.80779 -13.7315 0
    endloop
  endfacet
  facet normal 0 0 -1
    outer loop
      vertex -3.09218 -15.5454 0
      vertex -2.702 -13.5839 0
      vertex -2.06884 -15.7144 0
    endloop
  endfacet
  facet normal 0 0 -1
    outer loop
      vertex -3.09218 -15.5454 0
      vertex -3.58464 -13.3781 0
      vertex -2.702 -13.5839 0
    endloop
  endfacet
  facet normal 0 0 -1
    outer loop
      vertex -4.10228 -15.3099 0
      vertex -3.58464 -13.3781 0
      vertex -3.09218 -15.5454 0
    endloop
  endfacet
  facet normal 0 0 -1
    outer loop
      vertex -4.10228 -15.3099 0
      vertex -4.45194 -13.115 0
      vertex -3.58464 -13.3781 0
    endloop
  endfacet
  facet normal 0 0 -1
    outer loop
      vertex -5.09482 -15.0088 0
      vertex -4.45194 -13.115 0
      vertex -4.10228 -15.3099 0
    endloop
  endfacet
  facet normal 0 0 -1
    outer loop
      vertex -5.09482 -15.0088 0
      vertex -5.30017 -12.7957 0
      vertex -4.45194 -13.115 0
    endloop
  endfacet
  facet normal 0 0 -1
    outer loop
      vertex -6.06553 -14.6435 0
      vertex -5.30017 -12.7957 0
      vertex -5.09482 -15.0088 0
    endloop
  endfacet
  facet normal 0 0 -1
    outer loop
      vertex -6.06553 -14.6435 0
      vertex -6.1257 -12.4217 0
      vertex -5.30017 -12.7957 0
    endloop
  endfacet
  facet normal 0 0 -1
    outer loop
      vertex -7.01027 -14.2154 0
      vertex -6.1257 -12.4217 0
      vertex -6.06553 -14.6435 0
    endloop
  endfacet
  facet normal -0 0 -1
    outer loop
      vertex -6.1257 -12.4217 0
      vertex -7.01027 -14.2154 0
      vertex -6.925 -11.9945 0
    endloop
  endfacet
  facet normal 0 0 -1
    outer loop
      vertex -7.925 -13.7265 0
      vertex -6.925 -11.9945 0
      vertex -7.01027 -14.2154 0
    endloop
  endfacet
  facet normal -0 0 -1
    outer loop
      vertex -6.925 -11.9945 0
      vertex -7.925 -13.7265 0
      vertex -7.69465 -11.5159 0
    endloop
  endfacet
  facet normal 0 0 -1
    outer loop
      vertex -8.80579 -13.1788 0
      vertex -7.69465 -11.5159 0
      vertex -7.925 -13.7265 0
    endloop
  endfacet
  facet normal -0 0 -1
    outer loop
      vertex -7.69465 -11.5159 0
      vertex -8.80579 -13.1788 0
      vertex -8.43134 -10.9879 0
    endloop
  endfacet
  facet normal 0 0 -1
    outer loop
      vertex -9.64887 -12.5746 0
      vertex -8.43134 -10.9879 0
      vertex -8.80579 -13.1788 0
    endloop
  endfacet
  facet normal -0 0 -1
    outer loop
      vertex -8.43134 -10.9879 0
      vertex -9.64887 -12.5746 0
      vertex -9.13194 -10.413 0
    endloop
  endfacet
  facet normal 0 0 -1
    outer loop
      vertex -10.4506 -11.9167 0
      vertex -9.13194 -10.413 0
      vertex -9.64887 -12.5746 0
    endloop
  endfacet
  facet normal -0 0 -1
    outer loop
      vertex -9.13194 -10.413 0
      vertex -10.4506 -11.9167 0
      vertex -9.24574 -10.3064 0
    endloop
  endfacet
  facet normal 0 0 -1
    outer loop
      vertex -9.24574 -10.3064 0
      vertex -10.4506 -11.9167 0
      vertex -10.66 -11.7206 0
    endloop
  endfacet
  facet normal 0 0 -1
    outer loop
      vertex -11.7206 -10.66 0
      vertex -10.413 -9.13194 0
      vertex -10.3064 -9.24574 0
    endloop
  endfacet
  facet normal 0 0 -1
    outer loop
      vertex -11.9167 -10.4506 0
      vertex -10.413 -9.13194 0
      vertex -11.7206 -10.66 0
    endloop
  endfacet
  facet normal -0 0 -1
    outer loop
      vertex -10.413 -9.13194 0
      vertex -11.9167 -10.4506 0
      vertex -10.9879 -8.43134 0
    endloop
  endfacet
  facet normal 0 0 -1
    outer loop
      vertex -12.5746 -9.64887 0
      vertex -10.9879 -8.43134 0
      vertex -11.9167 -10.4506 0
    endloop
  endfacet
  facet normal -0 0 -1
    outer loop
      vertex -10.9879 -8.43134 0
      vertex -12.5746 -9.64887 0
      vertex -11.5159 -7.69465 0
    endloop
  endfacet
  facet normal 0 0 -1
    outer loop
      vertex -13.1788 -8.80579 0
      vertex -11.5159 -7.69465 0
      vertex -12.5746 -9.64887 0
    endloop
  endfacet
  facet normal -0 0 -1
    outer loop
      vertex -11.5159 -7.69465 0
      vertex -13.1788 -8.80579 0
      vertex -11.9945 -6.925 0
    endloop
  endfacet
  facet normal 0 0 -1
    outer loop
      vertex -13.7265 -7.925 0
      vertex -11.9945 -6.925 0
      vertex -13.1788 -8.80579 0
    endloop
  endfacet
  facet normal -0 0 -1
    outer loop
      vertex -11.9945 -6.925 0
      vertex -13.7265 -7.925 0
      vertex -12.4217 -6.1257 0
    endloop
  endfacet
  facet normal 0 0 -1
    outer loop
      vertex -14.2154 -7.01027 0
      vertex -12.4217 -6.1257 0
      vertex -13.7265 -7.925 0
    endloop
  endfacet
  facet normal -0 0 -1
    outer loop
      vertex -12.4217 -6.1257 0
      vertex -14.2154 -7.01027 0
      vertex -12.7957 -5.30017 0
    endloop
  endfacet
  facet normal 0 0 -1
    outer loop
      vertex -14.6435 -6.06553 0
      vertex -12.7957 -5.30017 0
      vertex -14.2154 -7.01027 0
    endloop
  endfacet
  facet normal -0 0 -1
    outer loop
      vertex -12.7957 -5.30017 0
      vertex -14.6435 -6.06553 0
      vertex -13.115 -4.45194 0
    endloop
  endfacet
  facet normal 0 0 -1
    outer loop
      vertex -15.0088 -5.09482 0
      vertex -13.115 -4.45194 0
      vertex -14.6435 -6.06553 0
    endloop
  endfacet
  facet normal 0 0 -1
    outer loop
      vertex -13.5839 -2.702 0
      vertex -13.95 -2.25 0
      vertex -13.7315 -1.80779 0
    endloop
  endfacet
  facet normal -0 0 -1
    outer loop
      vertex -13.7315 -1.80779 0
      vertex -13.95 -2.25 0
      vertex -13.8203 -0.905833 0
    endloop
  endfacet
  facet normal -0 0 -1
    outer loop
      vertex -13.8203 -0.905833 0
      vertex -13.95 -2.25 0
      vertex -13.85 0 0
    endloop
  endfacet
  facet normal -0 0 -1
    outer loop
      vertex -13.115 -4.45194 0
      vertex -15.0088 -5.09482 0
      vertex -13.3781 -3.58464 0
    endloop
  endfacet
  facet normal 0 0 -1
    outer loop
      vertex -15.3099 -4.10228 0
      vertex -13.3781 -3.58464 0
      vertex -15.0088 -5.09482 0
    endloop
  endfacet
  facet normal -0 0 -1
    outer loop
      vertex -13.3781 -3.58464 0
      vertex -15.3099 -4.10228 0
      vertex -13.5839 -2.702 0
    endloop
  endfacet
  facet normal 0 0 -1
    outer loop
      vertex -15.5454 -3.09218 0
      vertex -13.5839 -2.702 0
      vertex -15.3099 -4.10228 0
    endloop
  endfacet
  facet normal -0 0 -1
    outer loop
      vertex -13.5839 -2.702 0
      vertex -15.5454 -3.09218 0
      vertex -13.95 -2.25 0
    endloop
  endfacet
  facet normal -0 0 -1
    outer loop
      vertex -13.95 -2.25 0
      vertex -15.5454 -3.09218 0
      vertex -15.6845 -2.25 0
    endloop
  endfacet
  facet normal 0 0 -1
    outer loop
      vertex -10.413 9.13194 0
      vertex -11.7206 10.66 0
      vertex -10.3064 9.24574 0
    endloop
  endfacet
  facet normal 0 0 -1
    outer loop
      vertex -11.9167 10.4506 0
      vertex -10.413 9.13194 0
      vertex -10.9879 8.43134 0
    endloop
  endfacet
  facet normal 0 0 -1
    outer loop
      vertex -12.5746 9.64887 0
      vertex -10.9879 8.43134 0
      vertex -11.5159 7.69465 0
    endloop
  endfacet
  facet normal 0 0 -1
    outer loop
      vertex -10.413 9.13194 0
      vertex -11.9167 10.4506 0
      vertex -11.7206 10.66 0
    endloop
  endfacet
  facet normal 0 0 -1
    outer loop
      vertex -13.1788 8.80579 0
      vertex -11.5159 7.69465 0
      vertex -11.9945 6.925 0
    endloop
  endfacet
  facet normal 0 0 -1
    outer loop
      vertex -13.7265 7.925 0
      vertex -11.9945 6.925 0
      vertex -12.4217 6.1257 0
    endloop
  endfacet
  facet normal 0 0 -1
    outer loop
      vertex -10.9879 8.43134 0
      vertex -12.5746 9.64887 0
      vertex -11.9167 10.4506 0
    endloop
  endfacet
  facet normal 0 0 -1
    outer loop
      vertex -14.2154 7.01027 0
      vertex -12.4217 6.1257 0
      vertex -12.7957 5.30017 0
    endloop
  endfacet
  facet normal 0 0 -1
    outer loop
      vertex -14.6435 6.06553 0
      vertex -12.7957 5.30017 0
      vertex -13.115 4.45194 0
    endloop
  endfacet
  facet normal 0 0 -1
    outer loop
      vertex -11.5159 7.69465 0
      vertex -13.1788 8.80579 0
      vertex -12.5746 9.64887 0
    endloop
  endfacet
  facet normal 0 0 -1
    outer loop
      vertex -15.0088 5.09482 0
      vertex -13.115 4.45194 0
      vertex -13.3781 3.58464 0
    endloop
  endfacet
  facet normal 0 0 -1
    outer loop
      vertex -15.3099 4.10228 0
      vertex -13.3781 3.58464 0
      vertex -13.5839 2.702 0
    endloop
  endfacet
  facet normal 0 0 -1
    outer loop
      vertex -11.9945 6.925 0
      vertex -13.7265 7.925 0
      vertex -13.1788 8.80579 0
    endloop
  endfacet
  facet normal 0 0 -1
    outer loop
      vertex -13.95 2.25 0
      vertex -13.5839 2.702 0
      vertex -13.7315 1.80779 0
    endloop
  endfacet
  facet normal 0 0 -1
    outer loop
      vertex -13.95 2.25 0
      vertex -13.7315 1.80779 0
      vertex -13.8203 0.905833 0
    endloop
  endfacet
  facet normal 0 0 -1
    outer loop
      vertex -13.95 2.25 0
      vertex -13.8203 0.905833 0
      vertex -13.85 0 0
    endloop
  endfacet
  facet normal 0 0 -1
    outer loop
      vertex -13.95 2.25 0
      vertex -13.85 0 0
      vertex -13.95 -2.25 0
    endloop
  endfacet
  facet normal 0 0 -1
    outer loop
      vertex -15.5454 3.09218 0
      vertex -13.5839 2.702 0
      vertex -13.95 2.25 0
    endloop
  endfacet
  facet normal 0 0 -1
    outer loop
      vertex -12.4217 6.1257 0
      vertex -14.2154 7.01027 0
      vertex -13.7265 7.925 0
    endloop
  endfacet
  facet normal 0 0 -1
    outer loop
      vertex -12.7957 5.30017 0
      vertex -14.6435 6.06553 0
      vertex -14.2154 7.01027 0
    endloop
  endfacet
  facet normal 0 0 -1
    outer loop
      vertex -13.115 4.45194 0
      vertex -15.0088 5.09482 0
      vertex -14.6435 6.06553 0
    endloop
  endfacet
  facet normal 0 0 -1
    outer loop
      vertex -13.3781 3.58464 0
      vertex -15.3099 4.10228 0
      vertex -15.0088 5.09482 0
    endloop
  endfacet
  facet normal 0 0 -1
    outer loop
      vertex -13.5839 2.702 0
      vertex -15.5454 3.09218 0
      vertex -15.3099 4.10228 0
    endloop
  endfacet
  facet normal 0 -0 -1
    outer loop
      vertex -15.5454 3.09218 0
      vertex -13.95 2.25 0
      vertex -15.6845 2.25 0
    endloop
  endfacet
  facet normal -0.81282 0.582514 0
    outer loop
      vertex -13.1788 8.80579 0
      vertex -12.5746 9.64887 1.45
      vertex -12.5746 9.64887 0
    endloop
  endfacet
  facet normal -0.81282 0.582514 0
    outer loop
      vertex -12.5746 9.64887 1.45
      vertex -13.1788 8.80579 0
      vertex -13.1788 8.80579 1.45
    endloop
  endfacet
  facet normal -0.81282 0.582514 0
    outer loop
      vertex -13.1788 8.80579 2.65
      vertex -12.5746 9.64887 4.1
      vertex -12.5746 9.64887 2.65
    endloop
  endfacet
  facet normal -0.81282 0.582514 0
    outer loop
      vertex -12.5746 9.64887 4.1
      vertex -13.1788 8.80579 2.65
      vertex -13.1788 8.80579 4.1
    endloop
  endfacet
  facet normal -0.412742 -0.910848 0
    outer loop
      vertex -7.01027 -14.2154 2.65
      vertex -6.06553 -14.6435 4.1
      vertex -7.01027 -14.2154 4.1
    endloop
  endfacet
  facet normal -0.412742 -0.910848 -0
    outer loop
      vertex -6.06553 -14.6435 4.1
      vertex -7.01027 -14.2154 2.65
      vertex -6.06553 -14.6435 2.65
    endloop
  endfacet
  facet normal -0.412742 -0.910848 0
    outer loop
      vertex -7.01027 -14.2154 0
      vertex -6.06553 -14.6435 1.45
      vertex -7.01027 -14.2154 1.45
    endloop
  endfacet
  facet normal -0.412742 -0.910848 -0
    outer loop
      vertex -6.06553 -14.6435 1.45
      vertex -7.01027 -14.2154 0
      vertex -6.06553 -14.6435 0
    endloop
  endfacet
  facet normal -0.935922 -0.352208 0
    outer loop
      vertex -14.6435 -6.06553 2.65
      vertex -15.0088 -5.09482 4.1
      vertex -15.0088 -5.09482 2.65
    endloop
  endfacet
  facet normal -0.935922 -0.352208 0
    outer loop
      vertex -15.0088 -5.09482 4.1
      vertex -14.6435 -6.06553 2.65
      vertex -14.6435 -6.06553 4.1
    endloop
  endfacet
  facet normal -0.935922 -0.352208 0
    outer loop
      vertex -14.6435 -6.06553 0
      vertex -15.0088 -5.09482 1.45
      vertex -15.0088 -5.09482 0
    endloop
  endfacet
  facet normal -0.935922 -0.352208 0
    outer loop
      vertex -15.0088 -5.09482 1.45
      vertex -14.6435 -6.06553 0
      vertex -14.6435 -6.06553 1.45
    endloop
  endfacet
  facet normal -0.582514 -0.81282 0
    outer loop
      vertex -9.64887 -12.5746 2.65
      vertex -8.80579 -13.1788 4.1
      vertex -9.64887 -12.5746 4.1
    endloop
  endfacet
  facet normal -0.582514 -0.81282 -0
    outer loop
      vertex -8.80579 -13.1788 4.1
      vertex -9.64887 -12.5746 2.65
      vertex -8.80579 -13.1788 2.65
    endloop
  endfacet
  facet normal -0.582514 -0.81282 0
    outer loop
      vertex -9.64887 -12.5746 0
      vertex -8.80579 -13.1788 1.45
      vertex -9.64887 -12.5746 1.45
    endloop
  endfacet
  facet normal -0.582514 -0.81282 -0
    outer loop
      vertex -8.80579 -13.1788 1.45
      vertex -9.64887 -12.5746 0
      vertex -8.80579 -13.1788 0
    endloop
  endfacet
  facet normal 0.683675 0.729787 0
    outer loop
      vertex 10.66 11.7206 2.89
      vertex 11.2076 11.2076 4.1
      vertex 11.2076 11.2076 2.89
    endloop
  endfacet
  facet normal 0.68364 0.72982 3.01499e-05
    outer loop
      vertex 11.2076 11.2076 4.1
      vertex 10.66 11.7206 2.89
      vertex 10.4506 11.9167 4.1
    endloop
  endfacet
  facet normal 0.683547 0.729907 0
    outer loop
      vertex 10.4506 11.9167 2.65
      vertex 10.66 11.7206 2.89
      vertex 10.66 11.7206 2.65
    endloop
  endfacet
  facet normal 0.683547 0.729907 0
    outer loop
      vertex 10.66 11.7206 2.89
      vertex 10.4506 11.9167 2.65
      vertex 10.4506 11.9167 4.1
    endloop
  endfacet
  facet normal 0.683547 0.729907 -0
    outer loop
      vertex 10.66 11.7206 0
      vertex 10.4506 11.9167 1.45
      vertex 10.66 11.7206 1.45
    endloop
  endfacet
  facet normal 0.683547 0.729907 0
    outer loop
      vertex 10.4506 11.9167 1.45
      vertex 10.66 11.7206 0
      vertex 10.4506 11.9167 0
    endloop
  endfacet
  facet normal -0.881935 0.471372 0
    outer loop
      vertex -14.2154 7.01027 2.65
      vertex -13.7265 7.925 4.1
      vertex -13.7265 7.925 2.65
    endloop
  endfacet
  facet normal -0.881935 0.471372 0
    outer loop
      vertex -13.7265 7.925 4.1
      vertex -14.2154 7.01027 2.65
      vertex -14.2154 7.01027 4.1
    endloop
  endfacet
  facet normal -0.881935 0.471372 0
    outer loop
      vertex -14.2154 7.01027 0
      vertex -13.7265 7.925 1.45
      vertex -13.7265 7.925 0
    endloop
  endfacet
  facet normal -0.881935 0.471372 0
    outer loop
      vertex -13.7265 7.925 1.45
      vertex -14.2154 7.01027 0
      vertex -14.2154 7.01027 1.45
    endloop
  endfacet
  facet normal -0.986633 0.162959 0
    outer loop
      vertex -15.6845 2.25 2.65
      vertex -15.5454 3.09218 4.1
      vertex -15.5454 3.09218 2.65
    endloop
  endfacet
  facet normal -0.986633 0.162959 0
    outer loop
      vertex -15.5454 3.09218 4.1
      vertex -15.6845 2.25 2.65
      vertex -15.6845 2.25 4.1
    endloop
  endfacet
  facet normal -0.986633 0.162959 0
    outer loop
      vertex -15.6845 2.25 0
      vertex -15.5454 3.09218 1.45
      vertex -15.5454 3.09218 0
    endloop
  endfacet
  facet normal -0.986633 0.162959 0
    outer loop
      vertex -15.5454 3.09218 1.45
      vertex -15.6845 2.25 0
      vertex -15.6845 2.25 1.45
    endloop
  endfacet
  facet normal -0.849207 -0.528061 0
    outer loop
      vertex -13.1788 -8.80579 0
      vertex -13.7265 -7.925 1.45
      vertex -13.7265 -7.925 0
    endloop
  endfacet
  facet normal -0.849207 -0.528061 0
    outer loop
      vertex -13.7265 -7.925 1.45
      vertex -13.1788 -8.80579 0
      vertex -13.1788 -8.80579 1.45
    endloop
  endfacet
  facet normal -0.849207 -0.528061 0
    outer loop
      vertex -13.1788 -8.80579 2.65
      vertex -13.7265 -7.925 4.1
      vertex -13.7265 -7.925 2.65
    endloop
  endfacet
  facet normal -0.849207 -0.528061 0
    outer loop
      vertex -13.7265 -7.925 4.1
      vertex -13.1788 -8.80579 2.65
      vertex -13.1788 -8.80579 4.1
    endloop
  endfacet
  facet normal -0.973882 -0.227056 0
    outer loop
      vertex -15.3099 -4.10228 2.65
      vertex -15.5454 -3.09218 4.1
      vertex -15.5454 -3.09218 2.65
    endloop
  endfacet
  facet normal -0.973882 -0.227056 0
    outer loop
      vertex -15.5454 -3.09218 4.1
      vertex -15.3099 -4.10228 2.65
      vertex -15.3099 -4.10228 4.1
    endloop
  endfacet
  facet normal -0.973882 -0.227056 0
    outer loop
      vertex -15.3099 -4.10228 0
      vertex -15.5454 -3.09218 1.45
      vertex -15.5454 -3.09218 0
    endloop
  endfacet
  facet normal -0.973882 -0.227056 0
    outer loop
      vertex -15.5454 -3.09218 1.45
      vertex -15.3099 -4.10228 0
      vertex -15.3099 -4.10228 1.45
    endloop
  endfacet
  facet normal -0.528061 0.849207 0
    outer loop
      vertex -7.925 13.7265 2.65
      vertex -8.80579 13.1788 4.1
      vertex -7.925 13.7265 4.1
    endloop
  endfacet
  facet normal -0.528061 0.849207 0
    outer loop
      vertex -8.80579 13.1788 4.1
      vertex -7.925 13.7265 2.65
      vertex -8.80579 13.1788 2.65
    endloop
  endfacet
  facet normal -0.528061 0.849207 0
    outer loop
      vertex -7.925 13.7265 0
      vertex -8.80579 13.1788 1.45
      vertex -7.925 13.7265 1.45
    endloop
  endfacet
  facet normal -0.528061 0.849207 0
    outer loop
      vertex -8.80579 13.1788 1.45
      vertex -7.925 13.7265 0
      vertex -8.80579 13.1788 0
    endloop
  endfacet
  facet normal -0.290299 -0.956936 0
    outer loop
      vertex -5.09482 -15.0088 2.65
      vertex -4.10228 -15.3099 4.1
      vertex -5.09482 -15.0088 4.1
    endloop
  endfacet
  facet normal -0.290299 -0.956936 -0
    outer loop
      vertex -4.10228 -15.3099 4.1
      vertex -5.09482 -15.0088 2.65
      vertex -4.10228 -15.3099 2.65
    endloop
  endfacet
  facet normal -0.290299 -0.956936 0
    outer loop
      vertex -5.09482 -15.0088 0
      vertex -4.10228 -15.3099 1.45
      vertex -5.09482 -15.0088 1.45
    endloop
  endfacet
  facet normal -0.290299 -0.956936 -0
    outer loop
      vertex -4.10228 -15.3099 1.45
      vertex -5.09482 -15.0088 0
      vertex -4.10228 -15.3099 0
    endloop
  endfacet
  facet normal 0.249148 0.661938 -0.70694
    outer loop
      vertex 6.29514 15.1978 2.05
      vertex 5.09482 15.0088 1.45
      vertex 5.28768 15.577 2.05
    endloop
  endfacet
  facet normal 0.249148 -0.661938 -0.70694
    outer loop
      vertex 5.28768 -15.577 2.05
      vertex 5.09482 -15.0088 1.45
      vertex 6.29514 -15.1978 2.05
    endloop
  endfacet
  facet normal 0.6888 0.160582 -0.706942
    outer loop
      vertex 16.1339 3.20924 2.05
      vertex 15.3099 4.10228 1.45
      vertex 15.8895 4.25757 2.05
    endloop
  endfacet
  facet normal -0.574915 -0.411982 -0.706925
    outer loop
      vertex -13.0507 -10.0141 2.05
      vertex -13.6777 -9.13913 2.05
      vertex -13.1788 -8.80579 1.45
    endloop
  endfacet
  facet normal 0.160582 0.6888 -0.706942
    outer loop
      vertex 4.10228 15.3099 1.45
      vertex 3.20924 16.1339 2.05
      vertex 4.25757 15.8895 2.05
    endloop
  endfacet
  facet normal -0.546772 0.448682 -0.706912
    outer loop
      vertex -11.9167 10.4506 1.45
      vertex -12.5746 9.64887 1.45
      vertex -12.3678 10.8462 2.05
    endloop
  endfacet
  facet normal 0.160592 0.688806 -0.706935
    outer loop
      vertex 4.10228 15.3099 1.45
      vertex 3.09218 15.5454 1.45
      vertex 3.20924 16.1339 2.05
    endloop
  endfacet
  facet normal -0.160582 0.6888 -0.706942
    outer loop
      vertex -4.10228 15.3099 1.45
      vertex -4.25757 15.8895 2.05
      vertex -3.20924 16.1339 2.05
    endloop
  endfacet
  facet normal 0.6442 -0.291913 -0.706961
    outer loop
      vertex 14.7536 -7.27565 2.05
      vertex 14.2154 -7.01027 1.45
      vertex 14.6435 -6.06553 1.45
    endloop
  endfacet
  facet normal 0.623752 -0.33338 -0.706959
    outer loop
      vertex 14.7536 -7.27565 2.05
      vertex 13.7265 -7.925 1.45
      vertex 14.2154 -7.01027 1.45
    endloop
  endfacet
  facet normal 0.661938 0.249148 -0.70694
    outer loop
      vertex 15.577 5.28768 2.05
      vertex 15.0088 5.09482 1.45
      vertex 15.1978 6.29514 2.05
    endloop
  endfacet
  facet normal -0.115244 0.697825 -0.706937
    outer loop
      vertex -2.06884 15.7144 1.45
      vertex -3.20924 16.1339 2.05
      vertex -2.14716 16.3093 2.05
    endloop
  endfacet
  facet normal -0.160592 -0.688806 -0.706935
    outer loop
      vertex -3.20924 -16.1339 2.05
      vertex -4.10228 -15.3099 1.45
      vertex -3.09218 -15.5454 1.45
    endloop
  endfacet
  facet normal 0.249121 0.661989 -0.706902
    outer loop
      vertex 6.06553 14.6435 1.45
      vertex 5.09482 15.0088 1.45
      vertex 6.29514 15.1978 2.05
    endloop
  endfacet
  facet normal 0.0693203 0.7039 -0.706908
    outer loop
      vertex 2.14716 16.3093 2.05
      vertex 1.03664 15.8161 1.45
      vertex 1.07588 16.4148 2.05
    endloop
  endfacet
  facet normal 0.33338 -0.623752 -0.706959
    outer loop
      vertex 7.27565 -14.7536 2.05
      vertex 7.01027 -14.2154 1.45
      vertex 7.925 -13.7265 1.45
    endloop
  endfacet
  facet normal -0.373476 -0.600643 -0.706925
    outer loop
      vertex -8.225 -14.2461 2.05
      vertex -9.13913 -13.6777 2.05
      vertex -8.80579 -13.1788 1.45
    endloop
  endfacet
  facet normal -0.676814 -0.205322 -0.706941
    outer loop
      vertex -15.577 -5.28768 2.05
      vertex -15.8895 -4.25757 2.05
      vertex -15.0088 -5.09482 1.45
    endloop
  endfacet
  facet normal -0.574878 0.411991 -0.706951
    outer loop
      vertex -12.5746 9.64887 1.45
      vertex -13.1788 8.80579 1.45
      vertex -13.0507 10.0141 2.05
    endloop
  endfacet
  facet normal 0.411991 -0.574878 -0.706951
    outer loop
      vertex 10.0141 -13.0507 2.05
      vertex 8.80579 -13.1788 1.45
      vertex 9.64887 -12.5746 1.45
    endloop
  endfacet
  facet normal 0.676813 -0.20532 -0.706942
    outer loop
      vertex 15.8895 -4.25757 2.05
      vertex 15.0088 -5.09482 1.45
      vertex 15.3099 -4.10228 1.45
    endloop
  endfacet
  facet normal 0.0231175 -0.706918 -0.706918
    outer loop
      vertex 1.03664 -15.8161 1.45
      vertex 0 -16.45 2.05
      vertex 0 -15.85 1.45
    endloop
  endfacet
  facet normal 0.0231175 0.706918 -0.706918
    outer loop
      vertex 1.03664 15.8161 1.45
      vertex 0 15.85 1.45
      vertex 0 16.45 2.05
    endloop
  endfacet
  facet normal -0.676813 0.20532 -0.706942
    outer loop
      vertex -15.3099 4.10228 1.45
      vertex -15.8895 4.25757 2.05
      vertex -15.0088 5.09482 1.45
    endloop
  endfacet
  facet normal 0.661989 -0.249121 -0.706902
    outer loop
      vertex 15.1978 -6.29514 2.05
      vertex 14.6435 -6.06553 1.45
      vertex 15.0088 -5.09482 1.45
    endloop
  endfacet
  facet normal -0.644279 0.291877 -0.706903
    outer loop
      vertex -14.6435 6.06553 1.45
      vertex -15.1978 6.29514 2.05
      vertex -14.7536 7.27565 2.05
    endloop
  endfacet
  facet normal 0.33338 0.623752 -0.706959
    outer loop
      vertex 7.925 13.7265 1.45
      vertex 7.01027 14.2154 1.45
      vertex 7.27565 14.7536 2.05
    endloop
  endfacet
  facet normal -0.44869 0.54672 -0.706947
    outer loop
      vertex -9.64887 12.5746 1.45
      vertex -10.8462 12.3678 2.05
      vertex -10.0141 13.0507 2.05
    endloop
  endfacet
  facet normal 0.373499 0.600647 -0.70691
    outer loop
      vertex 8.80579 13.1788 1.45
      vertex 7.925 13.7265 1.45
      vertex 8.225 14.2461 2.05
    endloop
  endfacet
  facet normal -0.623752 -0.33338 -0.706959
    outer loop
      vertex -13.7265 -7.925 1.45
      vertex -14.7536 -7.27565 2.05
      vertex -14.2154 -7.01027 1.45
    endloop
  endfacet
  facet normal 0.291877 0.644279 -0.706903
    outer loop
      vertex 7.27565 14.7536 2.05
      vertex 6.06553 14.6435 1.45
      vertex 6.29514 15.1978 2.05
    endloop
  endfacet
  facet normal 0.0693203 -0.7039 -0.706908
    outer loop
      vertex 1.07588 -16.4148 2.05
      vertex 1.03664 -15.8161 1.45
      vertex 2.14716 -16.3093 2.05
    endloop
  endfacet
  facet normal -0.373499 -0.600647 -0.70691
    outer loop
      vertex -8.225 -14.2461 2.05
      vertex -8.80579 -13.1788 1.45
      vertex -7.925 -13.7265 1.45
    endloop
  endfacet
  facet normal -0.291877 0.644279 -0.706903
    outer loop
      vertex -6.06553 14.6435 1.45
      vertex -7.27565 14.7536 2.05
      vertex -6.29514 15.1978 2.05
    endloop
  endfacet
  facet normal -0.676814 0.205322 -0.706941
    outer loop
      vertex -15.0088 5.09482 1.45
      vertex -15.8895 4.25757 2.05
      vertex -15.577 5.28768 2.05
    endloop
  endfacet
  facet normal 0.0693503 -0.703868 -0.706937
    outer loop
      vertex 2.14716 -16.3093 2.05
      vertex 1.03664 -15.8161 1.45
      vertex 2.06884 -15.7144 1.45
    endloop
  endfacet
  facet normal 0.676814 -0.205322 -0.706941
    outer loop
      vertex 15.577 -5.28768 2.05
      vertex 15.0088 -5.09482 1.45
      vertex 15.8895 -4.25757 2.05
    endloop
  endfacet
  facet normal -0.333452 0.623769 -0.70691
    outer loop
      vertex -7.925 13.7265 1.45
      vertex -8.225 14.2461 2.05
      vertex -7.27565 14.7536 2.05
    endloop
  endfacet
  facet normal 0.373476 -0.600643 -0.706925
    outer loop
      vertex 9.13913 -13.6777 2.05
      vertex 8.225 -14.2461 2.05
      vertex 8.80579 -13.1788 1.45
    endloop
  endfacet
  facet normal -0.160582 -0.6888 -0.706942
    outer loop
      vertex -3.20924 -16.1339 2.05
      vertex -4.25757 -15.8895 2.05
      vertex -4.10228 -15.3099 1.45
    endloop
  endfacet
  facet normal 0.291913 -0.6442 -0.706961
    outer loop
      vertex 7.27565 -14.7536 2.05
      vertex 6.06553 -14.6435 1.45
      vertex 7.01027 -14.2154 1.45
    endloop
  endfacet
  facet normal -0.249148 0.661938 -0.70694
    outer loop
      vertex -5.09482 15.0088 1.45
      vertex -6.29514 15.1978 2.05
      vertex -5.28768 15.577 2.05
    endloop
  endfacet
  facet normal -0.249121 -0.661989 -0.706902
    outer loop
      vertex -5.09482 -15.0088 1.45
      vertex -6.29514 -15.1978 2.05
      vertex -6.06553 -14.6435 1.45
    endloop
  endfacet
  facet normal -0.516281 0.483489 -0.70689
    outer loop
      vertex -11.7206 10.66 1.45
      vertex -11.9167 10.4506 1.45
      vertex -11.8379 10.7773 1.6159
    endloop
  endfacet
  facet normal 0.574915 0.411982 -0.706925
    outer loop
      vertex 13.1788 8.80579 1.45
      vertex 13.0507 10.0141 2.05
      vertex 13.6777 9.13913 2.05
    endloop
  endfacet
  facet normal 0.115244 0.697825 -0.706937
    outer loop
      vertex 3.20924 16.1339 2.05
      vertex 2.06884 15.7144 1.45
      vertex 2.14716 16.3093 2.05
    endloop
  endfacet
  facet normal -0.54672 -0.44869 -0.706947
    outer loop
      vertex -12.3678 -10.8462 2.05
      vertex -13.0507 -10.0141 2.05
      vertex -12.5746 -9.64887 1.45
    endloop
  endfacet
  facet normal 0.411982 -0.574915 -0.706925
    outer loop
      vertex 9.13913 -13.6777 2.05
      vertex 8.80579 -13.1788 1.45
      vertex 10.0141 -13.0507 2.05
    endloop
  endfacet
  facet normal -0.291913 -0.6442 -0.706961
    outer loop
      vertex -6.06553 -14.6435 1.45
      vertex -7.27565 -14.7536 2.05
      vertex -7.01027 -14.2154 1.45
    endloop
  endfacet
  facet normal -0.483489 -0.516281 -0.70689
    outer loop
      vertex -10.4506 -11.9167 1.45
      vertex -10.7773 -11.8379 1.6159
      vertex -10.66 -11.7206 1.45
    endloop
  endfacet
  facet normal -0.0231175 -0.706918 -0.706918
    outer loop
      vertex 0 -16.45 2.05
      vertex -1.03664 -15.8161 1.45
      vertex 0 -15.85 1.45
    endloop
  endfacet
  facet normal -0.483492 -0.516245 -0.706913
    outer loop
      vertex -10.8462 -12.3678 2.05
      vertex -10.7773 -11.8379 1.6159
      vertex -10.4506 -11.9167 1.45
    endloop
  endfacet
  facet normal -0.483492 -0.516245 -0.706913
    outer loop
      vertex -10.7773 -11.8379 1.6159
      vertex -10.8462 -12.3678 2.05
      vertex -11.0842 -12.1449 2.05
    endloop
  endfacet
  facet normal 0.0231288 -0.706927 -0.706908
    outer loop
      vertex 1.07588 -16.4148 2.05
      vertex 0 -16.45 2.05
      vertex 1.03664 -15.8161 1.45
    endloop
  endfacet
  facet normal 0.600643 0.373476 -0.706925
    outer loop
      vertex 14.2461 8.225 2.05
      vertex 13.1788 8.80579 1.45
      vertex 13.6777 9.13913 2.05
    endloop
  endfacet
  facet normal -0.205322 0.676814 -0.706941
    outer loop
      vertex -5.09482 15.0088 1.45
      vertex -5.28768 15.577 2.05
      vertex -4.25757 15.8895 2.05
    endloop
  endfacet
  facet normal 0.688806 0.160592 -0.706935
    outer loop
      vertex 15.5454 3.09218 1.45
      vertex 15.3099 4.10228 1.45
      vertex 16.1339 3.20924 2.05
    endloop
  endfacet
  facet normal -0.20532 0.676813 -0.706942
    outer loop
      vertex -4.10228 15.3099 1.45
      vertex -5.09482 15.0088 1.45
      vertex -4.25757 15.8895 2.05
    endloop
  endfacet
  facet normal -0.661938 -0.249148 -0.70694
    outer loop
      vertex -15.1978 -6.29514 2.05
      vertex -15.577 -5.28768 2.05
      vertex -15.0088 -5.09482 1.45
    endloop
  endfacet
  facet normal 0.676814 0.205322 -0.706941
    outer loop
      vertex 15.8895 4.25757 2.05
      vertex 15.0088 5.09482 1.45
      vertex 15.577 5.28768 2.05
    endloop
  endfacet
  facet normal -0.411982 -0.574915 -0.706925
    outer loop
      vertex -9.13913 -13.6777 2.05
      vertex -10.0141 -13.0507 2.05
      vertex -8.80579 -13.1788 1.45
    endloop
  endfacet
  facet normal 0.644279 -0.291877 -0.706903
    outer loop
      vertex 14.7536 -7.27565 2.05
      vertex 14.6435 -6.06553 1.45
      vertex 15.1978 -6.29514 2.05
    endloop
  endfacet
  facet normal 0.448682 -0.546772 -0.706912
    outer loop
      vertex 10.8462 -12.3678 2.05
      vertex 9.64887 -12.5746 1.45
      vertex 10.4506 -11.9167 1.45
    endloop
  endfacet
  facet normal -0.698021 -0.11529 -0.706736
    outer loop
      vertex -15.5454 -3.09218 1.45
      vertex -15.781 -2.25 1.54531
      vertex -15.6845 -2.25 1.45
    endloop
  endfacet
  facet normal -0.697832 -0.115214 -0.706935
    outer loop
      vertex -15.781 -2.25 1.54531
      vertex -15.5454 -3.09218 1.45
      vertex -16.1339 -3.20924 2.05
    endloop
  endfacet
  facet normal 0.574915 -0.411982 -0.706925
    outer loop
      vertex 13.6777 -9.13913 2.05
      vertex 13.0507 -10.0141 2.05
      vertex 13.1788 -8.80579 1.45
    endloop
  endfacet
  facet normal 0.0231288 0.706927 -0.706908
    outer loop
      vertex 1.03664 15.8161 1.45
      vertex 0 16.45 2.05
      vertex 1.07588 16.4148 2.05
    endloop
  endfacet
  facet normal 0.249121 -0.661989 -0.706902
    outer loop
      vertex 6.29514 -15.1978 2.05
      vertex 5.09482 -15.0088 1.45
      vertex 6.06553 -14.6435 1.45
    endloop
  endfacet
  facet normal 0.546772 -0.448682 -0.706912
    outer loop
      vertex 12.3678 -10.8462 2.05
      vertex 11.9167 -10.4506 1.45
      vertex 12.5746 -9.64887 1.45
    endloop
  endfacet
  facet normal 0.54672 -0.44869 -0.706947
    outer loop
      vertex 13.0507 -10.0141 2.05
      vertex 12.3678 -10.8462 2.05
      vertex 12.5746 -9.64887 1.45
    endloop
  endfacet
  facet normal -0.661989 0.249121 -0.706902
    outer loop
      vertex -15.0088 5.09482 1.45
      vertex -15.1978 6.29514 2.05
      vertex -14.6435 6.06553 1.45
    endloop
  endfacet
  facet normal 0.411982 0.574915 -0.706925
    outer loop
      vertex 10.0141 13.0507 2.05
      vertex 8.80579 13.1788 1.45
      vertex 9.13913 13.6777 2.05
    endloop
  endfacet
  facet normal -0.661938 0.249148 -0.70694
    outer loop
      vertex -15.0088 5.09482 1.45
      vertex -15.577 5.28768 2.05
      vertex -15.1978 6.29514 2.05
    endloop
  endfacet
  facet normal 0.291877 -0.644279 -0.706903
    outer loop
      vertex 6.29514 -15.1978 2.05
      vertex 6.06553 -14.6435 1.45
      vertex 7.27565 -14.7536 2.05
    endloop
  endfacet
  facet normal -0.291913 0.6442 -0.706961
    outer loop
      vertex -7.01027 14.2154 1.45
      vertex -7.27565 14.7536 2.05
      vertex -6.06553 14.6435 1.45
    endloop
  endfacet
  facet normal 0.697832 -0.115214 -0.706935
    outer loop
      vertex 15.5454 -3.09218 1.45
      vertex 15.781 -2.25 1.54531
      vertex 16.1339 -3.20924 2.05
    endloop
  endfacet
  facet normal 0.698021 -0.11529 -0.706736
    outer loop
      vertex 15.781 -2.25 1.54531
      vertex 15.5454 -3.09218 1.45
      vertex 15.6845 -2.25 1.45
    endloop
  endfacet
  facet normal 0.44869 -0.54672 -0.706947
    outer loop
      vertex 10.0141 -13.0507 2.05
      vertex 9.64887 -12.5746 1.45
      vertex 10.8462 -12.3678 2.05
    endloop
  endfacet
  facet normal 0.688806 -0.160592 -0.706935
    outer loop
      vertex 16.1339 -3.20924 2.05
      vertex 15.3099 -4.10228 1.45
      vertex 15.5454 -3.09218 1.45
    endloop
  endfacet
  facet normal -0.0231288 0.706927 -0.706908
    outer loop
      vertex -1.03664 15.8161 1.45
      vertex -1.07588 16.4148 2.05
      vertex 0 16.45 2.05
    endloop
  endfacet
  facet normal -0.0231175 0.706918 -0.706918
    outer loop
      vertex 0 15.85 1.45
      vertex -1.03664 15.8161 1.45
      vertex 0 16.45 2.05
    endloop
  endfacet
  facet normal -0.44869 -0.54672 -0.706947
    outer loop
      vertex -10.0141 -13.0507 2.05
      vertex -10.8462 -12.3678 2.05
      vertex -9.64887 -12.5746 1.45
    endloop
  endfacet
  facet normal 0.0693503 0.703868 -0.706937
    outer loop
      vertex 2.06884 15.7144 1.45
      vertex 1.03664 15.8161 1.45
      vertex 2.14716 16.3093 2.05
    endloop
  endfacet
  facet normal -0.249121 0.661989 -0.706902
    outer loop
      vertex -6.06553 14.6435 1.45
      vertex -6.29514 15.1978 2.05
      vertex -5.09482 15.0088 1.45
    endloop
  endfacet
  facet normal -0.115243 -0.697826 -0.706935
    outer loop
      vertex -2.06884 -15.7144 1.45
      vertex -3.20924 -16.1339 2.05
      vertex -3.09218 -15.5454 1.45
    endloop
  endfacet
  facet normal -0.54672 0.44869 -0.706947
    outer loop
      vertex -12.5746 9.64887 1.45
      vertex -13.0507 10.0141 2.05
      vertex -12.3678 10.8462 2.05
    endloop
  endfacet
  facet normal 0.698021 0.11529 -0.706736
    outer loop
      vertex 15.5454 3.09218 1.45
      vertex 15.781 2.25 1.54531
      vertex 15.6845 2.25 1.45
    endloop
  endfacet
  facet normal 0.697832 0.115214 -0.706935
    outer loop
      vertex 15.781 2.25 1.54531
      vertex 15.5454 3.09218 1.45
      vertex 16.1339 3.20924 2.05
    endloop
  endfacet
  facet normal -0.33338 0.623752 -0.706959
    outer loop
      vertex -7.01027 14.2154 1.45
      vertex -7.925 13.7265 1.45
      vertex -7.27565 14.7536 2.05
    endloop
  endfacet
  facet normal 0.516245 0.483492 -0.706913
    outer loop
      vertex 11.8379 10.7773 1.6159
      vertex 12.3678 10.8462 2.05
      vertex 11.9167 10.4506 1.45
    endloop
  endfacet
  facet normal 0.516245 0.483492 -0.706913
    outer loop
      vertex 12.3678 10.8462 2.05
      vertex 11.8379 10.7773 1.6159
      vertex 12.1449 11.0842 2.05
    endloop
  endfacet
  facet normal -0.333452 -0.623769 -0.70691
    outer loop
      vertex -7.27565 -14.7536 2.05
      vertex -8.225 -14.2461 2.05
      vertex -7.925 -13.7265 1.45
    endloop
  endfacet
  facet normal 0.333452 -0.623769 -0.70691
    outer loop
      vertex 8.225 -14.2461 2.05
      vertex 7.27565 -14.7536 2.05
      vertex 7.925 -13.7265 1.45
    endloop
  endfacet
  facet normal 0.205322 -0.676814 -0.706941
    outer loop
      vertex 5.28768 -15.577 2.05
      vertex 4.25757 -15.8895 2.05
      vertex 5.09482 -15.0088 1.45
    endloop
  endfacet
  facet normal -0.291877 -0.644279 -0.706903
    outer loop
      vertex -6.29514 -15.1978 2.05
      vertex -7.27565 -14.7536 2.05
      vertex -6.06553 -14.6435 1.45
    endloop
  endfacet
  facet normal -0.205322 -0.676814 -0.706941
    outer loop
      vertex -4.25757 -15.8895 2.05
      vertex -5.28768 -15.577 2.05
      vertex -5.09482 -15.0088 1.45
    endloop
  endfacet
  facet normal 0.661938 -0.249148 -0.70694
    outer loop
      vertex 15.1978 -6.29514 2.05
      vertex 15.0088 -5.09482 1.45
      vertex 15.577 -5.28768 2.05
    endloop
  endfacet
  facet normal 0.44869 0.54672 -0.706947
    outer loop
      vertex 10.8462 12.3678 2.05
      vertex 9.64887 12.5746 1.45
      vertex 10.0141 13.0507 2.05
    endloop
  endfacet
  facet normal -0.0693203 0.7039 -0.706908
    outer loop
      vertex -1.03664 15.8161 1.45
      vertex -2.14716 16.3093 2.05
      vertex -1.07588 16.4148 2.05
    endloop
  endfacet
  facet normal -0.115243 0.697826 -0.706935
    outer loop
      vertex -3.09218 15.5454 1.45
      vertex -3.20924 16.1339 2.05
      vertex -2.06884 15.7144 1.45
    endloop
  endfacet
  facet normal -0.249148 -0.661938 -0.70694
    outer loop
      vertex -5.28768 -15.577 2.05
      vertex -6.29514 -15.1978 2.05
      vertex -5.09482 -15.0088 1.45
    endloop
  endfacet
  facet normal 0.697812 0.11523 -0.706951
    outer loop
      vertex 16.2923 2.25 2.05
      vertex 15.781 2.25 1.54531
      vertex 16.1339 3.20924 2.05
    endloop
  endfacet
  facet normal -0.373499 0.600647 -0.70691
    outer loop
      vertex -7.925 13.7265 1.45
      vertex -8.80579 13.1788 1.45
      vertex -8.225 14.2461 2.05
    endloop
  endfacet
  facet normal -0.623752 0.33338 -0.706959
    outer loop
      vertex -14.2154 7.01027 1.45
      vertex -14.7536 7.27565 2.05
      vertex -13.7265 7.925 1.45
    endloop
  endfacet
  facet normal -0.0693203 -0.7039 -0.706908
    outer loop
      vertex -1.07588 -16.4148 2.05
      vertex -2.14716 -16.3093 2.05
      vertex -1.03664 -15.8161 1.45
    endloop
  endfacet
  facet normal 0.623769 -0.333452 -0.70691
    outer loop
      vertex 14.2461 -8.225 2.05
      vertex 13.7265 -7.925 1.45
      vertex 14.7536 -7.27565 2.05
    endloop
  endfacet
  facet normal 0.574878 -0.411991 -0.706951
    outer loop
      vertex 13.0507 -10.0141 2.05
      vertex 12.5746 -9.64887 1.45
      vertex 13.1788 -8.80579 1.45
    endloop
  endfacet
  facet normal 0.483492 -0.516245 -0.706913
    outer loop
      vertex 10.8462 -12.3678 2.05
      vertex 10.7773 -11.8379 1.6159
      vertex 11.0842 -12.1449 2.05
    endloop
  endfacet
  facet normal 0.483492 -0.516245 -0.706913
    outer loop
      vertex 10.7773 -11.8379 1.6159
      vertex 10.8462 -12.3678 2.05
      vertex 10.4506 -11.9167 1.45
    endloop
  endfacet
  facet normal -0.411991 0.574878 -0.706951
    outer loop
      vertex -9.64887 12.5746 1.45
      vertex -10.0141 13.0507 2.05
      vertex -8.80579 13.1788 1.45
    endloop
  endfacet
  facet normal -0.574915 0.411982 -0.706925
    outer loop
      vertex -13.1788 8.80579 1.45
      vertex -13.6777 9.13913 2.05
      vertex -13.0507 10.0141 2.05
    endloop
  endfacet
  facet normal -0.411991 -0.574878 -0.706951
    outer loop
      vertex -8.80579 -13.1788 1.45
      vertex -10.0141 -13.0507 2.05
      vertex -9.64887 -12.5746 1.45
    endloop
  endfacet
  facet normal -0.33338 -0.623752 -0.706959
    outer loop
      vertex -7.27565 -14.7536 2.05
      vertex -7.925 -13.7265 1.45
      vertex -7.01027 -14.2154 1.45
    endloop
  endfacet
  facet normal 0.373476 0.600643 -0.706925
    outer loop
      vertex 8.80579 13.1788 1.45
      vertex 8.225 14.2461 2.05
      vertex 9.13913 13.6777 2.05
    endloop
  endfacet
  facet normal 0.20532 -0.676813 -0.706942
    outer loop
      vertex 4.25757 -15.8895 2.05
      vertex 4.10228 -15.3099 1.45
      vertex 5.09482 -15.0088 1.45
    endloop
  endfacet
  facet normal -0.6442 -0.291913 -0.706961
    outer loop
      vertex -14.2154 -7.01027 1.45
      vertex -14.7536 -7.27565 2.05
      vertex -14.6435 -6.06553 1.45
    endloop
  endfacet
  facet normal 0.600643 -0.373476 -0.706925
    outer loop
      vertex 13.6777 -9.13913 2.05
      vertex 13.1788 -8.80579 1.45
      vertex 14.2461 -8.225 2.05
    endloop
  endfacet
  facet normal 0.574878 0.411991 -0.706951
    outer loop
      vertex 13.1788 8.80579 1.45
      vertex 12.5746 9.64887 1.45
      vertex 13.0507 10.0141 2.05
    endloop
  endfacet
  facet normal 0.54672 0.44869 -0.706947
    outer loop
      vertex 12.5746 9.64887 1.45
      vertex 12.3678 10.8462 2.05
      vertex 13.0507 10.0141 2.05
    endloop
  endfacet
  facet normal 0.291913 0.6442 -0.706961
    outer loop
      vertex 7.01027 14.2154 1.45
      vertex 6.06553 14.6435 1.45
      vertex 7.27565 14.7536 2.05
    endloop
  endfacet
  facet normal 0.623769 0.333452 -0.70691
    outer loop
      vertex 14.7536 7.27565 2.05
      vertex 13.7265 7.925 1.45
      vertex 14.2461 8.225 2.05
    endloop
  endfacet
  facet normal 0.411991 0.574878 -0.706951
    outer loop
      vertex 9.64887 12.5746 1.45
      vertex 8.80579 13.1788 1.45
      vertex 10.0141 13.0507 2.05
    endloop
  endfacet
  facet normal 0.661989 0.249121 -0.706902
    outer loop
      vertex 15.0088 5.09482 1.45
      vertex 14.6435 6.06553 1.45
      vertex 15.1978 6.29514 2.05
    endloop
  endfacet
  facet normal 0.516281 0.483489 -0.70689
    outer loop
      vertex 11.9167 10.4506 1.45
      vertex 11.7206 10.66 1.45
      vertex 11.8379 10.7773 1.6159
    endloop
  endfacet
  facet normal 0.546772 0.448682 -0.706912
    outer loop
      vertex 12.5746 9.64887 1.45
      vertex 11.9167 10.4506 1.45
      vertex 12.3678 10.8462 2.05
    endloop
  endfacet
  facet normal -0.600647 0.373499 -0.70691
    outer loop
      vertex -13.7265 7.925 1.45
      vertex -14.2461 8.225 2.05
      vertex -13.1788 8.80579 1.45
    endloop
  endfacet
  facet normal 0.676813 0.20532 -0.706942
    outer loop
      vertex 15.3099 4.10228 1.45
      vertex 15.0088 5.09482 1.45
      vertex 15.8895 4.25757 2.05
    endloop
  endfacet
  facet normal 0.600647 -0.373499 -0.70691
    outer loop
      vertex 14.2461 -8.225 2.05
      vertex 13.1788 -8.80579 1.45
      vertex 13.7265 -7.925 1.45
    endloop
  endfacet
  facet normal 0.623752 0.33338 -0.706959
    outer loop
      vertex 14.2154 7.01027 1.45
      vertex 13.7265 7.925 1.45
      vertex 14.7536 7.27565 2.05
    endloop
  endfacet
  facet normal -0.574878 -0.411991 -0.706951
    outer loop
      vertex -13.0507 -10.0141 2.05
      vertex -13.1788 -8.80579 1.45
      vertex -12.5746 -9.64887 1.45
    endloop
  endfacet
  facet normal 0.115243 -0.697826 -0.706935
    outer loop
      vertex 3.20924 -16.1339 2.05
      vertex 2.06884 -15.7144 1.45
      vertex 3.09218 -15.5454 1.45
    endloop
  endfacet
  facet normal -0.600643 -0.373476 -0.706925
    outer loop
      vertex -13.6777 -9.13913 2.05
      vertex -14.2461 -8.225 2.05
      vertex -13.1788 -8.80579 1.45
    endloop
  endfacet
  facet normal -0.623769 -0.333452 -0.70691
    outer loop
      vertex -14.2461 -8.225 2.05
      vertex -14.7536 -7.27565 2.05
      vertex -13.7265 -7.925 1.45
    endloop
  endfacet
  facet normal -0.6442 0.291913 -0.706961
    outer loop
      vertex -14.6435 6.06553 1.45
      vertex -14.7536 7.27565 2.05
      vertex -14.2154 7.01027 1.45
    endloop
  endfacet
  facet normal 0.448682 0.546772 -0.706912
    outer loop
      vertex 10.4506 11.9167 1.45
      vertex 9.64887 12.5746 1.45
      vertex 10.8462 12.3678 2.05
    endloop
  endfacet
  facet normal -0.0231288 -0.706927 -0.706908
    outer loop
      vertex 0 -16.45 2.05
      vertex -1.07588 -16.4148 2.05
      vertex -1.03664 -15.8161 1.45
    endloop
  endfacet
  facet normal 0.160582 -0.6888 -0.706942
    outer loop
      vertex 4.25757 -15.8895 2.05
      vertex 3.20924 -16.1339 2.05
      vertex 4.10228 -15.3099 1.45
    endloop
  endfacet
  facet normal 0.160592 -0.688806 -0.706935
    outer loop
      vertex 3.20924 -16.1339 2.05
      vertex 3.09218 -15.5454 1.45
      vertex 4.10228 -15.3099 1.45
    endloop
  endfacet
  facet normal 0.333452 0.623769 -0.70691
    outer loop
      vertex 7.925 13.7265 1.45
      vertex 7.27565 14.7536 2.05
      vertex 8.225 14.2461 2.05
    endloop
  endfacet
  facet normal 0.205322 0.676814 -0.706941
    outer loop
      vertex 5.09482 15.0088 1.45
      vertex 4.25757 15.8895 2.05
      vertex 5.28768 15.577 2.05
    endloop
  endfacet
  facet normal -0.676813 -0.20532 -0.706942
    outer loop
      vertex -15.0088 -5.09482 1.45
      vertex -15.8895 -4.25757 2.05
      vertex -15.3099 -4.10228 1.45
    endloop
  endfacet
  facet normal -0.448682 -0.546772 -0.706912
    outer loop
      vertex -9.64887 -12.5746 1.45
      vertex -10.8462 -12.3678 2.05
      vertex -10.4506 -11.9167 1.45
    endloop
  endfacet
  facet normal 0.516245 -0.483492 -0.706913
    outer loop
      vertex 11.8379 -10.7773 1.6159
      vertex 12.3678 -10.8462 2.05
      vertex 12.1449 -11.0842 2.05
    endloop
  endfacet
  facet normal 0.516245 -0.483492 -0.706913
    outer loop
      vertex 12.3678 -10.8462 2.05
      vertex 11.8379 -10.7773 1.6159
      vertex 11.9167 -10.4506 1.45
    endloop
  endfacet
  facet normal -0.516245 0.483492 -0.706913
    outer loop
      vertex -12.3678 10.8462 2.05
      vertex -11.8379 10.7773 1.6159
      vertex -11.9167 10.4506 1.45
    endloop
  endfacet
  facet normal -0.516245 0.483492 -0.706913
    outer loop
      vertex -11.8379 10.7773 1.6159
      vertex -12.3678 10.8462 2.05
      vertex -12.1449 11.0842 2.05
    endloop
  endfacet
  facet normal 0.697812 -0.11523 -0.706951
    outer loop
      vertex 16.1339 -3.20924 2.05
      vertex 15.781 -2.25 1.54531
      vertex 16.2923 -2.25 2.05
    endloop
  endfacet
  facet normal 0.516281 -0.483489 -0.70689
    outer loop
      vertex 11.8379 -10.7773 1.6159
      vertex 11.7206 -10.66 1.45
      vertex 11.9167 -10.4506 1.45
    endloop
  endfacet
  facet normal -0.448682 0.546772 -0.706912
    outer loop
      vertex -10.4506 11.9167 1.45
      vertex -10.8462 12.3678 2.05
      vertex -9.64887 12.5746 1.45
    endloop
  endfacet
  facet normal -0.0693503 0.703868 -0.706937
    outer loop
      vertex -2.06884 15.7144 1.45
      vertex -2.14716 16.3093 2.05
      vertex -1.03664 15.8161 1.45
    endloop
  endfacet
  facet normal 0.483489 -0.516281 -0.70689
    outer loop
      vertex 10.7773 -11.8379 1.6159
      vertex 10.4506 -11.9167 1.45
      vertex 10.66 -11.7206 1.45
    endloop
  endfacet
  facet normal 0.115244 -0.697825 -0.706937
    outer loop
      vertex 2.14716 -16.3093 2.05
      vertex 2.06884 -15.7144 1.45
      vertex 3.20924 -16.1339 2.05
    endloop
  endfacet
  facet normal -0.373476 0.600643 -0.706925
    outer loop
      vertex -8.80579 13.1788 1.45
      vertex -9.13913 13.6777 2.05
      vertex -8.225 14.2461 2.05
    endloop
  endfacet
  facet normal 0.373499 -0.600647 -0.70691
    outer loop
      vertex 8.225 -14.2461 2.05
      vertex 7.925 -13.7265 1.45
      vertex 8.80579 -13.1788 1.45
    endloop
  endfacet
  facet normal -0.483492 0.516245 -0.706913
    outer loop
      vertex -10.7773 11.8379 1.6159
      vertex -10.8462 12.3678 2.05
      vertex -10.4506 11.9167 1.45
    endloop
  endfacet
  facet normal -0.483492 0.516245 -0.706913
    outer loop
      vertex -10.8462 12.3678 2.05
      vertex -10.7773 11.8379 1.6159
      vertex -11.0842 12.1449 2.05
    endloop
  endfacet
  facet normal -0.160592 0.688806 -0.706935
    outer loop
      vertex -3.09218 15.5454 1.45
      vertex -4.10228 15.3099 1.45
      vertex -3.20924 16.1339 2.05
    endloop
  endfacet
  facet normal -0.483489 0.516281 -0.70689
    outer loop
      vertex -10.66 11.7206 1.45
      vertex -10.7773 11.8379 1.6159
      vertex -10.4506 11.9167 1.45
    endloop
  endfacet
  facet normal -0.411982 0.574915 -0.706925
    outer loop
      vertex -8.80579 13.1788 1.45
      vertex -10.0141 13.0507 2.05
      vertex -9.13913 13.6777 2.05
    endloop
  endfacet
  facet normal -0.697812 0.11523 -0.706951
    outer loop
      vertex -15.781 2.25 1.54531
      vertex -16.2923 2.25 2.05
      vertex -16.1339 3.20924 2.05
    endloop
  endfacet
  facet normal -0.623769 0.333452 -0.70691
    outer loop
      vertex -13.7265 7.925 1.45
      vertex -14.7536 7.27565 2.05
      vertex -14.2461 8.225 2.05
    endloop
  endfacet
  facet normal -0.600643 0.373476 -0.706925
    outer loop
      vertex -13.1788 8.80579 1.45
      vertex -14.2461 8.225 2.05
      vertex -13.6777 9.13913 2.05
    endloop
  endfacet
  facet normal -0.698021 0.11529 -0.706736
    outer loop
      vertex -15.781 2.25 1.54531
      vertex -15.5454 3.09218 1.45
      vertex -15.6845 2.25 1.45
    endloop
  endfacet
  facet normal -0.697832 0.115214 -0.706935
    outer loop
      vertex -15.5454 3.09218 1.45
      vertex -15.781 2.25 1.54531
      vertex -16.1339 3.20924 2.05
    endloop
  endfacet
  facet normal 0.115243 0.697826 -0.706935
    outer loop
      vertex 3.09218 15.5454 1.45
      vertex 2.06884 15.7144 1.45
      vertex 3.20924 16.1339 2.05
    endloop
  endfacet
  facet normal 0.6442 0.291913 -0.706961
    outer loop
      vertex 14.6435 6.06553 1.45
      vertex 14.2154 7.01027 1.45
      vertex 14.7536 7.27565 2.05
    endloop
  endfacet
  facet normal 0.644279 0.291877 -0.706903
    outer loop
      vertex 15.1978 6.29514 2.05
      vertex 14.6435 6.06553 1.45
      vertex 14.7536 7.27565 2.05
    endloop
  endfacet
  facet normal -0.115244 -0.697825 -0.706937
    outer loop
      vertex -2.14716 -16.3093 2.05
      vertex -3.20924 -16.1339 2.05
      vertex -2.06884 -15.7144 1.45
    endloop
  endfacet
  facet normal 0.483489 0.516281 -0.70689
    outer loop
      vertex 10.66 11.7206 1.45
      vertex 10.4506 11.9167 1.45
      vertex 10.7773 11.8379 1.6159
    endloop
  endfacet
  facet normal 0.483492 0.516245 -0.706913
    outer loop
      vertex 10.7773 11.8379 1.6159
      vertex 10.8462 12.3678 2.05
      vertex 11.0842 12.1449 2.05
    endloop
  endfacet
  facet normal 0.483492 0.516245 -0.706913
    outer loop
      vertex 10.8462 12.3678 2.05
      vertex 10.7773 11.8379 1.6159
      vertex 10.4506 11.9167 1.45
    endloop
  endfacet
  facet normal -0.516281 -0.483489 -0.70689
    outer loop
      vertex -11.8379 -10.7773 1.6159
      vertex -11.9167 -10.4506 1.45
      vertex -11.7206 -10.66 1.45
    endloop
  endfacet
  facet normal -0.20532 -0.676813 -0.706942
    outer loop
      vertex -4.25757 -15.8895 2.05
      vertex -5.09482 -15.0088 1.45
      vertex -4.10228 -15.3099 1.45
    endloop
  endfacet
  facet normal -0.688806 -0.160592 -0.706935
    outer loop
      vertex -15.3099 -4.10228 1.45
      vertex -16.1339 -3.20924 2.05
      vertex -15.5454 -3.09218 1.45
    endloop
  endfacet
  facet normal -0.600647 -0.373499 -0.70691
    outer loop
      vertex -13.1788 -8.80579 1.45
      vertex -14.2461 -8.225 2.05
      vertex -13.7265 -7.925 1.45
    endloop
  endfacet
  facet normal 0.600647 0.373499 -0.70691
    outer loop
      vertex 13.7265 7.925 1.45
      vertex 13.1788 8.80579 1.45
      vertex 14.2461 8.225 2.05
    endloop
  endfacet
  facet normal -0.697812 -0.11523 -0.706951
    outer loop
      vertex -16.1339 -3.20924 2.05
      vertex -16.2923 -2.25 2.05
      vertex -15.781 -2.25 1.54531
    endloop
  endfacet
  facet normal -0.6888 -0.160582 -0.706942
    outer loop
      vertex -15.8895 -4.25757 2.05
      vertex -16.1339 -3.20924 2.05
      vertex -15.3099 -4.10228 1.45
    endloop
  endfacet
  facet normal 0.6888 -0.160582 -0.706942
    outer loop
      vertex 15.8895 -4.25757 2.05
      vertex 15.3099 -4.10228 1.45
      vertex 16.1339 -3.20924 2.05
    endloop
  endfacet
  facet normal 0.20532 0.676813 -0.706942
    outer loop
      vertex 5.09482 15.0088 1.45
      vertex 4.10228 15.3099 1.45
      vertex 4.25757 15.8895 2.05
    endloop
  endfacet
  facet normal -0.516245 -0.483492 -0.706913
    outer loop
      vertex -12.3678 -10.8462 2.05
      vertex -11.8379 -10.7773 1.6159
      vertex -12.1449 -11.0842 2.05
    endloop
  endfacet
  facet normal -0.516245 -0.483492 -0.706913
    outer loop
      vertex -11.8379 -10.7773 1.6159
      vertex -12.3678 -10.8462 2.05
      vertex -11.9167 -10.4506 1.45
    endloop
  endfacet
  facet normal -0.546772 -0.448682 -0.706912
    outer loop
      vertex -12.3678 -10.8462 2.05
      vertex -12.5746 -9.64887 1.45
      vertex -11.9167 -10.4506 1.45
    endloop
  endfacet
  facet normal -0.6888 0.160582 -0.706942
    outer loop
      vertex -15.3099 4.10228 1.45
      vertex -16.1339 3.20924 2.05
      vertex -15.8895 4.25757 2.05
    endloop
  endfacet
  facet normal -0.688806 0.160592 -0.706935
    outer loop
      vertex -15.5454 3.09218 1.45
      vertex -16.1339 3.20924 2.05
      vertex -15.3099 4.10228 1.45
    endloop
  endfacet
  facet normal -0.661989 -0.249121 -0.706902
    outer loop
      vertex -14.6435 -6.06553 1.45
      vertex -15.1978 -6.29514 2.05
      vertex -15.0088 -5.09482 1.45
    endloop
  endfacet
  facet normal -0.644279 -0.291877 -0.706903
    outer loop
      vertex -14.7536 -7.27565 2.05
      vertex -15.1978 -6.29514 2.05
      vertex -14.6435 -6.06553 1.45
    endloop
  endfacet
  facet normal -0.0693503 -0.703868 -0.706937
    outer loop
      vertex -1.03664 -15.8161 1.45
      vertex -2.14716 -16.3093 2.05
      vertex -2.06884 -15.7144 1.45
    endloop
  endfacet
  facet normal -0.333452 0.623769 0.70691
    outer loop
      vertex -7.27565 14.7536 2.05
      vertex -8.225 14.2461 2.05
      vertex -7.925 13.7265 2.65
    endloop
  endfacet
  facet normal 0.600643 -0.373476 0.706925
    outer loop
      vertex 14.2461 -8.225 2.05
      vertex 13.1788 -8.80579 2.65
      vertex 13.6777 -9.13913 2.05
    endloop
  endfacet
  facet normal 0.688806 0.160592 0.706935
    outer loop
      vertex 16.1339 3.20924 2.05
      vertex 15.3099 4.10228 2.65
      vertex 15.5454 3.09218 2.65
    endloop
  endfacet
  facet normal -0.0231175 -0.706918 0.706918
    outer loop
      vertex 0 -15.85 2.65
      vertex -1.03664 -15.8161 2.65
      vertex 0 -16.45 2.05
    endloop
  endfacet
  facet normal 0.33338 -0.623752 0.706959
    outer loop
      vertex 7.925 -13.7265 2.65
      vertex 7.01027 -14.2154 2.65
      vertex 7.27565 -14.7536 2.05
    endloop
  endfacet
  facet normal 0.291877 0.644279 0.706903
    outer loop
      vertex 6.29514 15.1978 2.05
      vertex 6.06553 14.6435 2.65
      vertex 7.27565 14.7536 2.05
    endloop
  endfacet
  facet normal -0.0231288 0.706927 0.706908
    outer loop
      vertex 0 16.45 2.05
      vertex -1.07588 16.4148 2.05
      vertex -1.03664 15.8161 2.65
    endloop
  endfacet
  facet normal 0.483504 0.516296 0.706868
    outer loop
      vertex 10.7773 11.8379 2.48409
      vertex 10.4506 11.9167 2.65
      vertex 10.66 11.7206 2.65
    endloop
  endfacet
  facet normal 0.483486 0.516239 0.706921
    outer loop
      vertex 10.8462 12.3678 2.05
      vertex 10.7773 11.8379 2.48409
      vertex 11.0842 12.1449 2.05
    endloop
  endfacet
  facet normal 0.48351 0.516229 0.706913
    outer loop
      vertex 10.7773 11.8379 2.48409
      vertex 10.8462 12.3678 2.05
      vertex 10.4506 11.9167 2.65
    endloop
  endfacet
  facet normal 0.688806 -0.160592 0.706935
    outer loop
      vertex 15.5454 -3.09218 2.65
      vertex 15.3099 -4.10228 2.65
      vertex 16.1339 -3.20924 2.05
    endloop
  endfacet
  facet normal 0.33338 0.623752 0.706959
    outer loop
      vertex 7.27565 14.7536 2.05
      vertex 7.01027 14.2154 2.65
      vertex 7.925 13.7265 2.65
    endloop
  endfacet
  facet normal 0.291913 -0.6442 0.706961
    outer loop
      vertex 7.01027 -14.2154 2.65
      vertex 6.06553 -14.6435 2.65
      vertex 7.27565 -14.7536 2.05
    endloop
  endfacet
  facet normal 0.6888 0.160582 0.706942
    outer loop
      vertex 15.8895 4.25757 2.05
      vertex 15.3099 4.10228 2.65
      vertex 16.1339 3.20924 2.05
    endloop
  endfacet
  facet normal -0.676814 0.205322 0.706941
    outer loop
      vertex -15.577 5.28768 2.05
      vertex -15.8895 4.25757 2.05
      vertex -15.0088 5.09482 2.65
    endloop
  endfacet
  facet normal 0.661938 0.249148 0.70694
    outer loop
      vertex 15.1978 6.29514 2.05
      vertex 15.0088 5.09482 2.65
      vertex 15.577 5.28768 2.05
    endloop
  endfacet
  facet normal 0.115243 -0.697826 0.706935
    outer loop
      vertex 3.09218 -15.5454 2.65
      vertex 2.06884 -15.7144 2.65
      vertex 3.20924 -16.1339 2.05
    endloop
  endfacet
  facet normal 0.0231288 0.706927 0.706908
    outer loop
      vertex 1.07588 16.4148 2.05
      vertex 0 16.45 2.05
      vertex 1.03664 15.8161 2.65
    endloop
  endfacet
  facet normal -0.574878 0.411991 0.706951
    outer loop
      vertex -13.0507 10.0141 2.05
      vertex -13.1788 8.80579 2.65
      vertex -12.5746 9.64887 2.65
    endloop
  endfacet
  facet normal -0.6888 0.160582 0.706942
    outer loop
      vertex -15.8895 4.25757 2.05
      vertex -16.1339 3.20924 2.05
      vertex -15.3099 4.10228 2.65
    endloop
  endfacet
  facet normal -0.291913 -0.6442 0.706961
    outer loop
      vertex -7.01027 -14.2154 2.65
      vertex -7.27565 -14.7536 2.05
      vertex -6.06553 -14.6435 2.65
    endloop
  endfacet
  facet normal -0.291877 0.644279 0.706903
    outer loop
      vertex -6.29514 15.1978 2.05
      vertex -7.27565 14.7536 2.05
      vertex -6.06553 14.6435 2.65
    endloop
  endfacet
  facet normal -0.516296 -0.483504 0.706868
    outer loop
      vertex -11.7206 -10.66 2.65
      vertex -11.9167 -10.4506 2.65
      vertex -11.8379 -10.7773 2.48409
    endloop
  endfacet
  facet normal -0.411982 0.574915 0.706925
    outer loop
      vertex -9.13913 13.6777 2.05
      vertex -10.0141 13.0507 2.05
      vertex -8.80579 13.1788 2.65
    endloop
  endfacet
  facet normal 0.0693203 0.7039 0.706908
    outer loop
      vertex 1.07588 16.4148 2.05
      vertex 1.03664 15.8161 2.65
      vertex 2.14716 16.3093 2.05
    endloop
  endfacet
  facet normal 0.676814 -0.205322 0.706941
    outer loop
      vertex 15.8895 -4.25757 2.05
      vertex 15.0088 -5.09482 2.65
      vertex 15.577 -5.28768 2.05
    endloop
  endfacet
  facet normal -0.574915 0.411982 0.706925
    outer loop
      vertex -13.0507 10.0141 2.05
      vertex -13.6777 9.13913 2.05
      vertex -13.1788 8.80579 2.65
    endloop
  endfacet
  facet normal -0.676813 0.20532 0.706942
    outer loop
      vertex -15.0088 5.09482 2.65
      vertex -15.8895 4.25757 2.05
      vertex -15.3099 4.10228 2.65
    endloop
  endfacet
  facet normal -0.54672 -0.44869 0.706947
    outer loop
      vertex -12.5746 -9.64887 2.65
      vertex -13.0507 -10.0141 2.05
      vertex -12.3678 -10.8462 2.05
    endloop
  endfacet
  facet normal -0.411991 -0.574878 0.706951
    outer loop
      vertex -9.64887 -12.5746 2.65
      vertex -10.0141 -13.0507 2.05
      vertex -8.80579 -13.1788 2.65
    endloop
  endfacet
  facet normal -0.160582 -0.6888 0.706942
    outer loop
      vertex -4.10228 -15.3099 2.65
      vertex -4.25757 -15.8895 2.05
      vertex -3.20924 -16.1339 2.05
    endloop
  endfacet
  facet normal -0.54672 0.44869 0.706947
    outer loop
      vertex -12.3678 10.8462 2.05
      vertex -13.0507 10.0141 2.05
      vertex -12.5746 9.64887 2.65
    endloop
  endfacet
  facet normal -0.44869 -0.54672 0.706947
    outer loop
      vertex -9.64887 -12.5746 2.65
      vertex -10.8462 -12.3678 2.05
      vertex -10.0141 -13.0507 2.05
    endloop
  endfacet
  facet normal -0.698021 -0.11529 0.706736
    outer loop
      vertex -15.781 -2.25 2.55469
      vertex -15.5454 -3.09218 2.65
      vertex -15.6845 -2.25 2.65
    endloop
  endfacet
  facet normal -0.697832 -0.115214 0.706935
    outer loop
      vertex -15.5454 -3.09218 2.65
      vertex -15.781 -2.25 2.55469
      vertex -16.1339 -3.20924 2.05
    endloop
  endfacet
  facet normal -0.249148 -0.661938 0.70694
    outer loop
      vertex -5.09482 -15.0088 2.65
      vertex -6.29514 -15.1978 2.05
      vertex -5.28768 -15.577 2.05
    endloop
  endfacet
  facet normal -0.373499 -0.600647 0.70691
    outer loop
      vertex -7.925 -13.7265 2.65
      vertex -8.80579 -13.1788 2.65
      vertex -8.225 -14.2461 2.05
    endloop
  endfacet
  facet normal 0.249121 0.661989 0.706902
    outer loop
      vertex 6.29514 15.1978 2.05
      vertex 5.09482 15.0088 2.65
      vertex 6.06553 14.6435 2.65
    endloop
  endfacet
  facet normal 0.574915 -0.411982 0.706925
    outer loop
      vertex 13.1788 -8.80579 2.65
      vertex 13.0507 -10.0141 2.05
      vertex 13.6777 -9.13913 2.05
    endloop
  endfacet
  facet normal -0.0693503 0.703868 0.706937
    outer loop
      vertex -1.03664 15.8161 2.65
      vertex -2.14716 16.3093 2.05
      vertex -2.06884 15.7144 2.65
    endloop
  endfacet
  facet normal 0.623769 0.333452 0.70691
    outer loop
      vertex 14.2461 8.225 2.05
      vertex 13.7265 7.925 2.65
      vertex 14.7536 7.27565 2.05
    endloop
  endfacet
  facet normal 0.574915 0.411982 0.706925
    outer loop
      vertex 13.6777 9.13913 2.05
      vertex 13.0507 10.0141 2.05
      vertex 13.1788 8.80579 2.65
    endloop
  endfacet
  facet normal -0.623769 0.333452 0.70691
    outer loop
      vertex -14.2461 8.225 2.05
      vertex -14.7536 7.27565 2.05
      vertex -13.7265 7.925 2.65
    endloop
  endfacet
  facet normal 0.698021 -0.11529 0.706736
    outer loop
      vertex 15.5454 -3.09218 2.65
      vertex 15.781 -2.25 2.55469
      vertex 15.6845 -2.25 2.65
    endloop
  endfacet
  facet normal 0.697832 -0.115214 0.706935
    outer loop
      vertex 15.781 -2.25 2.55469
      vertex 15.5454 -3.09218 2.65
      vertex 16.1339 -3.20924 2.05
    endloop
  endfacet
  facet normal 0.623769 -0.333452 0.70691
    outer loop
      vertex 14.7536 -7.27565 2.05
      vertex 13.7265 -7.925 2.65
      vertex 14.2461 -8.225 2.05
    endloop
  endfacet
  facet normal -0.661938 -0.249148 0.70694
    outer loop
      vertex -15.0088 -5.09482 2.65
      vertex -15.577 -5.28768 2.05
      vertex -15.1978 -6.29514 2.05
    endloop
  endfacet
  facet normal -0.516296 0.483504 0.706868
    outer loop
      vertex -11.8379 10.7773 2.48409
      vertex -11.9167 10.4506 2.65
      vertex -11.7206 10.66 2.65
    endloop
  endfacet
  facet normal 0.0693203 -0.7039 0.706908
    outer loop
      vertex 2.14716 -16.3093 2.05
      vertex 1.03664 -15.8161 2.65
      vertex 1.07588 -16.4148 2.05
    endloop
  endfacet
  facet normal 0.661938 -0.249148 0.70694
    outer loop
      vertex 15.577 -5.28768 2.05
      vertex 15.0088 -5.09482 2.65
      vertex 15.1978 -6.29514 2.05
    endloop
  endfacet
  facet normal -0.448682 0.546772 0.706912
    outer loop
      vertex -9.64887 12.5746 2.65
      vertex -10.8462 12.3678 2.05
      vertex -10.4506 11.9167 2.65
    endloop
  endfacet
  facet normal -0.205322 -0.676814 0.706941
    outer loop
      vertex -5.09482 -15.0088 2.65
      vertex -5.28768 -15.577 2.05
      vertex -4.25757 -15.8895 2.05
    endloop
  endfacet
  facet normal -0.0693203 0.7039 0.706908
    outer loop
      vertex -1.07588 16.4148 2.05
      vertex -2.14716 16.3093 2.05
      vertex -1.03664 15.8161 2.65
    endloop
  endfacet
  facet normal 0.115243 0.697826 0.706935
    outer loop
      vertex 3.20924 16.1339 2.05
      vertex 2.06884 15.7144 2.65
      vertex 3.09218 15.5454 2.65
    endloop
  endfacet
  facet normal 0.661989 -0.249121 0.706902
    outer loop
      vertex 15.0088 -5.09482 2.65
      vertex 14.6435 -6.06553 2.65
      vertex 15.1978 -6.29514 2.05
    endloop
  endfacet
  facet normal -0.333452 -0.623769 0.70691
    outer loop
      vertex -7.925 -13.7265 2.65
      vertex -8.225 -14.2461 2.05
      vertex -7.27565 -14.7536 2.05
    endloop
  endfacet
  facet normal 0.676813 -0.20532 0.706942
    outer loop
      vertex 15.3099 -4.10228 2.65
      vertex 15.0088 -5.09482 2.65
      vertex 15.8895 -4.25757 2.05
    endloop
  endfacet
  facet normal -0.160592 0.688806 0.706935
    outer loop
      vertex -3.20924 16.1339 2.05
      vertex -4.10228 15.3099 2.65
      vertex -3.09218 15.5454 2.65
    endloop
  endfacet
  facet normal 0.54672 0.44869 0.706947
    outer loop
      vertex 13.0507 10.0141 2.05
      vertex 12.3678 10.8462 2.05
      vertex 12.5746 9.64887 2.65
    endloop
  endfacet
  facet normal -0.676814 -0.205322 0.706941
    outer loop
      vertex -15.0088 -5.09482 2.65
      vertex -15.8895 -4.25757 2.05
      vertex -15.577 -5.28768 2.05
    endloop
  endfacet
  facet normal 0.373499 0.600647 0.70691
    outer loop
      vertex 8.225 14.2461 2.05
      vertex 7.925 13.7265 2.65
      vertex 8.80579 13.1788 2.65
    endloop
  endfacet
  facet normal 0.249121 -0.661989 0.706902
    outer loop
      vertex 6.06553 -14.6435 2.65
      vertex 5.09482 -15.0088 2.65
      vertex 6.29514 -15.1978 2.05
    endloop
  endfacet
  facet normal 0.6442 0.291913 0.706961
    outer loop
      vertex 14.7536 7.27565 2.05
      vertex 14.2154 7.01027 2.65
      vertex 14.6435 6.06553 2.65
    endloop
  endfacet
  facet normal 0.574878 0.411991 0.706951
    outer loop
      vertex 13.0507 10.0141 2.05
      vertex 12.5746 9.64887 2.65
      vertex 13.1788 8.80579 2.65
    endloop
  endfacet
  facet normal 0.0231288 -0.706927 0.706908
    outer loop
      vertex 1.03664 -15.8161 2.65
      vertex 0 -16.45 2.05
      vertex 1.07588 -16.4148 2.05
    endloop
  endfacet
  facet normal -0.291877 -0.644279 0.706903
    outer loop
      vertex -6.06553 -14.6435 2.65
      vertex -7.27565 -14.7536 2.05
      vertex -6.29514 -15.1978 2.05
    endloop
  endfacet
  facet normal 0.411991 -0.574878 0.706951
    outer loop
      vertex 9.64887 -12.5746 2.65
      vertex 8.80579 -13.1788 2.65
      vertex 10.0141 -13.0507 2.05
    endloop
  endfacet
  facet normal 0.546772 0.448682 0.706912
    outer loop
      vertex 12.3678 10.8462 2.05
      vertex 11.9167 10.4506 2.65
      vertex 12.5746 9.64887 2.65
    endloop
  endfacet
  facet normal -0.48351 -0.516229 0.706913
    outer loop
      vertex -10.7773 -11.8379 2.48409
      vertex -10.8462 -12.3678 2.05
      vertex -10.4506 -11.9167 2.65
    endloop
  endfacet
  facet normal -0.483486 -0.516239 0.706921
    outer loop
      vertex -10.8462 -12.3678 2.05
      vertex -10.7773 -11.8379 2.48409
      vertex -11.0842 -12.1449 2.05
    endloop
  endfacet
  facet normal -0.0231288 -0.706927 0.706908
    outer loop
      vertex -1.03664 -15.8161 2.65
      vertex -1.07588 -16.4148 2.05
      vertex 0 -16.45 2.05
    endloop
  endfacet
  facet normal -0.661989 -0.249121 0.706902
    outer loop
      vertex -15.0088 -5.09482 2.65
      vertex -15.1978 -6.29514 2.05
      vertex -14.6435 -6.06553 2.65
    endloop
  endfacet
  facet normal 0.0231175 -0.706918 0.706918
    outer loop
      vertex 0 -15.85 2.65
      vertex 0 -16.45 2.05
      vertex 1.03664 -15.8161 2.65
    endloop
  endfacet
  facet normal -0.448682 -0.546772 0.706912
    outer loop
      vertex -10.4506 -11.9167 2.65
      vertex -10.8462 -12.3678 2.05
      vertex -9.64887 -12.5746 2.65
    endloop
  endfacet
  facet normal -0.33338 -0.623752 0.706959
    outer loop
      vertex -7.01027 -14.2154 2.65
      vertex -7.925 -13.7265 2.65
      vertex -7.27565 -14.7536 2.05
    endloop
  endfacet
  facet normal 0.516229 -0.48351 0.706913
    outer loop
      vertex 11.8379 -10.7773 2.48409
      vertex 12.3678 -10.8462 2.05
      vertex 11.9167 -10.4506 2.65
    endloop
  endfacet
  facet normal 0.516239 -0.483486 0.706921
    outer loop
      vertex 12.3678 -10.8462 2.05
      vertex 11.8379 -10.7773 2.48409
      vertex 12.1449 -11.0842 2.05
    endloop
  endfacet
  facet normal -0.48351 0.516229 0.706913
    outer loop
      vertex -10.8462 12.3678 2.05
      vertex -10.7773 11.8379 2.48409
      vertex -10.4506 11.9167 2.65
    endloop
  endfacet
  facet normal -0.483486 0.516239 0.706921
    outer loop
      vertex -10.7773 11.8379 2.48409
      vertex -10.8462 12.3678 2.05
      vertex -11.0842 12.1449 2.05
    endloop
  endfacet
  facet normal 0.448682 0.546772 0.706912
    outer loop
      vertex 10.8462 12.3678 2.05
      vertex 9.64887 12.5746 2.65
      vertex 10.4506 11.9167 2.65
    endloop
  endfacet
  facet normal 0.333452 0.623769 0.70691
    outer loop
      vertex 8.225 14.2461 2.05
      vertex 7.27565 14.7536 2.05
      vertex 7.925 13.7265 2.65
    endloop
  endfacet
  facet normal -0.574878 -0.411991 0.706951
    outer loop
      vertex -12.5746 -9.64887 2.65
      vertex -13.1788 -8.80579 2.65
      vertex -13.0507 -10.0141 2.05
    endloop
  endfacet
  facet normal -0.623769 -0.333452 0.70691
    outer loop
      vertex -13.7265 -7.925 2.65
      vertex -14.7536 -7.27565 2.05
      vertex -14.2461 -8.225 2.05
    endloop
  endfacet
  facet normal 0.333452 -0.623769 0.70691
    outer loop
      vertex 7.925 -13.7265 2.65
      vertex 7.27565 -14.7536 2.05
      vertex 8.225 -14.2461 2.05
    endloop
  endfacet
  facet normal 0.644279 -0.291877 0.706903
    outer loop
      vertex 15.1978 -6.29514 2.05
      vertex 14.6435 -6.06553 2.65
      vertex 14.7536 -7.27565 2.05
    endloop
  endfacet
  facet normal -0.249121 -0.661989 0.706902
    outer loop
      vertex -6.06553 -14.6435 2.65
      vertex -6.29514 -15.1978 2.05
      vertex -5.09482 -15.0088 2.65
    endloop
  endfacet
  facet normal -0.291913 0.6442 0.706961
    outer loop
      vertex -6.06553 14.6435 2.65
      vertex -7.27565 14.7536 2.05
      vertex -7.01027 14.2154 2.65
    endloop
  endfacet
  facet normal -0.623752 0.33338 0.706959
    outer loop
      vertex -13.7265 7.925 2.65
      vertex -14.7536 7.27565 2.05
      vertex -14.2154 7.01027 2.65
    endloop
  endfacet
  facet normal -0.0693503 -0.703868 0.706937
    outer loop
      vertex -2.06884 -15.7144 2.65
      vertex -2.14716 -16.3093 2.05
      vertex -1.03664 -15.8161 2.65
    endloop
  endfacet
  facet normal -0.483504 0.516296 0.706868
    outer loop
      vertex -10.4506 11.9167 2.65
      vertex -10.7773 11.8379 2.48409
      vertex -10.66 11.7206 2.65
    endloop
  endfacet
  facet normal -0.44869 0.54672 0.706947
    outer loop
      vertex -10.0141 13.0507 2.05
      vertex -10.8462 12.3678 2.05
      vertex -9.64887 12.5746 2.65
    endloop
  endfacet
  facet normal 0.600643 0.373476 0.706925
    outer loop
      vertex 13.6777 9.13913 2.05
      vertex 13.1788 8.80579 2.65
      vertex 14.2461 8.225 2.05
    endloop
  endfacet
  facet normal 0.160592 -0.688806 0.706935
    outer loop
      vertex 4.10228 -15.3099 2.65
      vertex 3.09218 -15.5454 2.65
      vertex 3.20924 -16.1339 2.05
    endloop
  endfacet
  facet normal 0.697812 0.11523 0.706951
    outer loop
      vertex 16.1339 3.20924 2.05
      vertex 15.781 2.25 2.55469
      vertex 16.2923 2.25 2.05
    endloop
  endfacet
  facet normal 0.697832 0.115214 0.706935
    outer loop
      vertex 15.5454 3.09218 2.65
      vertex 15.781 2.25 2.55469
      vertex 16.1339 3.20924 2.05
    endloop
  endfacet
  facet normal 0.698021 0.11529 0.706736
    outer loop
      vertex 15.781 2.25 2.55469
      vertex 15.5454 3.09218 2.65
      vertex 15.6845 2.25 2.65
    endloop
  endfacet
  facet normal 0.661989 0.249121 0.706902
    outer loop
      vertex 15.1978 6.29514 2.05
      vertex 14.6435 6.06553 2.65
      vertex 15.0088 5.09482 2.65
    endloop
  endfacet
  facet normal 0.600647 0.373499 0.70691
    outer loop
      vertex 14.2461 8.225 2.05
      vertex 13.1788 8.80579 2.65
      vertex 13.7265 7.925 2.65
    endloop
  endfacet
  facet normal 0.291877 -0.644279 0.706903
    outer loop
      vertex 7.27565 -14.7536 2.05
      vertex 6.06553 -14.6435 2.65
      vertex 6.29514 -15.1978 2.05
    endloop
  endfacet
  facet normal 0.623752 0.33338 0.706959
    outer loop
      vertex 14.7536 7.27565 2.05
      vertex 13.7265 7.925 2.65
      vertex 14.2154 7.01027 2.65
    endloop
  endfacet
  facet normal 0.676814 0.205322 0.706941
    outer loop
      vertex 15.577 5.28768 2.05
      vertex 15.0088 5.09482 2.65
      vertex 15.8895 4.25757 2.05
    endloop
  endfacet
  facet normal 0.676813 0.20532 0.706942
    outer loop
      vertex 15.8895 4.25757 2.05
      vertex 15.0088 5.09482 2.65
      vertex 15.3099 4.10228 2.65
    endloop
  endfacet
  facet normal -0.644279 -0.291877 0.706903
    outer loop
      vertex -14.6435 -6.06553 2.65
      vertex -15.1978 -6.29514 2.05
      vertex -14.7536 -7.27565 2.05
    endloop
  endfacet
  facet normal 0.411982 0.574915 0.706925
    outer loop
      vertex 9.13913 13.6777 2.05
      vertex 8.80579 13.1788 2.65
      vertex 10.0141 13.0507 2.05
    endloop
  endfacet
  facet normal 0.291913 0.6442 0.706961
    outer loop
      vertex 7.27565 14.7536 2.05
      vertex 6.06553 14.6435 2.65
      vertex 7.01027 14.2154 2.65
    endloop
  endfacet
  facet normal 0.373476 0.600643 0.706925
    outer loop
      vertex 9.13913 13.6777 2.05
      vertex 8.225 14.2461 2.05
      vertex 8.80579 13.1788 2.65
    endloop
  endfacet
  facet normal 0.373476 -0.600643 0.706925
    outer loop
      vertex 8.80579 -13.1788 2.65
      vertex 8.225 -14.2461 2.05
      vertex 9.13913 -13.6777 2.05
    endloop
  endfacet
  facet normal 0.160582 -0.6888 0.706942
    outer loop
      vertex 4.10228 -15.3099 2.65
      vertex 3.20924 -16.1339 2.05
      vertex 4.25757 -15.8895 2.05
    endloop
  endfacet
  facet normal 0.249148 0.661938 0.70694
    outer loop
      vertex 5.28768 15.577 2.05
      vertex 5.09482 15.0088 2.65
      vertex 6.29514 15.1978 2.05
    endloop
  endfacet
  facet normal 0.697812 -0.11523 0.706951
    outer loop
      vertex 16.2923 -2.25 2.05
      vertex 15.781 -2.25 2.55469
      vertex 16.1339 -3.20924 2.05
    endloop
  endfacet
  facet normal 0.546772 -0.448682 0.706912
    outer loop
      vertex 12.5746 -9.64887 2.65
      vertex 11.9167 -10.4506 2.65
      vertex 12.3678 -10.8462 2.05
    endloop
  endfacet
  facet normal 0.516296 -0.483504 0.706868
    outer loop
      vertex 11.9167 -10.4506 2.65
      vertex 11.7206 -10.66 2.65
      vertex 11.8379 -10.7773 2.48409
    endloop
  endfacet
  facet normal 0.205322 -0.676814 0.706941
    outer loop
      vertex 5.09482 -15.0088 2.65
      vertex 4.25757 -15.8895 2.05
      vertex 5.28768 -15.577 2.05
    endloop
  endfacet
  facet normal 0.0231175 0.706918 0.706918
    outer loop
      vertex 0 16.45 2.05
      vertex 0 15.85 2.65
      vertex 1.03664 15.8161 2.65
    endloop
  endfacet
  facet normal -0.0231175 0.706918 0.706918
    outer loop
      vertex 0 16.45 2.05
      vertex -1.03664 15.8161 2.65
      vertex 0 15.85 2.65
    endloop
  endfacet
  facet normal -0.33338 0.623752 0.706959
    outer loop
      vertex -7.27565 14.7536 2.05
      vertex -7.925 13.7265 2.65
      vertex -7.01027 14.2154 2.65
    endloop
  endfacet
  facet normal -0.600647 0.373499 0.70691
    outer loop
      vertex -13.1788 8.80579 2.65
      vertex -14.2461 8.225 2.05
      vertex -13.7265 7.925 2.65
    endloop
  endfacet
  facet normal -0.373499 0.600647 0.70691
    outer loop
      vertex -8.225 14.2461 2.05
      vertex -8.80579 13.1788 2.65
      vertex -7.925 13.7265 2.65
    endloop
  endfacet
  facet normal -0.373476 0.600643 0.706925
    outer loop
      vertex -8.225 14.2461 2.05
      vertex -9.13913 13.6777 2.05
      vertex -8.80579 13.1788 2.65
    endloop
  endfacet
  facet normal -0.661938 0.249148 0.70694
    outer loop
      vertex -15.1978 6.29514 2.05
      vertex -15.577 5.28768 2.05
      vertex -15.0088 5.09482 2.65
    endloop
  endfacet
  facet normal -0.574915 -0.411982 0.706925
    outer loop
      vertex -13.1788 -8.80579 2.65
      vertex -13.6777 -9.13913 2.05
      vertex -13.0507 -10.0141 2.05
    endloop
  endfacet
  facet normal -0.623752 -0.33338 0.706959
    outer loop
      vertex -14.2154 -7.01027 2.65
      vertex -14.7536 -7.27565 2.05
      vertex -13.7265 -7.925 2.65
    endloop
  endfacet
  facet normal 0.6888 -0.160582 0.706942
    outer loop
      vertex 16.1339 -3.20924 2.05
      vertex 15.3099 -4.10228 2.65
      vertex 15.8895 -4.25757 2.05
    endloop
  endfacet
  facet normal 0.600647 -0.373499 0.70691
    outer loop
      vertex 13.7265 -7.925 2.65
      vertex 13.1788 -8.80579 2.65
      vertex 14.2461 -8.225 2.05
    endloop
  endfacet
  facet normal 0.623752 -0.33338 0.706959
    outer loop
      vertex 14.2154 -7.01027 2.65
      vertex 13.7265 -7.925 2.65
      vertex 14.7536 -7.27565 2.05
    endloop
  endfacet
  facet normal -0.249148 0.661938 0.70694
    outer loop
      vertex -5.28768 15.577 2.05
      vertex -6.29514 15.1978 2.05
      vertex -5.09482 15.0088 2.65
    endloop
  endfacet
  facet normal 0.411982 -0.574915 0.706925
    outer loop
      vertex 10.0141 -13.0507 2.05
      vertex 8.80579 -13.1788 2.65
      vertex 9.13913 -13.6777 2.05
    endloop
  endfacet
  facet normal 0.574878 -0.411991 0.706951
    outer loop
      vertex 13.1788 -8.80579 2.65
      vertex 12.5746 -9.64887 2.65
      vertex 13.0507 -10.0141 2.05
    endloop
  endfacet
  facet normal 0.54672 -0.44869 0.706947
    outer loop
      vertex 12.5746 -9.64887 2.65
      vertex 12.3678 -10.8462 2.05
      vertex 13.0507 -10.0141 2.05
    endloop
  endfacet
  facet normal -0.115244 0.697825 0.706937
    outer loop
      vertex -2.14716 16.3093 2.05
      vertex -3.20924 16.1339 2.05
      vertex -2.06884 15.7144 2.65
    endloop
  endfacet
  facet normal -0.0693203 -0.7039 0.706908
    outer loop
      vertex -1.03664 -15.8161 2.65
      vertex -2.14716 -16.3093 2.05
      vertex -1.07588 -16.4148 2.05
    endloop
  endfacet
  facet normal -0.115243 0.697826 0.706935
    outer loop
      vertex -2.06884 15.7144 2.65
      vertex -3.20924 16.1339 2.05
      vertex -3.09218 15.5454 2.65
    endloop
  endfacet
  facet normal 0.516239 0.483486 0.706921
    outer loop
      vertex 11.8379 10.7773 2.48409
      vertex 12.3678 10.8462 2.05
      vertex 12.1449 11.0842 2.05
    endloop
  endfacet
  facet normal 0.516229 0.48351 0.706913
    outer loop
      vertex 12.3678 10.8462 2.05
      vertex 11.8379 10.7773 2.48409
      vertex 11.9167 10.4506 2.65
    endloop
  endfacet
  facet normal 0.249148 -0.661938 0.70694
    outer loop
      vertex 6.29514 -15.1978 2.05
      vertex 5.09482 -15.0088 2.65
      vertex 5.28768 -15.577 2.05
    endloop
  endfacet
  facet normal -0.676813 -0.20532 0.706942
    outer loop
      vertex -15.3099 -4.10228 2.65
      vertex -15.8895 -4.25757 2.05
      vertex -15.0088 -5.09482 2.65
    endloop
  endfacet
  facet normal 0.516296 0.483504 0.706868
    outer loop
      vertex 11.8379 10.7773 2.48409
      vertex 11.7206 10.66 2.65
      vertex 11.9167 10.4506 2.65
    endloop
  endfacet
  facet normal 0.411991 0.574878 0.706951
    outer loop
      vertex 10.0141 13.0507 2.05
      vertex 8.80579 13.1788 2.65
      vertex 9.64887 12.5746 2.65
    endloop
  endfacet
  facet normal 0.44869 0.54672 0.706947
    outer loop
      vertex 10.0141 13.0507 2.05
      vertex 9.64887 12.5746 2.65
      vertex 10.8462 12.3678 2.05
    endloop
  endfacet
  facet normal 0.115244 -0.697825 0.706937
    outer loop
      vertex 3.20924 -16.1339 2.05
      vertex 2.06884 -15.7144 2.65
      vertex 2.14716 -16.3093 2.05
    endloop
  endfacet
  facet normal 0.373499 -0.600647 0.70691
    outer loop
      vertex 8.80579 -13.1788 2.65
      vertex 7.925 -13.7265 2.65
      vertex 8.225 -14.2461 2.05
    endloop
  endfacet
  facet normal -0.600643 0.373476 0.706925
    outer loop
      vertex -13.6777 9.13913 2.05
      vertex -14.2461 8.225 2.05
      vertex -13.1788 8.80579 2.65
    endloop
  endfacet
  facet normal 0.160582 0.6888 0.706942
    outer loop
      vertex 4.25757 15.8895 2.05
      vertex 3.20924 16.1339 2.05
      vertex 4.10228 15.3099 2.65
    endloop
  endfacet
  facet normal 0.20532 0.676813 0.706942
    outer loop
      vertex 4.25757 15.8895 2.05
      vertex 4.10228 15.3099 2.65
      vertex 5.09482 15.0088 2.65
    endloop
  endfacet
  facet normal 0.115244 0.697825 0.706937
    outer loop
      vertex 2.14716 16.3093 2.05
      vertex 2.06884 15.7144 2.65
      vertex 3.20924 16.1339 2.05
    endloop
  endfacet
  facet normal 0.0693503 0.703868 0.706937
    outer loop
      vertex 2.14716 16.3093 2.05
      vertex 1.03664 15.8161 2.65
      vertex 2.06884 15.7144 2.65
    endloop
  endfacet
  facet normal 0.205322 0.676814 0.706941
    outer loop
      vertex 5.28768 15.577 2.05
      vertex 4.25757 15.8895 2.05
      vertex 5.09482 15.0088 2.65
    endloop
  endfacet
  facet normal -0.115243 -0.697826 0.706935
    outer loop
      vertex -3.09218 -15.5454 2.65
      vertex -3.20924 -16.1339 2.05
      vertex -2.06884 -15.7144 2.65
    endloop
  endfacet
  facet normal -0.115244 -0.697825 0.706937
    outer loop
      vertex -2.06884 -15.7144 2.65
      vertex -3.20924 -16.1339 2.05
      vertex -2.14716 -16.3093 2.05
    endloop
  endfacet
  facet normal 0.448682 -0.546772 0.706912
    outer loop
      vertex 10.4506 -11.9167 2.65
      vertex 9.64887 -12.5746 2.65
      vertex 10.8462 -12.3678 2.05
    endloop
  endfacet
  facet normal 0.644279 0.291877 0.706903
    outer loop
      vertex 14.7536 7.27565 2.05
      vertex 14.6435 6.06553 2.65
      vertex 15.1978 6.29514 2.05
    endloop
  endfacet
  facet normal -0.411982 -0.574915 0.706925
    outer loop
      vertex -8.80579 -13.1788 2.65
      vertex -10.0141 -13.0507 2.05
      vertex -9.13913 -13.6777 2.05
    endloop
  endfacet
  facet normal -0.249121 0.661989 0.706902
    outer loop
      vertex -5.09482 15.0088 2.65
      vertex -6.29514 15.1978 2.05
      vertex -6.06553 14.6435 2.65
    endloop
  endfacet
  facet normal -0.205322 0.676814 0.706941
    outer loop
      vertex -4.25757 15.8895 2.05
      vertex -5.28768 15.577 2.05
      vertex -5.09482 15.0088 2.65
    endloop
  endfacet
  facet normal 0.160592 0.688806 0.706935
    outer loop
      vertex 3.20924 16.1339 2.05
      vertex 3.09218 15.5454 2.65
      vertex 4.10228 15.3099 2.65
    endloop
  endfacet
  facet normal -0.373476 -0.600643 0.706925
    outer loop
      vertex -8.80579 -13.1788 2.65
      vertex -9.13913 -13.6777 2.05
      vertex -8.225 -14.2461 2.05
    endloop
  endfacet
  facet normal -0.516229 -0.48351 0.706913
    outer loop
      vertex -12.3678 -10.8462 2.05
      vertex -11.8379 -10.7773 2.48409
      vertex -11.9167 -10.4506 2.65
    endloop
  endfacet
  facet normal -0.516239 -0.483486 0.706921
    outer loop
      vertex -11.8379 -10.7773 2.48409
      vertex -12.3678 -10.8462 2.05
      vertex -12.1449 -11.0842 2.05
    endloop
  endfacet
  facet normal 0.44869 -0.54672 0.706947
    outer loop
      vertex 10.8462 -12.3678 2.05
      vertex 9.64887 -12.5746 2.65
      vertex 10.0141 -13.0507 2.05
    endloop
  endfacet
  facet normal -0.20532 -0.676813 0.706942
    outer loop
      vertex -4.10228 -15.3099 2.65
      vertex -5.09482 -15.0088 2.65
      vertex -4.25757 -15.8895 2.05
    endloop
  endfacet
  facet normal -0.160592 -0.688806 0.706935
    outer loop
      vertex -3.09218 -15.5454 2.65
      vertex -4.10228 -15.3099 2.65
      vertex -3.20924 -16.1339 2.05
    endloop
  endfacet
  facet normal -0.483504 -0.516296 0.706868
    outer loop
      vertex -10.66 -11.7206 2.65
      vertex -10.7773 -11.8379 2.48409
      vertex -10.4506 -11.9167 2.65
    endloop
  endfacet
  facet normal -0.697812 0.11523 0.706951
    outer loop
      vertex -16.1339 3.20924 2.05
      vertex -16.2923 2.25 2.05
      vertex -15.781 2.25 2.55469
    endloop
  endfacet
  facet normal 0.0693503 -0.703868 0.706937
    outer loop
      vertex 2.06884 -15.7144 2.65
      vertex 1.03664 -15.8161 2.65
      vertex 2.14716 -16.3093 2.05
    endloop
  endfacet
  facet normal -0.698021 0.11529 0.706736
    outer loop
      vertex -15.5454 3.09218 2.65
      vertex -15.781 2.25 2.55469
      vertex -15.6845 2.25 2.65
    endloop
  endfacet
  facet normal -0.697832 0.115214 0.706935
    outer loop
      vertex -15.781 2.25 2.55469
      vertex -15.5454 3.09218 2.65
      vertex -16.1339 3.20924 2.05
    endloop
  endfacet
  facet normal -0.600647 -0.373499 0.70691
    outer loop
      vertex -13.7265 -7.925 2.65
      vertex -14.2461 -8.225 2.05
      vertex -13.1788 -8.80579 2.65
    endloop
  endfacet
  facet normal -0.600643 -0.373476 0.706925
    outer loop
      vertex -13.1788 -8.80579 2.65
      vertex -14.2461 -8.225 2.05
      vertex -13.6777 -9.13913 2.05
    endloop
  endfacet
  facet normal -0.6442 -0.291913 0.706961
    outer loop
      vertex -14.6435 -6.06553 2.65
      vertex -14.7536 -7.27565 2.05
      vertex -14.2154 -7.01027 2.65
    endloop
  endfacet
  facet normal -0.661989 0.249121 0.706902
    outer loop
      vertex -14.6435 6.06553 2.65
      vertex -15.1978 6.29514 2.05
      vertex -15.0088 5.09482 2.65
    endloop
  endfacet
  facet normal -0.697812 -0.11523 0.706951
    outer loop
      vertex -15.781 -2.25 2.55469
      vertex -16.2923 -2.25 2.05
      vertex -16.1339 -3.20924 2.05
    endloop
  endfacet
  facet normal 0.6442 -0.291913 0.706961
    outer loop
      vertex 14.6435 -6.06553 2.65
      vertex 14.2154 -7.01027 2.65
      vertex 14.7536 -7.27565 2.05
    endloop
  endfacet
  facet normal 0.483504 -0.516296 0.706868
    outer loop
      vertex 10.66 -11.7206 2.65
      vertex 10.4506 -11.9167 2.65
      vertex 10.7773 -11.8379 2.48409
    endloop
  endfacet
  facet normal 0.483486 -0.516239 0.706921
    outer loop
      vertex 10.7773 -11.8379 2.48409
      vertex 10.8462 -12.3678 2.05
      vertex 11.0842 -12.1449 2.05
    endloop
  endfacet
  facet normal 0.48351 -0.516229 0.706913
    outer loop
      vertex 10.8462 -12.3678 2.05
      vertex 10.7773 -11.8379 2.48409
      vertex 10.4506 -11.9167 2.65
    endloop
  endfacet
  facet normal -0.411991 0.574878 0.706951
    outer loop
      vertex -8.80579 13.1788 2.65
      vertex -10.0141 13.0507 2.05
      vertex -9.64887 12.5746 2.65
    endloop
  endfacet
  facet normal 0.20532 -0.676813 0.706942
    outer loop
      vertex 5.09482 -15.0088 2.65
      vertex 4.10228 -15.3099 2.65
      vertex 4.25757 -15.8895 2.05
    endloop
  endfacet
  facet normal -0.546772 -0.448682 0.706912
    outer loop
      vertex -11.9167 -10.4506 2.65
      vertex -12.5746 -9.64887 2.65
      vertex -12.3678 -10.8462 2.05
    endloop
  endfacet
  facet normal -0.688806 0.160592 0.706935
    outer loop
      vertex -15.3099 4.10228 2.65
      vertex -16.1339 3.20924 2.05
      vertex -15.5454 3.09218 2.65
    endloop
  endfacet
  facet normal -0.20532 0.676813 0.706942
    outer loop
      vertex -4.25757 15.8895 2.05
      vertex -5.09482 15.0088 2.65
      vertex -4.10228 15.3099 2.65
    endloop
  endfacet
  facet normal -0.160582 0.6888 0.706942
    outer loop
      vertex -3.20924 16.1339 2.05
      vertex -4.25757 15.8895 2.05
      vertex -4.10228 15.3099 2.65
    endloop
  endfacet
  facet normal -0.516239 0.483486 0.706921
    outer loop
      vertex -12.3678 10.8462 2.05
      vertex -11.8379 10.7773 2.48409
      vertex -12.1449 11.0842 2.05
    endloop
  endfacet
  facet normal -0.516229 0.48351 0.706913
    outer loop
      vertex -11.8379 10.7773 2.48409
      vertex -12.3678 10.8462 2.05
      vertex -11.9167 10.4506 2.65
    endloop
  endfacet
  facet normal -0.546772 0.448682 0.706912
    outer loop
      vertex -12.3678 10.8462 2.05
      vertex -12.5746 9.64887 2.65
      vertex -11.9167 10.4506 2.65
    endloop
  endfacet
  facet normal -0.6888 -0.160582 0.706942
    outer loop
      vertex -15.3099 -4.10228 2.65
      vertex -16.1339 -3.20924 2.05
      vertex -15.8895 -4.25757 2.05
    endloop
  endfacet
  facet normal -0.688806 -0.160592 0.706935
    outer loop
      vertex -15.5454 -3.09218 2.65
      vertex -16.1339 -3.20924 2.05
      vertex -15.3099 -4.10228 2.65
    endloop
  endfacet
  facet normal -0.644279 0.291877 0.706903
    outer loop
      vertex -14.7536 7.27565 2.05
      vertex -15.1978 6.29514 2.05
      vertex -14.6435 6.06553 2.65
    endloop
  endfacet
  facet normal -0.6442 0.291913 0.706961
    outer loop
      vertex -14.2154 7.01027 2.65
      vertex -14.7536 7.27565 2.05
      vertex -14.6435 6.06553 2.65
    endloop
  endfacet
  facet normal -1 0 0
    outer loop
      vertex -13.95 -2.25 0
      vertex -13.95 2.25 4.11
      vertex -13.95 2.25 0
    endloop
  endfacet
  facet normal -1 -0 0
    outer loop
      vertex -13.95 2.25 4.11
      vertex -13.95 -2.25 0
      vertex -13.95 -2.25 4.11
    endloop
  endfacet
  facet normal 0 0 -1
    outer loop
      vertex -17.75 -2.25 4.11
      vertex -13.95 2.25 4.11
      vertex -13.95 -2.25 4.11
    endloop
  endfacet
  facet normal -0 0 -1
    outer loop
      vertex -13.95 2.25 4.11
      vertex -17.75 -2.25 4.11
      vertex -17.75 2.25 4.11
    endloop
  endfacet
  facet normal 1 -0 0
    outer loop
      vertex -17.75 -2.25 4.11
      vertex -17.75 2.25 4.1
      vertex -17.75 2.25 4.11
    endloop
  endfacet
  facet normal 1 0 0
    outer loop
      vertex -17.75 2.25 4.1
      vertex -17.75 -2.25 4.11
      vertex -17.75 -2.25 4.1
    endloop
  endfacet
  facet normal 0 -1 0
    outer loop
      vertex -15.6845 2.25 4.1
      vertex -17.75 2.25 4.11
      vertex -17.75 2.25 4.1
    endloop
  endfacet
  facet normal 0 -1 0
    outer loop
      vertex -17.75 2.25 4.11
      vertex -15.6845 2.25 4.1
      vertex -13.95 2.25 4.11
    endloop
  endfacet
  facet normal 0 -1 0
    outer loop
      vertex -15.6845 2.25 2.65
      vertex -13.95 2.25 4.11
      vertex -15.6845 2.25 4.1
    endloop
  endfacet
  facet normal 0 -1 0
    outer loop
      vertex -15.6845 2.25 1.45
      vertex -15.6845 2.25 2.65
      vertex -15.781 2.25 2.55469
    endloop
  endfacet
  facet normal 0 -1 0
    outer loop
      vertex -15.781 2.25 1.54531
      vertex -15.781 2.25 2.55469
      vertex -16.2923 2.25 2.05
    endloop
  endfacet
  facet normal 0 -1 0
    outer loop
      vertex -15.6845 2.25 1.45
      vertex -15.781 2.25 2.55469
      vertex -15.781 2.25 1.54531
    endloop
  endfacet
  facet normal 0 -1 0
    outer loop
      vertex -15.6845 2.25 2.65
      vertex -15.6845 2.25 1.45
      vertex -13.95 2.25 4.11
    endloop
  endfacet
  facet normal 0 -1 0
    outer loop
      vertex -13.95 2.25 0
      vertex -15.6845 2.25 1.45
      vertex -15.6845 2.25 0
    endloop
  endfacet
  facet normal 0 -1 0
    outer loop
      vertex -15.6845 2.25 1.45
      vertex -13.95 2.25 0
      vertex -13.95 2.25 4.11
    endloop
  endfacet
  facet normal 0 1 0
    outer loop
      vertex -13.95 -2.25 4.11
      vertex -15.6845 -2.25 4.1
      vertex -17.75 -2.25 4.11
    endloop
  endfacet
  facet normal 0 1 0
    outer loop
      vertex -13.95 -2.25 4.11
      vertex -15.6845 -2.25 2.65
      vertex -15.6845 -2.25 4.1
    endloop
  endfacet
  facet normal 0 1 0
    outer loop
      vertex -15.6845 -2.25 1.45
      vertex -15.6845 -2.25 2.65
      vertex -13.95 -2.25 4.11
    endloop
  endfacet
  facet normal 0 1 0
    outer loop
      vertex -15.6845 -2.25 2.65
      vertex -15.6845 -2.25 1.45
      vertex -15.781 -2.25 2.55469
    endloop
  endfacet
  facet normal 0 1 0
    outer loop
      vertex -15.781 -2.25 2.55469
      vertex -15.781 -2.25 1.54531
      vertex -16.2923 -2.25 2.05
    endloop
  endfacet
  facet normal 0 1 0
    outer loop
      vertex -15.781 -2.25 2.55469
      vertex -15.6845 -2.25 1.45
      vertex -15.781 -2.25 1.54531
    endloop
  endfacet
  facet normal 0 1 -0
    outer loop
      vertex -13.95 -2.25 0
      vertex -15.6845 -2.25 1.45
      vertex -13.95 -2.25 4.11
    endloop
  endfacet
  facet normal 0 1 0
    outer loop
      vertex -15.6845 -2.25 1.45
      vertex -13.95 -2.25 0
      vertex -15.6845 -2.25 0
    endloop
  endfacet
  facet normal 0 1 0
    outer loop
      vertex -17.75 -2.25 4.11
      vertex -15.6845 -2.25 4.1
      vertex -17.75 -2.25 4.1
    endloop
  endfacet
  facet normal -1 0 0
    outer loop
      vertex 17.75 -2.25 4.1
      vertex 17.75 2.25 4.11
      vertex 17.75 2.25 4.1
    endloop
  endfacet
  facet normal -1 -0 0
    outer loop
      vertex 17.75 2.25 4.11
      vertex 17.75 -2.25 4.1
      vertex 17.75 -2.25 4.11
    endloop
  endfacet
  facet normal 0 0 -1
    outer loop
      vertex 13.95 -2.25 4.11
      vertex 17.75 2.25 4.11
      vertex 17.75 -2.25 4.11
    endloop
  endfacet
  facet normal -0 0 -1
    outer loop
      vertex 17.75 2.25 4.11
      vertex 13.95 -2.25 4.11
      vertex 13.95 2.25 4.11
    endloop
  endfacet
  facet normal 1 -0 0
    outer loop
      vertex 13.95 -2.25 4.11
      vertex 13.95 2.25 0
      vertex 13.95 2.25 4.11
    endloop
  endfacet
  facet normal 1 0 0
    outer loop
      vertex 13.95 2.25 0
      vertex 13.95 -2.25 4.11
      vertex 13.95 -2.25 0
    endloop
  endfacet
  facet normal 0 -1 0
    outer loop
      vertex 13.95 2.25 4.11
      vertex 15.6845 2.25 4.1
      vertex 17.75 2.25 4.11
    endloop
  endfacet
  facet normal 0 -1 0
    outer loop
      vertex 13.95 2.25 4.11
      vertex 15.6845 2.25 2.65
      vertex 15.6845 2.25 4.1
    endloop
  endfacet
  facet normal 0 -1 0
    outer loop
      vertex 15.6845 2.25 1.45
      vertex 15.6845 2.25 2.65
      vertex 13.95 2.25 4.11
    endloop
  endfacet
  facet normal 0 -1 0
    outer loop
      vertex 15.6845 2.25 2.65
      vertex 15.6845 2.25 1.45
      vertex 15.781 2.25 2.55469
    endloop
  endfacet
  facet normal 0 -1 0
    outer loop
      vertex 15.781 2.25 2.55469
      vertex 15.781 2.25 1.54531
      vertex 16.2923 2.25 2.05
    endloop
  endfacet
  facet normal 0 -1 -0
    outer loop
      vertex 15.781 2.25 2.55469
      vertex 15.6845 2.25 1.45
      vertex 15.781 2.25 1.54531
    endloop
  endfacet
  facet normal 0 -1 0
    outer loop
      vertex 13.95 2.25 0
      vertex 15.6845 2.25 1.45
      vertex 13.95 2.25 4.11
    endloop
  endfacet
  facet normal 0 -1 -0
    outer loop
      vertex 15.6845 2.25 1.45
      vertex 13.95 2.25 0
      vertex 15.6845 2.25 0
    endloop
  endfacet
  facet normal 0 -1 -0
    outer loop
      vertex 17.75 2.25 4.11
      vertex 15.6845 2.25 4.1
      vertex 17.75 2.25 4.1
    endloop
  endfacet
  facet normal 0 1 0
    outer loop
      vertex 15.6845 -2.25 4.1
      vertex 17.75 -2.25 4.11
      vertex 17.75 -2.25 4.1
    endloop
  endfacet
  facet normal 0 1 0
    outer loop
      vertex 17.75 -2.25 4.11
      vertex 15.6845 -2.25 4.1
      vertex 13.95 -2.25 4.11
    endloop
  endfacet
  facet normal 0 1 -0
    outer loop
      vertex 15.6845 -2.25 2.65
      vertex 13.95 -2.25 4.11
      vertex 15.6845 -2.25 4.1
    endloop
  endfacet
  facet normal 0 1 0
    outer loop
      vertex 15.6845 -2.25 1.45
      vertex 15.6845 -2.25 2.65
      vertex 15.781 -2.25 2.55469
    endloop
  endfacet
  facet normal 0 1 0
    outer loop
      vertex 15.781 -2.25 1.54531
      vertex 15.781 -2.25 2.55469
      vertex 16.2923 -2.25 2.05
    endloop
  endfacet
  facet normal 0 1 0
    outer loop
      vertex 15.6845 -2.25 1.45
      vertex 15.781 -2.25 2.55469
      vertex 15.781 -2.25 1.54531
    endloop
  endfacet
  facet normal 0 1 0
    outer loop
      vertex 15.6845 -2.25 2.65
      vertex 15.6845 -2.25 1.45
      vertex 13.95 -2.25 4.11
    endloop
  endfacet
  facet normal 0 1 0
    outer loop
      vertex 13.95 -2.25 0
      vertex 15.6845 -2.25 1.45
      vertex 15.6845 -2.25 0
    endloop
  endfacet
  facet normal 0 1 0
    outer loop
      vertex 15.6845 -2.25 1.45
      vertex 13.95 -2.25 0
      vertex 13.95 -2.25 4.11
    endloop
  endfacet
  facet normal 0 0 -1
    outer loop
      vertex -10.66 -11.7206 2.89
      vertex -9.79343 -9.79343 2.89
      vertex -9.24574 -10.3064 2.89
    endloop
  endfacet
  facet normal 0 0 -1
    outer loop
      vertex -11.2076 -11.2076 2.89
      vertex -9.79343 -9.79343 2.89
      vertex -10.66 -11.7206 2.89
    endloop
  endfacet
  facet normal 0 0 -1
    outer loop
      vertex -11.7206 -10.66 2.89
      vertex -9.79343 -9.79343 2.89
      vertex -11.2076 -11.2076 2.89
    endloop
  endfacet
  facet normal -0 0 -1
    outer loop
      vertex -9.79343 -9.79343 2.89
      vertex -11.7206 -10.66 2.89
      vertex -10.3064 -9.24574 2.89
    endloop
  endfacet
  facet normal 0 0 -1
    outer loop
      vertex -9.79343 9.79343 2.89
      vertex -10.66 11.7206 2.89
      vertex -9.24574 10.3064 2.89
    endloop
  endfacet
  facet normal 0 0 -1
    outer loop
      vertex -11.7206 10.66 2.89
      vertex -9.79343 9.79343 2.89
      vertex -10.3064 9.24574 2.89
    endloop
  endfacet
  facet normal 0 0 -1
    outer loop
      vertex -9.79343 9.79343 2.89
      vertex -11.2076 11.2076 2.89
      vertex -10.66 11.7206 2.89
    endloop
  endfacet
  facet normal 0 0 -1
    outer loop
      vertex -9.79343 9.79343 2.89
      vertex -11.7206 10.66 2.89
      vertex -11.2076 11.2076 2.89
    endloop
  endfacet
  facet normal 0 0 -1
    outer loop
      vertex 9.79343 9.79343 2.89
      vertex 11.2076 11.2076 2.89
      vertex 11.7206 10.66 2.89
    endloop
  endfacet
  facet normal 0 0 -1
    outer loop
      vertex 9.79343 9.79343 2.89
      vertex 11.7206 10.66 2.89
      vertex 10.3064 9.24574 2.89
    endloop
  endfacet
  facet normal -0 0 -1
    outer loop
      vertex 11.2076 11.2076 2.89
      vertex 9.79343 9.79343 2.89
      vertex 10.66 11.7206 2.89
    endloop
  endfacet
  facet normal 0 0 -1
    outer loop
      vertex 10.66 11.7206 2.89
      vertex 9.79343 9.79343 2.89
      vertex 9.24574 10.3064 2.89
    endloop
  endfacet
  facet normal 0 0 -1
    outer loop
      vertex 9.79343 -9.79343 2.89
      vertex 11.2076 -11.2076 2.89
      vertex 10.66 -11.7206 2.89
    endloop
  endfacet
  facet normal 0 0 -1
    outer loop
      vertex 11.2076 -11.2076 2.89
      vertex 9.79343 -9.79343 2.89
      vertex 11.7206 -10.66 2.89
    endloop
  endfacet
  facet normal 0 0 -1
    outer loop
      vertex 11.7206 -10.66 2.89
      vertex 9.79343 -9.79343 2.89
      vertex 10.3064 -9.24574 2.89
    endloop
  endfacet
  facet normal 0 -0 -1
    outer loop
      vertex 9.79343 -9.79343 2.89
      vertex 10.66 -11.7206 2.89
      vertex 9.24574 -10.3064 2.89
    endloop
  endfacet
  facet normal -0.707092 -0.707122 0
    outer loop
      vertex -10.66 11.7206 2.65
      vertex -9.24574 10.3064 2.89
      vertex -10.66 11.7206 2.89
    endloop
  endfacet
  facet normal -0.707107 -0.707107 0
    outer loop
      vertex -10.66 11.7206 1.45
      vertex -10.66 11.7206 2.65
      vertex -10.7773 11.8379 2.48409
    endloop
  endfacet
  facet normal -0.707222 -0.706992 0
    outer loop
      vertex -10.7773 11.8379 1.6159
      vertex -10.7773 11.8379 2.48409
      vertex -11.0842 12.1449 2.05
    endloop
  endfacet
  facet normal -0.707107 -0.707107 0
    outer loop
      vertex -10.66 11.7206 1.45
      vertex -10.7773 11.8379 2.48409
      vertex -10.7773 11.8379 1.6159
    endloop
  endfacet
  facet normal -0.707092 -0.707122 -0
    outer loop
      vertex -10.66 11.7206 2.65
      vertex -10.66 11.7206 1.45
      vertex -9.24574 10.3064 2.89
    endloop
  endfacet
  facet normal -0.707092 -0.707122 0
    outer loop
      vertex -9.24574 10.3064 0
      vertex -10.66 11.7206 1.45
      vertex -10.66 11.7206 0
    endloop
  endfacet
  facet normal -0.707092 -0.707122 0
    outer loop
      vertex -10.66 11.7206 1.45
      vertex -9.24574 10.3064 0
      vertex -9.24574 10.3064 2.89
    endloop
  endfacet
  facet normal 0.707122 0.707092 0
    outer loop
      vertex -10.3064 9.24574 2.89
      vertex -11.7206 10.66 2.65
      vertex -11.7206 10.66 2.89
    endloop
  endfacet
  facet normal 0.707122 0.707092 0
    outer loop
      vertex -11.7206 10.66 2.65
      vertex -10.3064 9.24574 2.89
      vertex -11.7206 10.66 1.45
    endloop
  endfacet
  facet normal 0.707122 0.707092 -0
    outer loop
      vertex -10.3064 9.24574 0
      vertex -11.7206 10.66 1.45
      vertex -10.3064 9.24574 2.89
    endloop
  endfacet
  facet normal 0.707122 0.707092 0
    outer loop
      vertex -11.7206 10.66 1.45
      vertex -10.3064 9.24574 0
      vertex -11.7206 10.66 0
    endloop
  endfacet
  facet normal 0.706992 0.707222 0
    outer loop
      vertex -11.8379 10.7773 2.48409
      vertex -11.8379 10.7773 1.6159
      vertex -12.1449 11.0842 2.05
    endloop
  endfacet
  facet normal 0.707107 0.707107 0
    outer loop
      vertex -11.7206 10.66 2.65
      vertex -11.8379 10.7773 1.6159
      vertex -11.8379 10.7773 2.48409
    endloop
  endfacet
  facet normal 0.707107 0.707107 0
    outer loop
      vertex -11.8379 10.7773 1.6159
      vertex -11.7206 10.66 2.65
      vertex -11.7206 10.66 1.45
    endloop
  endfacet
  facet normal 0.707107 -0.707107 0
    outer loop
      vertex -11.8379 -10.7773 2.48409
      vertex -11.7206 -10.66 1.45
      vertex -11.7206 -10.66 2.65
    endloop
  endfacet
  facet normal 0.707107 -0.707107 0
    outer loop
      vertex -11.8379 -10.7773 2.48409
      vertex -11.8379 -10.7773 1.6159
      vertex -11.7206 -10.66 1.45
    endloop
  endfacet
  facet normal 0.706992 -0.707222 0
    outer loop
      vertex -11.8379 -10.7773 1.6159
      vertex -11.8379 -10.7773 2.48409
      vertex -12.1449 -11.0842 2.05
    endloop
  endfacet
  facet normal 0.707122 -0.707092 0
    outer loop
      vertex -11.7206 -10.66 2.65
      vertex -10.3064 -9.24574 2.89
      vertex -11.7206 -10.66 2.89
    endloop
  endfacet
  facet normal 0.707122 -0.707092 0
    outer loop
      vertex -11.7206 -10.66 1.45
      vertex -10.3064 -9.24574 2.89
      vertex -11.7206 -10.66 2.65
    endloop
  endfacet
  facet normal 0.707122 -0.707092 0
    outer loop
      vertex -10.3064 -9.24574 2.89
      vertex -11.7206 -10.66 1.45
      vertex -10.3064 -9.24574 0
    endloop
  endfacet
  facet normal 0.707122 -0.707092 0
    outer loop
      vertex -10.3064 -9.24574 0
      vertex -11.7206 -10.66 1.45
      vertex -11.7206 -10.66 0
    endloop
  endfacet
  facet normal -0.707092 0.707122 0
    outer loop
      vertex -9.24574 -10.3064 2.89
      vertex -10.66 -11.7206 2.65
      vertex -10.66 -11.7206 2.89
    endloop
  endfacet
  facet normal -0.707092 0.707122 0
    outer loop
      vertex -10.66 -11.7206 1.45
      vertex -10.66 -11.7206 2.65
      vertex -9.24574 -10.3064 2.89
    endloop
  endfacet
  facet normal -0.707107 0.707107 0
    outer loop
      vertex -10.66 -11.7206 2.65
      vertex -10.66 -11.7206 1.45
      vertex -10.7773 -11.8379 2.48409
    endloop
  endfacet
  facet normal -0.707222 0.706992 0
    outer loop
      vertex -10.7773 -11.8379 2.48409
      vertex -10.7773 -11.8379 1.6159
      vertex -11.0842 -12.1449 2.05
    endloop
  endfacet
  facet normal -0.707107 0.707107 0
    outer loop
      vertex -10.7773 -11.8379 2.48409
      vertex -10.66 -11.7206 1.45
      vertex -10.7773 -11.8379 1.6159
    endloop
  endfacet
  facet normal -0.707092 0.707122 0
    outer loop
      vertex -9.24574 -10.3064 0
      vertex -10.66 -11.7206 1.45
      vertex -9.24574 -10.3064 2.89
    endloop
  endfacet
  facet normal -0.707092 0.707122 0
    outer loop
      vertex -10.66 -11.7206 1.45
      vertex -9.24574 -10.3064 0
      vertex -10.66 -11.7206 0
    endloop
  endfacet
  facet normal 0.707092 0.707122 -0
    outer loop
      vertex 10.66 -11.7206 2.65
      vertex 9.24574 -10.3064 2.89
      vertex 10.66 -11.7206 2.89
    endloop
  endfacet
  facet normal 0.707107 0.707107 -0
    outer loop
      vertex 10.66 -11.7206 1.45
      vertex 10.66 -11.7206 2.65
      vertex 10.7773 -11.8379 2.48409
    endloop
  endfacet
  facet normal 0.707222 0.706992 -0
    outer loop
      vertex 10.7773 -11.8379 1.6159
      vertex 10.7773 -11.8379 2.48409
      vertex 11.0842 -12.1449 2.05
    endloop
  endfacet
  facet normal 0.707107 0.707107 0
    outer loop
      vertex 10.66 -11.7206 1.45
      vertex 10.7773 -11.8379 2.48409
      vertex 10.7773 -11.8379 1.6159
    endloop
  endfacet
  facet normal 0.707092 0.707122 0
    outer loop
      vertex 10.66 -11.7206 2.65
      vertex 10.66 -11.7206 1.45
      vertex 9.24574 -10.3064 2.89
    endloop
  endfacet
  facet normal 0.707092 0.707122 0
    outer loop
      vertex 9.24574 -10.3064 0
      vertex 10.66 -11.7206 1.45
      vertex 10.66 -11.7206 0
    endloop
  endfacet
  facet normal 0.707092 0.707122 0
    outer loop
      vertex 10.66 -11.7206 1.45
      vertex 9.24574 -10.3064 0
      vertex 9.24574 -10.3064 2.89
    endloop
  endfacet
  facet normal -0.707107 -0.707107 0
    outer loop
      vertex 11.8379 -10.7773 1.6159
      vertex 11.7206 -10.66 2.65
      vertex 11.7206 -10.66 1.45
    endloop
  endfacet
  facet normal -0.707107 -0.707107 0
    outer loop
      vertex 11.8379 -10.7773 1.6159
      vertex 11.8379 -10.7773 2.48409
      vertex 11.7206 -10.66 2.65
    endloop
  endfacet
  facet normal -0.706992 -0.707222 -0
    outer loop
      vertex 11.8379 -10.7773 2.48409
      vertex 11.8379 -10.7773 1.6159
      vertex 12.1449 -11.0842 2.05
    endloop
  endfacet
  facet normal -0.707122 -0.707092 -0
    outer loop
      vertex 11.7206 -10.66 1.45
      vertex 10.3064 -9.24574 0
      vertex 11.7206 -10.66 0
    endloop
  endfacet
  facet normal -0.707122 -0.707092 0
    outer loop
      vertex 10.3064 -9.24574 0
      vertex 11.7206 -10.66 1.45
      vertex 10.3064 -9.24574 2.89
    endloop
  endfacet
  facet normal -0.707122 -0.707092 -0
    outer loop
      vertex 11.7206 -10.66 2.65
      vertex 10.3064 -9.24574 2.89
      vertex 11.7206 -10.66 1.45
    endloop
  endfacet
  facet normal -0.707122 -0.707092 0
    outer loop
      vertex 10.3064 -9.24574 2.89
      vertex 11.7206 -10.66 2.65
      vertex 11.7206 -10.66 2.89
    endloop
  endfacet
  facet normal -0.707122 0.707092 0
    outer loop
      vertex 10.3064 9.24574 0
      vertex 11.7206 10.66 1.45
      vertex 11.7206 10.66 0
    endloop
  endfacet
  facet normal -0.707122 0.707092 0
    outer loop
      vertex 10.3064 9.24574 2.89
      vertex 11.7206 10.66 1.45
      vertex 10.3064 9.24574 0
    endloop
  endfacet
  facet normal -0.707122 0.707092 0
    outer loop
      vertex 11.7206 10.66 1.45
      vertex 10.3064 9.24574 2.89
      vertex 11.7206 10.66 2.65
    endloop
  endfacet
  facet normal -0.707122 0.707092 0
    outer loop
      vertex 11.7206 10.66 2.65
      vertex 10.3064 9.24574 2.89
      vertex 11.7206 10.66 2.89
    endloop
  endfacet
  facet normal -0.706992 0.707222 0
    outer loop
      vertex 11.8379 10.7773 1.6159
      vertex 11.8379 10.7773 2.48409
      vertex 12.1449 11.0842 2.05
    endloop
  endfacet
  facet normal -0.707107 0.707107 0
    outer loop
      vertex 11.7206 10.66 1.45
      vertex 11.8379 10.7773 2.48409
      vertex 11.8379 10.7773 1.6159
    endloop
  endfacet
  facet normal -0.707107 0.707107 0
    outer loop
      vertex 11.8379 10.7773 2.48409
      vertex 11.7206 10.66 1.45
      vertex 11.7206 10.66 2.65
    endloop
  endfacet
  facet normal 0.707092 -0.707122 0
    outer loop
      vertex 9.24574 10.3064 2.89
      vertex 10.66 11.7206 2.65
      vertex 10.66 11.7206 2.89
    endloop
  endfacet
  facet normal 0.707092 -0.707122 0
    outer loop
      vertex 10.66 11.7206 1.45
      vertex 10.66 11.7206 2.65
      vertex 9.24574 10.3064 2.89
    endloop
  endfacet
  facet normal 0.707107 -0.707107 0
    outer loop
      vertex 10.66 11.7206 2.65
      vertex 10.66 11.7206 1.45
      vertex 10.7773 11.8379 2.48409
    endloop
  endfacet
  facet normal 0.707222 -0.706992 0
    outer loop
      vertex 10.7773 11.8379 2.48409
      vertex 10.7773 11.8379 1.6159
      vertex 11.0842 12.1449 2.05
    endloop
  endfacet
  facet normal 0.707107 -0.707107 0
    outer loop
      vertex 10.7773 11.8379 2.48409
      vertex 10.66 11.7206 1.45
      vertex 10.7773 11.8379 1.6159
    endloop
  endfacet
  facet normal 0.707092 -0.707122 0
    outer loop
      vertex 9.24574 10.3064 0
      vertex 10.66 11.7206 1.45
      vertex 9.24574 10.3064 2.89
    endloop
  endfacet
  facet normal 0.707092 -0.707122 0
    outer loop
      vertex 10.66 11.7206 1.45
      vertex 9.24574 10.3064 0
      vertex 10.66 11.7206 0
    endloop
  endfacet
  facet normal -0.812797 -0.582547 0
    outer loop
      vertex 11.5159 7.69465 0
      vertex 10.9879 8.43134 4.11
      vertex 10.9879 8.43134 0
    endloop
  endfacet
  facet normal -0.812797 -0.582547 0
    outer loop
      vertex 10.9879 8.43134 4.11
      vertex 11.5159 7.69465 0
      vertex 11.5159 7.69465 4.11
    endloop
  endfacet
  facet normal 0.683594 -0.729863 0
    outer loop
      vertex -9.24574 10.3064 2.89
      vertex -9.79343 9.79343 4.11
      vertex -9.79343 9.79343 2.89
    endloop
  endfacet
  facet normal 0.683602 -0.729855 7.02526e-06
    outer loop
      vertex -9.79343 9.79343 4.11
      vertex -9.24574 10.3064 2.89
      vertex -9.13194 10.413 4.11
    endloop
  endfacet
  facet normal 0.683642 -0.729817 0
    outer loop
      vertex -9.13194 10.413 0
      vertex -9.24574 10.3064 2.89
      vertex -9.24574 10.3064 0
    endloop
  endfacet
  facet normal 0.683642 -0.729817 0
    outer loop
      vertex -9.24574 10.3064 2.89
      vertex -9.13194 10.413 0
      vertex -9.13194 10.413 4.11
    endloop
  endfacet
  facet normal -0.412668 0.910882 0
    outer loop
      vertex 6.1257 -12.4217 0
      vertex 5.30017 -12.7957 4.11
      vertex 6.1257 -12.4217 4.11
    endloop
  endfacet
  facet normal -0.412668 0.910882 0
    outer loop
      vertex 5.30017 -12.7957 4.11
      vertex 6.1257 -12.4217 0
      vertex 5.30017 -12.7957 0
    endloop
  endfacet
  facet normal -0.471367 -0.881937 0
    outer loop
      vertex 6.1257 12.4217 0
      vertex 6.925 11.9945 4.11
      vertex 6.1257 12.4217 4.11
    endloop
  endfacet
  facet normal -0.471367 -0.881937 -0
    outer loop
      vertex 6.925 11.9945 4.11
      vertex 6.1257 12.4217 0
      vertex 6.925 11.9945 0
    endloop
  endfacet
  facet normal -0.986649 0.162858 0
    outer loop
      vertex 13.5839 -2.702 0
      vertex 13.7315 -1.80779 4.11
      vertex 13.7315 -1.80779 0
    endloop
  endfacet
  facet normal -0.986649 0.162858 0
    outer loop
      vertex 13.7315 -1.80779 4.11
      vertex 13.5839 -2.702 0
      vertex 13.5839 -2.702 4.11
    endloop
  endfacet
  facet normal -0.412668 -0.910882 0
    outer loop
      vertex 5.30017 12.7957 0
      vertex 6.1257 12.4217 4.11
      vertex 5.30017 12.7957 4.11
    endloop
  endfacet
  facet normal -0.412668 -0.910882 -0
    outer loop
      vertex 6.1257 12.4217 4.11
      vertex 5.30017 12.7957 0
      vertex 6.1257 12.4217 0
    endloop
  endfacet
  facet normal 0.471367 -0.881937 0
    outer loop
      vertex -6.925 11.9945 0
      vertex -6.1257 12.4217 4.11
      vertex -6.925 11.9945 4.11
    endloop
  endfacet
  facet normal 0.471367 -0.881937 0
    outer loop
      vertex -6.1257 12.4217 4.11
      vertex -6.925 11.9945 0
      vertex -6.1257 12.4217 0
    endloop
  endfacet
  facet normal 0.528069 0.849202 -0
    outer loop
      vertex -6.925 -11.9945 0
      vertex -7.69465 -11.5159 4.11
      vertex -6.925 -11.9945 4.11
    endloop
  endfacet
  facet normal 0.528069 0.849202 0
    outer loop
      vertex -7.69465 -11.5159 4.11
      vertex -6.925 -11.9945 0
      vertex -7.69465 -11.5159 0
    endloop
  endfacet
  facet normal -0.471367 0.881937 0
    outer loop
      vertex 6.925 -11.9945 0
      vertex 6.1257 -12.4217 4.11
      vertex 6.925 -11.9945 4.11
    endloop
  endfacet
  facet normal -0.471367 0.881937 0
    outer loop
      vertex 6.1257 -12.4217 4.11
      vertex 6.925 -11.9945 0
      vertex 6.1257 -12.4217 0
    endloop
  endfacet
  facet normal -0.849202 -0.528069 0
    outer loop
      vertex 11.9945 6.925 0
      vertex 11.5159 7.69465 4.11
      vertex 11.5159 7.69465 0
    endloop
  endfacet
  facet normal -0.849202 -0.528069 0
    outer loop
      vertex 11.5159 7.69465 4.11
      vertex 11.9945 6.925 0
      vertex 11.9945 6.925 4.11
    endloop
  endfacet
  facet normal -0.973878 -0.227073 0
    outer loop
      vertex 13.5839 2.702 0
      vertex 13.3781 3.58464 4.11
      vertex 13.3781 3.58464 0
    endloop
  endfacet
  facet normal -0.973878 -0.227073 0
    outer loop
      vertex 13.3781 3.58464 4.11
      vertex 13.5839 2.702 0
      vertex 13.5839 2.702 4.11
    endloop
  endfacet
  facet normal -0.956938 -0.290292 0
    outer loop
      vertex 13.3781 3.58464 0
      vertex 13.115 4.45194 4.11
      vertex 13.115 4.45194 0
    endloop
  endfacet
  facet normal -0.956938 -0.290292 0
    outer loop
      vertex 13.115 4.45194 4.11
      vertex 13.3781 3.58464 0
      vertex 13.3781 3.58464 4.11
    endloop
  endfacet
  facet normal -0.999463 -0.0327699 0
    outer loop
      vertex 13.85 0 0
      vertex 13.8203 0.905833 4.11
      vertex 13.8203 0.905833 0
    endloop
  endfacet
  facet normal -0.999463 -0.0327699 0
    outer loop
      vertex 13.8203 0.905833 4.11
      vertex 13.85 0 0
      vertex 13.85 0 4.11
    endloop
  endfacet
  facet normal 0.0327699 0.999463 -0
    outer loop
      vertex 0 -13.85 0
      vertex -0.905833 -13.8203 4.11
      vertex 0 -13.85 4.11
    endloop
  endfacet
  facet normal 0.0327699 0.999463 0
    outer loop
      vertex -0.905833 -13.8203 4.11
      vertex 0 -13.85 0
      vertex -0.905833 -13.8203 0
    endloop
  endfacet
  facet normal -0.0979789 -0.995188 0
    outer loop
      vertex 0.905833 13.8203 0
      vertex 1.80779 13.7315 4.11
      vertex 0.905833 13.8203 4.11
    endloop
  endfacet
  facet normal -0.0979789 -0.995188 -0
    outer loop
      vertex 1.80779 13.7315 4.11
      vertex 0.905833 13.8203 0
      vertex 1.80779 13.7315 0
    endloop
  endfacet
  facet normal -0.528069 0.849202 0
    outer loop
      vertex 7.69465 -11.5159 0
      vertex 6.925 -11.9945 4.11
      vertex 7.69465 -11.5159 4.11
    endloop
  endfacet
  facet normal -0.528069 0.849202 0
    outer loop
      vertex 6.925 -11.9945 4.11
      vertex 7.69465 -11.5159 0
      vertex 6.925 -11.9945 0
    endloop
  endfacet
  facet normal 0.227073 0.973878 -0
    outer loop
      vertex -2.702 -13.5839 0
      vertex -3.58464 -13.3781 4.11
      vertex -2.702 -13.5839 4.11
    endloop
  endfacet
  facet normal 0.227073 0.973878 0
    outer loop
      vertex -3.58464 -13.3781 4.11
      vertex -2.702 -13.5839 0
      vertex -3.58464 -13.3781 0
    endloop
  endfacet
  facet normal -0.352297 -0.935888 0
    outer loop
      vertex 4.45194 13.115 0
      vertex 5.30017 12.7957 4.11
      vertex 4.45194 13.115 4.11
    endloop
  endfacet
  facet normal -0.352297 -0.935888 -0
    outer loop
      vertex 5.30017 12.7957 4.11
      vertex 4.45194 13.115 0
      vertex 5.30017 12.7957 0
    endloop
  endfacet
  facet normal -0.999463 0.0327699 0
    outer loop
      vertex 13.8203 -0.905833 0
      vertex 13.85 0 4.11
      vertex 13.85 0 0
    endloop
  endfacet
  facet normal -0.999463 0.0327699 0
    outer loop
      vertex 13.85 0 4.11
      vertex 13.8203 -0.905833 0
      vertex 13.8203 -0.905833 4.11
    endloop
  endfacet
  facet normal -0.995188 -0.0979789 0
    outer loop
      vertex 13.8203 0.905833 0
      vertex 13.7315 1.80779 4.11
      vertex 13.7315 1.80779 0
    endloop
  endfacet
  facet normal -0.995188 -0.0979789 0
    outer loop
      vertex 13.7315 1.80779 4.11
      vertex 13.8203 0.905833 0
      vertex 13.8203 0.905833 4.11
    endloop
  endfacet
  facet normal -0.0979789 0.995188 0
    outer loop
      vertex 1.80779 -13.7315 0
      vertex 0.905833 -13.8203 4.11
      vertex 1.80779 -13.7315 4.11
    endloop
  endfacet
  facet normal -0.0979789 0.995188 0
    outer loop
      vertex 0.905833 -13.8203 4.11
      vertex 1.80779 -13.7315 0
      vertex 0.905833 -13.8203 0
    endloop
  endfacet
  facet normal -0.683594 0.729863 0
    outer loop
      vertex 9.24574 -10.3064 2.89
      vertex 9.79343 -9.79343 4.11
      vertex 9.79343 -9.79343 2.89
    endloop
  endfacet
  facet normal -0.683602 0.729855 7.02526e-06
    outer loop
      vertex 9.79343 -9.79343 4.11
      vertex 9.24574 -10.3064 2.89
      vertex 9.13194 -10.413 4.11
    endloop
  endfacet
  facet normal -0.683642 0.729817 0
    outer loop
      vertex 9.13194 -10.413 0
      vertex 9.24574 -10.3064 2.89
      vertex 9.24574 -10.3064 0
    endloop
  endfacet
  facet normal -0.683642 0.729817 0
    outer loop
      vertex 9.24574 -10.3064 2.89
      vertex 9.13194 -10.413 0
      vertex 9.13194 -10.413 4.11
    endloop
  endfacet
  facet normal -0.986649 -0.162858 0
    outer loop
      vertex 13.7315 1.80779 0
      vertex 13.5839 2.702 4.11
      vertex 13.5839 2.702 0
    endloop
  endfacet
  facet normal -0.986649 -0.162858 0
    outer loop
      vertex 13.5839 2.702 4.11
      vertex 13.7315 1.80779 0
      vertex 13.7315 1.80779 4.11
    endloop
  endfacet
  facet normal -0.973878 0.227073 0
    outer loop
      vertex 13.3781 -3.58464 0
      vertex 13.5839 -2.702 4.11
      vertex 13.5839 -2.702 0
    endloop
  endfacet
  facet normal -0.973878 0.227073 0
    outer loop
      vertex 13.5839 -2.702 4.11
      vertex 13.3781 -3.58464 0
      vertex 13.3781 -3.58464 4.11
    endloop
  endfacet
  facet normal 0.412668 -0.910882 0
    outer loop
      vertex -6.1257 12.4217 0
      vertex -5.30017 12.7957 4.11
      vertex -6.1257 12.4217 4.11
    endloop
  endfacet
  facet normal 0.412668 -0.910882 0
    outer loop
      vertex -5.30017 12.7957 4.11
      vertex -6.1257 12.4217 0
      vertex -5.30017 12.7957 0
    endloop
  endfacet
  facet normal -0.634349 -0.773047 0
    outer loop
      vertex 8.43134 10.9879 0
      vertex 9.13194 10.413 4.11
      vertex 8.43134 10.9879 4.11
    endloop
  endfacet
  facet normal -0.634349 -0.773047 -0
    outer loop
      vertex 9.13194 10.413 4.11
      vertex 8.43134 10.9879 0
      vertex 9.13194 10.413 0
    endloop
  endfacet
  facet normal -0.352297 0.935888 0
    outer loop
      vertex 5.30017 -12.7957 0
      vertex 4.45194 -13.115 4.11
      vertex 5.30017 -12.7957 4.11
    endloop
  endfacet
  facet normal -0.352297 0.935888 0
    outer loop
      vertex 4.45194 -13.115 4.11
      vertex 5.30017 -12.7957 0
      vertex 4.45194 -13.115 0
    endloop
  endfacet
  facet normal -0.910882 -0.412668 0
    outer loop
      vertex 12.7957 5.30017 0
      vertex 12.4217 6.1257 4.11
      vertex 12.4217 6.1257 0
    endloop
  endfacet
  facet normal -0.910882 -0.412668 0
    outer loop
      vertex 12.4217 6.1257 4.11
      vertex 12.7957 5.30017 0
      vertex 12.7957 5.30017 4.11
    endloop
  endfacet
  facet normal 0.773047 0.634349 0
    outer loop
      vertex -10.413 -9.13194 4.11
      vertex -10.9879 -8.43134 0
      vertex -10.9879 -8.43134 4.11
    endloop
  endfacet
  facet normal 0.773047 0.634349 0
    outer loop
      vertex -10.9879 -8.43134 0
      vertex -10.413 -9.13194 4.11
      vertex -10.413 -9.13194 0
    endloop
  endfacet
  facet normal 0.910882 -0.412668 0
    outer loop
      vertex -12.7957 5.30017 4.11
      vertex -12.4217 6.1257 0
      vertex -12.4217 6.1257 4.11
    endloop
  endfacet
  facet normal 0.910882 -0.412668 0
    outer loop
      vertex -12.4217 6.1257 0
      vertex -12.7957 5.30017 4.11
      vertex -12.7957 5.30017 0
    endloop
  endfacet
  facet normal 0.162858 0.986649 -0
    outer loop
      vertex -1.80779 -13.7315 0
      vertex -2.702 -13.5839 4.11
      vertex -1.80779 -13.7315 4.11
    endloop
  endfacet
  facet normal 0.162858 0.986649 0
    outer loop
      vertex -2.702 -13.5839 4.11
      vertex -1.80779 -13.7315 0
      vertex -2.702 -13.5839 0
    endloop
  endfacet
  facet normal 0.227073 -0.973878 0
    outer loop
      vertex -3.58464 13.3781 0
      vertex -2.702 13.5839 4.11
      vertex -3.58464 13.3781 4.11
    endloop
  endfacet
  facet normal 0.227073 -0.973878 0
    outer loop
      vertex -2.702 13.5839 4.11
      vertex -3.58464 13.3781 0
      vertex -2.702 13.5839 0
    endloop
  endfacet
  facet normal 0.634349 0.773047 -0
    outer loop
      vertex -8.43134 -10.9879 0
      vertex -9.13194 -10.413 4.11
      vertex -8.43134 -10.9879 4.11
    endloop
  endfacet
  facet normal 0.634349 0.773047 0
    outer loop
      vertex -9.13194 -10.413 4.11
      vertex -8.43134 -10.9879 0
      vertex -9.13194 -10.413 0
    endloop
  endfacet
  facet normal 0.973878 0.227073 0
    outer loop
      vertex -13.3781 -3.58464 4.11
      vertex -13.5839 -2.702 0
      vertex -13.5839 -2.702 4.11
    endloop
  endfacet
  facet normal 0.973878 0.227073 0
    outer loop
      vertex -13.5839 -2.702 0
      vertex -13.3781 -3.58464 4.11
      vertex -13.3781 -3.58464 0
    endloop
  endfacet
  facet normal 0.290292 0.956938 -0
    outer loop
      vertex -3.58464 -13.3781 0
      vertex -4.45194 -13.115 4.11
      vertex -3.58464 -13.3781 4.11
    endloop
  endfacet
  facet normal 0.290292 0.956938 0
    outer loop
      vertex -4.45194 -13.115 4.11
      vertex -3.58464 -13.3781 0
      vertex -4.45194 -13.115 0
    endloop
  endfacet
  facet normal -0.162858 0.986649 0
    outer loop
      vertex 2.702 -13.5839 0
      vertex 1.80779 -13.7315 4.11
      vertex 2.702 -13.5839 4.11
    endloop
  endfacet
  facet normal -0.162858 0.986649 0
    outer loop
      vertex 1.80779 -13.7315 4.11
      vertex 2.702 -13.5839 0
      vertex 1.80779 -13.7315 0
    endloop
  endfacet
  facet normal -0.582547 -0.812797 0
    outer loop
      vertex 7.69465 11.5159 0
      vertex 8.43134 10.9879 4.11
      vertex 7.69465 11.5159 4.11
    endloop
  endfacet
  facet normal -0.582547 -0.812797 -0
    outer loop
      vertex 8.43134 10.9879 4.11
      vertex 7.69465 11.5159 0
      vertex 8.43134 10.9879 0
    endloop
  endfacet
  facet normal 0.773047 -0.634349 0
    outer loop
      vertex -10.9879 8.43134 4.11
      vertex -10.413 9.13194 0
      vertex -10.413 9.13194 4.11
    endloop
  endfacet
  facet normal 0.773047 -0.634349 0
    outer loop
      vertex -10.413 9.13194 0
      vertex -10.9879 8.43134 4.11
      vertex -10.9879 8.43134 0
    endloop
  endfacet
  facet normal 0.634349 -0.773047 0
    outer loop
      vertex -9.13194 10.413 0
      vertex -8.43134 10.9879 4.11
      vertex -9.13194 10.413 4.11
    endloop
  endfacet
  facet normal 0.634349 -0.773047 0
    outer loop
      vertex -8.43134 10.9879 4.11
      vertex -9.13194 10.413 0
      vertex -8.43134 10.9879 0
    endloop
  endfacet
  facet normal 0.0979789 0.995188 -0
    outer loop
      vertex -0.905833 -13.8203 0
      vertex -1.80779 -13.7315 4.11
      vertex -0.905833 -13.8203 4.11
    endloop
  endfacet
  facet normal 0.0979789 0.995188 0
    outer loop
      vertex -1.80779 -13.7315 4.11
      vertex -0.905833 -13.8203 0
      vertex -1.80779 -13.7315 0
    endloop
  endfacet
  facet normal -0.849202 0.528069 0
    outer loop
      vertex 11.5159 -7.69465 0
      vertex 11.9945 -6.925 4.11
      vertex 11.9945 -6.925 0
    endloop
  endfacet
  facet normal -0.849202 0.528069 0
    outer loop
      vertex 11.9945 -6.925 4.11
      vertex 11.5159 -7.69465 0
      vertex 11.5159 -7.69465 4.11
    endloop
  endfacet
  facet normal 0.956938 0.290292 0
    outer loop
      vertex -13.115 -4.45194 4.11
      vertex -13.3781 -3.58464 0
      vertex -13.3781 -3.58464 4.11
    endloop
  endfacet
  facet normal 0.956938 0.290292 0
    outer loop
      vertex -13.3781 -3.58464 0
      vertex -13.115 -4.45194 4.11
      vertex -13.115 -4.45194 0
    endloop
  endfacet
  facet normal 0.986649 -0.162858 0
    outer loop
      vertex -13.7315 1.80779 4.11
      vertex -13.5839 2.702 0
      vertex -13.5839 2.702 4.11
    endloop
  endfacet
  facet normal 0.986649 -0.162858 0
    outer loop
      vertex -13.5839 2.702 0
      vertex -13.7315 1.80779 4.11
      vertex -13.7315 1.80779 0
    endloop
  endfacet
  facet normal 0.290292 -0.956938 0
    outer loop
      vertex -4.45194 13.115 0
      vertex -3.58464 13.3781 4.11
      vertex -4.45194 13.115 4.11
    endloop
  endfacet
  facet normal 0.290292 -0.956938 0
    outer loop
      vertex -3.58464 13.3781 4.11
      vertex -4.45194 13.115 0
      vertex -3.58464 13.3781 0
    endloop
  endfacet
  facet normal -0.881937 0.471367 0
    outer loop
      vertex 11.9945 -6.925 0
      vertex 12.4217 -6.1257 4.11
      vertex 12.4217 -6.1257 0
    endloop
  endfacet
  facet normal -0.881937 0.471367 0
    outer loop
      vertex 12.4217 -6.1257 4.11
      vertex 11.9945 -6.925 0
      vertex 11.9945 -6.925 4.11
    endloop
  endfacet
  facet normal -0.995188 0.0979789 0
    outer loop
      vertex 13.7315 -1.80779 0
      vertex 13.8203 -0.905833 4.11
      vertex 13.8203 -0.905833 0
    endloop
  endfacet
  facet normal -0.995188 0.0979789 0
    outer loop
      vertex 13.8203 -0.905833 4.11
      vertex 13.7315 -1.80779 0
      vertex 13.7315 -1.80779 4.11
    endloop
  endfacet
  facet normal 0.582547 -0.812797 0
    outer loop
      vertex -8.43134 10.9879 0
      vertex -7.69465 11.5159 4.11
      vertex -8.43134 10.9879 4.11
    endloop
  endfacet
  facet normal 0.582547 -0.812797 0
    outer loop
      vertex -7.69465 11.5159 4.11
      vertex -8.43134 10.9879 0
      vertex -7.69465 11.5159 0
    endloop
  endfacet
  facet normal -0.582547 0.812797 0
    outer loop
      vertex 8.43134 -10.9879 0
      vertex 7.69465 -11.5159 4.11
      vertex 8.43134 -10.9879 4.11
    endloop
  endfacet
  facet normal -0.582547 0.812797 0
    outer loop
      vertex 7.69465 -11.5159 4.11
      vertex 8.43134 -10.9879 0
      vertex 7.69465 -11.5159 0
    endloop
  endfacet
  facet normal 0.683602 0.729855 7.02526e-06
    outer loop
      vertex -9.13194 -10.413 4.11
      vertex -9.24574 -10.3064 2.89
      vertex -9.79343 -9.79343 4.11
    endloop
  endfacet
  facet normal 0.683642 0.729817 -0
    outer loop
      vertex -9.13194 -10.413 0
      vertex -9.24574 -10.3064 2.89
      vertex -9.13194 -10.413 4.11
    endloop
  endfacet
  facet normal 0.683642 0.729817 0
    outer loop
      vertex -9.24574 -10.3064 2.89
      vertex -9.13194 -10.413 0
      vertex -9.24574 -10.3064 0
    endloop
  endfacet
  facet normal 0.683594 0.729863 0
    outer loop
      vertex -9.79343 -9.79343 4.11
      vertex -9.24574 -10.3064 2.89
      vertex -9.79343 -9.79343 2.89
    endloop
  endfacet
  facet normal -0.773047 -0.634349 0
    outer loop
      vertex 10.9879 8.43134 0
      vertex 10.413 9.13194 4.11
      vertex 10.413 9.13194 0
    endloop
  endfacet
  facet normal -0.773047 -0.634349 0
    outer loop
      vertex 10.413 9.13194 4.11
      vertex 10.9879 8.43134 0
      vertex 10.9879 8.43134 4.11
    endloop
  endfacet
  facet normal 0.935888 -0.352297 0
    outer loop
      vertex -13.115 4.45194 4.11
      vertex -12.7957 5.30017 0
      vertex -12.7957 5.30017 4.11
    endloop
  endfacet
  facet normal 0.935888 -0.352297 0
    outer loop
      vertex -12.7957 5.30017 0
      vertex -13.115 4.45194 4.11
      vertex -13.115 4.45194 0
    endloop
  endfacet
  facet normal -0.881937 -0.471367 0
    outer loop
      vertex 12.4217 6.1257 0
      vertex 11.9945 6.925 4.11
      vertex 11.9945 6.925 0
    endloop
  endfacet
  facet normal -0.881937 -0.471367 0
    outer loop
      vertex 11.9945 6.925 4.11
      vertex 12.4217 6.1257 0
      vertex 12.4217 6.1257 4.11
    endloop
  endfacet
  facet normal -0.0327699 -0.999463 0
    outer loop
      vertex 0 13.85 0
      vertex 0.905833 13.8203 4.11
      vertex 0 13.85 4.11
    endloop
  endfacet
  facet normal -0.0327699 -0.999463 -0
    outer loop
      vertex 0.905833 13.8203 4.11
      vertex 0 13.85 0
      vertex 0.905833 13.8203 0
    endloop
  endfacet
  facet normal -0.812797 0.582547 0
    outer loop
      vertex 10.9879 -8.43134 0
      vertex 11.5159 -7.69465 4.11
      vertex 11.5159 -7.69465 0
    endloop
  endfacet
  facet normal -0.812797 0.582547 0
    outer loop
      vertex 11.5159 -7.69465 4.11
      vertex 10.9879 -8.43134 0
      vertex 10.9879 -8.43134 4.11
    endloop
  endfacet
  facet normal -0.290292 0.956938 0
    outer loop
      vertex 4.45194 -13.115 0
      vertex 3.58464 -13.3781 4.11
      vertex 4.45194 -13.115 4.11
    endloop
  endfacet
  facet normal -0.290292 0.956938 0
    outer loop
      vertex 3.58464 -13.3781 4.11
      vertex 4.45194 -13.115 0
      vertex 3.58464 -13.3781 0
    endloop
  endfacet
  facet normal -0.528069 -0.849202 0
    outer loop
      vertex 6.925 11.9945 0
      vertex 7.69465 11.5159 4.11
      vertex 6.925 11.9945 4.11
    endloop
  endfacet
  facet normal -0.528069 -0.849202 -0
    outer loop
      vertex 7.69465 11.5159 4.11
      vertex 6.925 11.9945 0
      vertex 7.69465 11.5159 0
    endloop
  endfacet
  facet normal -0.956938 0.290292 0
    outer loop
      vertex 13.115 -4.45194 0
      vertex 13.3781 -3.58464 4.11
      vertex 13.3781 -3.58464 0
    endloop
  endfacet
  facet normal -0.956938 0.290292 0
    outer loop
      vertex 13.3781 -3.58464 4.11
      vertex 13.115 -4.45194 0
      vertex 13.115 -4.45194 4.11
    endloop
  endfacet
  facet normal -0.162858 -0.986649 0
    outer loop
      vertex 1.80779 13.7315 0
      vertex 2.702 13.5839 4.11
      vertex 1.80779 13.7315 4.11
    endloop
  endfacet
  facet normal -0.162858 -0.986649 -0
    outer loop
      vertex 2.702 13.5839 4.11
      vertex 1.80779 13.7315 0
      vertex 2.702 13.5839 0
    endloop
  endfacet
  facet normal 0.812797 0.582547 0
    outer loop
      vertex -10.9879 -8.43134 4.11
      vertex -11.5159 -7.69465 0
      vertex -11.5159 -7.69465 4.11
    endloop
  endfacet
  facet normal 0.812797 0.582547 0
    outer loop
      vertex -11.5159 -7.69465 0
      vertex -10.9879 -8.43134 4.11
      vertex -10.9879 -8.43134 0
    endloop
  endfacet
  facet normal -0.729817 0.683642 0
    outer loop
      vertex 10.3064 -9.24574 2.89
      vertex 10.413 -9.13194 0
      vertex 10.3064 -9.24574 0
    endloop
  endfacet
  facet normal -0.729817 0.683642 0
    outer loop
      vertex 10.413 -9.13194 0
      vertex 10.3064 -9.24574 2.89
      vertex 10.413 -9.13194 4.11
    endloop
  endfacet
  facet normal -0.729863 0.683594 0
    outer loop
      vertex 9.79343 -9.79343 4.11
      vertex 10.3064 -9.24574 2.89
      vertex 9.79343 -9.79343 2.89
    endloop
  endfacet
  facet normal -0.729855 0.683602 7.02526e-06
    outer loop
      vertex 10.3064 -9.24574 2.89
      vertex 9.79343 -9.79343 4.11
      vertex 10.413 -9.13194 4.11
    endloop
  endfacet
  facet normal -0.773047 0.634349 0
    outer loop
      vertex 10.413 -9.13194 0
      vertex 10.9879 -8.43134 4.11
      vertex 10.9879 -8.43134 0
    endloop
  endfacet
  facet normal -0.773047 0.634349 0
    outer loop
      vertex 10.9879 -8.43134 4.11
      vertex 10.413 -9.13194 0
      vertex 10.413 -9.13194 4.11
    endloop
  endfacet
  facet normal 0.352297 -0.935888 0
    outer loop
      vertex -5.30017 12.7957 0
      vertex -4.45194 13.115 4.11
      vertex -5.30017 12.7957 4.11
    endloop
  endfacet
  facet normal 0.352297 -0.935888 0
    outer loop
      vertex -4.45194 13.115 4.11
      vertex -5.30017 12.7957 0
      vertex -4.45194 13.115 0
    endloop
  endfacet
  facet normal 0.849202 -0.528069 0
    outer loop
      vertex -11.9945 6.925 4.11
      vertex -11.5159 7.69465 0
      vertex -11.5159 7.69465 4.11
    endloop
  endfacet
  facet normal 0.849202 -0.528069 0
    outer loop
      vertex -11.5159 7.69465 0
      vertex -11.9945 6.925 4.11
      vertex -11.9945 6.925 0
    endloop
  endfacet
  facet normal -0.634349 0.773047 0
    outer loop
      vertex 9.13194 -10.413 0
      vertex 8.43134 -10.9879 4.11
      vertex 9.13194 -10.413 4.11
    endloop
  endfacet
  facet normal -0.634349 0.773047 0
    outer loop
      vertex 8.43134 -10.9879 4.11
      vertex 9.13194 -10.413 0
      vertex 8.43134 -10.9879 0
    endloop
  endfacet
  facet normal 0.881937 -0.471367 0
    outer loop
      vertex -12.4217 6.1257 4.11
      vertex -11.9945 6.925 0
      vertex -11.9945 6.925 4.11
    endloop
  endfacet
  facet normal 0.881937 -0.471367 0
    outer loop
      vertex -11.9945 6.925 0
      vertex -12.4217 6.1257 4.11
      vertex -12.4217 6.1257 0
    endloop
  endfacet
  facet normal 0.352297 0.935888 -0
    outer loop
      vertex -4.45194 -13.115 0
      vertex -5.30017 -12.7957 4.11
      vertex -4.45194 -13.115 4.11
    endloop
  endfacet
  facet normal 0.352297 0.935888 0
    outer loop
      vertex -5.30017 -12.7957 4.11
      vertex -4.45194 -13.115 0
      vertex -5.30017 -12.7957 0
    endloop
  endfacet
  facet normal 0.0979789 -0.995188 0
    outer loop
      vertex -1.80779 13.7315 0
      vertex -0.905833 13.8203 4.11
      vertex -1.80779 13.7315 4.11
    endloop
  endfacet
  facet normal 0.0979789 -0.995188 0
    outer loop
      vertex -0.905833 13.8203 4.11
      vertex -1.80779 13.7315 0
      vertex -0.905833 13.8203 0
    endloop
  endfacet
  facet normal 0.729863 -0.683594 0
    outer loop
      vertex -9.79343 9.79343 4.11
      vertex -10.3064 9.24574 2.89
      vertex -9.79343 9.79343 2.89
    endloop
  endfacet
  facet normal 0.729855 -0.683602 7.02526e-06
    outer loop
      vertex -10.413 9.13194 4.11
      vertex -10.3064 9.24574 2.89
      vertex -9.79343 9.79343 4.11
    endloop
  endfacet
  facet normal 0.729817 -0.683642 0
    outer loop
      vertex -10.413 9.13194 0
      vertex -10.3064 9.24574 2.89
      vertex -10.413 9.13194 4.11
    endloop
  endfacet
  facet normal 0.729817 -0.683642 0
    outer loop
      vertex -10.3064 9.24574 2.89
      vertex -10.413 9.13194 0
      vertex -10.3064 9.24574 0
    endloop
  endfacet
  facet normal 0.999463 -0.0327699 0
    outer loop
      vertex -13.85 0 4.11
      vertex -13.8203 0.905833 0
      vertex -13.8203 0.905833 4.11
    endloop
  endfacet
  facet normal 0.999463 -0.0327699 0
    outer loop
      vertex -13.8203 0.905833 0
      vertex -13.85 0 4.11
      vertex -13.85 0 0
    endloop
  endfacet
  facet normal 0.995188 -0.0979789 0
    outer loop
      vertex -13.8203 0.905833 4.11
      vertex -13.7315 1.80779 0
      vertex -13.7315 1.80779 4.11
    endloop
  endfacet
  facet normal 0.995188 -0.0979789 0
    outer loop
      vertex -13.7315 1.80779 0
      vertex -13.8203 0.905833 4.11
      vertex -13.8203 0.905833 0
    endloop
  endfacet
  facet normal 0.986649 0.162858 0
    outer loop
      vertex -13.5839 -2.702 4.11
      vertex -13.7315 -1.80779 0
      vertex -13.7315 -1.80779 4.11
    endloop
  endfacet
  facet normal 0.986649 0.162858 0
    outer loop
      vertex -13.7315 -1.80779 0
      vertex -13.5839 -2.702 4.11
      vertex -13.5839 -2.702 0
    endloop
  endfacet
  facet normal -0.227073 0.973878 0
    outer loop
      vertex 3.58464 -13.3781 0
      vertex 2.702 -13.5839 4.11
      vertex 3.58464 -13.3781 4.11
    endloop
  endfacet
  facet normal -0.227073 0.973878 0
    outer loop
      vertex 2.702 -13.5839 4.11
      vertex 3.58464 -13.3781 0
      vertex 2.702 -13.5839 0
    endloop
  endfacet
  facet normal -0.683602 -0.729855 7.02526e-06
    outer loop
      vertex 9.13194 10.413 4.11
      vertex 9.24574 10.3064 2.89
      vertex 9.79343 9.79343 4.11
    endloop
  endfacet
  facet normal -0.683642 -0.729817 0
    outer loop
      vertex 9.13194 10.413 0
      vertex 9.24574 10.3064 2.89
      vertex 9.13194 10.413 4.11
    endloop
  endfacet
  facet normal -0.683642 -0.729817 -0
    outer loop
      vertex 9.24574 10.3064 2.89
      vertex 9.13194 10.413 0
      vertex 9.24574 10.3064 0
    endloop
  endfacet
  facet normal -0.683594 -0.729863 -0
    outer loop
      vertex 9.79343 9.79343 4.11
      vertex 9.24574 10.3064 2.89
      vertex 9.79343 9.79343 2.89
    endloop
  endfacet
  facet normal 0.582547 0.812797 -0
    outer loop
      vertex -7.69465 -11.5159 0
      vertex -8.43134 -10.9879 4.11
      vertex -7.69465 -11.5159 4.11
    endloop
  endfacet
  facet normal 0.582547 0.812797 0
    outer loop
      vertex -8.43134 -10.9879 4.11
      vertex -7.69465 -11.5159 0
      vertex -8.43134 -10.9879 0
    endloop
  endfacet
  facet normal 0.412668 0.910882 -0
    outer loop
      vertex -5.30017 -12.7957 0
      vertex -6.1257 -12.4217 4.11
      vertex -5.30017 -12.7957 4.11
    endloop
  endfacet
  facet normal 0.412668 0.910882 0
    outer loop
      vertex -6.1257 -12.4217 4.11
      vertex -5.30017 -12.7957 0
      vertex -6.1257 -12.4217 0
    endloop
  endfacet
  facet normal -0.935888 -0.352297 0
    outer loop
      vertex 13.115 4.45194 0
      vertex 12.7957 5.30017 4.11
      vertex 12.7957 5.30017 0
    endloop
  endfacet
  facet normal -0.935888 -0.352297 0
    outer loop
      vertex 12.7957 5.30017 4.11
      vertex 13.115 4.45194 0
      vertex 13.115 4.45194 4.11
    endloop
  endfacet
  facet normal 0.729817 0.683642 0
    outer loop
      vertex -10.413 -9.13194 4.11
      vertex -10.3064 -9.24574 2.89
      vertex -10.413 -9.13194 0
    endloop
  endfacet
  facet normal 0.729855 0.683602 7.02526e-06
    outer loop
      vertex -9.79343 -9.79343 4.11
      vertex -10.3064 -9.24574 2.89
      vertex -10.413 -9.13194 4.11
    endloop
  endfacet
  facet normal 0.729863 0.683594 0
    outer loop
      vertex -10.3064 -9.24574 2.89
      vertex -9.79343 -9.79343 4.11
      vertex -9.79343 -9.79343 2.89
    endloop
  endfacet
  facet normal 0.729817 0.683642 0
    outer loop
      vertex -10.413 -9.13194 0
      vertex -10.3064 -9.24574 2.89
      vertex -10.3064 -9.24574 0
    endloop
  endfacet
  facet normal 0.995188 0.0979789 0
    outer loop
      vertex -13.7315 -1.80779 4.11
      vertex -13.8203 -0.905833 0
      vertex -13.8203 -0.905833 4.11
    endloop
  endfacet
  facet normal 0.995188 0.0979789 0
    outer loop
      vertex -13.8203 -0.905833 0
      vertex -13.7315 -1.80779 4.11
      vertex -13.7315 -1.80779 0
    endloop
  endfacet
  facet normal -0.729863 -0.683594 0
    outer loop
      vertex 10.3064 9.24574 2.89
      vertex 9.79343 9.79343 4.11
      vertex 9.79343 9.79343 2.89
    endloop
  endfacet
  facet normal -0.729855 -0.683602 7.02526e-06
    outer loop
      vertex 10.3064 9.24574 2.89
      vertex 10.413 9.13194 4.11
      vertex 9.79343 9.79343 4.11
    endloop
  endfacet
  facet normal -0.729817 -0.683642 -0
    outer loop
      vertex 10.413 9.13194 4.11
      vertex 10.3064 9.24574 2.89
      vertex 10.413 9.13194 0
    endloop
  endfacet
  facet normal -0.729817 -0.683642 0
    outer loop
      vertex 10.3064 9.24574 0
      vertex 10.413 9.13194 0
      vertex 10.3064 9.24574 2.89
    endloop
  endfacet
  facet normal 0.881937 0.471367 0
    outer loop
      vertex -11.9945 -6.925 4.11
      vertex -12.4217 -6.1257 0
      vertex -12.4217 -6.1257 4.11
    endloop
  endfacet
  facet normal 0.881937 0.471367 0
    outer loop
      vertex -12.4217 -6.1257 0
      vertex -11.9945 -6.925 4.11
      vertex -11.9945 -6.925 0
    endloop
  endfacet
  facet normal 0.162858 -0.986649 0
    outer loop
      vertex -2.702 13.5839 0
      vertex -1.80779 13.7315 4.11
      vertex -2.702 13.5839 4.11
    endloop
  endfacet
  facet normal 0.162858 -0.986649 0
    outer loop
      vertex -1.80779 13.7315 4.11
      vertex -2.702 13.5839 0
      vertex -1.80779 13.7315 0
    endloop
  endfacet
  facet normal 0.528069 -0.849202 0
    outer loop
      vertex -7.69465 11.5159 0
      vertex -6.925 11.9945 4.11
      vertex -7.69465 11.5159 4.11
    endloop
  endfacet
  facet normal 0.528069 -0.849202 0
    outer loop
      vertex -6.925 11.9945 4.11
      vertex -7.69465 11.5159 0
      vertex -6.925 11.9945 0
    endloop
  endfacet
  facet normal 0.849202 0.528069 0
    outer loop
      vertex -11.5159 -7.69465 4.11
      vertex -11.9945 -6.925 0
      vertex -11.9945 -6.925 4.11
    endloop
  endfacet
  facet normal 0.849202 0.528069 0
    outer loop
      vertex -11.9945 -6.925 0
      vertex -11.5159 -7.69465 4.11
      vertex -11.5159 -7.69465 0
    endloop
  endfacet
  facet normal -0.290292 -0.956938 0
    outer loop
      vertex 3.58464 13.3781 0
      vertex 4.45194 13.115 4.11
      vertex 3.58464 13.3781 4.11
    endloop
  endfacet
  facet normal -0.290292 -0.956938 -0
    outer loop
      vertex 4.45194 13.115 4.11
      vertex 3.58464 13.3781 0
      vertex 4.45194 13.115 0
    endloop
  endfacet
  facet normal -0.0327699 0.999463 0
    outer loop
      vertex 0.905833 -13.8203 0
      vertex 0 -13.85 4.11
      vertex 0.905833 -13.8203 4.11
    endloop
  endfacet
  facet normal -0.0327699 0.999463 0
    outer loop
      vertex 0 -13.85 4.11
      vertex 0.905833 -13.8203 0
      vertex 0 -13.85 0
    endloop
  endfacet
  facet normal 0.935888 0.352297 0
    outer loop
      vertex -12.7957 -5.30017 4.11
      vertex -13.115 -4.45194 0
      vertex -13.115 -4.45194 4.11
    endloop
  endfacet
  facet normal 0.935888 0.352297 0
    outer loop
      vertex -13.115 -4.45194 0
      vertex -12.7957 -5.30017 4.11
      vertex -12.7957 -5.30017 0
    endloop
  endfacet
  facet normal 0.999463 0.0327699 0
    outer loop
      vertex -13.8203 -0.905833 4.11
      vertex -13.85 0 0
      vertex -13.85 0 4.11
    endloop
  endfacet
  facet normal 0.999463 0.0327699 0
    outer loop
      vertex -13.85 0 0
      vertex -13.8203 -0.905833 4.11
      vertex -13.8203 -0.905833 0
    endloop
  endfacet
  facet normal 0.973878 -0.227073 0
    outer loop
      vertex -13.5839 2.702 4.11
      vertex -13.3781 3.58464 0
      vertex -13.3781 3.58464 4.11
    endloop
  endfacet
  facet normal 0.973878 -0.227073 0
    outer loop
      vertex -13.3781 3.58464 0
      vertex -13.5839 2.702 4.11
      vertex -13.5839 2.702 0
    endloop
  endfacet
  facet normal -0.935888 0.352297 0
    outer loop
      vertex 12.7957 -5.30017 0
      vertex 13.115 -4.45194 4.11
      vertex 13.115 -4.45194 0
    endloop
  endfacet
  facet normal -0.935888 0.352297 0
    outer loop
      vertex 13.115 -4.45194 4.11
      vertex 12.7957 -5.30017 0
      vertex 12.7957 -5.30017 4.11
    endloop
  endfacet
  facet normal 0.0327699 -0.999463 0
    outer loop
      vertex -0.905833 13.8203 0
      vertex 0 13.85 4.11
      vertex -0.905833 13.8203 4.11
    endloop
  endfacet
  facet normal 0.0327699 -0.999463 0
    outer loop
      vertex 0 13.85 4.11
      vertex -0.905833 13.8203 0
      vertex 0 13.85 0
    endloop
  endfacet
  facet normal 0.956938 -0.290292 0
    outer loop
      vertex -13.3781 3.58464 4.11
      vertex -13.115 4.45194 0
      vertex -13.115 4.45194 4.11
    endloop
  endfacet
  facet normal 0.956938 -0.290292 0
    outer loop
      vertex -13.115 4.45194 0
      vertex -13.3781 3.58464 4.11
      vertex -13.3781 3.58464 0
    endloop
  endfacet
  facet normal -0.910882 0.412668 0
    outer loop
      vertex 12.4217 -6.1257 0
      vertex 12.7957 -5.30017 4.11
      vertex 12.7957 -5.30017 0
    endloop
  endfacet
  facet normal -0.910882 0.412668 0
    outer loop
      vertex 12.7957 -5.30017 4.11
      vertex 12.4217 -6.1257 0
      vertex 12.4217 -6.1257 4.11
    endloop
  endfacet
  facet normal 0.910882 0.412668 0
    outer loop
      vertex -12.4217 -6.1257 4.11
      vertex -12.7957 -5.30017 0
      vertex -12.7957 -5.30017 4.11
    endloop
  endfacet
  facet normal 0.910882 0.412668 0
    outer loop
      vertex -12.7957 -5.30017 0
      vertex -12.4217 -6.1257 4.11
      vertex -12.4217 -6.1257 0
    endloop
  endfacet
  facet normal -0.227073 -0.973878 0
    outer loop
      vertex 2.702 13.5839 0
      vertex 3.58464 13.3781 4.11
      vertex 2.702 13.5839 4.11
    endloop
  endfacet
  facet normal -0.227073 -0.973878 -0
    outer loop
      vertex 3.58464 13.3781 4.11
      vertex 2.702 13.5839 0
      vertex 3.58464 13.3781 0
    endloop
  endfacet
  facet normal 0.471367 0.881937 -0
    outer loop
      vertex -6.1257 -12.4217 0
      vertex -6.925 -11.9945 4.11
      vertex -6.1257 -12.4217 4.11
    endloop
  endfacet
  facet normal 0.471367 0.881937 0
    outer loop
      vertex -6.925 -11.9945 4.11
      vertex -6.1257 -12.4217 0
      vertex -6.925 -11.9945 0
    endloop
  endfacet
  facet normal 0.812797 -0.582547 0
    outer loop
      vertex -11.5159 7.69465 4.11
      vertex -10.9879 8.43134 0
      vertex -10.9879 8.43134 4.11
    endloop
  endfacet
  facet normal 0.812797 -0.582547 0
    outer loop
      vertex -10.9879 8.43134 0
      vertex -11.5159 7.69465 4.11
      vertex -11.5159 7.69465 0
    endloop
  endfacet
  facet normal 0 0 -1
    outer loop
      vertex 4 0 4.11
      vertex 13.85 0 4.11
      vertex 13.8203 -0.905833 4.11
    endloop
  endfacet
  facet normal 0 0 -1
    outer loop
      vertex 3.99144 -0.261612 4.11
      vertex 13.8203 -0.905833 4.11
      vertex 13.7315 -1.80779 4.11
    endloop
  endfacet
  facet normal 0 0 -1
    outer loop
      vertex 13.85 0 4.11
      vertex 4 0 4.11
      vertex 13.8203 0.905833 4.11
    endloop
  endfacet
  facet normal 0 0 -1
    outer loop
      vertex 3.96578 -0.522104 4.11
      vertex 13.7315 -1.80779 4.11
      vertex 13.5839 -2.702 4.11
    endloop
  endfacet
  facet normal 0 0 -1
    outer loop
      vertex 3.99144 0.261612 4.11
      vertex 13.8203 0.905833 4.11
      vertex 4 0 4.11
    endloop
  endfacet
  facet normal 0 0 -1
    outer loop
      vertex 3.92314 -0.780361 4.11
      vertex 13.5839 -2.702 4.11
      vertex 13.3781 -3.58464 4.11
    endloop
  endfacet
  facet normal -0 0 -1
    outer loop
      vertex 13.8203 0.905833 4.11
      vertex 3.99144 0.261612 4.11
      vertex 13.7315 1.80779 4.11
    endloop
  endfacet
  facet normal 0 0 -1
    outer loop
      vertex 3.8637 -1.03528 4.11
      vertex 13.3781 -3.58464 4.11
      vertex 13.115 -4.45194 4.11
    endloop
  endfacet
  facet normal 0 0 -1
    outer loop
      vertex 3.96578 0.522104 4.11
      vertex 13.7315 1.80779 4.11
      vertex 3.99144 0.261612 4.11
    endloop
  endfacet
  facet normal 0 0 -1
    outer loop
      vertex 3.78772 -1.28576 4.11
      vertex 13.115 -4.45194 4.11
      vertex 12.7957 -5.30017 4.11
    endloop
  endfacet
  facet normal -0 0 -1
    outer loop
      vertex 13.7315 1.80779 4.11
      vertex 3.96578 0.522104 4.11
      vertex 13.5839 2.702 4.11
    endloop
  endfacet
  facet normal 0 0 -1
    outer loop
      vertex 3.69552 -1.53073 4.11
      vertex 12.7957 -5.30017 4.11
      vertex 12.4217 -6.1257 4.11
    endloop
  endfacet
  facet normal 0 0 -1
    outer loop
      vertex 3.92314 0.780361 4.11
      vertex 13.5839 2.702 4.11
      vertex 3.96578 0.522104 4.11
    endloop
  endfacet
  facet normal 0 0 -1
    outer loop
      vertex 3.58749 -1.76915 4.11
      vertex 12.4217 -6.1257 4.11
      vertex 11.9945 -6.925 4.11
    endloop
  endfacet
  facet normal -0 0 -1
    outer loop
      vertex 13.5839 2.702 4.11
      vertex 3.92314 0.780361 4.11
      vertex 13.3781 3.58464 4.11
    endloop
  endfacet
  facet normal 0 0 -1
    outer loop
      vertex 3.4641 -2 4.11
      vertex 11.9945 -6.925 4.11
      vertex 11.5159 -7.69465 4.11
    endloop
  endfacet
  facet normal 0 0 -1
    outer loop
      vertex 3.8637 1.03528 4.11
      vertex 13.3781 3.58464 4.11
      vertex 3.92314 0.780361 4.11
    endloop
  endfacet
  facet normal 0 0 -1
    outer loop
      vertex 3.32588 -2.22228 4.11
      vertex 11.5159 -7.69465 4.11
      vertex 10.9879 -8.43134 4.11
    endloop
  endfacet
  facet normal -0 0 -1
    outer loop
      vertex 13.3781 3.58464 4.11
      vertex 3.8637 1.03528 4.11
      vertex 13.115 4.45194 4.11
    endloop
  endfacet
  facet normal 0 0 -1
    outer loop
      vertex 3.17341 -2.43505 4.11
      vertex 10.9879 -8.43134 4.11
      vertex 10.413 -9.13194 4.11
    endloop
  endfacet
  facet normal 0 0 -1
    outer loop
      vertex 3.78772 1.28576 4.11
      vertex 13.115 4.45194 4.11
      vertex 3.8637 1.03528 4.11
    endloop
  endfacet
  facet normal 0 0 -1
    outer loop
      vertex 3.00736 -2.63738 4.11
      vertex 10.413 -9.13194 4.11
      vertex 9.79343 -9.79343 4.11
    endloop
  endfacet
  facet normal -0 0 -1
    outer loop
      vertex 13.115 4.45194 4.11
      vertex 3.78772 1.28576 4.11
      vertex 12.7957 5.30017 4.11
    endloop
  endfacet
  facet normal 0 0 -1
    outer loop
      vertex 2.82843 -2.82843 4.11
      vertex 9.79343 -9.79343 4.11
      vertex 9.13194 -10.413 4.11
    endloop
  endfacet
  facet normal 0 0 -1
    outer loop
      vertex 3.69552 1.53073 4.11
      vertex 12.7957 5.30017 4.11
      vertex 3.78772 1.28576 4.11
    endloop
  endfacet
  facet normal 0 0 -1
    outer loop
      vertex 2.63738 -3.00736 4.11
      vertex 9.13194 -10.413 4.11
      vertex 8.43134 -10.9879 4.11
    endloop
  endfacet
  facet normal -0 0 -1
    outer loop
      vertex 12.7957 5.30017 4.11
      vertex 3.69552 1.53073 4.11
      vertex 12.4217 6.1257 4.11
    endloop
  endfacet
  facet normal 0 0 -1
    outer loop
      vertex 2.43505 -3.17341 4.11
      vertex 8.43134 -10.9879 4.11
      vertex 7.69465 -11.5159 4.11
    endloop
  endfacet
  facet normal 0 0 -1
    outer loop
      vertex 3.58749 1.76915 4.11
      vertex 12.4217 6.1257 4.11
      vertex 3.69552 1.53073 4.11
    endloop
  endfacet
  facet normal 0 0 -1
    outer loop
      vertex 2.22228 -3.32588 4.11
      vertex 7.69465 -11.5159 4.11
      vertex 6.925 -11.9945 4.11
    endloop
  endfacet
  facet normal -0 0 -1
    outer loop
      vertex 12.4217 6.1257 4.11
      vertex 3.58749 1.76915 4.11
      vertex 11.9945 6.925 4.11
    endloop
  endfacet
  facet normal 0 0 -1
    outer loop
      vertex 2 -3.4641 4.11
      vertex 6.925 -11.9945 4.11
      vertex 6.1257 -12.4217 4.11
    endloop
  endfacet
  facet normal 0 0 -1
    outer loop
      vertex 3.4641 2 4.11
      vertex 11.9945 6.925 4.11
      vertex 3.58749 1.76915 4.11
    endloop
  endfacet
  facet normal 0 0 -1
    outer loop
      vertex 1.76915 -3.58749 4.11
      vertex 6.1257 -12.4217 4.11
      vertex 5.30017 -12.7957 4.11
    endloop
  endfacet
  facet normal -0 0 -1
    outer loop
      vertex 11.9945 6.925 4.11
      vertex 3.4641 2 4.11
      vertex 11.5159 7.69465 4.11
    endloop
  endfacet
  facet normal 0 0 -1
    outer loop
      vertex 1.53073 -3.69552 4.11
      vertex 5.30017 -12.7957 4.11
      vertex 4.45194 -13.115 4.11
    endloop
  endfacet
  facet normal 0 0 -1
    outer loop
      vertex 3.32588 2.22228 4.11
      vertex 11.5159 7.69465 4.11
      vertex 3.4641 2 4.11
    endloop
  endfacet
  facet normal -0 0 -1
    outer loop
      vertex 11.5159 7.69465 4.11
      vertex 3.32588 2.22228 4.11
      vertex 10.9879 8.43134 4.11
    endloop
  endfacet
  facet normal 0 0 -1
    outer loop
      vertex 13.8203 -0.905833 4.11
      vertex 3.99144 -0.261612 4.11
      vertex 4 0 4.11
    endloop
  endfacet
  facet normal 0 0 -1
    outer loop
      vertex 13.7315 -1.80779 4.11
      vertex 3.96578 -0.522104 4.11
      vertex 3.99144 -0.261612 4.11
    endloop
  endfacet
  facet normal 0 0 -1
    outer loop
      vertex 13.5839 -2.702 4.11
      vertex 3.92314 -0.780361 4.11
      vertex 3.96578 -0.522104 4.11
    endloop
  endfacet
  facet normal 0 0 -1
    outer loop
      vertex 13.3781 -3.58464 4.11
      vertex 3.8637 -1.03528 4.11
      vertex 3.92314 -0.780361 4.11
    endloop
  endfacet
  facet normal 0 0 -1
    outer loop
      vertex 13.115 -4.45194 4.11
      vertex 3.78772 -1.28576 4.11
      vertex 3.8637 -1.03528 4.11
    endloop
  endfacet
  facet normal 0 0 -1
    outer loop
      vertex 12.7957 -5.30017 4.11
      vertex 3.69552 -1.53073 4.11
      vertex 3.78772 -1.28576 4.11
    endloop
  endfacet
  facet normal 0 0 -1
    outer loop
      vertex 12.4217 -6.1257 4.11
      vertex 3.58749 -1.76915 4.11
      vertex 3.69552 -1.53073 4.11
    endloop
  endfacet
  facet normal 0 0 -1
    outer loop
      vertex 1.28576 -3.78772 4.11
      vertex 4.45194 -13.115 4.11
      vertex 3.58464 -13.3781 4.11
    endloop
  endfacet
  facet normal 0 0 -1
    outer loop
      vertex 11.9945 -6.925 4.11
      vertex 3.4641 -2 4.11
      vertex 3.58749 -1.76915 4.11
    endloop
  endfacet
  facet normal 0 0 -1
    outer loop
      vertex 11.5159 -7.69465 4.11
      vertex 3.32588 -2.22228 4.11
      vertex 3.4641 -2 4.11
    endloop
  endfacet
  facet normal 0 0 -1
    outer loop
      vertex 10.9879 -8.43134 4.11
      vertex 3.17341 -2.43505 4.11
      vertex 3.32588 -2.22228 4.11
    endloop
  endfacet
  facet normal 0 0 -1
    outer loop
      vertex 10.413 -9.13194 4.11
      vertex 3.00736 -2.63738 4.11
      vertex 3.17341 -2.43505 4.11
    endloop
  endfacet
  facet normal 0 0 -1
    outer loop
      vertex 9.79343 -9.79343 4.11
      vertex 2.82843 -2.82843 4.11
      vertex 3.00736 -2.63738 4.11
    endloop
  endfacet
  facet normal 0 0 -1
    outer loop
      vertex 1.03528 -3.8637 4.11
      vertex 3.58464 -13.3781 4.11
      vertex 2.702 -13.5839 4.11
    endloop
  endfacet
  facet normal 0 0 -1
    outer loop
      vertex 9.13194 -10.413 4.11
      vertex 2.63738 -3.00736 4.11
      vertex 2.82843 -2.82843 4.11
    endloop
  endfacet
  facet normal 0 0 -1
    outer loop
      vertex 8.43134 -10.9879 4.11
      vertex 2.43505 -3.17341 4.11
      vertex 2.63738 -3.00736 4.11
    endloop
  endfacet
  facet normal 0 0 -1
    outer loop
      vertex 7.69465 -11.5159 4.11
      vertex 2.22228 -3.32588 4.11
      vertex 2.43505 -3.17341 4.11
    endloop
  endfacet
  facet normal 0 0 -1
    outer loop
      vertex 6.925 -11.9945 4.11
      vertex 2 -3.4641 4.11
      vertex 2.22228 -3.32588 4.11
    endloop
  endfacet
  facet normal 0 0 -1
    outer loop
      vertex 0.780361 -3.92314 4.11
      vertex 2.702 -13.5839 4.11
      vertex 1.80779 -13.7315 4.11
    endloop
  endfacet
  facet normal 0 0 -1
    outer loop
      vertex 6.1257 -12.4217 4.11
      vertex 1.76915 -3.58749 4.11
      vertex 2 -3.4641 4.11
    endloop
  endfacet
  facet normal 0 0 -1
    outer loop
      vertex 5.30017 -12.7957 4.11
      vertex 1.53073 -3.69552 4.11
      vertex 1.76915 -3.58749 4.11
    endloop
  endfacet
  facet normal 0 0 -1
    outer loop
      vertex 4.45194 -13.115 4.11
      vertex 1.28576 -3.78772 4.11
      vertex 1.53073 -3.69552 4.11
    endloop
  endfacet
  facet normal 0 0 -1
    outer loop
      vertex 3.58464 -13.3781 4.11
      vertex 1.03528 -3.8637 4.11
      vertex 1.28576 -3.78772 4.11
    endloop
  endfacet
  facet normal 0 0 -1
    outer loop
      vertex 0.522104 -3.96578 4.11
      vertex 1.80779 -13.7315 4.11
      vertex 0.905833 -13.8203 4.11
    endloop
  endfacet
  facet normal 0 0 -1
    outer loop
      vertex 2.702 -13.5839 4.11
      vertex 0.780361 -3.92314 4.11
      vertex 1.03528 -3.8637 4.11
    endloop
  endfacet
  facet normal 0 0 -1
    outer loop
      vertex 1.80779 -13.7315 4.11
      vertex 0.522104 -3.96578 4.11
      vertex 0.780361 -3.92314 4.11
    endloop
  endfacet
  facet normal 0 0 -1
    outer loop
      vertex 0.905833 -13.8203 4.11
      vertex 0.261612 -3.99144 4.11
      vertex 0.522104 -3.96578 4.11
    endloop
  endfacet
  facet normal 0 0 -1
    outer loop
      vertex 0 -13.85 4.11
      vertex 0.261612 -3.99144 4.11
      vertex 0.905833 -13.8203 4.11
    endloop
  endfacet
  facet normal 0 0 -1
    outer loop
      vertex 0 -13.85 4.11
      vertex 0 -4 4.11
      vertex 0.261612 -3.99144 4.11
    endloop
  endfacet
  facet normal 0 0 -1
    outer loop
      vertex 0 -13.85 4.11
      vertex -0.261612 -3.99144 4.11
      vertex 0 -4 4.11
    endloop
  endfacet
  facet normal 0 0 -1
    outer loop
      vertex -0.905833 -13.8203 4.11
      vertex -0.261612 -3.99144 4.11
      vertex 0 -13.85 4.11
    endloop
  endfacet
  facet normal -0 0 -1
    outer loop
      vertex -0.261612 -3.99144 4.11
      vertex -0.905833 -13.8203 4.11
      vertex -0.522104 -3.96578 4.11
    endloop
  endfacet
  facet normal 0 0 -1
    outer loop
      vertex -1.80779 -13.7315 4.11
      vertex -0.522104 -3.96578 4.11
      vertex -0.905833 -13.8203 4.11
    endloop
  endfacet
  facet normal -0 0 -1
    outer loop
      vertex -0.522104 -3.96578 4.11
      vertex -1.80779 -13.7315 4.11
      vertex -0.780361 -3.92314 4.11
    endloop
  endfacet
  facet normal 0 0 -1
    outer loop
      vertex -2.702 -13.5839 4.11
      vertex -0.780361 -3.92314 4.11
      vertex -1.80779 -13.7315 4.11
    endloop
  endfacet
  facet normal -0 0 -1
    outer loop
      vertex -0.780361 -3.92314 4.11
      vertex -2.702 -13.5839 4.11
      vertex -1.03528 -3.8637 4.11
    endloop
  endfacet
  facet normal 0 0 -1
    outer loop
      vertex -3.58464 -13.3781 4.11
      vertex -1.03528 -3.8637 4.11
      vertex -2.702 -13.5839 4.11
    endloop
  endfacet
  facet normal -0 0 -1
    outer loop
      vertex -1.03528 -3.8637 4.11
      vertex -3.58464 -13.3781 4.11
      vertex -1.28576 -3.78772 4.11
    endloop
  endfacet
  facet normal 0 0 -1
    outer loop
      vertex -4.45194 -13.115 4.11
      vertex -1.28576 -3.78772 4.11
      vertex -3.58464 -13.3781 4.11
    endloop
  endfacet
  facet normal -0 0 -1
    outer loop
      vertex -1.28576 -3.78772 4.11
      vertex -4.45194 -13.115 4.11
      vertex -1.53073 -3.69552 4.11
    endloop
  endfacet
  facet normal 0 0 -1
    outer loop
      vertex -5.30017 -12.7957 4.11
      vertex -1.53073 -3.69552 4.11
      vertex -4.45194 -13.115 4.11
    endloop
  endfacet
  facet normal -0 0 -1
    outer loop
      vertex -1.53073 -3.69552 4.11
      vertex -5.30017 -12.7957 4.11
      vertex -1.76915 -3.58749 4.11
    endloop
  endfacet
  facet normal 0 0 -1
    outer loop
      vertex -6.1257 -12.4217 4.11
      vertex -1.76915 -3.58749 4.11
      vertex -5.30017 -12.7957 4.11
    endloop
  endfacet
  facet normal -0 0 -1
    outer loop
      vertex -1.76915 -3.58749 4.11
      vertex -6.1257 -12.4217 4.11
      vertex -2 -3.4641 4.11
    endloop
  endfacet
  facet normal 0 0 -1
    outer loop
      vertex -6.925 -11.9945 4.11
      vertex -2 -3.4641 4.11
      vertex -6.1257 -12.4217 4.11
    endloop
  endfacet
  facet normal -0 0 -1
    outer loop
      vertex -2 -3.4641 4.11
      vertex -6.925 -11.9945 4.11
      vertex -2.22228 -3.32588 4.11
    endloop
  endfacet
  facet normal 0 0 -1
    outer loop
      vertex -7.69465 -11.5159 4.11
      vertex -2.22228 -3.32588 4.11
      vertex -6.925 -11.9945 4.11
    endloop
  endfacet
  facet normal -0 0 -1
    outer loop
      vertex -2.22228 -3.32588 4.11
      vertex -7.69465 -11.5159 4.11
      vertex -2.43505 -3.17341 4.11
    endloop
  endfacet
  facet normal 0 0 -1
    outer loop
      vertex -8.43134 -10.9879 4.11
      vertex -2.43505 -3.17341 4.11
      vertex -7.69465 -11.5159 4.11
    endloop
  endfacet
  facet normal -0 0 -1
    outer loop
      vertex -2.43505 -3.17341 4.11
      vertex -8.43134 -10.9879 4.11
      vertex -2.63738 -3.00736 4.11
    endloop
  endfacet
  facet normal 0 0 -1
    outer loop
      vertex -9.13194 -10.413 4.11
      vertex -2.63738 -3.00736 4.11
      vertex -8.43134 -10.9879 4.11
    endloop
  endfacet
  facet normal -0 0 -1
    outer loop
      vertex -2.63738 -3.00736 4.11
      vertex -9.13194 -10.413 4.11
      vertex -2.82843 -2.82843 4.11
    endloop
  endfacet
  facet normal 0 0 -1
    outer loop
      vertex -9.79343 -9.79343 4.11
      vertex -2.82843 -2.82843 4.11
      vertex -9.13194 -10.413 4.11
    endloop
  endfacet
  facet normal -0 0 -1
    outer loop
      vertex -2.82843 -2.82843 4.11
      vertex -9.79343 -9.79343 4.11
      vertex -3.00736 -2.63738 4.11
    endloop
  endfacet
  facet normal 0 0 -1
    outer loop
      vertex -10.413 -9.13194 4.11
      vertex -3.00736 -2.63738 4.11
      vertex -9.79343 -9.79343 4.11
    endloop
  endfacet
  facet normal -0 0 -1
    outer loop
      vertex -3.00736 -2.63738 4.11
      vertex -10.413 -9.13194 4.11
      vertex -3.17341 -2.43505 4.11
    endloop
  endfacet
  facet normal 0 0 -1
    outer loop
      vertex -10.9879 -8.43134 4.11
      vertex -3.17341 -2.43505 4.11
      vertex -10.413 -9.13194 4.11
    endloop
  endfacet
  facet normal -0 0 -1
    outer loop
      vertex -3.17341 -2.43505 4.11
      vertex -10.9879 -8.43134 4.11
      vertex -3.32588 -2.22228 4.11
    endloop
  endfacet
  facet normal 0 0 -1
    outer loop
      vertex 3.17341 2.43505 4.11
      vertex 10.9879 8.43134 4.11
      vertex 3.32588 2.22228 4.11
    endloop
  endfacet
  facet normal -0 0 -1
    outer loop
      vertex 10.9879 8.43134 4.11
      vertex 3.17341 2.43505 4.11
      vertex 10.413 9.13194 4.11
    endloop
  endfacet
  facet normal 0 0 -1
    outer loop
      vertex 3.00736 2.63738 4.11
      vertex 10.413 9.13194 4.11
      vertex 3.17341 2.43505 4.11
    endloop
  endfacet
  facet normal -0 0 -1
    outer loop
      vertex 10.413 9.13194 4.11
      vertex 3.00736 2.63738 4.11
      vertex 9.79343 9.79343 4.11
    endloop
  endfacet
  facet normal 0 0 -1
    outer loop
      vertex 2.82843 2.82843 4.11
      vertex 9.79343 9.79343 4.11
      vertex 3.00736 2.63738 4.11
    endloop
  endfacet
  facet normal -0 0 -1
    outer loop
      vertex 9.79343 9.79343 4.11
      vertex 2.82843 2.82843 4.11
      vertex 9.13194 10.413 4.11
    endloop
  endfacet
  facet normal 0 0 -1
    outer loop
      vertex 2.63738 3.00736 4.11
      vertex 9.13194 10.413 4.11
      vertex 2.82843 2.82843 4.11
    endloop
  endfacet
  facet normal -0 0 -1
    outer loop
      vertex 9.13194 10.413 4.11
      vertex 2.63738 3.00736 4.11
      vertex 8.43134 10.9879 4.11
    endloop
  endfacet
  facet normal 0 0 -1
    outer loop
      vertex 2.43505 3.17341 4.11
      vertex 8.43134 10.9879 4.11
      vertex 2.63738 3.00736 4.11
    endloop
  endfacet
  facet normal -0 0 -1
    outer loop
      vertex 8.43134 10.9879 4.11
      vertex 2.43505 3.17341 4.11
      vertex 7.69465 11.5159 4.11
    endloop
  endfacet
  facet normal 0 0 -1
    outer loop
      vertex 2.22228 3.32588 4.11
      vertex 7.69465 11.5159 4.11
      vertex 2.43505 3.17341 4.11
    endloop
  endfacet
  facet normal -0 0 -1
    outer loop
      vertex 7.69465 11.5159 4.11
      vertex 2.22228 3.32588 4.11
      vertex 6.925 11.9945 4.11
    endloop
  endfacet
  facet normal 0 0 -1
    outer loop
      vertex 2 3.4641 4.11
      vertex 6.925 11.9945 4.11
      vertex 2.22228 3.32588 4.11
    endloop
  endfacet
  facet normal -0 0 -1
    outer loop
      vertex 6.925 11.9945 4.11
      vertex 2 3.4641 4.11
      vertex 6.1257 12.4217 4.11
    endloop
  endfacet
  facet normal 0 0 -1
    outer loop
      vertex 1.76915 3.58749 4.11
      vertex 6.1257 12.4217 4.11
      vertex 2 3.4641 4.11
    endloop
  endfacet
  facet normal -0 0 -1
    outer loop
      vertex 6.1257 12.4217 4.11
      vertex 1.76915 3.58749 4.11
      vertex 5.30017 12.7957 4.11
    endloop
  endfacet
  facet normal 0 0 -1
    outer loop
      vertex 1.53073 3.69552 4.11
      vertex 5.30017 12.7957 4.11
      vertex 1.76915 3.58749 4.11
    endloop
  endfacet
  facet normal -0 0 -1
    outer loop
      vertex 5.30017 12.7957 4.11
      vertex 1.53073 3.69552 4.11
      vertex 4.45194 13.115 4.11
    endloop
  endfacet
  facet normal 0 0 -1
    outer loop
      vertex 1.28576 3.78772 4.11
      vertex 4.45194 13.115 4.11
      vertex 1.53073 3.69552 4.11
    endloop
  endfacet
  facet normal -0 0 -1
    outer loop
      vertex 4.45194 13.115 4.11
      vertex 1.28576 3.78772 4.11
      vertex 3.58464 13.3781 4.11
    endloop
  endfacet
  facet normal 0 0 -1
    outer loop
      vertex 1.03528 3.8637 4.11
      vertex 3.58464 13.3781 4.11
      vertex 1.28576 3.78772 4.11
    endloop
  endfacet
  facet normal -0 0 -1
    outer loop
      vertex 3.58464 13.3781 4.11
      vertex 1.03528 3.8637 4.11
      vertex 2.702 13.5839 4.11
    endloop
  endfacet
  facet normal 0 0 -1
    outer loop
      vertex 0.780361 3.92314 4.11
      vertex 2.702 13.5839 4.11
      vertex 1.03528 3.8637 4.11
    endloop
  endfacet
  facet normal -0 0 -1
    outer loop
      vertex 2.702 13.5839 4.11
      vertex 0.780361 3.92314 4.11
      vertex 1.80779 13.7315 4.11
    endloop
  endfacet
  facet normal 0 0 -1
    outer loop
      vertex 0.522104 3.96578 4.11
      vertex 1.80779 13.7315 4.11
      vertex 0.780361 3.92314 4.11
    endloop
  endfacet
  facet normal -0 0 -1
    outer loop
      vertex 1.80779 13.7315 4.11
      vertex 0.522104 3.96578 4.11
      vertex 0.905833 13.8203 4.11
    endloop
  endfacet
  facet normal 0 0 -1
    outer loop
      vertex 0.261612 3.99144 4.11
      vertex 0.905833 13.8203 4.11
      vertex 0.522104 3.96578 4.11
    endloop
  endfacet
  facet normal 0 0 -1
    outer loop
      vertex 0 4 4.11
      vertex 0.905833 13.8203 4.11
      vertex 0.261612 3.99144 4.11
    endloop
  endfacet
  facet normal 0 0 -1
    outer loop
      vertex 0 4 4.11
      vertex 0 13.85 4.11
      vertex 0.905833 13.8203 4.11
    endloop
  endfacet
  facet normal 0 0 -1
    outer loop
      vertex -0.261612 3.99144 4.11
      vertex 0 13.85 4.11
      vertex 0 4 4.11
    endloop
  endfacet
  facet normal 0 0 -1
    outer loop
      vertex -0.905833 13.8203 4.11
      vertex -0.261612 3.99144 4.11
      vertex -0.522104 3.96578 4.11
    endloop
  endfacet
  facet normal 0 0 -1
    outer loop
      vertex -1.80779 13.7315 4.11
      vertex -0.522104 3.96578 4.11
      vertex -0.780361 3.92314 4.11
    endloop
  endfacet
  facet normal 0 0 -1
    outer loop
      vertex -0.261612 3.99144 4.11
      vertex -0.905833 13.8203 4.11
      vertex 0 13.85 4.11
    endloop
  endfacet
  facet normal 0 0 -1
    outer loop
      vertex -2.702 13.5839 4.11
      vertex -0.780361 3.92314 4.11
      vertex -1.03528 3.8637 4.11
    endloop
  endfacet
  facet normal 0 0 -1
    outer loop
      vertex -3.58464 13.3781 4.11
      vertex -1.03528 3.8637 4.11
      vertex -1.28576 3.78772 4.11
    endloop
  endfacet
  facet normal 0 0 -1
    outer loop
      vertex -4.45194 13.115 4.11
      vertex -1.28576 3.78772 4.11
      vertex -1.53073 3.69552 4.11
    endloop
  endfacet
  facet normal 0 0 -1
    outer loop
      vertex -5.30017 12.7957 4.11
      vertex -1.53073 3.69552 4.11
      vertex -1.76915 3.58749 4.11
    endloop
  endfacet
  facet normal 0 0 -1
    outer loop
      vertex -0.522104 3.96578 4.11
      vertex -1.80779 13.7315 4.11
      vertex -0.905833 13.8203 4.11
    endloop
  endfacet
  facet normal 0 0 -1
    outer loop
      vertex -6.1257 12.4217 4.11
      vertex -1.76915 3.58749 4.11
      vertex -2 3.4641 4.11
    endloop
  endfacet
  facet normal 0 0 -1
    outer loop
      vertex -6.925 11.9945 4.11
      vertex -2 3.4641 4.11
      vertex -2.22228 3.32588 4.11
    endloop
  endfacet
  facet normal 0 0 -1
    outer loop
      vertex -7.69465 11.5159 4.11
      vertex -2.22228 3.32588 4.11
      vertex -2.43505 3.17341 4.11
    endloop
  endfacet
  facet normal 0 0 -1
    outer loop
      vertex -8.43134 10.9879 4.11
      vertex -2.43505 3.17341 4.11
      vertex -2.63738 3.00736 4.11
    endloop
  endfacet
  facet normal 0 0 -1
    outer loop
      vertex -0.780361 3.92314 4.11
      vertex -2.702 13.5839 4.11
      vertex -1.80779 13.7315 4.11
    endloop
  endfacet
  facet normal 0 0 -1
    outer loop
      vertex -9.13194 10.413 4.11
      vertex -2.63738 3.00736 4.11
      vertex -2.82843 2.82843 4.11
    endloop
  endfacet
  facet normal 0 0 -1
    outer loop
      vertex -9.79343 9.79343 4.11
      vertex -2.82843 2.82843 4.11
      vertex -3.00736 2.63738 4.11
    endloop
  endfacet
  facet normal 0 0 -1
    outer loop
      vertex -10.413 9.13194 4.11
      vertex -3.00736 2.63738 4.11
      vertex -3.17341 2.43505 4.11
    endloop
  endfacet
  facet normal 0 0 -1
    outer loop
      vertex -10.9879 8.43134 4.11
      vertex -3.17341 2.43505 4.11
      vertex -3.32588 2.22228 4.11
    endloop
  endfacet
  facet normal 0 0 -1
    outer loop
      vertex -11.5159 7.69465 4.11
      vertex -3.32588 2.22228 4.11
      vertex -3.4641 2 4.11
    endloop
  endfacet
  facet normal 0 0 -1
    outer loop
      vertex -1.03528 3.8637 4.11
      vertex -3.58464 13.3781 4.11
      vertex -2.702 13.5839 4.11
    endloop
  endfacet
  facet normal 0 0 -1
    outer loop
      vertex -11.9945 6.925 4.11
      vertex -3.4641 2 4.11
      vertex -3.58749 1.76915 4.11
    endloop
  endfacet
  facet normal 0 0 -1
    outer loop
      vertex -12.4217 6.1257 4.11
      vertex -3.58749 1.76915 4.11
      vertex -3.69552 1.53073 4.11
    endloop
  endfacet
  facet normal 0 0 -1
    outer loop
      vertex -12.7957 5.30017 4.11
      vertex -3.69552 1.53073 4.11
      vertex -3.78772 1.28576 4.11
    endloop
  endfacet
  facet normal 0 0 -1
    outer loop
      vertex -13.115 4.45194 4.11
      vertex -3.78772 1.28576 4.11
      vertex -3.8637 1.03528 4.11
    endloop
  endfacet
  facet normal 0 0 -1
    outer loop
      vertex -13.3781 3.58464 4.11
      vertex -3.8637 1.03528 4.11
      vertex -3.92314 0.780361 4.11
    endloop
  endfacet
  facet normal 0 0 -1
    outer loop
      vertex -13.5839 2.702 4.11
      vertex -3.92314 0.780361 4.11
      vertex -3.96578 0.522104 4.11
    endloop
  endfacet
  facet normal 0 0 -1
    outer loop
      vertex -13.7315 1.80779 4.11
      vertex -3.96578 0.522104 4.11
      vertex -3.99144 0.261612 4.11
    endloop
  endfacet
  facet normal 0 0 -1
    outer loop
      vertex -13.8203 0.905833 4.11
      vertex -3.99144 0.261612 4.11
      vertex -4 0 4.11
    endloop
  endfacet
  facet normal 0 0 -1
    outer loop
      vertex -11.5159 -7.69465 4.11
      vertex -3.32588 -2.22228 4.11
      vertex -10.9879 -8.43134 4.11
    endloop
  endfacet
  facet normal 0 0 -1
    outer loop
      vertex -1.28576 3.78772 4.11
      vertex -4.45194 13.115 4.11
      vertex -3.58464 13.3781 4.11
    endloop
  endfacet
  facet normal -0 0 -1
    outer loop
      vertex -3.32588 -2.22228 4.11
      vertex -11.5159 -7.69465 4.11
      vertex -3.4641 -2 4.11
    endloop
  endfacet
  facet normal 0 0 -1
    outer loop
      vertex -1.53073 3.69552 4.11
      vertex -5.30017 12.7957 4.11
      vertex -4.45194 13.115 4.11
    endloop
  endfacet
  facet normal 0 0 -1
    outer loop
      vertex -11.9945 -6.925 4.11
      vertex -3.4641 -2 4.11
      vertex -11.5159 -7.69465 4.11
    endloop
  endfacet
  facet normal 0 0 -1
    outer loop
      vertex -1.76915 3.58749 4.11
      vertex -6.1257 12.4217 4.11
      vertex -5.30017 12.7957 4.11
    endloop
  endfacet
  facet normal -0 0 -1
    outer loop
      vertex -3.4641 -2 4.11
      vertex -11.9945 -6.925 4.11
      vertex -3.58749 -1.76915 4.11
    endloop
  endfacet
  facet normal 0 0 -1
    outer loop
      vertex -2 3.4641 4.11
      vertex -6.925 11.9945 4.11
      vertex -6.1257 12.4217 4.11
    endloop
  endfacet
  facet normal 0 0 -1
    outer loop
      vertex -12.4217 -6.1257 4.11
      vertex -3.58749 -1.76915 4.11
      vertex -11.9945 -6.925 4.11
    endloop
  endfacet
  facet normal 0 0 -1
    outer loop
      vertex -2.22228 3.32588 4.11
      vertex -7.69465 11.5159 4.11
      vertex -6.925 11.9945 4.11
    endloop
  endfacet
  facet normal -0 0 -1
    outer loop
      vertex -3.58749 -1.76915 4.11
      vertex -12.4217 -6.1257 4.11
      vertex -3.69552 -1.53073 4.11
    endloop
  endfacet
  facet normal 0 0 -1
    outer loop
      vertex -2.43505 3.17341 4.11
      vertex -8.43134 10.9879 4.11
      vertex -7.69465 11.5159 4.11
    endloop
  endfacet
  facet normal 0 0 -1
    outer loop
      vertex -12.7957 -5.30017 4.11
      vertex -3.69552 -1.53073 4.11
      vertex -12.4217 -6.1257 4.11
    endloop
  endfacet
  facet normal 0 0 -1
    outer loop
      vertex -2.63738 3.00736 4.11
      vertex -9.13194 10.413 4.11
      vertex -8.43134 10.9879 4.11
    endloop
  endfacet
  facet normal -0 0 -1
    outer loop
      vertex -3.69552 -1.53073 4.11
      vertex -12.7957 -5.30017 4.11
      vertex -3.78772 -1.28576 4.11
    endloop
  endfacet
  facet normal 0 0 -1
    outer loop
      vertex -2.82843 2.82843 4.11
      vertex -9.79343 9.79343 4.11
      vertex -9.13194 10.413 4.11
    endloop
  endfacet
  facet normal 0 0 -1
    outer loop
      vertex -13.115 -4.45194 4.11
      vertex -3.78772 -1.28576 4.11
      vertex -12.7957 -5.30017 4.11
    endloop
  endfacet
  facet normal 0 0 -1
    outer loop
      vertex -3.00736 2.63738 4.11
      vertex -10.413 9.13194 4.11
      vertex -9.79343 9.79343 4.11
    endloop
  endfacet
  facet normal -0 0 -1
    outer loop
      vertex -3.78772 -1.28576 4.11
      vertex -13.115 -4.45194 4.11
      vertex -3.8637 -1.03528 4.11
    endloop
  endfacet
  facet normal 0 0 -1
    outer loop
      vertex -3.17341 2.43505 4.11
      vertex -10.9879 8.43134 4.11
      vertex -10.413 9.13194 4.11
    endloop
  endfacet
  facet normal 0 0 -1
    outer loop
      vertex -13.3781 -3.58464 4.11
      vertex -3.8637 -1.03528 4.11
      vertex -13.115 -4.45194 4.11
    endloop
  endfacet
  facet normal 0 0 -1
    outer loop
      vertex -3.32588 2.22228 4.11
      vertex -11.5159 7.69465 4.11
      vertex -10.9879 8.43134 4.11
    endloop
  endfacet
  facet normal -0 0 -1
    outer loop
      vertex -3.8637 -1.03528 4.11
      vertex -13.3781 -3.58464 4.11
      vertex -3.92314 -0.780361 4.11
    endloop
  endfacet
  facet normal 0 0 -1
    outer loop
      vertex -3.4641 2 4.11
      vertex -11.9945 6.925 4.11
      vertex -11.5159 7.69465 4.11
    endloop
  endfacet
  facet normal 0 0 -1
    outer loop
      vertex -13.5839 -2.702 4.11
      vertex -3.92314 -0.780361 4.11
      vertex -13.3781 -3.58464 4.11
    endloop
  endfacet
  facet normal 0 0 -1
    outer loop
      vertex -3.58749 1.76915 4.11
      vertex -12.4217 6.1257 4.11
      vertex -11.9945 6.925 4.11
    endloop
  endfacet
  facet normal -0 0 -1
    outer loop
      vertex -3.92314 -0.780361 4.11
      vertex -13.5839 -2.702 4.11
      vertex -3.96578 -0.522104 4.11
    endloop
  endfacet
  facet normal 0 0 -1
    outer loop
      vertex -3.69552 1.53073 4.11
      vertex -12.7957 5.30017 4.11
      vertex -12.4217 6.1257 4.11
    endloop
  endfacet
  facet normal 0 0 -1
    outer loop
      vertex -13.7315 -1.80779 4.11
      vertex -3.96578 -0.522104 4.11
      vertex -13.5839 -2.702 4.11
    endloop
  endfacet
  facet normal 0 0 -1
    outer loop
      vertex -3.78772 1.28576 4.11
      vertex -13.115 4.45194 4.11
      vertex -12.7957 5.30017 4.11
    endloop
  endfacet
  facet normal -0 0 -1
    outer loop
      vertex -3.96578 -0.522104 4.11
      vertex -13.7315 -1.80779 4.11
      vertex -3.99144 -0.261612 4.11
    endloop
  endfacet
  facet normal 0 0 -1
    outer loop
      vertex -3.8637 1.03528 4.11
      vertex -13.3781 3.58464 4.11
      vertex -13.115 4.45194 4.11
    endloop
  endfacet
  facet normal 0 0 -1
    outer loop
      vertex -13.8203 -0.905833 4.11
      vertex -3.99144 -0.261612 4.11
      vertex -13.7315 -1.80779 4.11
    endloop
  endfacet
  facet normal 0 0 -1
    outer loop
      vertex -3.92314 0.780361 4.11
      vertex -13.5839 2.702 4.11
      vertex -13.3781 3.58464 4.11
    endloop
  endfacet
  facet normal -0 0 -1
    outer loop
      vertex -3.99144 -0.261612 4.11
      vertex -13.8203 -0.905833 4.11
      vertex -4 0 4.11
    endloop
  endfacet
  facet normal 0 0 -1
    outer loop
      vertex -3.96578 0.522104 4.11
      vertex -13.7315 1.80779 4.11
      vertex -13.5839 2.702 4.11
    endloop
  endfacet
  facet normal 0 0 -1
    outer loop
      vertex -13.85 0 4.11
      vertex -4 0 4.11
      vertex -13.8203 -0.905833 4.11
    endloop
  endfacet
  facet normal 0 0 -1
    outer loop
      vertex -3.99144 0.261612 4.11
      vertex -13.8203 0.905833 4.11
      vertex -13.7315 1.80779 4.11
    endloop
  endfacet
  facet normal 0 0 -1
    outer loop
      vertex -4 0 4.11
      vertex -13.85 0 4.11
      vertex -13.8203 0.905833 4.11
    endloop
  endfacet
  facet normal -0.227081 0.973876 0
    outer loop
      vertex 1.03528 -3.8637 4.11
      vertex 0.780361 -3.92314 6.1
      vertex 1.03528 -3.8637 6.1
    endloop
  endfacet
  facet normal -0.227081 0.973876 0
    outer loop
      vertex 0.780361 -3.92314 6.1
      vertex 1.03528 -3.8637 4.11
      vertex 0.780361 -3.92314 4.11
    endloop
  endfacet
  facet normal 0.986642 0.162901 0
    outer loop
      vertex -3.92314 -0.780361 6.1
      vertex -3.96578 -0.522104 4.11
      vertex -3.96578 -0.522104 6.1
    endloop
  endfacet
  facet normal 0.986642 0.162901 0
    outer loop
      vertex -3.96578 -0.522104 4.11
      vertex -3.92314 -0.780361 6.1
      vertex -3.92314 -0.780361 4.11
    endloop
  endfacet
  facet normal -0.0980314 0.995183 0
    outer loop
      vertex 0.522104 -3.96578 4.11
      vertex 0.261612 -3.99144 6.1
      vertex 0.522104 -3.96578 6.1
    endloop
  endfacet
  facet normal -0.0980314 0.995183 0
    outer loop
      vertex 0.261612 -3.99144 6.1
      vertex 0.522104 -3.96578 4.11
      vertex 0.261612 -3.99144 4.11
    endloop
  endfacet
  facet normal 0.849207 0.528061 0
    outer loop
      vertex -3.32588 -2.22228 6.1
      vertex -3.4641 -2 4.11
      vertex -3.4641 -2 6.1
    endloop
  endfacet
  facet normal 0.849207 0.528061 0
    outer loop
      vertex -3.4641 -2 4.11
      vertex -3.32588 -2.22228 6.1
      vertex -3.32588 -2.22228 4.11
    endloop
  endfacet
  facet normal -0.471391 -0.881924 0
    outer loop
      vertex 1.76915 3.58749 4.11
      vertex 2 3.4641 6.1
      vertex 1.76915 3.58749 6.1
    endloop
  endfacet
  facet normal -0.471391 -0.881924 -0
    outer loop
      vertex 2 3.4641 6.1
      vertex 1.76915 3.58749 4.11
      vertex 2 3.4641 4.11
    endloop
  endfacet
  facet normal -0.634398 0.773007 0
    outer loop
      vertex 2.63738 -3.00736 4.11
      vertex 2.43505 -3.17341 6.1
      vertex 2.63738 -3.00736 6.1
    endloop
  endfacet
  facet normal -0.634398 0.773007 0
    outer loop
      vertex 2.43505 -3.17341 6.1
      vertex 2.63738 -3.00736 4.11
      vertex 2.43505 -3.17341 4.11
    endloop
  endfacet
  facet normal 0.290277 -0.956943 0
    outer loop
      vertex -1.28576 3.78772 4.11
      vertex -1.03528 3.8637 6.1
      vertex -1.28576 3.78772 6.1
    endloop
  endfacet
  facet normal 0.290277 -0.956943 0
    outer loop
      vertex -1.03528 3.8637 6.1
      vertex -1.28576 3.78772 4.11
      vertex -1.03528 3.8637 4.11
    endloop
  endfacet
  facet normal -0.634398 -0.773007 0
    outer loop
      vertex 2.43505 3.17341 4.11
      vertex 2.63738 3.00736 6.1
      vertex 2.43505 3.17341 6.1
    endloop
  endfacet
  facet normal -0.634398 -0.773007 -0
    outer loop
      vertex 2.63738 3.00736 6.1
      vertex 2.43505 3.17341 4.11
      vertex 2.63738 3.00736 4.11
    endloop
  endfacet
  facet normal 0.227081 -0.973876 0
    outer loop
      vertex -1.03528 3.8637 4.11
      vertex -0.780361 3.92314 6.1
      vertex -1.03528 3.8637 6.1
    endloop
  endfacet
  facet normal 0.227081 -0.973876 0
    outer loop
      vertex -0.780361 3.92314 6.1
      vertex -1.03528 3.8637 4.11
      vertex -0.780361 3.92314 4.11
    endloop
  endfacet
  facet normal 0.773007 0.634398 0
    outer loop
      vertex -3.00736 -2.63738 6.1
      vertex -3.17341 -2.43505 4.11
      vertex -3.17341 -2.43505 6.1
    endloop
  endfacet
  facet normal 0.773007 0.634398 0
    outer loop
      vertex -3.17341 -2.43505 4.11
      vertex -3.00736 -2.63738 6.1
      vertex -3.00736 -2.63738 4.11
    endloop
  endfacet
  facet normal -0.162901 0.986642 0
    outer loop
      vertex 0.780361 -3.92314 4.11
      vertex 0.522104 -3.96578 6.1
      vertex 0.780361 -3.92314 6.1
    endloop
  endfacet
  facet normal -0.162901 0.986642 0
    outer loop
      vertex 0.522104 -3.96578 6.1
      vertex 0.780361 -3.92314 4.11
      vertex 0.522104 -3.96578 4.11
    endloop
  endfacet
  facet normal 0.582481 -0.812845 0
    outer loop
      vertex -2.43505 3.17341 4.11
      vertex -2.22228 3.32588 6.1
      vertex -2.43505 3.17341 6.1
    endloop
  endfacet
  facet normal 0.582481 -0.812845 0
    outer loop
      vertex -2.22228 3.32588 6.1
      vertex -2.43505 3.17341 4.11
      vertex -2.22228 3.32588 4.11
    endloop
  endfacet
  facet normal 0.999465 -0.0327027 0
    outer loop
      vertex -4 0 6.1
      vertex -3.99144 0.261612 4.11
      vertex -3.99144 0.261612 6.1
    endloop
  endfacet
  facet normal 0.999465 -0.0327027 0
    outer loop
      vertex -3.99144 0.261612 4.11
      vertex -4 0 6.1
      vertex -4 0 4.11
    endloop
  endfacet
  facet normal -0.995183 -0.0980314 0
    outer loop
      vertex 3.99144 0.261612 4.11
      vertex 3.96578 0.522104 6.1
      vertex 3.96578 0.522104 4.11
    endloop
  endfacet
  facet normal -0.995183 -0.0980314 0
    outer loop
      vertex 3.96578 0.522104 6.1
      vertex 3.99144 0.261612 4.11
      vertex 3.99144 0.261612 6.1
    endloop
  endfacet
  facet normal -0.999465 -0.0327027 0
    outer loop
      vertex 4 0 4.11
      vertex 3.99144 0.261612 6.1
      vertex 3.99144 0.261612 4.11
    endloop
  endfacet
  facet normal -0.999465 -0.0327027 0
    outer loop
      vertex 3.99144 0.261612 6.1
      vertex 4 0 4.11
      vertex 4 0 6.1
    endloop
  endfacet
  facet normal -0.935906 0.352249 0
    outer loop
      vertex 3.69552 -1.53073 4.11
      vertex 3.78772 -1.28576 6.1
      vertex 3.78772 -1.28576 4.11
    endloop
  endfacet
  facet normal -0.935906 0.352249 0
    outer loop
      vertex 3.78772 -1.28576 6.1
      vertex 3.69552 -1.53073 4.11
      vertex 3.69552 -1.53073 6.1
    endloop
  endfacet
  facet normal -0.352249 0.935906 0
    outer loop
      vertex 1.53073 -3.69552 4.11
      vertex 1.28576 -3.78772 6.1
      vertex 1.53073 -3.69552 6.1
    endloop
  endfacet
  facet normal -0.352249 0.935906 0
    outer loop
      vertex 1.28576 -3.78772 6.1
      vertex 1.53073 -3.69552 4.11
      vertex 1.28576 -3.78772 4.11
    endloop
  endfacet
  facet normal -0.812845 -0.582481 0
    outer loop
      vertex 3.32588 2.22228 4.11
      vertex 3.17341 2.43505 6.1
      vertex 3.17341 2.43505 4.11
    endloop
  endfacet
  facet normal -0.812845 -0.582481 0
    outer loop
      vertex 3.17341 2.43505 6.1
      vertex 3.32588 2.22228 4.11
      vertex 3.32588 2.22228 6.1
    endloop
  endfacet
  facet normal -0.773007 0.634398 0
    outer loop
      vertex 3.00736 -2.63738 4.11
      vertex 3.17341 -2.43505 6.1
      vertex 3.17341 -2.43505 4.11
    endloop
  endfacet
  facet normal -0.773007 0.634398 0
    outer loop
      vertex 3.17341 -2.43505 6.1
      vertex 3.00736 -2.63738 4.11
      vertex 3.00736 -2.63738 6.1
    endloop
  endfacet
  facet normal 0.812845 -0.582481 0
    outer loop
      vertex -3.32588 2.22228 6.1
      vertex -3.17341 2.43505 4.11
      vertex -3.17341 2.43505 6.1
    endloop
  endfacet
  facet normal 0.812845 -0.582481 0
    outer loop
      vertex -3.17341 2.43505 4.11
      vertex -3.32588 2.22228 6.1
      vertex -3.32588 2.22228 4.11
    endloop
  endfacet
  facet normal 0.634398 -0.773007 0
    outer loop
      vertex -2.63738 3.00736 4.11
      vertex -2.43505 3.17341 6.1
      vertex -2.63738 3.00736 6.1
    endloop
  endfacet
  facet normal 0.634398 -0.773007 0
    outer loop
      vertex -2.43505 3.17341 6.1
      vertex -2.63738 3.00736 4.11
      vertex -2.43505 3.17341 4.11
    endloop
  endfacet
  facet normal -0.973876 0.227081 0
    outer loop
      vertex 3.8637 -1.03528 4.11
      vertex 3.92314 -0.780361 6.1
      vertex 3.92314 -0.780361 4.11
    endloop
  endfacet
  facet normal -0.973876 0.227081 0
    outer loop
      vertex 3.92314 -0.780361 6.1
      vertex 3.8637 -1.03528 4.11
      vertex 3.8637 -1.03528 6.1
    endloop
  endfacet
  facet normal 0.935906 0.352249 0
    outer loop
      vertex -3.69552 -1.53073 6.1
      vertex -3.78772 -1.28576 4.11
      vertex -3.78772 -1.28576 6.1
    endloop
  endfacet
  facet normal 0.935906 0.352249 0
    outer loop
      vertex -3.78772 -1.28576 4.11
      vertex -3.69552 -1.53073 6.1
      vertex -3.69552 -1.53073 4.11
    endloop
  endfacet
  facet normal -0.849207 -0.528061 0
    outer loop
      vertex 3.4641 2 4.11
      vertex 3.32588 2.22228 6.1
      vertex 3.32588 2.22228 4.11
    endloop
  endfacet
  facet normal -0.849207 -0.528061 0
    outer loop
      vertex 3.32588 2.22228 6.1
      vertex 3.4641 2 4.11
      vertex 3.4641 2 6.1
    endloop
  endfacet
  facet normal 0.812845 0.582481 0
    outer loop
      vertex -3.17341 -2.43505 6.1
      vertex -3.32588 -2.22228 4.11
      vertex -3.32588 -2.22228 6.1
    endloop
  endfacet
  facet normal 0.812845 0.582481 0
    outer loop
      vertex -3.32588 -2.22228 4.11
      vertex -3.17341 -2.43505 6.1
      vertex -3.17341 -2.43505 4.11
    endloop
  endfacet
  facet normal 0.729879 0.683576 0
    outer loop
      vertex -2.82843 -2.82843 6.1
      vertex -3.00736 -2.63738 4.11
      vertex -3.00736 -2.63738 6.1
    endloop
  endfacet
  facet normal 0.729879 0.683576 0
    outer loop
      vertex -3.00736 -2.63738 4.11
      vertex -2.82843 -2.82843 6.1
      vertex -2.82843 -2.82843 4.11
    endloop
  endfacet
  facet normal -0.849207 0.528061 0
    outer loop
      vertex 3.32588 -2.22228 4.11
      vertex 3.4641 -2 6.1
      vertex 3.4641 -2 4.11
    endloop
  endfacet
  facet normal -0.849207 0.528061 0
    outer loop
      vertex 3.4641 -2 6.1
      vertex 3.32588 -2.22228 4.11
      vertex 3.32588 -2.22228 6.1
    endloop
  endfacet
  facet normal -0.812845 0.582481 0
    outer loop
      vertex 3.17341 -2.43505 4.11
      vertex 3.32588 -2.22228 6.1
      vertex 3.32588 -2.22228 4.11
    endloop
  endfacet
  facet normal -0.812845 0.582481 0
    outer loop
      vertex 3.32588 -2.22228 6.1
      vertex 3.17341 -2.43505 4.11
      vertex 3.17341 -2.43505 6.1
    endloop
  endfacet
  facet normal -0.956943 -0.290277 0
    outer loop
      vertex 3.8637 1.03528 4.11
      vertex 3.78772 1.28576 6.1
      vertex 3.78772 1.28576 4.11
    endloop
  endfacet
  facet normal -0.956943 -0.290277 0
    outer loop
      vertex 3.78772 1.28576 6.1
      vertex 3.8637 1.03528 4.11
      vertex 3.8637 1.03528 6.1
    endloop
  endfacet
  facet normal 0.956943 0.290277 0
    outer loop
      vertex -3.78772 -1.28576 6.1
      vertex -3.8637 -1.03528 4.11
      vertex -3.8637 -1.03528 6.1
    endloop
  endfacet
  facet normal 0.956943 0.290277 0
    outer loop
      vertex -3.8637 -1.03528 4.11
      vertex -3.78772 -1.28576 6.1
      vertex -3.78772 -1.28576 4.11
    endloop
  endfacet
  facet normal -0.729879 0.683576 0
    outer loop
      vertex 2.82843 -2.82843 4.11
      vertex 3.00736 -2.63738 6.1
      vertex 3.00736 -2.63738 4.11
    endloop
  endfacet
  facet normal -0.729879 0.683576 0
    outer loop
      vertex 3.00736 -2.63738 6.1
      vertex 2.82843 -2.82843 4.11
      vertex 2.82843 -2.82843 6.1
    endloop
  endfacet
  facet normal 0.999465 0.0327027 0
    outer loop
      vertex -3.99144 -0.261612 6.1
      vertex -4 0 4.11
      vertex -4 0 6.1
    endloop
  endfacet
  facet normal 0.999465 0.0327027 0
    outer loop
      vertex -4 0 4.11
      vertex -3.99144 -0.261612 6.1
      vertex -3.99144 -0.261612 4.11
    endloop
  endfacet
  facet normal 0.973876 -0.227081 0
    outer loop
      vertex -3.92314 0.780361 6.1
      vertex -3.8637 1.03528 4.11
      vertex -3.8637 1.03528 6.1
    endloop
  endfacet
  facet normal 0.973876 -0.227081 0
    outer loop
      vertex -3.8637 1.03528 4.11
      vertex -3.92314 0.780361 6.1
      vertex -3.92314 0.780361 4.11
    endloop
  endfacet
  facet normal -0.412718 -0.910859 0
    outer loop
      vertex 1.53073 3.69552 4.11
      vertex 1.76915 3.58749 6.1
      vertex 1.53073 3.69552 6.1
    endloop
  endfacet
  facet normal -0.412718 -0.910859 -0
    outer loop
      vertex 1.76915 3.58749 6.1
      vertex 1.53073 3.69552 4.11
      vertex 1.76915 3.58749 4.11
    endloop
  endfacet
  facet normal -0.227081 -0.973876 0
    outer loop
      vertex 0.780361 3.92314 4.11
      vertex 1.03528 3.8637 6.1
      vertex 0.780361 3.92314 6.1
    endloop
  endfacet
  facet normal -0.227081 -0.973876 -0
    outer loop
      vertex 1.03528 3.8637 6.1
      vertex 0.780361 3.92314 4.11
      vertex 1.03528 3.8637 4.11
    endloop
  endfacet
  facet normal 0.849207 -0.528061 0
    outer loop
      vertex -3.4641 2 6.1
      vertex -3.32588 2.22228 4.11
      vertex -3.32588 2.22228 6.1
    endloop
  endfacet
  facet normal 0.849207 -0.528061 0
    outer loop
      vertex -3.32588 2.22228 4.11
      vertex -3.4641 2 6.1
      vertex -3.4641 2 4.11
    endloop
  endfacet
  facet normal -0.352249 -0.935906 0
    outer loop
      vertex 1.28576 3.78772 4.11
      vertex 1.53073 3.69552 6.1
      vertex 1.28576 3.78772 6.1
    endloop
  endfacet
  facet normal -0.352249 -0.935906 -0
    outer loop
      vertex 1.53073 3.69552 6.1
      vertex 1.28576 3.78772 4.11
      vertex 1.53073 3.69552 4.11
    endloop
  endfacet
  facet normal 0.973876 0.227081 0
    outer loop
      vertex -3.8637 -1.03528 6.1
      vertex -3.92314 -0.780361 4.11
      vertex -3.92314 -0.780361 6.1
    endloop
  endfacet
  facet normal 0.973876 0.227081 0
    outer loop
      vertex -3.92314 -0.780361 4.11
      vertex -3.8637 -1.03528 6.1
      vertex -3.8637 -1.03528 4.11
    endloop
  endfacet
  facet normal -0.881924 0.471391 0
    outer loop
      vertex 3.4641 -2 4.11
      vertex 3.58749 -1.76915 6.1
      vertex 3.58749 -1.76915 4.11
    endloop
  endfacet
  facet normal -0.881924 0.471391 0
    outer loop
      vertex 3.58749 -1.76915 6.1
      vertex 3.4641 -2 4.11
      vertex 3.4641 -2 6.1
    endloop
  endfacet
  facet normal -0.582481 -0.812845 0
    outer loop
      vertex 2.22228 3.32588 4.11
      vertex 2.43505 3.17341 6.1
      vertex 2.22228 3.32588 6.1
    endloop
  endfacet
  facet normal -0.582481 -0.812845 -0
    outer loop
      vertex 2.43505 3.17341 6.1
      vertex 2.22228 3.32588 4.11
      vertex 2.43505 3.17341 4.11
    endloop
  endfacet
  facet normal -0.0980314 -0.995183 0
    outer loop
      vertex 0.261612 3.99144 4.11
      vertex 0.522104 3.96578 6.1
      vertex 0.261612 3.99144 6.1
    endloop
  endfacet
  facet normal -0.0980314 -0.995183 -0
    outer loop
      vertex 0.522104 3.96578 6.1
      vertex 0.261612 3.99144 4.11
      vertex 0.522104 3.96578 4.11
    endloop
  endfacet
  facet normal -0.162901 -0.986642 0
    outer loop
      vertex 0.522104 3.96578 4.11
      vertex 0.780361 3.92314 6.1
      vertex 0.522104 3.96578 6.1
    endloop
  endfacet
  facet normal -0.162901 -0.986642 -0
    outer loop
      vertex 0.780361 3.92314 6.1
      vertex 0.522104 3.96578 4.11
      vertex 0.780361 3.92314 4.11
    endloop
  endfacet
  facet normal -0.881924 -0.471391 0
    outer loop
      vertex 3.58749 1.76915 4.11
      vertex 3.4641 2 6.1
      vertex 3.4641 2 4.11
    endloop
  endfacet
  facet normal -0.881924 -0.471391 0
    outer loop
      vertex 3.4641 2 6.1
      vertex 3.58749 1.76915 4.11
      vertex 3.58749 1.76915 6.1
    endloop
  endfacet
  facet normal 0.956943 -0.290277 0
    outer loop
      vertex -3.8637 1.03528 6.1
      vertex -3.78772 1.28576 4.11
      vertex -3.78772 1.28576 6.1
    endloop
  endfacet
  facet normal 0.956943 -0.290277 0
    outer loop
      vertex -3.78772 1.28576 4.11
      vertex -3.8637 1.03528 6.1
      vertex -3.8637 1.03528 4.11
    endloop
  endfacet
  facet normal -0.528061 -0.849207 0
    outer loop
      vertex 2 3.4641 4.11
      vertex 2.22228 3.32588 6.1
      vertex 2 3.4641 6.1
    endloop
  endfacet
  facet normal -0.528061 -0.849207 -0
    outer loop
      vertex 2.22228 3.32588 6.1
      vertex 2 3.4641 4.11
      vertex 2.22228 3.32588 4.11
    endloop
  endfacet
  facet normal 0.162901 -0.986642 0
    outer loop
      vertex -0.780361 3.92314 4.11
      vertex -0.522104 3.96578 6.1
      vertex -0.780361 3.92314 6.1
    endloop
  endfacet
  facet normal 0.162901 -0.986642 0
    outer loop
      vertex -0.522104 3.96578 6.1
      vertex -0.780361 3.92314 4.11
      vertex -0.522104 3.96578 4.11
    endloop
  endfacet
  facet normal -0.995183 0.0980314 0
    outer loop
      vertex 3.96578 -0.522104 4.11
      vertex 3.99144 -0.261612 6.1
      vertex 3.99144 -0.261612 4.11
    endloop
  endfacet
  facet normal -0.995183 0.0980314 0
    outer loop
      vertex 3.99144 -0.261612 6.1
      vertex 3.96578 -0.522104 4.11
      vertex 3.96578 -0.522104 6.1
    endloop
  endfacet
  facet normal -0.956943 0.290277 0
    outer loop
      vertex 3.78772 -1.28576 4.11
      vertex 3.8637 -1.03528 6.1
      vertex 3.8637 -1.03528 4.11
    endloop
  endfacet
  facet normal -0.956943 0.290277 0
    outer loop
      vertex 3.8637 -1.03528 6.1
      vertex 3.78772 -1.28576 4.11
      vertex 3.78772 -1.28576 6.1
    endloop
  endfacet
  facet normal 0.471391 0.881924 -0
    outer loop
      vertex -1.76915 -3.58749 4.11
      vertex -2 -3.4641 6.1
      vertex -1.76915 -3.58749 6.1
    endloop
  endfacet
  facet normal 0.471391 0.881924 0
    outer loop
      vertex -2 -3.4641 6.1
      vertex -1.76915 -3.58749 4.11
      vertex -2 -3.4641 4.11
    endloop
  endfacet
  facet normal 0.290277 0.956943 -0
    outer loop
      vertex -1.03528 -3.8637 4.11
      vertex -1.28576 -3.78772 6.1
      vertex -1.03528 -3.8637 6.1
    endloop
  endfacet
  facet normal 0.290277 0.956943 0
    outer loop
      vertex -1.28576 -3.78772 6.1
      vertex -1.03528 -3.8637 4.11
      vertex -1.28576 -3.78772 4.11
    endloop
  endfacet
  facet normal -0.986642 -0.162901 0
    outer loop
      vertex 3.96578 0.522104 4.11
      vertex 3.92314 0.780361 6.1
      vertex 3.92314 0.780361 4.11
    endloop
  endfacet
  facet normal -0.986642 -0.162901 0
    outer loop
      vertex 3.92314 0.780361 6.1
      vertex 3.96578 0.522104 4.11
      vertex 3.96578 0.522104 6.1
    endloop
  endfacet
  facet normal -0.973876 -0.227081 0
    outer loop
      vertex 3.92314 0.780361 4.11
      vertex 3.8637 1.03528 6.1
      vertex 3.8637 1.03528 4.11
    endloop
  endfacet
  facet normal -0.973876 -0.227081 0
    outer loop
      vertex 3.8637 1.03528 6.1
      vertex 3.92314 0.780361 4.11
      vertex 3.92314 0.780361 6.1
    endloop
  endfacet
  facet normal 0.910859 0.412718 0
    outer loop
      vertex -3.58749 -1.76915 6.1
      vertex -3.69552 -1.53073 4.11
      vertex -3.69552 -1.53073 6.1
    endloop
  endfacet
  facet normal 0.910859 0.412718 0
    outer loop
      vertex -3.69552 -1.53073 4.11
      vertex -3.58749 -1.76915 6.1
      vertex -3.58749 -1.76915 4.11
    endloop
  endfacet
  facet normal 0.162901 0.986642 -0
    outer loop
      vertex -0.522104 -3.96578 4.11
      vertex -0.780361 -3.92314 6.1
      vertex -0.522104 -3.96578 6.1
    endloop
  endfacet
  facet normal 0.162901 0.986642 0
    outer loop
      vertex -0.780361 -3.92314 6.1
      vertex -0.522104 -3.96578 4.11
      vertex -0.780361 -3.92314 4.11
    endloop
  endfacet
  facet normal -0.910859 -0.412718 0
    outer loop
      vertex 3.69552 1.53073 4.11
      vertex 3.58749 1.76915 6.1
      vertex 3.58749 1.76915 4.11
    endloop
  endfacet
  facet normal -0.910859 -0.412718 0
    outer loop
      vertex 3.58749 1.76915 6.1
      vertex 3.69552 1.53073 4.11
      vertex 3.69552 1.53073 6.1
    endloop
  endfacet
  facet normal 0.352249 0.935906 -0
    outer loop
      vertex -1.28576 -3.78772 4.11
      vertex -1.53073 -3.69552 6.1
      vertex -1.28576 -3.78772 6.1
    endloop
  endfacet
  facet normal 0.352249 0.935906 0
    outer loop
      vertex -1.53073 -3.69552 6.1
      vertex -1.28576 -3.78772 4.11
      vertex -1.53073 -3.69552 4.11
    endloop
  endfacet
  facet normal -0.528061 0.849207 0
    outer loop
      vertex 2.22228 -3.32588 4.11
      vertex 2 -3.4641 6.1
      vertex 2.22228 -3.32588 6.1
    endloop
  endfacet
  facet normal -0.528061 0.849207 0
    outer loop
      vertex 2 -3.4641 6.1
      vertex 2.22228 -3.32588 4.11
      vertex 2 -3.4641 4.11
    endloop
  endfacet
  facet normal 0.881924 -0.471391 0
    outer loop
      vertex -3.58749 1.76915 6.1
      vertex -3.4641 2 4.11
      vertex -3.4641 2 6.1
    endloop
  endfacet
  facet normal 0.881924 -0.471391 0
    outer loop
      vertex -3.4641 2 4.11
      vertex -3.58749 1.76915 6.1
      vertex -3.58749 1.76915 4.11
    endloop
  endfacet
  facet normal 0.995183 0.0980314 0
    outer loop
      vertex -3.96578 -0.522104 6.1
      vertex -3.99144 -0.261612 4.11
      vertex -3.99144 -0.261612 6.1
    endloop
  endfacet
  facet normal 0.995183 0.0980314 0
    outer loop
      vertex -3.99144 -0.261612 4.11
      vertex -3.96578 -0.522104 6.1
      vertex -3.96578 -0.522104 4.11
    endloop
  endfacet
  facet normal 0.683576 -0.729879 0
    outer loop
      vertex -2.82843 2.82843 4.11
      vertex -2.63738 3.00736 6.1
      vertex -2.82843 2.82843 6.1
    endloop
  endfacet
  facet normal 0.683576 -0.729879 0
    outer loop
      vertex -2.63738 3.00736 6.1
      vertex -2.82843 2.82843 4.11
      vertex -2.63738 3.00736 4.11
    endloop
  endfacet
  facet normal -0.0327027 0.999465 0
    outer loop
      vertex 0.261612 -3.99144 4.11
      vertex 0 -4 6.1
      vertex 0.261612 -3.99144 6.1
    endloop
  endfacet
  facet normal -0.0327027 0.999465 0
    outer loop
      vertex 0 -4 6.1
      vertex 0.261612 -3.99144 4.11
      vertex 0 -4 4.11
    endloop
  endfacet
  facet normal 0.582481 0.812845 -0
    outer loop
      vertex -2.22228 -3.32588 4.11
      vertex -2.43505 -3.17341 6.1
      vertex -2.22228 -3.32588 6.1
    endloop
  endfacet
  facet normal 0.582481 0.812845 0
    outer loop
      vertex -2.43505 -3.17341 6.1
      vertex -2.22228 -3.32588 4.11
      vertex -2.43505 -3.17341 4.11
    endloop
  endfacet
  facet normal 0.412718 -0.910859 0
    outer loop
      vertex -1.76915 3.58749 4.11
      vertex -1.53073 3.69552 6.1
      vertex -1.76915 3.58749 6.1
    endloop
  endfacet
  facet normal 0.412718 -0.910859 0
    outer loop
      vertex -1.53073 3.69552 6.1
      vertex -1.76915 3.58749 4.11
      vertex -1.53073 3.69552 4.11
    endloop
  endfacet
  facet normal 0.352249 -0.935906 0
    outer loop
      vertex -1.53073 3.69552 4.11
      vertex -1.28576 3.78772 6.1
      vertex -1.53073 3.69552 6.1
    endloop
  endfacet
  facet normal 0.352249 -0.935906 0
    outer loop
      vertex -1.28576 3.78772 6.1
      vertex -1.53073 3.69552 4.11
      vertex -1.28576 3.78772 4.11
    endloop
  endfacet
  facet normal -0.999465 0.0327027 0
    outer loop
      vertex 3.99144 -0.261612 4.11
      vertex 4 0 6.1
      vertex 4 0 4.11
    endloop
  endfacet
  facet normal -0.999465 0.0327027 0
    outer loop
      vertex 4 0 6.1
      vertex 3.99144 -0.261612 4.11
      vertex 3.99144 -0.261612 6.1
    endloop
  endfacet
  facet normal 0.227081 0.973876 -0
    outer loop
      vertex -0.780361 -3.92314 4.11
      vertex -1.03528 -3.8637 6.1
      vertex -0.780361 -3.92314 6.1
    endloop
  endfacet
  facet normal 0.227081 0.973876 0
    outer loop
      vertex -1.03528 -3.8637 6.1
      vertex -0.780361 -3.92314 4.11
      vertex -1.03528 -3.8637 4.11
    endloop
  endfacet
  facet normal -0.471391 0.881924 0
    outer loop
      vertex 2 -3.4641 4.11
      vertex 1.76915 -3.58749 6.1
      vertex 2 -3.4641 6.1
    endloop
  endfacet
  facet normal -0.471391 0.881924 0
    outer loop
      vertex 1.76915 -3.58749 6.1
      vertex 2 -3.4641 4.11
      vertex 1.76915 -3.58749 4.11
    endloop
  endfacet
  facet normal -0.683576 -0.729879 0
    outer loop
      vertex 2.63738 3.00736 4.11
      vertex 2.82843 2.82843 6.1
      vertex 2.63738 3.00736 6.1
    endloop
  endfacet
  facet normal -0.683576 -0.729879 -0
    outer loop
      vertex 2.82843 2.82843 6.1
      vertex 2.63738 3.00736 4.11
      vertex 2.82843 2.82843 4.11
    endloop
  endfacet
  facet normal 0.986642 -0.162901 0
    outer loop
      vertex -3.96578 0.522104 6.1
      vertex -3.92314 0.780361 4.11
      vertex -3.92314 0.780361 6.1
    endloop
  endfacet
  facet normal 0.986642 -0.162901 0
    outer loop
      vertex -3.92314 0.780361 4.11
      vertex -3.96578 0.522104 6.1
      vertex -3.96578 0.522104 4.11
    endloop
  endfacet
  facet normal 0.0980314 -0.995183 0
    outer loop
      vertex -0.522104 3.96578 4.11
      vertex -0.261612 3.99144 6.1
      vertex -0.522104 3.96578 6.1
    endloop
  endfacet
  facet normal 0.0980314 -0.995183 0
    outer loop
      vertex -0.261612 3.99144 6.1
      vertex -0.522104 3.96578 4.11
      vertex -0.261612 3.99144 4.11
    endloop
  endfacet
  facet normal -0.935906 -0.352249 0
    outer loop
      vertex 3.78772 1.28576 4.11
      vertex 3.69552 1.53073 6.1
      vertex 3.69552 1.53073 4.11
    endloop
  endfacet
  facet normal -0.935906 -0.352249 0
    outer loop
      vertex 3.69552 1.53073 6.1
      vertex 3.78772 1.28576 4.11
      vertex 3.78772 1.28576 6.1
    endloop
  endfacet
  facet normal -0.683576 0.729879 0
    outer loop
      vertex 2.82843 -2.82843 4.11
      vertex 2.63738 -3.00736 6.1
      vertex 2.82843 -2.82843 6.1
    endloop
  endfacet
  facet normal -0.683576 0.729879 0
    outer loop
      vertex 2.63738 -3.00736 6.1
      vertex 2.82843 -2.82843 4.11
      vertex 2.63738 -3.00736 4.11
    endloop
  endfacet
  facet normal 0.528061 -0.849207 0
    outer loop
      vertex -2.22228 3.32588 4.11
      vertex -2 3.4641 6.1
      vertex -2.22228 3.32588 6.1
    endloop
  endfacet
  facet normal 0.528061 -0.849207 0
    outer loop
      vertex -2 3.4641 6.1
      vertex -2.22228 3.32588 4.11
      vertex -2 3.4641 4.11
    endloop
  endfacet
  facet normal 0.0327027 0.999465 -0
    outer loop
      vertex 0 -4 4.11
      vertex -0.261612 -3.99144 6.1
      vertex 0 -4 6.1
    endloop
  endfacet
  facet normal 0.0327027 0.999465 0
    outer loop
      vertex -0.261612 -3.99144 6.1
      vertex 0 -4 4.11
      vertex -0.261612 -3.99144 4.11
    endloop
  endfacet
  facet normal 0.528061 0.849207 -0
    outer loop
      vertex -2 -3.4641 4.11
      vertex -2.22228 -3.32588 6.1
      vertex -2 -3.4641 6.1
    endloop
  endfacet
  facet normal 0.528061 0.849207 0
    outer loop
      vertex -2.22228 -3.32588 6.1
      vertex -2 -3.4641 4.11
      vertex -2.22228 -3.32588 4.11
    endloop
  endfacet
  facet normal 0.471391 -0.881924 0
    outer loop
      vertex -2 3.4641 4.11
      vertex -1.76915 3.58749 6.1
      vertex -2 3.4641 6.1
    endloop
  endfacet
  facet normal 0.471391 -0.881924 0
    outer loop
      vertex -1.76915 3.58749 6.1
      vertex -2 3.4641 4.11
      vertex -1.76915 3.58749 4.11
    endloop
  endfacet
  facet normal 0.0327027 -0.999465 0
    outer loop
      vertex -0.261612 3.99144 4.11
      vertex 0 4 6.1
      vertex -0.261612 3.99144 6.1
    endloop
  endfacet
  facet normal 0.0327027 -0.999465 0
    outer loop
      vertex 0 4 6.1
      vertex -0.261612 3.99144 4.11
      vertex 0 4 4.11
    endloop
  endfacet
  facet normal 0.412718 0.910859 -0
    outer loop
      vertex -1.53073 -3.69552 4.11
      vertex -1.76915 -3.58749 6.1
      vertex -1.53073 -3.69552 6.1
    endloop
  endfacet
  facet normal 0.412718 0.910859 0
    outer loop
      vertex -1.76915 -3.58749 6.1
      vertex -1.53073 -3.69552 4.11
      vertex -1.76915 -3.58749 4.11
    endloop
  endfacet
  facet normal 0.995183 -0.0980314 0
    outer loop
      vertex -3.99144 0.261612 6.1
      vertex -3.96578 0.522104 4.11
      vertex -3.96578 0.522104 6.1
    endloop
  endfacet
  facet normal 0.995183 -0.0980314 0
    outer loop
      vertex -3.96578 0.522104 4.11
      vertex -3.99144 0.261612 6.1
      vertex -3.99144 0.261612 4.11
    endloop
  endfacet
  facet normal 0.634398 0.773007 -0
    outer loop
      vertex -2.43505 -3.17341 4.11
      vertex -2.63738 -3.00736 6.1
      vertex -2.43505 -3.17341 6.1
    endloop
  endfacet
  facet normal 0.634398 0.773007 0
    outer loop
      vertex -2.63738 -3.00736 6.1
      vertex -2.43505 -3.17341 4.11
      vertex -2.63738 -3.00736 4.11
    endloop
  endfacet
  facet normal 0.0980314 0.995183 -0
    outer loop
      vertex -0.261612 -3.99144 4.11
      vertex -0.522104 -3.96578 6.1
      vertex -0.261612 -3.99144 6.1
    endloop
  endfacet
  facet normal 0.0980314 0.995183 0
    outer loop
      vertex -0.522104 -3.96578 6.1
      vertex -0.261612 -3.99144 4.11
      vertex -0.522104 -3.96578 4.11
    endloop
  endfacet
  facet normal -0.729879 -0.683576 0
    outer loop
      vertex 3.00736 2.63738 4.11
      vertex 2.82843 2.82843 6.1
      vertex 2.82843 2.82843 4.11
    endloop
  endfacet
  facet normal -0.729879 -0.683576 0
    outer loop
      vertex 2.82843 2.82843 6.1
      vertex 3.00736 2.63738 4.11
      vertex 3.00736 2.63738 6.1
    endloop
  endfacet
  facet normal -0.986642 0.162901 0
    outer loop
      vertex 3.92314 -0.780361 4.11
      vertex 3.96578 -0.522104 6.1
      vertex 3.96578 -0.522104 4.11
    endloop
  endfacet
  facet normal -0.986642 0.162901 0
    outer loop
      vertex 3.96578 -0.522104 6.1
      vertex 3.92314 -0.780361 4.11
      vertex 3.92314 -0.780361 6.1
    endloop
  endfacet
  facet normal 0.683576 0.729879 -0
    outer loop
      vertex -2.63738 -3.00736 4.11
      vertex -2.82843 -2.82843 6.1
      vertex -2.63738 -3.00736 6.1
    endloop
  endfacet
  facet normal 0.683576 0.729879 0
    outer loop
      vertex -2.82843 -2.82843 6.1
      vertex -2.63738 -3.00736 4.11
      vertex -2.82843 -2.82843 4.11
    endloop
  endfacet
  facet normal -0.412718 0.910859 0
    outer loop
      vertex 1.76915 -3.58749 4.11
      vertex 1.53073 -3.69552 6.1
      vertex 1.76915 -3.58749 6.1
    endloop
  endfacet
  facet normal -0.412718 0.910859 0
    outer loop
      vertex 1.53073 -3.69552 6.1
      vertex 1.76915 -3.58749 4.11
      vertex 1.53073 -3.69552 4.11
    endloop
  endfacet
  facet normal -0.582481 0.812845 0
    outer loop
      vertex 2.43505 -3.17341 4.11
      vertex 2.22228 -3.32588 6.1
      vertex 2.43505 -3.17341 6.1
    endloop
  endfacet
  facet normal -0.582481 0.812845 0
    outer loop
      vertex 2.22228 -3.32588 6.1
      vertex 2.43505 -3.17341 4.11
      vertex 2.22228 -3.32588 4.11
    endloop
  endfacet
  facet normal 0.729879 -0.683576 0
    outer loop
      vertex -3.00736 2.63738 6.1
      vertex -2.82843 2.82843 4.11
      vertex -2.82843 2.82843 6.1
    endloop
  endfacet
  facet normal 0.729879 -0.683576 0
    outer loop
      vertex -2.82843 2.82843 4.11
      vertex -3.00736 2.63738 6.1
      vertex -3.00736 2.63738 4.11
    endloop
  endfacet
  facet normal 0.910859 -0.412718 0
    outer loop
      vertex -3.69552 1.53073 6.1
      vertex -3.58749 1.76915 4.11
      vertex -3.58749 1.76915 6.1
    endloop
  endfacet
  facet normal 0.910859 -0.412718 0
    outer loop
      vertex -3.58749 1.76915 4.11
      vertex -3.69552 1.53073 6.1
      vertex -3.69552 1.53073 4.11
    endloop
  endfacet
  facet normal -0.0327027 -0.999465 0
    outer loop
      vertex 0 4 4.11
      vertex 0.261612 3.99144 6.1
      vertex 0 4 6.1
    endloop
  endfacet
  facet normal -0.0327027 -0.999465 -0
    outer loop
      vertex 0.261612 3.99144 6.1
      vertex 0 4 4.11
      vertex 0.261612 3.99144 4.11
    endloop
  endfacet
  facet normal 0.935906 -0.352249 0
    outer loop
      vertex -3.78772 1.28576 6.1
      vertex -3.69552 1.53073 4.11
      vertex -3.69552 1.53073 6.1
    endloop
  endfacet
  facet normal 0.935906 -0.352249 0
    outer loop
      vertex -3.69552 1.53073 4.11
      vertex -3.78772 1.28576 6.1
      vertex -3.78772 1.28576 4.11
    endloop
  endfacet
  facet normal -0.910859 0.412718 0
    outer loop
      vertex 3.58749 -1.76915 4.11
      vertex 3.69552 -1.53073 6.1
      vertex 3.69552 -1.53073 4.11
    endloop
  endfacet
  facet normal -0.910859 0.412718 0
    outer loop
      vertex 3.69552 -1.53073 6.1
      vertex 3.58749 -1.76915 4.11
      vertex 3.58749 -1.76915 6.1
    endloop
  endfacet
  facet normal -0.290277 0.956943 0
    outer loop
      vertex 1.28576 -3.78772 4.11
      vertex 1.03528 -3.8637 6.1
      vertex 1.28576 -3.78772 6.1
    endloop
  endfacet
  facet normal -0.290277 0.956943 0
    outer loop
      vertex 1.03528 -3.8637 6.1
      vertex 1.28576 -3.78772 4.11
      vertex 1.03528 -3.8637 4.11
    endloop
  endfacet
  facet normal -0.290277 -0.956943 0
    outer loop
      vertex 1.03528 3.8637 4.11
      vertex 1.28576 3.78772 6.1
      vertex 1.03528 3.8637 6.1
    endloop
  endfacet
  facet normal -0.290277 -0.956943 -0
    outer loop
      vertex 1.28576 3.78772 6.1
      vertex 1.03528 3.8637 4.11
      vertex 1.28576 3.78772 4.11
    endloop
  endfacet
  facet normal 0.773007 -0.634398 0
    outer loop
      vertex -3.17341 2.43505 6.1
      vertex -3.00736 2.63738 4.11
      vertex -3.00736 2.63738 6.1
    endloop
  endfacet
  facet normal 0.773007 -0.634398 0
    outer loop
      vertex -3.00736 2.63738 4.11
      vertex -3.17341 2.43505 6.1
      vertex -3.17341 2.43505 4.11
    endloop
  endfacet
  facet normal -0.773007 -0.634398 0
    outer loop
      vertex 3.17341 2.43505 4.11
      vertex 3.00736 2.63738 6.1
      vertex 3.00736 2.63738 4.11
    endloop
  endfacet
  facet normal -0.773007 -0.634398 0
    outer loop
      vertex 3.00736 2.63738 6.1
      vertex 3.17341 2.43505 4.11
      vertex 3.17341 2.43505 6.1
    endloop
  endfacet
  facet normal 0.881924 0.471391 0
    outer loop
      vertex -3.4641 -2 6.1
      vertex -3.58749 -1.76915 4.11
      vertex -3.58749 -1.76915 6.1
    endloop
  endfacet
  facet normal 0.881924 0.471391 0
    outer loop
      vertex -3.58749 -1.76915 4.11
      vertex -3.4641 -2 6.1
      vertex -3.4641 -2 4.11
    endloop
  endfacet
  facet normal -2.83691e-05 -0.707123 -0.707091
    outer loop
      vertex 3.51163 -17.6541 4.55316
      vertex 4.5 -17.201 4.1
      vertex 4.5 -17.4237 4.32271
    endloop
  endfacet
  facet normal 4.31796e-05 -0.707201 -0.707013
    outer loop
      vertex 2.34947 -17.846 4.74504
      vertex 4.5 -17.201 4.1
      vertex 3.51163 -17.6541 4.55316
    endloop
  endfacet
  facet normal 5.13445e-05 -0.707214 -0.706999
    outer loop
      vertex 1.17726 -17.9615 4.86049
      vertex 4.5 -17.201 4.1
      vertex 2.34947 -17.846 4.74504
    endloop
  endfacet
  facet normal -2.83881e-05 -0.70704 -0.707173
    outer loop
      vertex 0 -18 4.89903
      vertex 4.5 -17.201 4.1
      vertex 1.17726 -17.9615 4.86049
    endloop
  endfacet
  facet normal 2.83881e-05 -0.70704 -0.707173
    outer loop
      vertex -4.5 -17.201 4.1
      vertex 0 -18 4.89903
      vertex -1.17726 -17.9615 4.86049
    endloop
  endfacet
  facet normal -5.13445e-05 -0.707214 -0.706999
    outer loop
      vertex -4.5 -17.201 4.1
      vertex -1.17726 -17.9615 4.86049
      vertex -2.34947 -17.846 4.74504
    endloop
  endfacet
  facet normal -4.31796e-05 -0.707201 -0.707013
    outer loop
      vertex -4.5 -17.201 4.1
      vertex -2.34947 -17.846 4.74504
      vertex -3.51163 -17.6541 4.55316
    endloop
  endfacet
  facet normal 2.83691e-05 -0.707123 -0.707091
    outer loop
      vertex -4.5 -17.201 4.1
      vertex -3.51163 -17.6541 4.55316
      vertex -4.5 -17.4237 4.32271
    endloop
  endfacet
  facet normal 0 -0.70712 -0.707094
    outer loop
      vertex 0 -18 4.89903
      vertex -4.5 -17.201 4.1
      vertex 4.5 -17.201 4.1
    endloop
  endfacet
  facet normal -1 0 0
    outer loop
      vertex 4.5 -17.4237 4.32271
      vertex 4.5 -17.201 4.1
      vertex 4.5 -17.4237 4.1
    endloop
  endfacet
  facet normal 1 0 0
    outer loop
      vertex -4.5 -17.201 4.1
      vertex -4.5 -17.4237 4.32271
      vertex -4.5 -17.4237 4.1
    endloop
  endfacet
endsolid OpenSCAD_Model
