solid OpenSCAD_Model
  facet normal 0.995184 0.0980277 0
    outer loop
      vertex 7.43405 0.487253 0.799999
      vertex 7.38626 0.97242 0
      vertex 7.38626 0.97242 0.799999
    endloop
  endfacet
  facet normal 0.995184 0.0980277 0
    outer loop
      vertex 7.38626 0.97242 0
      vertex 7.43405 0.487253 0.799999
      vertex 7.43405 0.487253 0
    endloop
  endfacet
  facet normal 0.999465 0.032717 0
    outer loop
      vertex 7.45 0 0.799999
      vertex 7.43405 0.487253 0
      vertex 7.43405 0.487253 0.799999
    endloop
  endfacet
  facet normal 0.999465 0.032717 0
    outer loop
      vertex 7.43405 0.487253 0
      vertex 7.45 0 0.799999
      vertex 7.45 0 0
    endloop
  endfacet
  facet normal 0.773022 -0.63438 0
    outer loop
      vertex 5.60121 -4.91213 0.799999
      vertex 5.91048 -4.53527 0
      vertex 5.91048 -4.53527 0.799999
    endloop
  endfacet
  facet normal 0.773022 -0.63438 0
    outer loop
      vertex 5.91048 -4.53527 0
      vertex 5.60121 -4.91213 0.799999
      vertex 5.60121 -4.91213 0
    endloop
  endfacet
  facet normal 0.29029 -0.956939 0
    outer loop
      vertex 1.9282 -7.19615 0
      vertex 2.39472 -7.05463 0.799999
      vertex 1.9282 -7.19615 0.799999
    endloop
  endfacet
  facet normal 0.29029 -0.956939 0
    outer loop
      vertex 2.39472 -7.05463 0.799999
      vertex 1.9282 -7.19615 0
      vertex 2.39472 -7.05463 0
    endloop
  endfacet
  facet normal 0.973878 -0.22707 0
    outer loop
      vertex 7.19615 -1.9282 0.799999
      vertex 7.30685 -1.45342 0
      vertex 7.30685 -1.45342 0.799999
    endloop
  endfacet
  facet normal 0.973878 -0.22707 0
    outer loop
      vertex 7.30685 -1.45342 0
      vertex 7.19615 -1.9282 0.799999
      vertex 7.19615 -1.9282 0
    endloop
  endfacet
  facet normal 0.935904 -0.352254 0
    outer loop
      vertex 6.8829 -2.85099 0.799999
      vertex 7.05463 -2.39472 0
      vertex 7.05463 -2.39472 0.799999
    endloop
  endfacet
  facet normal 0.935904 -0.352254 0
    outer loop
      vertex 7.05463 -2.39472 0
      vertex 6.8829 -2.85099 0.799999
      vertex 6.8829 -2.85099 0
    endloop
  endfacet
  facet normal 0.471392 0.881924 -0
    outer loop
      vertex 3.725 6.45189 0
      vertex 3.29505 6.6817 0.799999
      vertex 3.725 6.45189 0.799999
    endloop
  endfacet
  facet normal 0.471392 0.881924 0
    outer loop
      vertex 3.29505 6.6817 0.799999
      vertex 3.725 6.45189 0
      vertex 3.29505 6.6817 0
    endloop
  endfacet
  facet normal 0.412705 -0.910865 0
    outer loop
      vertex 2.85099 -6.8829 0
      vertex 3.29505 -6.6817 0.799999
      vertex 2.85099 -6.8829 0.799999
    endloop
  endfacet
  facet normal 0.412705 -0.910865 0
    outer loop
      vertex 3.29505 -6.6817 0.799999
      vertex 2.85099 -6.8829 0
      vertex 3.29505 -6.6817 0
    endloop
  endfacet
  facet normal -0.162889 -0.986644 0
    outer loop
      vertex -1.45342 -7.30685 0
      vertex -0.97242 -7.38626 0.799999
      vertex -1.45342 -7.30685 0.799999
    endloop
  endfacet
  facet normal -0.162889 -0.986644 -0
    outer loop
      vertex -0.97242 -7.38626 0.799999
      vertex -1.45342 -7.30685 0
      vertex -0.97242 -7.38626 0
    endloop
  endfacet
  facet normal -0.0980277 0.995184 0
    outer loop
      vertex -0.487253 7.43405 0
      vertex -0.97242 7.38626 0.799999
      vertex -0.487253 7.43405 0.799999
    endloop
  endfacet
  facet normal -0.0980277 0.995184 0
    outer loop
      vertex -0.97242 7.38626 0.799999
      vertex -0.487253 7.43405 0
      vertex -0.97242 7.38626 0
    endloop
  endfacet
  facet normal 0 0 -1
    outer loop
      vertex 4.2 0 0
      vertex 7.45 0 0
      vertex 7.43405 -0.487253 0
    endloop
  endfacet
  facet normal 0 0 -1
    outer loop
      vertex 4.19101 -0.274693 0
      vertex 7.43405 -0.487253 0
      vertex 7.38626 -0.97242 0
    endloop
  endfacet
  facet normal 0 0 -1
    outer loop
      vertex 7.45 0 0
      vertex 4.2 0 0
      vertex 7.43405 0.487253 0
    endloop
  endfacet
  facet normal 0 0 -1
    outer loop
      vertex 4.16407 -0.548209 0
      vertex 7.38626 -0.97242 0
      vertex 7.30685 -1.45342 0
    endloop
  endfacet
  facet normal 0 0 -1
    outer loop
      vertex 4.19101 0.274693 0
      vertex 7.43405 0.487253 0
      vertex 4.2 0 0
    endloop
  endfacet
  facet normal 0 0 -1
    outer loop
      vertex 4.1193 -0.819379 0
      vertex 7.30685 -1.45342 0
      vertex 7.19615 -1.9282 0
    endloop
  endfacet
  facet normal -0 0 -1
    outer loop
      vertex 7.43405 0.487253 0
      vertex 4.19101 0.274693 0
      vertex 7.38626 0.97242 0
    endloop
  endfacet
  facet normal 0 0 -1
    outer loop
      vertex 4.05689 -1.08704 0
      vertex 7.19615 -1.9282 0
      vertex 7.05463 -2.39472 0
    endloop
  endfacet
  facet normal 0 0 -1
    outer loop
      vertex 4.16407 0.548209 0
      vertex 7.38626 0.97242 0
      vertex 4.19101 0.274693 0
    endloop
  endfacet
  facet normal 0 0 -1
    outer loop
      vertex 3.97711 -1.35005 0
      vertex 7.05463 -2.39472 0
      vertex 6.8829 -2.85099 0
    endloop
  endfacet
  facet normal -0 0 -1
    outer loop
      vertex 7.38626 0.97242 0
      vertex 4.16407 0.548209 0
      vertex 7.30685 1.45342 0
    endloop
  endfacet
  facet normal 0 0 -1
    outer loop
      vertex 3.88029 -1.60727 0
      vertex 6.8829 -2.85099 0
      vertex 6.6817 -3.29505 0
    endloop
  endfacet
  facet normal 0 0 -1
    outer loop
      vertex 4.1193 0.819379 0
      vertex 7.30685 1.45342 0
      vertex 4.16407 0.548209 0
    endloop
  endfacet
  facet normal 0 0 -1
    outer loop
      vertex 3.76686 -1.85761 0
      vertex 6.6817 -3.29505 0
      vertex 6.45189 -3.725 0
    endloop
  endfacet
  facet normal -0 0 -1
    outer loop
      vertex 7.30685 1.45342 0
      vertex 4.1193 0.819379 0
      vertex 7.19615 1.9282 0
    endloop
  endfacet
  facet normal 0 0 -1
    outer loop
      vertex 3.63731 -2.1 0
      vertex 6.45189 -3.725 0
      vertex 6.19445 -4.139 0
    endloop
  endfacet
  facet normal 0 0 -1
    outer loop
      vertex 4.05689 1.08704 0
      vertex 7.19615 1.9282 0
      vertex 4.1193 0.819379 0
    endloop
  endfacet
  facet normal 0 0 -1
    outer loop
      vertex 3.49217 -2.33339 0
      vertex 6.19445 -4.139 0
      vertex 5.91048 -4.53527 0
    endloop
  endfacet
  facet normal -0 0 -1
    outer loop
      vertex 7.19615 1.9282 0
      vertex 4.05689 1.08704 0
      vertex 7.05463 2.39472 0
    endloop
  endfacet
  facet normal 0 0 -1
    outer loop
      vertex 3.33208 -2.5568 0
      vertex 5.91048 -4.53527 0
      vertex 5.60121 -4.91213 0
    endloop
  endfacet
  facet normal 0 0 -1
    outer loop
      vertex 3.97711 1.35005 0
      vertex 7.05463 2.39472 0
      vertex 4.05689 1.08704 0
    endloop
  endfacet
  facet normal 0 0 -1
    outer loop
      vertex 3.15773 -2.76925 0
      vertex 5.60121 -4.91213 0
      vertex 5.26795 -5.26795 0
    endloop
  endfacet
  facet normal -0 0 -1
    outer loop
      vertex 7.05463 2.39472 0
      vertex 3.97711 1.35005 0
      vertex 6.8829 2.85099 0
    endloop
  endfacet
  facet normal 0 0 -1
    outer loop
      vertex 2.96985 -2.96985 0
      vertex 5.26795 -5.26795 0
      vertex 4.91213 -5.60121 0
    endloop
  endfacet
  facet normal 0 0 -1
    outer loop
      vertex 3.88029 1.60727 0
      vertex 6.8829 2.85099 0
      vertex 3.97711 1.35005 0
    endloop
  endfacet
  facet normal 0 0 -1
    outer loop
      vertex 2.76925 -3.15773 0
      vertex 4.91213 -5.60121 0
      vertex 4.53527 -5.91048 0
    endloop
  endfacet
  facet normal -0 0 -1
    outer loop
      vertex 6.8829 2.85099 0
      vertex 3.88029 1.60727 0
      vertex 6.6817 3.29505 0
    endloop
  endfacet
  facet normal 0 0 -1
    outer loop
      vertex 3.76686 1.85761 0
      vertex 6.6817 3.29505 0
      vertex 3.88029 1.60727 0
    endloop
  endfacet
  facet normal 0 0 -1
    outer loop
      vertex 7.43405 -0.487253 0
      vertex 4.19101 -0.274693 0
      vertex 4.2 0 0
    endloop
  endfacet
  facet normal 0 0 -1
    outer loop
      vertex 7.38626 -0.97242 0
      vertex 4.16407 -0.548209 0
      vertex 4.19101 -0.274693 0
    endloop
  endfacet
  facet normal 0 0 -1
    outer loop
      vertex 2.5568 -3.33208 0
      vertex 4.53527 -5.91048 0
      vertex 4.139 -6.19445 0
    endloop
  endfacet
  facet normal 0 0 -1
    outer loop
      vertex 7.30685 -1.45342 0
      vertex 4.1193 -0.819379 0
      vertex 4.16407 -0.548209 0
    endloop
  endfacet
  facet normal 0 0 -1
    outer loop
      vertex 7.19615 -1.9282 0
      vertex 4.05689 -1.08704 0
      vertex 4.1193 -0.819379 0
    endloop
  endfacet
  facet normal 0 0 -1
    outer loop
      vertex 7.05463 -2.39472 0
      vertex 3.97711 -1.35005 0
      vertex 4.05689 -1.08704 0
    endloop
  endfacet
  facet normal 0 0 -1
    outer loop
      vertex 6.8829 -2.85099 0
      vertex 3.88029 -1.60727 0
      vertex 3.97711 -1.35005 0
    endloop
  endfacet
  facet normal 0 0 -1
    outer loop
      vertex 6.6817 -3.29505 0
      vertex 3.76686 -1.85761 0
      vertex 3.88029 -1.60727 0
    endloop
  endfacet
  facet normal 0 0 -1
    outer loop
      vertex 2.33339 -3.49217 0
      vertex 4.139 -6.19445 0
      vertex 3.725 -6.45189 0
    endloop
  endfacet
  facet normal 0 0 -1
    outer loop
      vertex 6.45189 -3.725 0
      vertex 3.63731 -2.1 0
      vertex 3.76686 -1.85761 0
    endloop
  endfacet
  facet normal 0 0 -1
    outer loop
      vertex 6.19445 -4.139 0
      vertex 3.49217 -2.33339 0
      vertex 3.63731 -2.1 0
    endloop
  endfacet
  facet normal 0 0 -1
    outer loop
      vertex 5.91048 -4.53527 0
      vertex 3.33208 -2.5568 0
      vertex 3.49217 -2.33339 0
    endloop
  endfacet
  facet normal 0 0 -1
    outer loop
      vertex 2.1 -3.63731 0
      vertex 3.725 -6.45189 0
      vertex 3.29505 -6.6817 0
    endloop
  endfacet
  facet normal 0 0 -1
    outer loop
      vertex 5.60121 -4.91213 0
      vertex 3.15773 -2.76925 0
      vertex 3.33208 -2.5568 0
    endloop
  endfacet
  facet normal 0 0 -1
    outer loop
      vertex 5.26795 -5.26795 0
      vertex 2.96985 -2.96985 0
      vertex 3.15773 -2.76925 0
    endloop
  endfacet
  facet normal 0 0 -1
    outer loop
      vertex 1.85761 -3.76686 0
      vertex 3.29505 -6.6817 0
      vertex 2.85099 -6.8829 0
    endloop
  endfacet
  facet normal 0 0 -1
    outer loop
      vertex 4.91213 -5.60121 0
      vertex 2.76925 -3.15773 0
      vertex 2.96985 -2.96985 0
    endloop
  endfacet
  facet normal 0 0 -1
    outer loop
      vertex 4.53527 -5.91048 0
      vertex 2.5568 -3.33208 0
      vertex 2.76925 -3.15773 0
    endloop
  endfacet
  facet normal 0 0 -1
    outer loop
      vertex 1.60727 -3.88029 0
      vertex 2.85099 -6.8829 0
      vertex 2.39472 -7.05463 0
    endloop
  endfacet
  facet normal 0 0 -1
    outer loop
      vertex 4.139 -6.19445 0
      vertex 2.33339 -3.49217 0
      vertex 2.5568 -3.33208 0
    endloop
  endfacet
  facet normal 0 0 -1
    outer loop
      vertex 3.725 -6.45189 0
      vertex 2.1 -3.63731 0
      vertex 2.33339 -3.49217 0
    endloop
  endfacet
  facet normal 0 0 -1
    outer loop
      vertex 1.35005 -3.97711 0
      vertex 2.39472 -7.05463 0
      vertex 1.9282 -7.19615 0
    endloop
  endfacet
  facet normal 0 0 -1
    outer loop
      vertex 3.29505 -6.6817 0
      vertex 1.85761 -3.76686 0
      vertex 2.1 -3.63731 0
    endloop
  endfacet
  facet normal 0 0 -1
    outer loop
      vertex 2.85099 -6.8829 0
      vertex 1.60727 -3.88029 0
      vertex 1.85761 -3.76686 0
    endloop
  endfacet
  facet normal 0 0 -1
    outer loop
      vertex 1.08704 -4.05689 0
      vertex 1.9282 -7.19615 0
      vertex 1.45342 -7.30685 0
    endloop
  endfacet
  facet normal 0 0 -1
    outer loop
      vertex 2.39472 -7.05463 0
      vertex 1.35005 -3.97711 0
      vertex 1.60727 -3.88029 0
    endloop
  endfacet
  facet normal 0 0 -1
    outer loop
      vertex 1.9282 -7.19615 0
      vertex 1.08704 -4.05689 0
      vertex 1.35005 -3.97711 0
    endloop
  endfacet
  facet normal 0 0 -1
    outer loop
      vertex 0.819379 -4.1193 0
      vertex 1.45342 -7.30685 0
      vertex 0.97242 -7.38626 0
    endloop
  endfacet
  facet normal 0 0 -1
    outer loop
      vertex 1.45342 -7.30685 0
      vertex 0.819379 -4.1193 0
      vertex 1.08704 -4.05689 0
    endloop
  endfacet
  facet normal 0 0 -1
    outer loop
      vertex 0.97242 -7.38626 0
      vertex 0.548209 -4.16407 0
      vertex 0.819379 -4.1193 0
    endloop
  endfacet
  facet normal 0 0 -1
    outer loop
      vertex 0.487253 -7.43405 0
      vertex 0.548209 -4.16407 0
      vertex 0.97242 -7.38626 0
    endloop
  endfacet
  facet normal 0 0 -1
    outer loop
      vertex 0.487253 -7.43405 0
      vertex 0.274693 -4.19101 0
      vertex 0.548209 -4.16407 0
    endloop
  endfacet
  facet normal 0 0 -1
    outer loop
      vertex 0 -7.45 0
      vertex 0.274693 -4.19101 0
      vertex 0.487253 -7.43405 0
    endloop
  endfacet
  facet normal 0 0 -1
    outer loop
      vertex 0 -7.45 0
      vertex 0 -4.2 0
      vertex 0.274693 -4.19101 0
    endloop
  endfacet
  facet normal 0 0 -1
    outer loop
      vertex 0 -7.45 0
      vertex -0.274693 -4.19101 0
      vertex 0 -4.2 0
    endloop
  endfacet
  facet normal 0 0 -1
    outer loop
      vertex -0.487253 -7.43405 0
      vertex -0.274693 -4.19101 0
      vertex 0 -7.45 0
    endloop
  endfacet
  facet normal 0 0 -1
    outer loop
      vertex -0.487253 -7.43405 0
      vertex -0.548209 -4.16407 0
      vertex -0.274693 -4.19101 0
    endloop
  endfacet
  facet normal 0 0 -1
    outer loop
      vertex -0.97242 -7.38626 0
      vertex -0.548209 -4.16407 0
      vertex -0.487253 -7.43405 0
    endloop
  endfacet
  facet normal -0 0 -1
    outer loop
      vertex -0.548209 -4.16407 0
      vertex -0.97242 -7.38626 0
      vertex -0.819379 -4.1193 0
    endloop
  endfacet
  facet normal 0 0 -1
    outer loop
      vertex -1.45342 -7.30685 0
      vertex -0.819379 -4.1193 0
      vertex -0.97242 -7.38626 0
    endloop
  endfacet
  facet normal -0 0 -1
    outer loop
      vertex -0.819379 -4.1193 0
      vertex -1.45342 -7.30685 0
      vertex -1.08704 -4.05689 0
    endloop
  endfacet
  facet normal 0 0 -1
    outer loop
      vertex -1.9282 -7.19615 0
      vertex -1.08704 -4.05689 0
      vertex -1.45342 -7.30685 0
    endloop
  endfacet
  facet normal -0 0 -1
    outer loop
      vertex -1.08704 -4.05689 0
      vertex -1.9282 -7.19615 0
      vertex -1.35005 -3.97711 0
    endloop
  endfacet
  facet normal 0 0 -1
    outer loop
      vertex -2.39472 -7.05463 0
      vertex -1.35005 -3.97711 0
      vertex -1.9282 -7.19615 0
    endloop
  endfacet
  facet normal -0 0 -1
    outer loop
      vertex -1.35005 -3.97711 0
      vertex -2.39472 -7.05463 0
      vertex -1.60727 -3.88029 0
    endloop
  endfacet
  facet normal 0 0 -1
    outer loop
      vertex -2.85099 -6.8829 0
      vertex -1.60727 -3.88029 0
      vertex -2.39472 -7.05463 0
    endloop
  endfacet
  facet normal -0 0 -1
    outer loop
      vertex -1.60727 -3.88029 0
      vertex -2.85099 -6.8829 0
      vertex -1.85761 -3.76686 0
    endloop
  endfacet
  facet normal 0 0 -1
    outer loop
      vertex -3.29505 -6.6817 0
      vertex -1.85761 -3.76686 0
      vertex -2.85099 -6.8829 0
    endloop
  endfacet
  facet normal -0 0 -1
    outer loop
      vertex -1.85761 -3.76686 0
      vertex -3.29505 -6.6817 0
      vertex -2.1 -3.63731 0
    endloop
  endfacet
  facet normal 0 0 -1
    outer loop
      vertex -3.725 -6.45189 0
      vertex -2.1 -3.63731 0
      vertex -3.29505 -6.6817 0
    endloop
  endfacet
  facet normal -0 0 -1
    outer loop
      vertex -2.1 -3.63731 0
      vertex -3.725 -6.45189 0
      vertex -2.33339 -3.49217 0
    endloop
  endfacet
  facet normal 0 0 -1
    outer loop
      vertex -4.139 -6.19445 0
      vertex -2.33339 -3.49217 0
      vertex -3.725 -6.45189 0
    endloop
  endfacet
  facet normal -0 0 -1
    outer loop
      vertex -2.33339 -3.49217 0
      vertex -4.139 -6.19445 0
      vertex -2.5568 -3.33208 0
    endloop
  endfacet
  facet normal 0 0 -1
    outer loop
      vertex -4.53527 -5.91048 0
      vertex -2.5568 -3.33208 0
      vertex -4.139 -6.19445 0
    endloop
  endfacet
  facet normal -0 0 -1
    outer loop
      vertex -2.5568 -3.33208 0
      vertex -4.53527 -5.91048 0
      vertex -2.76925 -3.15773 0
    endloop
  endfacet
  facet normal 0 0 -1
    outer loop
      vertex -4.91213 -5.60121 0
      vertex -2.76925 -3.15773 0
      vertex -4.53527 -5.91048 0
    endloop
  endfacet
  facet normal -0 0 -1
    outer loop
      vertex -2.76925 -3.15773 0
      vertex -4.91213 -5.60121 0
      vertex -2.96985 -2.96985 0
    endloop
  endfacet
  facet normal 0 0 -1
    outer loop
      vertex -5.26795 -5.26795 0
      vertex -2.96985 -2.96985 0
      vertex -4.91213 -5.60121 0
    endloop
  endfacet
  facet normal -0 0 -1
    outer loop
      vertex -2.96985 -2.96985 0
      vertex -5.26795 -5.26795 0
      vertex -3.15773 -2.76925 0
    endloop
  endfacet
  facet normal 0 0 -1
    outer loop
      vertex -5.60121 -4.91213 0
      vertex -3.15773 -2.76925 0
      vertex -5.26795 -5.26795 0
    endloop
  endfacet
  facet normal -0 0 -1
    outer loop
      vertex -3.15773 -2.76925 0
      vertex -5.60121 -4.91213 0
      vertex -3.33208 -2.5568 0
    endloop
  endfacet
  facet normal 0 0 -1
    outer loop
      vertex -5.91048 -4.53527 0
      vertex -3.33208 -2.5568 0
      vertex -5.60121 -4.91213 0
    endloop
  endfacet
  facet normal -0 0 -1
    outer loop
      vertex -3.33208 -2.5568 0
      vertex -5.91048 -4.53527 0
      vertex -3.49217 -2.33339 0
    endloop
  endfacet
  facet normal 0 0 -1
    outer loop
      vertex -6.19445 -4.139 0
      vertex -3.49217 -2.33339 0
      vertex -5.91048 -4.53527 0
    endloop
  endfacet
  facet normal -0 0 -1
    outer loop
      vertex -3.49217 -2.33339 0
      vertex -6.19445 -4.139 0
      vertex -3.63731 -2.1 0
    endloop
  endfacet
  facet normal 0 0 -1
    outer loop
      vertex -6.45189 -3.725 0
      vertex -3.63731 -2.1 0
      vertex -6.19445 -4.139 0
    endloop
  endfacet
  facet normal -0 0 -1
    outer loop
      vertex -3.63731 -2.1 0
      vertex -6.45189 -3.725 0
      vertex -3.76686 -1.85761 0
    endloop
  endfacet
  facet normal 0 0 -1
    outer loop
      vertex -6.6817 -3.29505 0
      vertex -3.76686 -1.85761 0
      vertex -6.45189 -3.725 0
    endloop
  endfacet
  facet normal -0 0 -1
    outer loop
      vertex 6.6817 3.29505 0
      vertex 3.76686 1.85761 0
      vertex 6.45189 3.725 0
    endloop
  endfacet
  facet normal 0 0 -1
    outer loop
      vertex 3.63731 2.1 0
      vertex 6.45189 3.725 0
      vertex 3.76686 1.85761 0
    endloop
  endfacet
  facet normal -0 0 -1
    outer loop
      vertex 6.45189 3.725 0
      vertex 3.63731 2.1 0
      vertex 6.19445 4.139 0
    endloop
  endfacet
  facet normal 0 0 -1
    outer loop
      vertex 3.49217 2.33339 0
      vertex 6.19445 4.139 0
      vertex 3.63731 2.1 0
    endloop
  endfacet
  facet normal -0 0 -1
    outer loop
      vertex 6.19445 4.139 0
      vertex 3.49217 2.33339 0
      vertex 5.91048 4.53527 0
    endloop
  endfacet
  facet normal 0 0 -1
    outer loop
      vertex 3.33208 2.5568 0
      vertex 5.91048 4.53527 0
      vertex 3.49217 2.33339 0
    endloop
  endfacet
  facet normal -0 0 -1
    outer loop
      vertex 5.91048 4.53527 0
      vertex 3.33208 2.5568 0
      vertex 5.60121 4.91213 0
    endloop
  endfacet
  facet normal 0 0 -1
    outer loop
      vertex 3.15773 2.76925 0
      vertex 5.60121 4.91213 0
      vertex 3.33208 2.5568 0
    endloop
  endfacet
  facet normal -0 0 -1
    outer loop
      vertex 5.60121 4.91213 0
      vertex 3.15773 2.76925 0
      vertex 5.26795 5.26795 0
    endloop
  endfacet
  facet normal 0 0 -1
    outer loop
      vertex 2.96985 2.96985 0
      vertex 5.26795 5.26795 0
      vertex 3.15773 2.76925 0
    endloop
  endfacet
  facet normal -0 0 -1
    outer loop
      vertex 5.26795 5.26795 0
      vertex 2.96985 2.96985 0
      vertex 4.91213 5.60121 0
    endloop
  endfacet
  facet normal 0 0 -1
    outer loop
      vertex 2.76925 3.15773 0
      vertex 4.91213 5.60121 0
      vertex 2.96985 2.96985 0
    endloop
  endfacet
  facet normal -0 0 -1
    outer loop
      vertex 4.91213 5.60121 0
      vertex 2.76925 3.15773 0
      vertex 4.53527 5.91048 0
    endloop
  endfacet
  facet normal 0 0 -1
    outer loop
      vertex 2.5568 3.33208 0
      vertex 4.53527 5.91048 0
      vertex 2.76925 3.15773 0
    endloop
  endfacet
  facet normal -0 0 -1
    outer loop
      vertex 4.53527 5.91048 0
      vertex 2.5568 3.33208 0
      vertex 4.139 6.19445 0
    endloop
  endfacet
  facet normal 0 0 -1
    outer loop
      vertex 2.33339 3.49217 0
      vertex 4.139 6.19445 0
      vertex 2.5568 3.33208 0
    endloop
  endfacet
  facet normal -0 0 -1
    outer loop
      vertex 4.139 6.19445 0
      vertex 2.33339 3.49217 0
      vertex 3.725 6.45189 0
    endloop
  endfacet
  facet normal 0 0 -1
    outer loop
      vertex 2.1 3.63731 0
      vertex 3.725 6.45189 0
      vertex 2.33339 3.49217 0
    endloop
  endfacet
  facet normal -0 0 -1
    outer loop
      vertex 3.725 6.45189 0
      vertex 2.1 3.63731 0
      vertex 3.29505 6.6817 0
    endloop
  endfacet
  facet normal 0 0 -1
    outer loop
      vertex 1.85761 3.76686 0
      vertex 3.29505 6.6817 0
      vertex 2.1 3.63731 0
    endloop
  endfacet
  facet normal -0 0 -1
    outer loop
      vertex 3.29505 6.6817 0
      vertex 1.85761 3.76686 0
      vertex 2.85099 6.8829 0
    endloop
  endfacet
  facet normal 0 0 -1
    outer loop
      vertex 1.60727 3.88029 0
      vertex 2.85099 6.8829 0
      vertex 1.85761 3.76686 0
    endloop
  endfacet
  facet normal -0 0 -1
    outer loop
      vertex 2.85099 6.8829 0
      vertex 1.60727 3.88029 0
      vertex 2.39472 7.05463 0
    endloop
  endfacet
  facet normal 0 0 -1
    outer loop
      vertex 1.35005 3.97711 0
      vertex 2.39472 7.05463 0
      vertex 1.60727 3.88029 0
    endloop
  endfacet
  facet normal -0 0 -1
    outer loop
      vertex 2.39472 7.05463 0
      vertex 1.35005 3.97711 0
      vertex 1.9282 7.19615 0
    endloop
  endfacet
  facet normal 0 0 -1
    outer loop
      vertex 1.08704 4.05689 0
      vertex 1.9282 7.19615 0
      vertex 1.35005 3.97711 0
    endloop
  endfacet
  facet normal -0 0 -1
    outer loop
      vertex 1.9282 7.19615 0
      vertex 1.08704 4.05689 0
      vertex 1.45342 7.30685 0
    endloop
  endfacet
  facet normal 0 0 -1
    outer loop
      vertex 0.819379 4.1193 0
      vertex 1.45342 7.30685 0
      vertex 1.08704 4.05689 0
    endloop
  endfacet
  facet normal -0 0 -1
    outer loop
      vertex 1.45342 7.30685 0
      vertex 0.819379 4.1193 0
      vertex 0.97242 7.38626 0
    endloop
  endfacet
  facet normal 0 0 -1
    outer loop
      vertex 0.548209 4.16407 0
      vertex 0.97242 7.38626 0
      vertex 0.819379 4.1193 0
    endloop
  endfacet
  facet normal 0 0 -1
    outer loop
      vertex 0.548209 4.16407 0
      vertex 0.487253 7.43405 0
      vertex 0.97242 7.38626 0
    endloop
  endfacet
  facet normal 0 0 -1
    outer loop
      vertex 0.274693 4.19101 0
      vertex 0.487253 7.43405 0
      vertex 0.548209 4.16407 0
    endloop
  endfacet
  facet normal 0 0 -1
    outer loop
      vertex 0 4.2 0
      vertex 0.487253 7.43405 0
      vertex 0.274693 4.19101 0
    endloop
  endfacet
  facet normal 0 0 -1
    outer loop
      vertex 0 4.2 0
      vertex 0 7.45 0
      vertex 0.487253 7.43405 0
    endloop
  endfacet
  facet normal 0 0 -1
    outer loop
      vertex -0.274693 4.19101 0
      vertex 0 7.45 0
      vertex 0 4.2 0
    endloop
  endfacet
  facet normal 0 0 -1
    outer loop
      vertex -0.274693 4.19101 0
      vertex -0.487253 7.43405 0
      vertex 0 7.45 0
    endloop
  endfacet
  facet normal 0 0 -1
    outer loop
      vertex -0.548209 4.16407 0
      vertex -0.487253 7.43405 0
      vertex -0.274693 4.19101 0
    endloop
  endfacet
  facet normal 0 0 -1
    outer loop
      vertex -0.97242 7.38626 0
      vertex -0.548209 4.16407 0
      vertex -0.819379 4.1193 0
    endloop
  endfacet
  facet normal 0 0 -1
    outer loop
      vertex -0.548209 4.16407 0
      vertex -0.97242 7.38626 0
      vertex -0.487253 7.43405 0
    endloop
  endfacet
  facet normal 0 0 -1
    outer loop
      vertex -1.45342 7.30685 0
      vertex -0.819379 4.1193 0
      vertex -1.08704 4.05689 0
    endloop
  endfacet
  facet normal 0 0 -1
    outer loop
      vertex -1.9282 7.19615 0
      vertex -1.08704 4.05689 0
      vertex -1.35005 3.97711 0
    endloop
  endfacet
  facet normal 0 0 -1
    outer loop
      vertex -0.819379 4.1193 0
      vertex -1.45342 7.30685 0
      vertex -0.97242 7.38626 0
    endloop
  endfacet
  facet normal 0 0 -1
    outer loop
      vertex -2.39472 7.05463 0
      vertex -1.35005 3.97711 0
      vertex -1.60727 3.88029 0
    endloop
  endfacet
  facet normal 0 0 -1
    outer loop
      vertex -2.85099 6.8829 0
      vertex -1.60727 3.88029 0
      vertex -1.85761 3.76686 0
    endloop
  endfacet
  facet normal 0 0 -1
    outer loop
      vertex -1.08704 4.05689 0
      vertex -1.9282 7.19615 0
      vertex -1.45342 7.30685 0
    endloop
  endfacet
  facet normal 0 0 -1
    outer loop
      vertex -3.29505 6.6817 0
      vertex -1.85761 3.76686 0
      vertex -2.1 3.63731 0
    endloop
  endfacet
  facet normal 0 0 -1
    outer loop
      vertex -3.725 6.45189 0
      vertex -2.1 3.63731 0
      vertex -2.33339 3.49217 0
    endloop
  endfacet
  facet normal 0 0 -1
    outer loop
      vertex -1.35005 3.97711 0
      vertex -2.39472 7.05463 0
      vertex -1.9282 7.19615 0
    endloop
  endfacet
  facet normal 0 0 -1
    outer loop
      vertex -4.139 6.19445 0
      vertex -2.33339 3.49217 0
      vertex -2.5568 3.33208 0
    endloop
  endfacet
  facet normal 0 0 -1
    outer loop
      vertex -4.53527 5.91048 0
      vertex -2.5568 3.33208 0
      vertex -2.76925 3.15773 0
    endloop
  endfacet
  facet normal 0 0 -1
    outer loop
      vertex -1.60727 3.88029 0
      vertex -2.85099 6.8829 0
      vertex -2.39472 7.05463 0
    endloop
  endfacet
  facet normal 0 0 -1
    outer loop
      vertex -4.91213 5.60121 0
      vertex -2.76925 3.15773 0
      vertex -2.96985 2.96985 0
    endloop
  endfacet
  facet normal 0 0 -1
    outer loop
      vertex -5.26795 5.26795 0
      vertex -2.96985 2.96985 0
      vertex -3.15773 2.76925 0
    endloop
  endfacet
  facet normal 0 0 -1
    outer loop
      vertex -1.85761 3.76686 0
      vertex -3.29505 6.6817 0
      vertex -2.85099 6.8829 0
    endloop
  endfacet
  facet normal 0 0 -1
    outer loop
      vertex -5.60121 4.91213 0
      vertex -3.15773 2.76925 0
      vertex -3.33208 2.5568 0
    endloop
  endfacet
  facet normal 0 0 -1
    outer loop
      vertex -5.91048 4.53527 0
      vertex -3.33208 2.5568 0
      vertex -3.49217 2.33339 0
    endloop
  endfacet
  facet normal 0 0 -1
    outer loop
      vertex -6.19445 4.139 0
      vertex -3.49217 2.33339 0
      vertex -3.63731 2.1 0
    endloop
  endfacet
  facet normal 0 0 -1
    outer loop
      vertex -2.1 3.63731 0
      vertex -3.725 6.45189 0
      vertex -3.29505 6.6817 0
    endloop
  endfacet
  facet normal 0 0 -1
    outer loop
      vertex -6.45189 3.725 0
      vertex -3.63731 2.1 0
      vertex -3.76686 1.85761 0
    endloop
  endfacet
  facet normal 0 0 -1
    outer loop
      vertex -6.6817 3.29505 0
      vertex -3.76686 1.85761 0
      vertex -3.88029 1.60727 0
    endloop
  endfacet
  facet normal 0 0 -1
    outer loop
      vertex -6.8829 2.85099 0
      vertex -3.88029 1.60727 0
      vertex -3.97711 1.35005 0
    endloop
  endfacet
  facet normal 0 0 -1
    outer loop
      vertex -7.05463 2.39472 0
      vertex -3.97711 1.35005 0
      vertex -4.05689 1.08704 0
    endloop
  endfacet
  facet normal 0 0 -1
    outer loop
      vertex -7.19615 1.9282 0
      vertex -4.05689 1.08704 0
      vertex -4.1193 0.819379 0
    endloop
  endfacet
  facet normal 0 0 -1
    outer loop
      vertex -2.33339 3.49217 0
      vertex -4.139 6.19445 0
      vertex -3.725 6.45189 0
    endloop
  endfacet
  facet normal 0 0 -1
    outer loop
      vertex -7.30685 1.45342 0
      vertex -4.1193 0.819379 0
      vertex -4.16407 0.548209 0
    endloop
  endfacet
  facet normal 0 0 -1
    outer loop
      vertex -7.38626 0.97242 0
      vertex -4.16407 0.548209 0
      vertex -4.19101 0.274693 0
    endloop
  endfacet
  facet normal 0 0 -1
    outer loop
      vertex -7.43405 0.487253 0
      vertex -4.19101 0.274693 0
      vertex -4.2 0 0
    endloop
  endfacet
  facet normal -0 0 -1
    outer loop
      vertex -3.76686 -1.85761 0
      vertex -6.6817 -3.29505 0
      vertex -3.88029 -1.60727 0
    endloop
  endfacet
  facet normal 0 0 -1
    outer loop
      vertex -2.5568 3.33208 0
      vertex -4.53527 5.91048 0
      vertex -4.139 6.19445 0
    endloop
  endfacet
  facet normal 0 0 -1
    outer loop
      vertex -6.8829 -2.85099 0
      vertex -3.88029 -1.60727 0
      vertex -6.6817 -3.29505 0
    endloop
  endfacet
  facet normal 0 0 -1
    outer loop
      vertex -2.76925 3.15773 0
      vertex -4.91213 5.60121 0
      vertex -4.53527 5.91048 0
    endloop
  endfacet
  facet normal -0 0 -1
    outer loop
      vertex -3.88029 -1.60727 0
      vertex -6.8829 -2.85099 0
      vertex -3.97711 -1.35005 0
    endloop
  endfacet
  facet normal 0 0 -1
    outer loop
      vertex -2.96985 2.96985 0
      vertex -5.26795 5.26795 0
      vertex -4.91213 5.60121 0
    endloop
  endfacet
  facet normal 0 0 -1
    outer loop
      vertex -7.05463 -2.39472 0
      vertex -3.97711 -1.35005 0
      vertex -6.8829 -2.85099 0
    endloop
  endfacet
  facet normal 0 0 -1
    outer loop
      vertex -3.15773 2.76925 0
      vertex -5.60121 4.91213 0
      vertex -5.26795 5.26795 0
    endloop
  endfacet
  facet normal -0 0 -1
    outer loop
      vertex -3.97711 -1.35005 0
      vertex -7.05463 -2.39472 0
      vertex -4.05689 -1.08704 0
    endloop
  endfacet
  facet normal 0 0 -1
    outer loop
      vertex -3.33208 2.5568 0
      vertex -5.91048 4.53527 0
      vertex -5.60121 4.91213 0
    endloop
  endfacet
  facet normal 0 0 -1
    outer loop
      vertex -7.19615 -1.9282 0
      vertex -4.05689 -1.08704 0
      vertex -7.05463 -2.39472 0
    endloop
  endfacet
  facet normal 0 0 -1
    outer loop
      vertex -3.49217 2.33339 0
      vertex -6.19445 4.139 0
      vertex -5.91048 4.53527 0
    endloop
  endfacet
  facet normal -0 0 -1
    outer loop
      vertex -4.05689 -1.08704 0
      vertex -7.19615 -1.9282 0
      vertex -4.1193 -0.819379 0
    endloop
  endfacet
  facet normal 0 0 -1
    outer loop
      vertex -3.63731 2.1 0
      vertex -6.45189 3.725 0
      vertex -6.19445 4.139 0
    endloop
  endfacet
  facet normal 0 0 -1
    outer loop
      vertex -7.30685 -1.45342 0
      vertex -4.1193 -0.819379 0
      vertex -7.19615 -1.9282 0
    endloop
  endfacet
  facet normal 0 0 -1
    outer loop
      vertex -3.76686 1.85761 0
      vertex -6.6817 3.29505 0
      vertex -6.45189 3.725 0
    endloop
  endfacet
  facet normal -0 0 -1
    outer loop
      vertex -4.1193 -0.819379 0
      vertex -7.30685 -1.45342 0
      vertex -4.16407 -0.548209 0
    endloop
  endfacet
  facet normal 0 0 -1
    outer loop
      vertex -3.88029 1.60727 0
      vertex -6.8829 2.85099 0
      vertex -6.6817 3.29505 0
    endloop
  endfacet
  facet normal 0 0 -1
    outer loop
      vertex -7.38626 -0.97242 0
      vertex -4.16407 -0.548209 0
      vertex -7.30685 -1.45342 0
    endloop
  endfacet
  facet normal 0 0 -1
    outer loop
      vertex -3.97711 1.35005 0
      vertex -7.05463 2.39472 0
      vertex -6.8829 2.85099 0
    endloop
  endfacet
  facet normal -0 0 -1
    outer loop
      vertex -4.16407 -0.548209 0
      vertex -7.38626 -0.97242 0
      vertex -4.19101 -0.274693 0
    endloop
  endfacet
  facet normal 0 0 -1
    outer loop
      vertex -4.05689 1.08704 0
      vertex -7.19615 1.9282 0
      vertex -7.05463 2.39472 0
    endloop
  endfacet
  facet normal 0 0 -1
    outer loop
      vertex -7.43405 -0.487253 0
      vertex -4.19101 -0.274693 0
      vertex -7.38626 -0.97242 0
    endloop
  endfacet
  facet normal 0 0 -1
    outer loop
      vertex -4.1193 0.819379 0
      vertex -7.30685 1.45342 0
      vertex -7.19615 1.9282 0
    endloop
  endfacet
  facet normal -0 0 -1
    outer loop
      vertex -4.19101 -0.274693 0
      vertex -7.43405 -0.487253 0
      vertex -4.2 0 0
    endloop
  endfacet
  facet normal 0 0 -1
    outer loop
      vertex -4.16407 0.548209 0
      vertex -7.38626 0.97242 0
      vertex -7.30685 1.45342 0
    endloop
  endfacet
  facet normal 0 0 -1
    outer loop
      vertex -7.45 0 0
      vertex -4.2 0 0
      vertex -7.43405 -0.487253 0
    endloop
  endfacet
  facet normal 0 0 -1
    outer loop
      vertex -4.19101 0.274693 0
      vertex -7.43405 0.487253 0
      vertex -7.38626 0.97242 0
    endloop
  endfacet
  facet normal 0 0 -1
    outer loop
      vertex -4.2 0 0
      vertex -7.45 0 0
      vertex -7.43405 0.487253 0
    endloop
  endfacet
  facet normal 0.162889 0.986644 -0
    outer loop
      vertex 1.45342 7.30685 0
      vertex 0.97242 7.38626 0.799999
      vertex 1.45342 7.30685 0.799999
    endloop
  endfacet
  facet normal 0.162889 0.986644 0
    outer loop
      vertex 0.97242 7.38626 0.799999
      vertex 1.45342 7.30685 0
      vertex 0.97242 7.38626 0
    endloop
  endfacet
  facet normal 0.162889 -0.986644 0
    outer loop
      vertex 0.97242 -7.38626 0
      vertex 1.45342 -7.30685 0.799999
      vertex 0.97242 -7.38626 0.799999
    endloop
  endfacet
  facet normal 0.162889 -0.986644 0
    outer loop
      vertex 1.45342 -7.30685 0.799999
      vertex 0.97242 -7.38626 0
      vertex 1.45342 -7.30685 0
    endloop
  endfacet
  facet normal -0.352254 -0.935904 0
    outer loop
      vertex -2.85099 -6.8829 0
      vertex -2.39472 -7.05463 0.799999
      vertex -2.85099 -6.8829 0.799999
    endloop
  endfacet
  facet normal -0.352254 -0.935904 -0
    outer loop
      vertex -2.39472 -7.05463 0.799999
      vertex -2.85099 -6.8829 0
      vertex -2.39472 -7.05463 0
    endloop
  endfacet
  facet normal 0.973878 0.22707 0
    outer loop
      vertex 7.30685 1.45342 0.799999
      vertex 7.19615 1.9282 0
      vertex 7.19615 1.9282 0.799999
    endloop
  endfacet
  facet normal 0.973878 0.22707 0
    outer loop
      vertex 7.19615 1.9282 0
      vertex 7.30685 1.45342 0.799999
      vertex 7.30685 1.45342 0
    endloop
  endfacet
  facet normal -0.63438 -0.773022 0
    outer loop
      vertex -4.91213 -5.60121 0
      vertex -4.53527 -5.91048 0.799999
      vertex -4.91213 -5.60121 0.799999
    endloop
  endfacet
  facet normal -0.63438 -0.773022 -0
    outer loop
      vertex -4.53527 -5.91048 0.799999
      vertex -4.91213 -5.60121 0
      vertex -4.53527 -5.91048 0
    endloop
  endfacet
  facet normal -0.352254 0.935904 0
    outer loop
      vertex -2.39472 7.05463 0
      vertex -2.85099 6.8829 0.799999
      vertex -2.39472 7.05463 0.799999
    endloop
  endfacet
  facet normal -0.352254 0.935904 0
    outer loop
      vertex -2.85099 6.8829 0.799999
      vertex -2.39472 7.05463 0
      vertex -2.85099 6.8829 0
    endloop
  endfacet
  facet normal -0.995184 -0.0980277 0
    outer loop
      vertex -7.38626 -0.97242 0
      vertex -7.43405 -0.487253 0.799999
      vertex -7.43405 -0.487253 0
    endloop
  endfacet
  facet normal -0.995184 -0.0980277 0
    outer loop
      vertex -7.43405 -0.487253 0.799999
      vertex -7.38626 -0.97242 0
      vertex -7.38626 -0.97242 0.799999
    endloop
  endfacet
  facet normal 0.582487 0.81284 -0
    outer loop
      vertex 4.53527 5.91048 0
      vertex 4.139 6.19445 0.799999
      vertex 4.53527 5.91048 0.799999
    endloop
  endfacet
  facet normal 0.582487 0.81284 0
    outer loop
      vertex 4.139 6.19445 0.799999
      vertex 4.53527 5.91048 0
      vertex 4.139 6.19445 0
    endloop
  endfacet
  facet normal -0.910865 0.412705 0
    outer loop
      vertex -6.8829 2.85099 0
      vertex -6.6817 3.29505 0.799999
      vertex -6.6817 3.29505 0
    endloop
  endfacet
  facet normal -0.910865 0.412705 0
    outer loop
      vertex -6.6817 3.29505 0.799999
      vertex -6.8829 2.85099 0
      vertex -6.8829 2.85099 0.799999
    endloop
  endfacet
  facet normal -0.935904 -0.352254 0
    outer loop
      vertex -6.8829 -2.85099 0
      vertex -7.05463 -2.39472 0.799999
      vertex -7.05463 -2.39472 0
    endloop
  endfacet
  facet normal -0.935904 -0.352254 0
    outer loop
      vertex -7.05463 -2.39472 0.799999
      vertex -6.8829 -2.85099 0
      vertex -6.8829 -2.85099 0.799999
    endloop
  endfacet
  facet normal -0.81284 0.582487 0
    outer loop
      vertex -6.19445 4.139 0
      vertex -5.91048 4.53527 0.799999
      vertex -5.91048 4.53527 0
    endloop
  endfacet
  facet normal -0.81284 0.582487 0
    outer loop
      vertex -5.91048 4.53527 0.799999
      vertex -6.19445 4.139 0
      vertex -6.19445 4.139 0.799999
    endloop
  endfacet
  facet normal -0.956939 -0.29029 0
    outer loop
      vertex -7.05463 -2.39472 0
      vertex -7.19615 -1.9282 0.799999
      vertex -7.19615 -1.9282 0
    endloop
  endfacet
  facet normal -0.956939 -0.29029 0
    outer loop
      vertex -7.19615 -1.9282 0.799999
      vertex -7.05463 -2.39472 0
      vertex -7.05463 -2.39472 0.799999
    endloop
  endfacet
  facet normal -0.849204 -0.528065 0
    outer loop
      vertex -6.19445 -4.139 0
      vertex -6.45189 -3.725 0.799999
      vertex -6.45189 -3.725 0
    endloop
  endfacet
  facet normal -0.849204 -0.528065 0
    outer loop
      vertex -6.45189 -3.725 0.799999
      vertex -6.19445 -4.139 0
      vertex -6.19445 -4.139 0.799999
    endloop
  endfacet
  facet normal 0.412705 0.910865 -0
    outer loop
      vertex 3.29505 6.6817 0
      vertex 2.85099 6.8829 0.799999
      vertex 3.29505 6.6817 0.799999
    endloop
  endfacet
  facet normal 0.412705 0.910865 0
    outer loop
      vertex 2.85099 6.8829 0.799999
      vertex 3.29505 6.6817 0
      vertex 2.85099 6.8829 0
    endloop
  endfacet
  facet normal -0.582487 -0.81284 0
    outer loop
      vertex -4.53527 -5.91048 0
      vertex -4.139 -6.19445 0.799999
      vertex -4.53527 -5.91048 0.799999
    endloop
  endfacet
  facet normal -0.582487 -0.81284 -0
    outer loop
      vertex -4.139 -6.19445 0.799999
      vertex -4.53527 -5.91048 0
      vertex -4.139 -6.19445 0
    endloop
  endfacet
  facet normal -0.910865 -0.412705 0
    outer loop
      vertex -6.6817 -3.29505 0
      vertex -6.8829 -2.85099 0.799999
      vertex -6.8829 -2.85099 0
    endloop
  endfacet
  facet normal -0.910865 -0.412705 0
    outer loop
      vertex -6.8829 -2.85099 0.799999
      vertex -6.6817 -3.29505 0
      vertex -6.6817 -3.29505 0.799999
    endloop
  endfacet
  facet normal 0.956939 -0.29029 0
    outer loop
      vertex 7.05463 -2.39472 0.799999
      vertex 7.19615 -1.9282 0
      vertex 7.19615 -1.9282 0.799999
    endloop
  endfacet
  facet normal 0.956939 -0.29029 0
    outer loop
      vertex 7.19615 -1.9282 0
      vertex 7.05463 -2.39472 0.799999
      vertex 7.05463 -2.39472 0
    endloop
  endfacet
  facet normal -0.22707 0.973878 0
    outer loop
      vertex -1.45342 7.30685 0
      vertex -1.9282 7.19615 0.799999
      vertex -1.45342 7.30685 0.799999
    endloop
  endfacet
  facet normal -0.22707 0.973878 0
    outer loop
      vertex -1.9282 7.19615 0.799999
      vertex -1.45342 7.30685 0
      vertex -1.9282 7.19615 0
    endloop
  endfacet
  facet normal 0.910865 0.412705 0
    outer loop
      vertex 6.8829 2.85099 0.799999
      vertex 6.6817 3.29505 0
      vertex 6.6817 3.29505 0.799999
    endloop
  endfacet
  facet normal 0.910865 0.412705 0
    outer loop
      vertex 6.6817 3.29505 0
      vertex 6.8829 2.85099 0.799999
      vertex 6.8829 2.85099 0
    endloop
  endfacet
  facet normal -0.412705 0.910865 0
    outer loop
      vertex -2.85099 6.8829 0
      vertex -3.29505 6.6817 0.799999
      vertex -2.85099 6.8829 0.799999
    endloop
  endfacet
  facet normal -0.412705 0.910865 0
    outer loop
      vertex -3.29505 6.6817 0.799999
      vertex -2.85099 6.8829 0
      vertex -3.29505 6.6817 0
    endloop
  endfacet
  facet normal 0.032717 -0.999465 0
    outer loop
      vertex 0 -7.45 0
      vertex 0.487253 -7.43405 0.799999
      vertex 0 -7.45 0.799999
    endloop
  endfacet
  facet normal 0.032717 -0.999465 0
    outer loop
      vertex 0.487253 -7.43405 0.799999
      vertex 0 -7.45 0
      vertex 0.487253 -7.43405 0
    endloop
  endfacet
  facet normal 0.849204 0.528065 0
    outer loop
      vertex 6.45189 3.725 0.799999
      vertex 6.19445 4.139 0
      vertex 6.19445 4.139 0.799999
    endloop
  endfacet
  facet normal 0.849204 0.528065 0
    outer loop
      vertex 6.19445 4.139 0
      vertex 6.45189 3.725 0.799999
      vertex 6.45189 3.725 0
    endloop
  endfacet
  facet normal -0.999465 -0.032717 0
    outer loop
      vertex -7.43405 -0.487253 0
      vertex -7.45 0 0.799999
      vertex -7.45 0 0
    endloop
  endfacet
  facet normal -0.999465 -0.032717 0
    outer loop
      vertex -7.45 0 0.799999
      vertex -7.43405 -0.487253 0
      vertex -7.43405 -0.487253 0.799999
    endloop
  endfacet
  facet normal -0.162889 0.986644 0
    outer loop
      vertex -0.97242 7.38626 0
      vertex -1.45342 7.30685 0.799999
      vertex -0.97242 7.38626 0.799999
    endloop
  endfacet
  facet normal -0.162889 0.986644 0
    outer loop
      vertex -1.45342 7.30685 0.799999
      vertex -0.97242 7.38626 0
      vertex -1.45342 7.30685 0
    endloop
  endfacet
  facet normal 0.22707 -0.973878 0
    outer loop
      vertex 1.45342 -7.30685 0
      vertex 1.9282 -7.19615 0.799999
      vertex 1.45342 -7.30685 0.799999
    endloop
  endfacet
  facet normal 0.22707 -0.973878 0
    outer loop
      vertex 1.9282 -7.19615 0.799999
      vertex 1.45342 -7.30685 0
      vertex 1.9282 -7.19615 0
    endloop
  endfacet
  facet normal 0.995184 -0.0980277 0
    outer loop
      vertex 7.38626 -0.97242 0.799999
      vertex 7.43405 -0.487253 0
      vertex 7.43405 -0.487253 0.799999
    endloop
  endfacet
  facet normal 0.995184 -0.0980277 0
    outer loop
      vertex 7.43405 -0.487253 0
      vertex 7.38626 -0.97242 0.799999
      vertex 7.38626 -0.97242 0
    endloop
  endfacet
  facet normal 0.956939 0.29029 0
    outer loop
      vertex 7.19615 1.9282 0.799999
      vertex 7.05463 2.39472 0
      vertex 7.05463 2.39472 0.799999
    endloop
  endfacet
  facet normal 0.956939 0.29029 0
    outer loop
      vertex 7.05463 2.39472 0
      vertex 7.19615 1.9282 0.799999
      vertex 7.19615 1.9282 0
    endloop
  endfacet
  facet normal 0.81284 -0.582487 0
    outer loop
      vertex 5.91048 -4.53527 0.799999
      vertex 6.19445 -4.139 0
      vertex 6.19445 -4.139 0.799999
    endloop
  endfacet
  facet normal 0.81284 -0.582487 0
    outer loop
      vertex 6.19445 -4.139 0
      vertex 5.91048 -4.53527 0.799999
      vertex 5.91048 -4.53527 0
    endloop
  endfacet
  facet normal -0.68359 -0.729866 0
    outer loop
      vertex -5.26795 -5.26795 0
      vertex -4.91213 -5.60121 0.799999
      vertex -5.26795 -5.26795 0.799999
    endloop
  endfacet
  facet normal -0.68359 -0.729866 -0
    outer loop
      vertex -4.91213 -5.60121 0.799999
      vertex -5.26795 -5.26795 0
      vertex -4.91213 -5.60121 0
    endloop
  endfacet
  facet normal -0.956939 0.29029 0
    outer loop
      vertex -7.19615 1.9282 0
      vertex -7.05463 2.39472 0.799999
      vertex -7.05463 2.39472 0
    endloop
  endfacet
  facet normal -0.956939 0.29029 0
    outer loop
      vertex -7.05463 2.39472 0.799999
      vertex -7.19615 1.9282 0
      vertex -7.19615 1.9282 0.799999
    endloop
  endfacet
  facet normal -0.582487 0.81284 0
    outer loop
      vertex -4.139 6.19445 0
      vertex -4.53527 5.91048 0.799999
      vertex -4.139 6.19445 0.799999
    endloop
  endfacet
  facet normal -0.582487 0.81284 0
    outer loop
      vertex -4.53527 5.91048 0.799999
      vertex -4.139 6.19445 0
      vertex -4.53527 5.91048 0
    endloop
  endfacet
  facet normal -0.935904 0.352254 0
    outer loop
      vertex -7.05463 2.39472 0
      vertex -6.8829 2.85099 0.799999
      vertex -6.8829 2.85099 0
    endloop
  endfacet
  facet normal -0.935904 0.352254 0
    outer loop
      vertex -6.8829 2.85099 0.799999
      vertex -7.05463 2.39472 0
      vertex -7.05463 2.39472 0.799999
    endloop
  endfacet
  facet normal -0.0980277 -0.995184 0
    outer loop
      vertex -0.97242 -7.38626 0
      vertex -0.487253 -7.43405 0.799999
      vertex -0.97242 -7.38626 0.799999
    endloop
  endfacet
  facet normal -0.0980277 -0.995184 -0
    outer loop
      vertex -0.487253 -7.43405 0.799999
      vertex -0.97242 -7.38626 0
      vertex -0.487253 -7.43405 0
    endloop
  endfacet
  facet normal 0.729866 -0.68359 0
    outer loop
      vertex 5.26795 -5.26795 0.799999
      vertex 5.60121 -4.91213 0
      vertex 5.60121 -4.91213 0.799999
    endloop
  endfacet
  facet normal 0.729866 -0.68359 0
    outer loop
      vertex 5.60121 -4.91213 0
      vertex 5.26795 -5.26795 0.799999
      vertex 5.26795 -5.26795 0
    endloop
  endfacet
  facet normal -0.986644 -0.162889 0
    outer loop
      vertex -7.30685 -1.45342 0
      vertex -7.38626 -0.97242 0.799999
      vertex -7.38626 -0.97242 0
    endloop
  endfacet
  facet normal -0.986644 -0.162889 0
    outer loop
      vertex -7.38626 -0.97242 0.799999
      vertex -7.30685 -1.45342 0
      vertex -7.30685 -1.45342 0.799999
    endloop
  endfacet
  facet normal 0.881924 0.471392 0
    outer loop
      vertex 6.6817 3.29505 0.799999
      vertex 6.45189 3.725 0
      vertex 6.45189 3.725 0.799999
    endloop
  endfacet
  facet normal 0.881924 0.471392 0
    outer loop
      vertex 6.45189 3.725 0
      vertex 6.6817 3.29505 0.799999
      vertex 6.6817 3.29505 0
    endloop
  endfacet
  facet normal -0.881924 -0.471392 0
    outer loop
      vertex -6.45189 -3.725 0
      vertex -6.6817 -3.29505 0.799999
      vertex -6.6817 -3.29505 0
    endloop
  endfacet
  facet normal -0.881924 -0.471392 0
    outer loop
      vertex -6.6817 -3.29505 0.799999
      vertex -6.45189 -3.725 0
      vertex -6.45189 -3.725 0.799999
    endloop
  endfacet
  facet normal -0.995184 0.0980277 0
    outer loop
      vertex -7.43405 0.487253 0
      vertex -7.38626 0.97242 0.799999
      vertex -7.38626 0.97242 0
    endloop
  endfacet
  facet normal -0.995184 0.0980277 0
    outer loop
      vertex -7.38626 0.97242 0.799999
      vertex -7.43405 0.487253 0
      vertex -7.43405 0.487253 0.799999
    endloop
  endfacet
  facet normal 0.528065 0.849204 -0
    outer loop
      vertex 4.139 6.19445 0
      vertex 3.725 6.45189 0.799999
      vertex 4.139 6.19445 0.799999
    endloop
  endfacet
  facet normal 0.528065 0.849204 0
    outer loop
      vertex 3.725 6.45189 0.799999
      vertex 4.139 6.19445 0
      vertex 3.725 6.45189 0
    endloop
  endfacet
  facet normal 0.352254 -0.935904 0
    outer loop
      vertex 2.39472 -7.05463 0
      vertex 2.85099 -6.8829 0.799999
      vertex 2.39472 -7.05463 0.799999
    endloop
  endfacet
  facet normal 0.352254 -0.935904 0
    outer loop
      vertex 2.85099 -6.8829 0.799999
      vertex 2.39472 -7.05463 0
      vertex 2.85099 -6.8829 0
    endloop
  endfacet
  facet normal 0.910865 -0.412705 0
    outer loop
      vertex 6.6817 -3.29505 0.799999
      vertex 6.8829 -2.85099 0
      vertex 6.8829 -2.85099 0.799999
    endloop
  endfacet
  facet normal 0.910865 -0.412705 0
    outer loop
      vertex 6.8829 -2.85099 0
      vertex 6.6817 -3.29505 0.799999
      vertex 6.6817 -3.29505 0
    endloop
  endfacet
  facet normal 0.999465 -0.032717 0
    outer loop
      vertex 7.43405 -0.487253 0.799999
      vertex 7.45 0 0
      vertex 7.45 0 0.799999
    endloop
  endfacet
  facet normal 0.999465 -0.032717 0
    outer loop
      vertex 7.45 0 0
      vertex 7.43405 -0.487253 0.799999
      vertex 7.43405 -0.487253 0
    endloop
  endfacet
  facet normal 0.935904 0.352254 0
    outer loop
      vertex 7.05463 2.39472 0.799999
      vertex 6.8829 2.85099 0
      vertex 6.8829 2.85099 0.799999
    endloop
  endfacet
  facet normal 0.935904 0.352254 0
    outer loop
      vertex 6.8829 2.85099 0
      vertex 7.05463 2.39472 0.799999
      vertex 7.05463 2.39472 0
    endloop
  endfacet
  facet normal 0.471392 -0.881924 0
    outer loop
      vertex 3.29505 -6.6817 0
      vertex 3.725 -6.45189 0.799999
      vertex 3.29505 -6.6817 0.799999
    endloop
  endfacet
  facet normal 0.471392 -0.881924 0
    outer loop
      vertex 3.725 -6.45189 0.799999
      vertex 3.29505 -6.6817 0
      vertex 3.725 -6.45189 0
    endloop
  endfacet
  facet normal -0.81284 -0.582487 0
    outer loop
      vertex -5.91048 -4.53527 0
      vertex -6.19445 -4.139 0.799999
      vertex -6.19445 -4.139 0
    endloop
  endfacet
  facet normal -0.81284 -0.582487 0
    outer loop
      vertex -6.19445 -4.139 0.799999
      vertex -5.91048 -4.53527 0
      vertex -5.91048 -4.53527 0.799999
    endloop
  endfacet
  facet normal -0.471392 0.881924 0
    outer loop
      vertex -3.29505 6.6817 0
      vertex -3.725 6.45189 0.799999
      vertex -3.29505 6.6817 0.799999
    endloop
  endfacet
  facet normal -0.471392 0.881924 0
    outer loop
      vertex -3.725 6.45189 0.799999
      vertex -3.29505 6.6817 0
      vertex -3.725 6.45189 0
    endloop
  endfacet
  facet normal 0.68359 0.729866 -0
    outer loop
      vertex 5.26795 5.26795 0
      vertex 4.91213 5.60121 0.799999
      vertex 5.26795 5.26795 0.799999
    endloop
  endfacet
  facet normal 0.68359 0.729866 0
    outer loop
      vertex 4.91213 5.60121 0.799999
      vertex 5.26795 5.26795 0
      vertex 4.91213 5.60121 0
    endloop
  endfacet
  facet normal 0.0980277 -0.995184 0
    outer loop
      vertex 0.487253 -7.43405 0
      vertex 0.97242 -7.38626 0.799999
      vertex 0.487253 -7.43405 0.799999
    endloop
  endfacet
  facet normal 0.0980277 -0.995184 0
    outer loop
      vertex 0.97242 -7.38626 0.799999
      vertex 0.487253 -7.43405 0
      vertex 0.97242 -7.38626 0
    endloop
  endfacet
  facet normal 0.63438 0.773022 -0
    outer loop
      vertex 4.91213 5.60121 0
      vertex 4.53527 5.91048 0.799999
      vertex 4.91213 5.60121 0.799999
    endloop
  endfacet
  facet normal 0.63438 0.773022 0
    outer loop
      vertex 4.53527 5.91048 0.799999
      vertex 4.91213 5.60121 0
      vertex 4.53527 5.91048 0
    endloop
  endfacet
  facet normal 0.986644 0.162889 0
    outer loop
      vertex 7.38626 0.97242 0.799999
      vertex 7.30685 1.45342 0
      vertex 7.30685 1.45342 0.799999
    endloop
  endfacet
  facet normal 0.986644 0.162889 0
    outer loop
      vertex 7.30685 1.45342 0
      vertex 7.38626 0.97242 0.799999
      vertex 7.38626 0.97242 0
    endloop
  endfacet
  facet normal 0.881924 -0.471392 0
    outer loop
      vertex 6.45189 -3.725 0.799999
      vertex 6.6817 -3.29505 0
      vertex 6.6817 -3.29505 0.799999
    endloop
  endfacet
  facet normal 0.881924 -0.471392 0
    outer loop
      vertex 6.6817 -3.29505 0
      vertex 6.45189 -3.725 0.799999
      vertex 6.45189 -3.725 0
    endloop
  endfacet
  facet normal -0.729866 0.68359 0
    outer loop
      vertex -5.60121 4.91213 0
      vertex -5.26795 5.26795 0.799999
      vertex -5.26795 5.26795 0
    endloop
  endfacet
  facet normal -0.729866 0.68359 0
    outer loop
      vertex -5.26795 5.26795 0.799999
      vertex -5.60121 4.91213 0
      vertex -5.60121 4.91213 0.799999
    endloop
  endfacet
  facet normal -0.849204 0.528065 0
    outer loop
      vertex -6.45189 3.725 0
      vertex -6.19445 4.139 0.799999
      vertex -6.19445 4.139 0
    endloop
  endfacet
  facet normal -0.849204 0.528065 0
    outer loop
      vertex -6.19445 4.139 0.799999
      vertex -6.45189 3.725 0
      vertex -6.45189 3.725 0.799999
    endloop
  endfacet
  facet normal -0.63438 0.773022 0
    outer loop
      vertex -4.53527 5.91048 0
      vertex -4.91213 5.60121 0.799999
      vertex -4.53527 5.91048 0.799999
    endloop
  endfacet
  facet normal -0.63438 0.773022 0
    outer loop
      vertex -4.91213 5.60121 0.799999
      vertex -4.53527 5.91048 0
      vertex -4.91213 5.60121 0
    endloop
  endfacet
  facet normal -0.881924 0.471392 0
    outer loop
      vertex -6.6817 3.29505 0
      vertex -6.45189 3.725 0.799999
      vertex -6.45189 3.725 0
    endloop
  endfacet
  facet normal -0.881924 0.471392 0
    outer loop
      vertex -6.45189 3.725 0.799999
      vertex -6.6817 3.29505 0
      vertex -6.6817 3.29505 0.799999
    endloop
  endfacet
  facet normal -0.22707 -0.973878 0
    outer loop
      vertex -1.9282 -7.19615 0
      vertex -1.45342 -7.30685 0.799999
      vertex -1.9282 -7.19615 0.799999
    endloop
  endfacet
  facet normal -0.22707 -0.973878 -0
    outer loop
      vertex -1.45342 -7.30685 0.799999
      vertex -1.9282 -7.19615 0
      vertex -1.45342 -7.30685 0
    endloop
  endfacet
  facet normal 0.81284 0.582487 0
    outer loop
      vertex 6.19445 4.139 0.799999
      vertex 5.91048 4.53527 0
      vertex 5.91048 4.53527 0.799999
    endloop
  endfacet
  facet normal 0.81284 0.582487 0
    outer loop
      vertex 5.91048 4.53527 0
      vertex 6.19445 4.139 0.799999
      vertex 6.19445 4.139 0
    endloop
  endfacet
  facet normal 0.729866 0.68359 0
    outer loop
      vertex 5.60121 4.91213 0.799999
      vertex 5.26795 5.26795 0
      vertex 5.26795 5.26795 0.799999
    endloop
  endfacet
  facet normal 0.729866 0.68359 0
    outer loop
      vertex 5.26795 5.26795 0
      vertex 5.60121 4.91213 0.799999
      vertex 5.60121 4.91213 0
    endloop
  endfacet
  facet normal 0.032717 0.999465 -0
    outer loop
      vertex 0.487253 7.43405 0
      vertex 0 7.45 0.799999
      vertex 0.487253 7.43405 0.799999
    endloop
  endfacet
  facet normal 0.032717 0.999465 0
    outer loop
      vertex 0 7.45 0.799999
      vertex 0.487253 7.43405 0
      vertex 0 7.45 0
    endloop
  endfacet
  facet normal 0.68359 -0.729866 0
    outer loop
      vertex 4.91213 -5.60121 0
      vertex 5.26795 -5.26795 0.799999
      vertex 4.91213 -5.60121 0.799999
    endloop
  endfacet
  facet normal 0.68359 -0.729866 0
    outer loop
      vertex 5.26795 -5.26795 0.799999
      vertex 4.91213 -5.60121 0
      vertex 5.26795 -5.26795 0
    endloop
  endfacet
  facet normal -0.973878 0.22707 0
    outer loop
      vertex -7.30685 1.45342 0
      vertex -7.19615 1.9282 0.799999
      vertex -7.19615 1.9282 0
    endloop
  endfacet
  facet normal -0.973878 0.22707 0
    outer loop
      vertex -7.19615 1.9282 0.799999
      vertex -7.30685 1.45342 0
      vertex -7.30685 1.45342 0.799999
    endloop
  endfacet
  facet normal -0.986644 0.162889 0
    outer loop
      vertex -7.38626 0.97242 0
      vertex -7.30685 1.45342 0.799999
      vertex -7.30685 1.45342 0
    endloop
  endfacet
  facet normal -0.986644 0.162889 0
    outer loop
      vertex -7.30685 1.45342 0.799999
      vertex -7.38626 0.97242 0
      vertex -7.38626 0.97242 0.799999
    endloop
  endfacet
  facet normal -0.471392 -0.881924 0
    outer loop
      vertex -3.725 -6.45189 0
      vertex -3.29505 -6.6817 0.799999
      vertex -3.725 -6.45189 0.799999
    endloop
  endfacet
  facet normal -0.471392 -0.881924 -0
    outer loop
      vertex -3.29505 -6.6817 0.799999
      vertex -3.725 -6.45189 0
      vertex -3.29505 -6.6817 0
    endloop
  endfacet
  facet normal -0.68359 0.729866 0
    outer loop
      vertex -4.91213 5.60121 0
      vertex -5.26795 5.26795 0.799999
      vertex -4.91213 5.60121 0.799999
    endloop
  endfacet
  facet normal -0.68359 0.729866 0
    outer loop
      vertex -5.26795 5.26795 0.799999
      vertex -4.91213 5.60121 0
      vertex -5.26795 5.26795 0
    endloop
  endfacet
  facet normal -0.032717 -0.999465 0
    outer loop
      vertex -0.487253 -7.43405 0
      vertex 0 -7.45 0.799999
      vertex -0.487253 -7.43405 0.799999
    endloop
  endfacet
  facet normal -0.032717 -0.999465 -0
    outer loop
      vertex 0 -7.45 0.799999
      vertex -0.487253 -7.43405 0
      vertex 0 -7.45 0
    endloop
  endfacet
  facet normal 0.986644 -0.162889 0
    outer loop
      vertex 7.30685 -1.45342 0.799999
      vertex 7.38626 -0.97242 0
      vertex 7.38626 -0.97242 0.799999
    endloop
  endfacet
  facet normal 0.986644 -0.162889 0
    outer loop
      vertex 7.38626 -0.97242 0
      vertex 7.30685 -1.45342 0.799999
      vertex 7.30685 -1.45342 0
    endloop
  endfacet
  facet normal 0.29029 0.956939 -0
    outer loop
      vertex 2.39472 7.05463 0
      vertex 1.9282 7.19615 0.799999
      vertex 2.39472 7.05463 0.799999
    endloop
  endfacet
  facet normal 0.29029 0.956939 0
    outer loop
      vertex 1.9282 7.19615 0.799999
      vertex 2.39472 7.05463 0
      vertex 1.9282 7.19615 0
    endloop
  endfacet
  facet normal -0.29029 0.956939 0
    outer loop
      vertex -1.9282 7.19615 0
      vertex -2.39472 7.05463 0.799999
      vertex -1.9282 7.19615 0.799999
    endloop
  endfacet
  facet normal -0.29029 0.956939 0
    outer loop
      vertex -2.39472 7.05463 0.799999
      vertex -1.9282 7.19615 0
      vertex -2.39472 7.05463 0
    endloop
  endfacet
  facet normal 0.0980277 0.995184 -0
    outer loop
      vertex 0.97242 7.38626 0
      vertex 0.487253 7.43405 0.799999
      vertex 0.97242 7.38626 0.799999
    endloop
  endfacet
  facet normal 0.0980277 0.995184 0
    outer loop
      vertex 0.487253 7.43405 0.799999
      vertex 0.97242 7.38626 0
      vertex 0.487253 7.43405 0
    endloop
  endfacet
  facet normal 0.352254 0.935904 -0
    outer loop
      vertex 2.85099 6.8829 0
      vertex 2.39472 7.05463 0.799999
      vertex 2.85099 6.8829 0.799999
    endloop
  endfacet
  facet normal 0.352254 0.935904 0
    outer loop
      vertex 2.39472 7.05463 0.799999
      vertex 2.85099 6.8829 0
      vertex 2.39472 7.05463 0
    endloop
  endfacet
  facet normal -0.032717 0.999465 0
    outer loop
      vertex 0 7.45 0
      vertex -0.487253 7.43405 0.799999
      vertex 0 7.45 0.799999
    endloop
  endfacet
  facet normal -0.032717 0.999465 0
    outer loop
      vertex -0.487253 7.43405 0.799999
      vertex 0 7.45 0
      vertex -0.487253 7.43405 0
    endloop
  endfacet
  facet normal -0.729866 -0.68359 0
    outer loop
      vertex -5.26795 -5.26795 0
      vertex -5.60121 -4.91213 0.799999
      vertex -5.60121 -4.91213 0
    endloop
  endfacet
  facet normal -0.729866 -0.68359 0
    outer loop
      vertex -5.60121 -4.91213 0.799999
      vertex -5.26795 -5.26795 0
      vertex -5.26795 -5.26795 0.799999
    endloop
  endfacet
  facet normal -0.773022 -0.63438 0
    outer loop
      vertex -5.60121 -4.91213 0
      vertex -5.91048 -4.53527 0.799999
      vertex -5.91048 -4.53527 0
    endloop
  endfacet
  facet normal -0.773022 -0.63438 0
    outer loop
      vertex -5.91048 -4.53527 0.799999
      vertex -5.60121 -4.91213 0
      vertex -5.60121 -4.91213 0.799999
    endloop
  endfacet
  facet normal 0.582487 -0.81284 0
    outer loop
      vertex 4.139 -6.19445 0
      vertex 4.53527 -5.91048 0.799999
      vertex 4.139 -6.19445 0.799999
    endloop
  endfacet
  facet normal 0.582487 -0.81284 0
    outer loop
      vertex 4.53527 -5.91048 0.799999
      vertex 4.139 -6.19445 0
      vertex 4.53527 -5.91048 0
    endloop
  endfacet
  facet normal 0 0 1
    outer loop
      vertex 4.2 0 0.799999
      vertex 7.45 0 0.799999
      vertex 7.43405 0.487253 0.799999
    endloop
  endfacet
  facet normal 0 0 1
    outer loop
      vertex 4.19101 0.274693 0.799999
      vertex 7.43405 0.487253 0.799999
      vertex 7.38626 0.97242 0.799999
    endloop
  endfacet
  facet normal 0 0 1
    outer loop
      vertex 7.45 0 0.799999
      vertex 4.2 0 0.799999
      vertex 7.43405 -0.487253 0.799999
    endloop
  endfacet
  facet normal 0 0 1
    outer loop
      vertex 4.16407 0.548209 0.799999
      vertex 7.38626 0.97242 0.799999
      vertex 7.30685 1.45342 0.799999
    endloop
  endfacet
  facet normal -0 0 1
    outer loop
      vertex 4.19101 -0.274693 0.799999
      vertex 7.43405 -0.487253 0.799999
      vertex 4.2 0 0.799999
    endloop
  endfacet
  facet normal 0 0 1
    outer loop
      vertex 4.1193 0.819379 0.799999
      vertex 7.30685 1.45342 0.799999
      vertex 7.19615 1.9282 0.799999
    endloop
  endfacet
  facet normal 0 0 1
    outer loop
      vertex 7.43405 -0.487253 0.799999
      vertex 4.19101 -0.274693 0.799999
      vertex 7.38626 -0.97242 0.799999
    endloop
  endfacet
  facet normal 0 0 1
    outer loop
      vertex 4.05689 1.08704 0.799999
      vertex 7.19615 1.9282 0.799999
      vertex 7.05463 2.39472 0.799999
    endloop
  endfacet
  facet normal -0 0 1
    outer loop
      vertex 4.16407 -0.548209 0.799999
      vertex 7.38626 -0.97242 0.799999
      vertex 4.19101 -0.274693 0.799999
    endloop
  endfacet
  facet normal 0 0 1
    outer loop
      vertex 3.97711 1.35005 0.799999
      vertex 7.05463 2.39472 0.799999
      vertex 6.8829 2.85099 0.799999
    endloop
  endfacet
  facet normal 0 0 1
    outer loop
      vertex 7.38626 -0.97242 0.799999
      vertex 4.16407 -0.548209 0.799999
      vertex 7.30685 -1.45342 0.799999
    endloop
  endfacet
  facet normal 0 0 1
    outer loop
      vertex 3.88029 1.60727 0.799999
      vertex 6.8829 2.85099 0.799999
      vertex 6.6817 3.29505 0.799999
    endloop
  endfacet
  facet normal -0 0 1
    outer loop
      vertex 4.1193 -0.819379 0.799999
      vertex 7.30685 -1.45342 0.799999
      vertex 4.16407 -0.548209 0.799999
    endloop
  endfacet
  facet normal 0 0 1
    outer loop
      vertex 3.76686 1.85761 0.799999
      vertex 6.6817 3.29505 0.799999
      vertex 6.45189 3.725 0.799999
    endloop
  endfacet
  facet normal 0 0 1
    outer loop
      vertex 7.30685 -1.45342 0.799999
      vertex 4.1193 -0.819379 0.799999
      vertex 7.19615 -1.9282 0.799999
    endloop
  endfacet
  facet normal 0 0 1
    outer loop
      vertex 3.63731 2.1 0.799999
      vertex 6.45189 3.725 0.799999
      vertex 6.19445 4.139 0.799999
    endloop
  endfacet
  facet normal -0 0 1
    outer loop
      vertex 4.05689 -1.08704 0.799999
      vertex 7.19615 -1.9282 0.799999
      vertex 4.1193 -0.819379 0.799999
    endloop
  endfacet
  facet normal 0 0 1
    outer loop
      vertex 3.49217 2.33339 0.799999
      vertex 6.19445 4.139 0.799999
      vertex 5.91048 4.53527 0.799999
    endloop
  endfacet
  facet normal 0 0 1
    outer loop
      vertex 7.19615 -1.9282 0.799999
      vertex 4.05689 -1.08704 0.799999
      vertex 7.05463 -2.39472 0.799999
    endloop
  endfacet
  facet normal 0 0 1
    outer loop
      vertex 3.33208 2.5568 0.799999
      vertex 5.91048 4.53527 0.799999
      vertex 5.60121 4.91213 0.799999
    endloop
  endfacet
  facet normal -0 0 1
    outer loop
      vertex 3.97711 -1.35005 0.799999
      vertex 7.05463 -2.39472 0.799999
      vertex 4.05689 -1.08704 0.799999
    endloop
  endfacet
  facet normal 0 0 1
    outer loop
      vertex 3.15773 2.76925 0.799999
      vertex 5.60121 4.91213 0.799999
      vertex 5.26795 5.26795 0.799999
    endloop
  endfacet
  facet normal 0 0 1
    outer loop
      vertex 7.05463 -2.39472 0.799999
      vertex 3.97711 -1.35005 0.799999
      vertex 6.8829 -2.85099 0.799999
    endloop
  endfacet
  facet normal 0 0 1
    outer loop
      vertex 2.96985 2.96985 0.799999
      vertex 5.26795 5.26795 0.799999
      vertex 4.91213 5.60121 0.799999
    endloop
  endfacet
  facet normal -0 0 1
    outer loop
      vertex 3.88029 -1.60727 0.799999
      vertex 6.8829 -2.85099 0.799999
      vertex 3.97711 -1.35005 0.799999
    endloop
  endfacet
  facet normal 0 0 1
    outer loop
      vertex 2.76925 3.15773 0.799999
      vertex 4.91213 5.60121 0.799999
      vertex 4.53527 5.91048 0.799999
    endloop
  endfacet
  facet normal 0 0 1
    outer loop
      vertex 6.8829 -2.85099 0.799999
      vertex 3.88029 -1.60727 0.799999
      vertex 6.6817 -3.29505 0.799999
    endloop
  endfacet
  facet normal -0 0 1
    outer loop
      vertex 3.76686 -1.85761 0.799999
      vertex 6.6817 -3.29505 0.799999
      vertex 3.88029 -1.60727 0.799999
    endloop
  endfacet
  facet normal 0 0 1
    outer loop
      vertex 7.43405 0.487253 0.799999
      vertex 4.19101 0.274693 0.799999
      vertex 4.2 0 0.799999
    endloop
  endfacet
  facet normal 0 0 1
    outer loop
      vertex 7.38626 0.97242 0.799999
      vertex 4.16407 0.548209 0.799999
      vertex 4.19101 0.274693 0.799999
    endloop
  endfacet
  facet normal 0 0 1
    outer loop
      vertex 2.5568 3.33208 0.799999
      vertex 4.53527 5.91048 0.799999
      vertex 4.139 6.19445 0.799999
    endloop
  endfacet
  facet normal 0 0 1
    outer loop
      vertex 7.30685 1.45342 0.799999
      vertex 4.1193 0.819379 0.799999
      vertex 4.16407 0.548209 0.799999
    endloop
  endfacet
  facet normal 0 0 1
    outer loop
      vertex 7.19615 1.9282 0.799999
      vertex 4.05689 1.08704 0.799999
      vertex 4.1193 0.819379 0.799999
    endloop
  endfacet
  facet normal 0 0 1
    outer loop
      vertex 7.05463 2.39472 0.799999
      vertex 3.97711 1.35005 0.799999
      vertex 4.05689 1.08704 0.799999
    endloop
  endfacet
  facet normal 0 0 1
    outer loop
      vertex 6.8829 2.85099 0.799999
      vertex 3.88029 1.60727 0.799999
      vertex 3.97711 1.35005 0.799999
    endloop
  endfacet
  facet normal 0 0 1
    outer loop
      vertex 6.6817 3.29505 0.799999
      vertex 3.76686 1.85761 0.799999
      vertex 3.88029 1.60727 0.799999
    endloop
  endfacet
  facet normal 0 0 1
    outer loop
      vertex 2.33339 3.49217 0.799999
      vertex 4.139 6.19445 0.799999
      vertex 3.725 6.45189 0.799999
    endloop
  endfacet
  facet normal 0 0 1
    outer loop
      vertex 6.45189 3.725 0.799999
      vertex 3.63731 2.1 0.799999
      vertex 3.76686 1.85761 0.799999
    endloop
  endfacet
  facet normal 0 0 1
    outer loop
      vertex 6.19445 4.139 0.799999
      vertex 3.49217 2.33339 0.799999
      vertex 3.63731 2.1 0.799999
    endloop
  endfacet
  facet normal 0 0 1
    outer loop
      vertex 5.91048 4.53527 0.799999
      vertex 3.33208 2.5568 0.799999
      vertex 3.49217 2.33339 0.799999
    endloop
  endfacet
  facet normal 0 0 1
    outer loop
      vertex 2.1 3.63731 0.799999
      vertex 3.725 6.45189 0.799999
      vertex 3.29505 6.6817 0.799999
    endloop
  endfacet
  facet normal 0 0 1
    outer loop
      vertex 5.60121 4.91213 0.799999
      vertex 3.15773 2.76925 0.799999
      vertex 3.33208 2.5568 0.799999
    endloop
  endfacet
  facet normal 0 0 1
    outer loop
      vertex 5.26795 5.26795 0.799999
      vertex 2.96985 2.96985 0.799999
      vertex 3.15773 2.76925 0.799999
    endloop
  endfacet
  facet normal 0 0 1
    outer loop
      vertex 1.85761 3.76686 0.799999
      vertex 3.29505 6.6817 0.799999
      vertex 2.85099 6.8829 0.799999
    endloop
  endfacet
  facet normal 0 0 1
    outer loop
      vertex 4.91213 5.60121 0.799999
      vertex 2.76925 3.15773 0.799999
      vertex 2.96985 2.96985 0.799999
    endloop
  endfacet
  facet normal 0 0 1
    outer loop
      vertex 4.53527 5.91048 0.799999
      vertex 2.5568 3.33208 0.799999
      vertex 2.76925 3.15773 0.799999
    endloop
  endfacet
  facet normal 0 0 1
    outer loop
      vertex 1.60727 3.88029 0.799999
      vertex 2.85099 6.8829 0.799999
      vertex 2.39472 7.05463 0.799999
    endloop
  endfacet
  facet normal 0 0 1
    outer loop
      vertex 4.139 6.19445 0.799999
      vertex 2.33339 3.49217 0.799999
      vertex 2.5568 3.33208 0.799999
    endloop
  endfacet
  facet normal 0 0 1
    outer loop
      vertex 3.725 6.45189 0.799999
      vertex 2.1 3.63731 0.799999
      vertex 2.33339 3.49217 0.799999
    endloop
  endfacet
  facet normal 0 0 1
    outer loop
      vertex 1.35005 3.97711 0.799999
      vertex 2.39472 7.05463 0.799999
      vertex 1.9282 7.19615 0.799999
    endloop
  endfacet
  facet normal 0 0 1
    outer loop
      vertex 3.29505 6.6817 0.799999
      vertex 1.85761 3.76686 0.799999
      vertex 2.1 3.63731 0.799999
    endloop
  endfacet
  facet normal 0 0 1
    outer loop
      vertex 2.85099 6.8829 0.799999
      vertex 1.60727 3.88029 0.799999
      vertex 1.85761 3.76686 0.799999
    endloop
  endfacet
  facet normal 0 0 1
    outer loop
      vertex 1.08704 4.05689 0.799999
      vertex 1.9282 7.19615 0.799999
      vertex 1.45342 7.30685 0.799999
    endloop
  endfacet
  facet normal 0 0 1
    outer loop
      vertex 2.39472 7.05463 0.799999
      vertex 1.35005 3.97711 0.799999
      vertex 1.60727 3.88029 0.799999
    endloop
  endfacet
  facet normal 0 0 1
    outer loop
      vertex 1.9282 7.19615 0.799999
      vertex 1.08704 4.05689 0.799999
      vertex 1.35005 3.97711 0.799999
    endloop
  endfacet
  facet normal 0 0 1
    outer loop
      vertex 0.819379 4.1193 0.799999
      vertex 1.45342 7.30685 0.799999
      vertex 0.97242 7.38626 0.799999
    endloop
  endfacet
  facet normal 0 0 1
    outer loop
      vertex 1.45342 7.30685 0.799999
      vertex 0.819379 4.1193 0.799999
      vertex 1.08704 4.05689 0.799999
    endloop
  endfacet
  facet normal 0 0 1
    outer loop
      vertex 0.97242 7.38626 0.799999
      vertex 0.548209 4.16407 0.799999
      vertex 0.819379 4.1193 0.799999
    endloop
  endfacet
  facet normal 0 0 1
    outer loop
      vertex 0.487253 7.43405 0.799999
      vertex 0.548209 4.16407 0.799999
      vertex 0.97242 7.38626 0.799999
    endloop
  endfacet
  facet normal 0 0 1
    outer loop
      vertex 0.487253 7.43405 0.799999
      vertex 0.274693 4.19101 0.799999
      vertex 0.548209 4.16407 0.799999
    endloop
  endfacet
  facet normal 0 0 1
    outer loop
      vertex 0 7.45 0.799999
      vertex 0.274693 4.19101 0.799999
      vertex 0.487253 7.43405 0.799999
    endloop
  endfacet
  facet normal 0 0 1
    outer loop
      vertex 0 7.45 0.799999
      vertex 0 4.2 0.799999
      vertex 0.274693 4.19101 0.799999
    endloop
  endfacet
  facet normal 0 0 1
    outer loop
      vertex 0 7.45 0.799999
      vertex -0.274693 4.19101 0.799999
      vertex 0 4.2 0.799999
    endloop
  endfacet
  facet normal -0 0 1
    outer loop
      vertex -0.487253 7.43405 0.799999
      vertex -0.274693 4.19101 0.799999
      vertex 0 7.45 0.799999
    endloop
  endfacet
  facet normal 0 0 1
    outer loop
      vertex -0.487253 7.43405 0.799999
      vertex -0.548209 4.16407 0.799999
      vertex -0.274693 4.19101 0.799999
    endloop
  endfacet
  facet normal -0 0 1
    outer loop
      vertex -0.97242 7.38626 0.799999
      vertex -0.548209 4.16407 0.799999
      vertex -0.487253 7.43405 0.799999
    endloop
  endfacet
  facet normal 0 0 1
    outer loop
      vertex -0.548209 4.16407 0.799999
      vertex -0.97242 7.38626 0.799999
      vertex -0.819379 4.1193 0.799999
    endloop
  endfacet
  facet normal -0 0 1
    outer loop
      vertex -1.45342 7.30685 0.799999
      vertex -0.819379 4.1193 0.799999
      vertex -0.97242 7.38626 0.799999
    endloop
  endfacet
  facet normal 0 0 1
    outer loop
      vertex -0.819379 4.1193 0.799999
      vertex -1.45342 7.30685 0.799999
      vertex -1.08704 4.05689 0.799999
    endloop
  endfacet
  facet normal -0 0 1
    outer loop
      vertex -1.9282 7.19615 0.799999
      vertex -1.08704 4.05689 0.799999
      vertex -1.45342 7.30685 0.799999
    endloop
  endfacet
  facet normal 0 0 1
    outer loop
      vertex -1.08704 4.05689 0.799999
      vertex -1.9282 7.19615 0.799999
      vertex -1.35005 3.97711 0.799999
    endloop
  endfacet
  facet normal -0 0 1
    outer loop
      vertex -2.39472 7.05463 0.799999
      vertex -1.35005 3.97711 0.799999
      vertex -1.9282 7.19615 0.799999
    endloop
  endfacet
  facet normal 0 0 1
    outer loop
      vertex -1.35005 3.97711 0.799999
      vertex -2.39472 7.05463 0.799999
      vertex -1.60727 3.88029 0.799999
    endloop
  endfacet
  facet normal -0 0 1
    outer loop
      vertex -2.85099 6.8829 0.799999
      vertex -1.60727 3.88029 0.799999
      vertex -2.39472 7.05463 0.799999
    endloop
  endfacet
  facet normal 0 0 1
    outer loop
      vertex -1.60727 3.88029 0.799999
      vertex -2.85099 6.8829 0.799999
      vertex -1.85761 3.76686 0.799999
    endloop
  endfacet
  facet normal -0 0 1
    outer loop
      vertex -3.29505 6.6817 0.799999
      vertex -1.85761 3.76686 0.799999
      vertex -2.85099 6.8829 0.799999
    endloop
  endfacet
  facet normal 0 0 1
    outer loop
      vertex -1.85761 3.76686 0.799999
      vertex -3.29505 6.6817 0.799999
      vertex -2.1 3.63731 0.799999
    endloop
  endfacet
  facet normal -0 0 1
    outer loop
      vertex -3.725 6.45189 0.799999
      vertex -2.1 3.63731 0.799999
      vertex -3.29505 6.6817 0.799999
    endloop
  endfacet
  facet normal 0 0 1
    outer loop
      vertex -2.1 3.63731 0.799999
      vertex -3.725 6.45189 0.799999
      vertex -2.33339 3.49217 0.799999
    endloop
  endfacet
  facet normal -0 0 1
    outer loop
      vertex -4.139 6.19445 0.799999
      vertex -2.33339 3.49217 0.799999
      vertex -3.725 6.45189 0.799999
    endloop
  endfacet
  facet normal 0 0 1
    outer loop
      vertex -2.33339 3.49217 0.799999
      vertex -4.139 6.19445 0.799999
      vertex -2.5568 3.33208 0.799999
    endloop
  endfacet
  facet normal -0 0 1
    outer loop
      vertex -4.53527 5.91048 0.799999
      vertex -2.5568 3.33208 0.799999
      vertex -4.139 6.19445 0.799999
    endloop
  endfacet
  facet normal 0 0 1
    outer loop
      vertex -2.5568 3.33208 0.799999
      vertex -4.53527 5.91048 0.799999
      vertex -2.76925 3.15773 0.799999
    endloop
  endfacet
  facet normal -0 0 1
    outer loop
      vertex -4.91213 5.60121 0.799999
      vertex -2.76925 3.15773 0.799999
      vertex -4.53527 5.91048 0.799999
    endloop
  endfacet
  facet normal 0 0 1
    outer loop
      vertex -2.76925 3.15773 0.799999
      vertex -4.91213 5.60121 0.799999
      vertex -2.96985 2.96985 0.799999
    endloop
  endfacet
  facet normal -0 0 1
    outer loop
      vertex -5.26795 5.26795 0.799999
      vertex -2.96985 2.96985 0.799999
      vertex -4.91213 5.60121 0.799999
    endloop
  endfacet
  facet normal 0 0 1
    outer loop
      vertex -2.96985 2.96985 0.799999
      vertex -5.26795 5.26795 0.799999
      vertex -3.15773 2.76925 0.799999
    endloop
  endfacet
  facet normal -0 0 1
    outer loop
      vertex -5.60121 4.91213 0.799999
      vertex -3.15773 2.76925 0.799999
      vertex -5.26795 5.26795 0.799999
    endloop
  endfacet
  facet normal 0 0 1
    outer loop
      vertex -3.15773 2.76925 0.799999
      vertex -5.60121 4.91213 0.799999
      vertex -3.33208 2.5568 0.799999
    endloop
  endfacet
  facet normal -0 0 1
    outer loop
      vertex -5.91048 4.53527 0.799999
      vertex -3.33208 2.5568 0.799999
      vertex -5.60121 4.91213 0.799999
    endloop
  endfacet
  facet normal 0 0 1
    outer loop
      vertex -3.33208 2.5568 0.799999
      vertex -5.91048 4.53527 0.799999
      vertex -3.49217 2.33339 0.799999
    endloop
  endfacet
  facet normal -0 0 1
    outer loop
      vertex -6.19445 4.139 0.799999
      vertex -3.49217 2.33339 0.799999
      vertex -5.91048 4.53527 0.799999
    endloop
  endfacet
  facet normal 0 0 1
    outer loop
      vertex -3.49217 2.33339 0.799999
      vertex -6.19445 4.139 0.799999
      vertex -3.63731 2.1 0.799999
    endloop
  endfacet
  facet normal -0 0 1
    outer loop
      vertex -6.45189 3.725 0.799999
      vertex -3.63731 2.1 0.799999
      vertex -6.19445 4.139 0.799999
    endloop
  endfacet
  facet normal 0 0 1
    outer loop
      vertex -3.63731 2.1 0.799999
      vertex -6.45189 3.725 0.799999
      vertex -3.76686 1.85761 0.799999
    endloop
  endfacet
  facet normal -0 0 1
    outer loop
      vertex -6.6817 3.29505 0.799999
      vertex -3.76686 1.85761 0.799999
      vertex -6.45189 3.725 0.799999
    endloop
  endfacet
  facet normal 0 0 1
    outer loop
      vertex 6.6817 -3.29505 0.799999
      vertex 3.76686 -1.85761 0.799999
      vertex 6.45189 -3.725 0.799999
    endloop
  endfacet
  facet normal -0 0 1
    outer loop
      vertex 3.63731 -2.1 0.799999
      vertex 6.45189 -3.725 0.799999
      vertex 3.76686 -1.85761 0.799999
    endloop
  endfacet
  facet normal 0 0 1
    outer loop
      vertex 6.45189 -3.725 0.799999
      vertex 3.63731 -2.1 0.799999
      vertex 6.19445 -4.139 0.799999
    endloop
  endfacet
  facet normal -0 0 1
    outer loop
      vertex 3.49217 -2.33339 0.799999
      vertex 6.19445 -4.139 0.799999
      vertex 3.63731 -2.1 0.799999
    endloop
  endfacet
  facet normal 0 0 1
    outer loop
      vertex 6.19445 -4.139 0.799999
      vertex 3.49217 -2.33339 0.799999
      vertex 5.91048 -4.53527 0.799999
    endloop
  endfacet
  facet normal -0 0 1
    outer loop
      vertex 3.33208 -2.5568 0.799999
      vertex 5.91048 -4.53527 0.799999
      vertex 3.49217 -2.33339 0.799999
    endloop
  endfacet
  facet normal 0 0 1
    outer loop
      vertex 5.91048 -4.53527 0.799999
      vertex 3.33208 -2.5568 0.799999
      vertex 5.60121 -4.91213 0.799999
    endloop
  endfacet
  facet normal -0 0 1
    outer loop
      vertex 3.15773 -2.76925 0.799999
      vertex 5.60121 -4.91213 0.799999
      vertex 3.33208 -2.5568 0.799999
    endloop
  endfacet
  facet normal 0 0 1
    outer loop
      vertex 5.60121 -4.91213 0.799999
      vertex 3.15773 -2.76925 0.799999
      vertex 5.26795 -5.26795 0.799999
    endloop
  endfacet
  facet normal -0 0 1
    outer loop
      vertex 2.96985 -2.96985 0.799999
      vertex 5.26795 -5.26795 0.799999
      vertex 3.15773 -2.76925 0.799999
    endloop
  endfacet
  facet normal 0 0 1
    outer loop
      vertex 5.26795 -5.26795 0.799999
      vertex 2.96985 -2.96985 0.799999
      vertex 4.91213 -5.60121 0.799999
    endloop
  endfacet
  facet normal -0 0 1
    outer loop
      vertex 2.76925 -3.15773 0.799999
      vertex 4.91213 -5.60121 0.799999
      vertex 2.96985 -2.96985 0.799999
    endloop
  endfacet
  facet normal 0 0 1
    outer loop
      vertex 4.91213 -5.60121 0.799999
      vertex 2.76925 -3.15773 0.799999
      vertex 4.53527 -5.91048 0.799999
    endloop
  endfacet
  facet normal -0 0 1
    outer loop
      vertex 2.5568 -3.33208 0.799999
      vertex 4.53527 -5.91048 0.799999
      vertex 2.76925 -3.15773 0.799999
    endloop
  endfacet
  facet normal 0 0 1
    outer loop
      vertex 4.53527 -5.91048 0.799999
      vertex 2.5568 -3.33208 0.799999
      vertex 4.139 -6.19445 0.799999
    endloop
  endfacet
  facet normal -0 0 1
    outer loop
      vertex 2.33339 -3.49217 0.799999
      vertex 4.139 -6.19445 0.799999
      vertex 2.5568 -3.33208 0.799999
    endloop
  endfacet
  facet normal 0 0 1
    outer loop
      vertex 4.139 -6.19445 0.799999
      vertex 2.33339 -3.49217 0.799999
      vertex 3.725 -6.45189 0.799999
    endloop
  endfacet
  facet normal -0 0 1
    outer loop
      vertex 2.1 -3.63731 0.799999
      vertex 3.725 -6.45189 0.799999
      vertex 2.33339 -3.49217 0.799999
    endloop
  endfacet
  facet normal 0 0 1
    outer loop
      vertex 3.725 -6.45189 0.799999
      vertex 2.1 -3.63731 0.799999
      vertex 3.29505 -6.6817 0.799999
    endloop
  endfacet
  facet normal -0 0 1
    outer loop
      vertex 1.85761 -3.76686 0.799999
      vertex 3.29505 -6.6817 0.799999
      vertex 2.1 -3.63731 0.799999
    endloop
  endfacet
  facet normal 0 0 1
    outer loop
      vertex 3.29505 -6.6817 0.799999
      vertex 1.85761 -3.76686 0.799999
      vertex 2.85099 -6.8829 0.799999
    endloop
  endfacet
  facet normal -0 0 1
    outer loop
      vertex 1.60727 -3.88029 0.799999
      vertex 2.85099 -6.8829 0.799999
      vertex 1.85761 -3.76686 0.799999
    endloop
  endfacet
  facet normal 0 0 1
    outer loop
      vertex 2.85099 -6.8829 0.799999
      vertex 1.60727 -3.88029 0.799999
      vertex 2.39472 -7.05463 0.799999
    endloop
  endfacet
  facet normal -0 0 1
    outer loop
      vertex 1.35005 -3.97711 0.799999
      vertex 2.39472 -7.05463 0.799999
      vertex 1.60727 -3.88029 0.799999
    endloop
  endfacet
  facet normal 0 0 1
    outer loop
      vertex 2.39472 -7.05463 0.799999
      vertex 1.35005 -3.97711 0.799999
      vertex 1.9282 -7.19615 0.799999
    endloop
  endfacet
  facet normal -0 0 1
    outer loop
      vertex 1.08704 -4.05689 0.799999
      vertex 1.9282 -7.19615 0.799999
      vertex 1.35005 -3.97711 0.799999
    endloop
  endfacet
  facet normal 0 0 1
    outer loop
      vertex 1.9282 -7.19615 0.799999
      vertex 1.08704 -4.05689 0.799999
      vertex 1.45342 -7.30685 0.799999
    endloop
  endfacet
  facet normal -0 0 1
    outer loop
      vertex 0.819379 -4.1193 0.799999
      vertex 1.45342 -7.30685 0.799999
      vertex 1.08704 -4.05689 0.799999
    endloop
  endfacet
  facet normal 0 0 1
    outer loop
      vertex 1.45342 -7.30685 0.799999
      vertex 0.819379 -4.1193 0.799999
      vertex 0.97242 -7.38626 0.799999
    endloop
  endfacet
  facet normal -0 0 1
    outer loop
      vertex 0.548209 -4.16407 0.799999
      vertex 0.97242 -7.38626 0.799999
      vertex 0.819379 -4.1193 0.799999
    endloop
  endfacet
  facet normal 0 0 1
    outer loop
      vertex 0.548209 -4.16407 0.799999
      vertex 0.487253 -7.43405 0.799999
      vertex 0.97242 -7.38626 0.799999
    endloop
  endfacet
  facet normal -0 0 1
    outer loop
      vertex 0.274693 -4.19101 0.799999
      vertex 0.487253 -7.43405 0.799999
      vertex 0.548209 -4.16407 0.799999
    endloop
  endfacet
  facet normal -0 0 1
    outer loop
      vertex 0 -4.2 0.799999
      vertex 0.487253 -7.43405 0.799999
      vertex 0.274693 -4.19101 0.799999
    endloop
  endfacet
  facet normal 0 0 1
    outer loop
      vertex 0 -4.2 0.799999
      vertex 0 -7.45 0.799999
      vertex 0.487253 -7.43405 0.799999
    endloop
  endfacet
  facet normal 0 0 1
    outer loop
      vertex -0.274693 -4.19101 0.799999
      vertex 0 -7.45 0.799999
      vertex 0 -4.2 0.799999
    endloop
  endfacet
  facet normal 0 0 1
    outer loop
      vertex -0.274693 -4.19101 0.799999
      vertex -0.487253 -7.43405 0.799999
      vertex 0 -7.45 0.799999
    endloop
  endfacet
  facet normal 0 0 1
    outer loop
      vertex -0.548209 -4.16407 0.799999
      vertex -0.487253 -7.43405 0.799999
      vertex -0.274693 -4.19101 0.799999
    endloop
  endfacet
  facet normal 0 0 1
    outer loop
      vertex -0.97242 -7.38626 0.799999
      vertex -0.548209 -4.16407 0.799999
      vertex -0.819379 -4.1193 0.799999
    endloop
  endfacet
  facet normal 0 0 1
    outer loop
      vertex -0.548209 -4.16407 0.799999
      vertex -0.97242 -7.38626 0.799999
      vertex -0.487253 -7.43405 0.799999
    endloop
  endfacet
  facet normal 0 0 1
    outer loop
      vertex -1.45342 -7.30685 0.799999
      vertex -0.819379 -4.1193 0.799999
      vertex -1.08704 -4.05689 0.799999
    endloop
  endfacet
  facet normal 0 0 1
    outer loop
      vertex -1.9282 -7.19615 0.799999
      vertex -1.08704 -4.05689 0.799999
      vertex -1.35005 -3.97711 0.799999
    endloop
  endfacet
  facet normal 0 0 1
    outer loop
      vertex -0.819379 -4.1193 0.799999
      vertex -1.45342 -7.30685 0.799999
      vertex -0.97242 -7.38626 0.799999
    endloop
  endfacet
  facet normal 0 0 1
    outer loop
      vertex -2.39472 -7.05463 0.799999
      vertex -1.35005 -3.97711 0.799999
      vertex -1.60727 -3.88029 0.799999
    endloop
  endfacet
  facet normal 0 0 1
    outer loop
      vertex -2.85099 -6.8829 0.799999
      vertex -1.60727 -3.88029 0.799999
      vertex -1.85761 -3.76686 0.799999
    endloop
  endfacet
  facet normal 0 0 1
    outer loop
      vertex -1.08704 -4.05689 0.799999
      vertex -1.9282 -7.19615 0.799999
      vertex -1.45342 -7.30685 0.799999
    endloop
  endfacet
  facet normal 0 0 1
    outer loop
      vertex -3.29505 -6.6817 0.799999
      vertex -1.85761 -3.76686 0.799999
      vertex -2.1 -3.63731 0.799999
    endloop
  endfacet
  facet normal 0 0 1
    outer loop
      vertex -3.725 -6.45189 0.799999
      vertex -2.1 -3.63731 0.799999
      vertex -2.33339 -3.49217 0.799999
    endloop
  endfacet
  facet normal 0 0 1
    outer loop
      vertex -1.35005 -3.97711 0.799999
      vertex -2.39472 -7.05463 0.799999
      vertex -1.9282 -7.19615 0.799999
    endloop
  endfacet
  facet normal 0 0 1
    outer loop
      vertex -4.139 -6.19445 0.799999
      vertex -2.33339 -3.49217 0.799999
      vertex -2.5568 -3.33208 0.799999
    endloop
  endfacet
  facet normal 0 0 1
    outer loop
      vertex -4.53527 -5.91048 0.799999
      vertex -2.5568 -3.33208 0.799999
      vertex -2.76925 -3.15773 0.799999
    endloop
  endfacet
  facet normal 0 0 1
    outer loop
      vertex -1.60727 -3.88029 0.799999
      vertex -2.85099 -6.8829 0.799999
      vertex -2.39472 -7.05463 0.799999
    endloop
  endfacet
  facet normal 0 0 1
    outer loop
      vertex -4.91213 -5.60121 0.799999
      vertex -2.76925 -3.15773 0.799999
      vertex -2.96985 -2.96985 0.799999
    endloop
  endfacet
  facet normal 0 0 1
    outer loop
      vertex -5.26795 -5.26795 0.799999
      vertex -2.96985 -2.96985 0.799999
      vertex -3.15773 -2.76925 0.799999
    endloop
  endfacet
  facet normal 0 0 1
    outer loop
      vertex -1.85761 -3.76686 0.799999
      vertex -3.29505 -6.6817 0.799999
      vertex -2.85099 -6.8829 0.799999
    endloop
  endfacet
  facet normal 0 0 1
    outer loop
      vertex -5.60121 -4.91213 0.799999
      vertex -3.15773 -2.76925 0.799999
      vertex -3.33208 -2.5568 0.799999
    endloop
  endfacet
  facet normal 0 0 1
    outer loop
      vertex -5.91048 -4.53527 0.799999
      vertex -3.33208 -2.5568 0.799999
      vertex -3.49217 -2.33339 0.799999
    endloop
  endfacet
  facet normal 0 0 1
    outer loop
      vertex -6.19445 -4.139 0.799999
      vertex -3.49217 -2.33339 0.799999
      vertex -3.63731 -2.1 0.799999
    endloop
  endfacet
  facet normal 0 0 1
    outer loop
      vertex -2.1 -3.63731 0.799999
      vertex -3.725 -6.45189 0.799999
      vertex -3.29505 -6.6817 0.799999
    endloop
  endfacet
  facet normal 0 0 1
    outer loop
      vertex -6.45189 -3.725 0.799999
      vertex -3.63731 -2.1 0.799999
      vertex -3.76686 -1.85761 0.799999
    endloop
  endfacet
  facet normal 0 0 1
    outer loop
      vertex -6.6817 -3.29505 0.799999
      vertex -3.76686 -1.85761 0.799999
      vertex -3.88029 -1.60727 0.799999
    endloop
  endfacet
  facet normal 0 0 1
    outer loop
      vertex -6.8829 -2.85099 0.799999
      vertex -3.88029 -1.60727 0.799999
      vertex -3.97711 -1.35005 0.799999
    endloop
  endfacet
  facet normal 0 0 1
    outer loop
      vertex -7.05463 -2.39472 0.799999
      vertex -3.97711 -1.35005 0.799999
      vertex -4.05689 -1.08704 0.799999
    endloop
  endfacet
  facet normal 0 0 1
    outer loop
      vertex -7.19615 -1.9282 0.799999
      vertex -4.05689 -1.08704 0.799999
      vertex -4.1193 -0.819379 0.799999
    endloop
  endfacet
  facet normal 0 0 1
    outer loop
      vertex -2.33339 -3.49217 0.799999
      vertex -4.139 -6.19445 0.799999
      vertex -3.725 -6.45189 0.799999
    endloop
  endfacet
  facet normal 0 0 1
    outer loop
      vertex -7.30685 -1.45342 0.799999
      vertex -4.1193 -0.819379 0.799999
      vertex -4.16407 -0.548209 0.799999
    endloop
  endfacet
  facet normal 0 0 1
    outer loop
      vertex -7.38626 -0.97242 0.799999
      vertex -4.16407 -0.548209 0.799999
      vertex -4.19101 -0.274693 0.799999
    endloop
  endfacet
  facet normal 0 0 1
    outer loop
      vertex -7.43405 -0.487253 0.799999
      vertex -4.19101 -0.274693 0.799999
      vertex -4.2 0 0.799999
    endloop
  endfacet
  facet normal 0 0 1
    outer loop
      vertex -3.76686 1.85761 0.799999
      vertex -6.6817 3.29505 0.799999
      vertex -3.88029 1.60727 0.799999
    endloop
  endfacet
  facet normal 0 0 1
    outer loop
      vertex -2.5568 -3.33208 0.799999
      vertex -4.53527 -5.91048 0.799999
      vertex -4.139 -6.19445 0.799999
    endloop
  endfacet
  facet normal -0 0 1
    outer loop
      vertex -6.8829 2.85099 0.799999
      vertex -3.88029 1.60727 0.799999
      vertex -6.6817 3.29505 0.799999
    endloop
  endfacet
  facet normal 0 0 1
    outer loop
      vertex -2.76925 -3.15773 0.799999
      vertex -4.91213 -5.60121 0.799999
      vertex -4.53527 -5.91048 0.799999
    endloop
  endfacet
  facet normal 0 0 1
    outer loop
      vertex -3.88029 1.60727 0.799999
      vertex -6.8829 2.85099 0.799999
      vertex -3.97711 1.35005 0.799999
    endloop
  endfacet
  facet normal 0 0 1
    outer loop
      vertex -2.96985 -2.96985 0.799999
      vertex -5.26795 -5.26795 0.799999
      vertex -4.91213 -5.60121 0.799999
    endloop
  endfacet
  facet normal -0 0 1
    outer loop
      vertex -7.05463 2.39472 0.799999
      vertex -3.97711 1.35005 0.799999
      vertex -6.8829 2.85099 0.799999
    endloop
  endfacet
  facet normal 0 0 1
    outer loop
      vertex -3.15773 -2.76925 0.799999
      vertex -5.60121 -4.91213 0.799999
      vertex -5.26795 -5.26795 0.799999
    endloop
  endfacet
  facet normal 0 0 1
    outer loop
      vertex -3.97711 1.35005 0.799999
      vertex -7.05463 2.39472 0.799999
      vertex -4.05689 1.08704 0.799999
    endloop
  endfacet
  facet normal 0 0 1
    outer loop
      vertex -3.33208 -2.5568 0.799999
      vertex -5.91048 -4.53527 0.799999
      vertex -5.60121 -4.91213 0.799999
    endloop
  endfacet
  facet normal -0 0 1
    outer loop
      vertex -7.19615 1.9282 0.799999
      vertex -4.05689 1.08704 0.799999
      vertex -7.05463 2.39472 0.799999
    endloop
  endfacet
  facet normal 0 0 1
    outer loop
      vertex -3.49217 -2.33339 0.799999
      vertex -6.19445 -4.139 0.799999
      vertex -5.91048 -4.53527 0.799999
    endloop
  endfacet
  facet normal 0 0 1
    outer loop
      vertex -4.05689 1.08704 0.799999
      vertex -7.19615 1.9282 0.799999
      vertex -4.1193 0.819379 0.799999
    endloop
  endfacet
  facet normal 0 0 1
    outer loop
      vertex -3.63731 -2.1 0.799999
      vertex -6.45189 -3.725 0.799999
      vertex -6.19445 -4.139 0.799999
    endloop
  endfacet
  facet normal -0 0 1
    outer loop
      vertex -7.30685 1.45342 0.799999
      vertex -4.1193 0.819379 0.799999
      vertex -7.19615 1.9282 0.799999
    endloop
  endfacet
  facet normal 0 0 1
    outer loop
      vertex -3.76686 -1.85761 0.799999
      vertex -6.6817 -3.29505 0.799999
      vertex -6.45189 -3.725 0.799999
    endloop
  endfacet
  facet normal 0 0 1
    outer loop
      vertex -4.1193 0.819379 0.799999
      vertex -7.30685 1.45342 0.799999
      vertex -4.16407 0.548209 0.799999
    endloop
  endfacet
  facet normal 0 0 1
    outer loop
      vertex -3.88029 -1.60727 0.799999
      vertex -6.8829 -2.85099 0.799999
      vertex -6.6817 -3.29505 0.799999
    endloop
  endfacet
  facet normal -0 0 1
    outer loop
      vertex -7.38626 0.97242 0.799999
      vertex -4.16407 0.548209 0.799999
      vertex -7.30685 1.45342 0.799999
    endloop
  endfacet
  facet normal 0 0 1
    outer loop
      vertex -3.97711 -1.35005 0.799999
      vertex -7.05463 -2.39472 0.799999
      vertex -6.8829 -2.85099 0.799999
    endloop
  endfacet
  facet normal 0 0 1
    outer loop
      vertex -4.16407 0.548209 0.799999
      vertex -7.38626 0.97242 0.799999
      vertex -4.19101 0.274693 0.799999
    endloop
  endfacet
  facet normal 0 0 1
    outer loop
      vertex -4.05689 -1.08704 0.799999
      vertex -7.19615 -1.9282 0.799999
      vertex -7.05463 -2.39472 0.799999
    endloop
  endfacet
  facet normal -0 0 1
    outer loop
      vertex -7.43405 0.487253 0.799999
      vertex -4.19101 0.274693 0.799999
      vertex -7.38626 0.97242 0.799999
    endloop
  endfacet
  facet normal 0 0 1
    outer loop
      vertex -4.1193 -0.819379 0.799999
      vertex -7.30685 -1.45342 0.799999
      vertex -7.19615 -1.9282 0.799999
    endloop
  endfacet
  facet normal 0 0 1
    outer loop
      vertex -4.19101 0.274693 0.799999
      vertex -7.43405 0.487253 0.799999
      vertex -4.2 0 0.799999
    endloop
  endfacet
  facet normal 0 0 1
    outer loop
      vertex -4.16407 -0.548209 0.799999
      vertex -7.38626 -0.97242 0.799999
      vertex -7.30685 -1.45342 0.799999
    endloop
  endfacet
  facet normal 0 0 1
    outer loop
      vertex -7.45 0 0.799999
      vertex -4.2 0 0.799999
      vertex -7.43405 0.487253 0.799999
    endloop
  endfacet
  facet normal 0 0 1
    outer loop
      vertex -4.19101 -0.274693 0.799999
      vertex -7.43405 -0.487253 0.799999
      vertex -7.38626 -0.97242 0.799999
    endloop
  endfacet
  facet normal 0 0 1
    outer loop
      vertex -4.2 0 0.799999
      vertex -7.45 0 0.799999
      vertex -7.43405 -0.487253 0.799999
    endloop
  endfacet
  facet normal 0.849204 -0.528065 0
    outer loop
      vertex 6.19445 -4.139 0.799999
      vertex 6.45189 -3.725 0
      vertex 6.45189 -3.725 0.799999
    endloop
  endfacet
  facet normal 0.849204 -0.528065 0
    outer loop
      vertex 6.45189 -3.725 0
      vertex 6.19445 -4.139 0.799999
      vertex 6.19445 -4.139 0
    endloop
  endfacet
  facet normal 0.528065 -0.849204 0
    outer loop
      vertex 3.725 -6.45189 0
      vertex 4.139 -6.19445 0.799999
      vertex 3.725 -6.45189 0.799999
    endloop
  endfacet
  facet normal 0.528065 -0.849204 0
    outer loop
      vertex 4.139 -6.19445 0.799999
      vertex 3.725 -6.45189 0
      vertex 4.139 -6.19445 0
    endloop
  endfacet
  facet normal 0.773022 0.63438 0
    outer loop
      vertex 5.91048 4.53527 0.799999
      vertex 5.60121 4.91213 0
      vertex 5.60121 4.91213 0.799999
    endloop
  endfacet
  facet normal 0.773022 0.63438 0
    outer loop
      vertex 5.60121 4.91213 0
      vertex 5.91048 4.53527 0.799999
      vertex 5.91048 4.53527 0
    endloop
  endfacet
  facet normal -0.773022 0.63438 0
    outer loop
      vertex -5.91048 4.53527 0
      vertex -5.60121 4.91213 0.799999
      vertex -5.60121 4.91213 0
    endloop
  endfacet
  facet normal -0.773022 0.63438 0
    outer loop
      vertex -5.60121 4.91213 0.799999
      vertex -5.91048 4.53527 0
      vertex -5.91048 4.53527 0.799999
    endloop
  endfacet
  facet normal -0.29029 -0.956939 0
    outer loop
      vertex -2.39472 -7.05463 0
      vertex -1.9282 -7.19615 0.799999
      vertex -2.39472 -7.05463 0.799999
    endloop
  endfacet
  facet normal -0.29029 -0.956939 -0
    outer loop
      vertex -1.9282 -7.19615 0.799999
      vertex -2.39472 -7.05463 0
      vertex -1.9282 -7.19615 0
    endloop
  endfacet
  facet normal -0.973878 -0.22707 0
    outer loop
      vertex -7.19615 -1.9282 0
      vertex -7.30685 -1.45342 0.799999
      vertex -7.30685 -1.45342 0
    endloop
  endfacet
  facet normal -0.973878 -0.22707 0
    outer loop
      vertex -7.30685 -1.45342 0.799999
      vertex -7.19615 -1.9282 0
      vertex -7.19615 -1.9282 0.799999
    endloop
  endfacet
  facet normal -0.528065 0.849204 0
    outer loop
      vertex -3.725 6.45189 0
      vertex -4.139 6.19445 0.799999
      vertex -3.725 6.45189 0.799999
    endloop
  endfacet
  facet normal -0.528065 0.849204 0
    outer loop
      vertex -4.139 6.19445 0.799999
      vertex -3.725 6.45189 0
      vertex -4.139 6.19445 0
    endloop
  endfacet
  facet normal -0.528065 -0.849204 0
    outer loop
      vertex -4.139 -6.19445 0
      vertex -3.725 -6.45189 0.799999
      vertex -4.139 -6.19445 0.799999
    endloop
  endfacet
  facet normal -0.528065 -0.849204 -0
    outer loop
      vertex -3.725 -6.45189 0.799999
      vertex -4.139 -6.19445 0
      vertex -3.725 -6.45189 0
    endloop
  endfacet
  facet normal -0.999465 0.032717 0
    outer loop
      vertex -7.45 0 0
      vertex -7.43405 0.487253 0.799999
      vertex -7.43405 0.487253 0
    endloop
  endfacet
  facet normal -0.999465 0.032717 0
    outer loop
      vertex -7.43405 0.487253 0.799999
      vertex -7.45 0 0
      vertex -7.45 0 0.799999
    endloop
  endfacet
  facet normal 0.22707 0.973878 -0
    outer loop
      vertex 1.9282 7.19615 0
      vertex 1.45342 7.30685 0.799999
      vertex 1.9282 7.19615 0.799999
    endloop
  endfacet
  facet normal 0.22707 0.973878 0
    outer loop
      vertex 1.45342 7.30685 0.799999
      vertex 1.9282 7.19615 0
      vertex 1.45342 7.30685 0
    endloop
  endfacet
  facet normal 0.63438 -0.773022 0
    outer loop
      vertex 4.53527 -5.91048 0
      vertex 4.91213 -5.60121 0.799999
      vertex 4.53527 -5.91048 0.799999
    endloop
  endfacet
  facet normal 0.63438 -0.773022 0
    outer loop
      vertex 4.91213 -5.60121 0.799999
      vertex 4.53527 -5.91048 0
      vertex 4.91213 -5.60121 0
    endloop
  endfacet
  facet normal -0.412705 -0.910865 0
    outer loop
      vertex -3.29505 -6.6817 0
      vertex -2.85099 -6.8829 0.799999
      vertex -3.29505 -6.6817 0.799999
    endloop
  endfacet
  facet normal -0.412705 -0.910865 -0
    outer loop
      vertex -2.85099 -6.8829 0.799999
      vertex -3.29505 -6.6817 0
      vertex -2.85099 -6.8829 0
    endloop
  endfacet
  facet normal -0.995184 -0.0980208 0
    outer loop
      vertex 4.19101 0.274693 0
      vertex 4.16407 0.548209 0.799999
      vertex 4.16407 0.548209 0
    endloop
  endfacet
  facet normal -0.995184 -0.0980208 0
    outer loop
      vertex 4.16407 0.548209 0.799999
      vertex 4.19101 0.274693 0
      vertex 4.19101 0.274693 0.799999
    endloop
  endfacet
  facet normal -0.999465 -0.0327099 0
    outer loop
      vertex 4.2 0 0
      vertex 4.19101 0.274693 0.799999
      vertex 4.19101 0.274693 0
    endloop
  endfacet
  facet normal -0.999465 -0.0327099 0
    outer loop
      vertex 4.19101 0.274693 0.799999
      vertex 4.2 0 0
      vertex 4.2 0 0.799999
    endloop
  endfacet
  facet normal -0.986644 -0.162894 0
    outer loop
      vertex 4.16407 0.548209 0
      vertex 4.1193 0.819379 0.799999
      vertex 4.1193 0.819379 0
    endloop
  endfacet
  facet normal -0.986644 -0.162894 0
    outer loop
      vertex 4.1193 0.819379 0.799999
      vertex 4.16407 0.548209 0
      vertex 4.16407 0.548209 0.799999
    endloop
  endfacet
  facet normal -0.162894 -0.986644 0
    outer loop
      vertex 0.548209 4.16407 0
      vertex 0.819379 4.1193 0.799999
      vertex 0.548209 4.16407 0.799999
    endloop
  endfacet
  facet normal -0.162894 -0.986644 -0
    outer loop
      vertex 0.819379 4.1193 0.799999
      vertex 0.548209 4.16407 0
      vertex 0.819379 4.1193 0
    endloop
  endfacet
  facet normal -0.910861 0.412714 0
    outer loop
      vertex 3.76686 -1.85761 0
      vertex 3.88029 -1.60727 0.799999
      vertex 3.88029 -1.60727 0
    endloop
  endfacet
  facet normal -0.910861 0.412714 0
    outer loop
      vertex 3.88029 -1.60727 0.799999
      vertex 3.76686 -1.85761 0
      vertex 3.76686 -1.85761 0.799999
    endloop
  endfacet
  facet normal -0.973877 -0.227077 0
    outer loop
      vertex 4.1193 0.819379 0
      vertex 4.05689 1.08704 0.799999
      vertex 4.05689 1.08704 0
    endloop
  endfacet
  facet normal -0.973877 -0.227077 0
    outer loop
      vertex 4.05689 1.08704 0.799999
      vertex 4.1193 0.819379 0
      vertex 4.1193 0.819379 0.799999
    endloop
  endfacet
  facet normal 0.683588 0.729868 -0
    outer loop
      vertex -2.76925 -3.15773 0
      vertex -2.96985 -2.96985 0.799999
      vertex -2.76925 -3.15773 0.799999
    endloop
  endfacet
  facet normal 0.683588 0.729868 0
    outer loop
      vertex -2.96985 -2.96985 0.799999
      vertex -2.76925 -3.15773 0
      vertex -2.96985 -2.96985 0
    endloop
  endfacet
  facet normal -0.528091 -0.849188 0
    outer loop
      vertex 2.1 3.63731 0
      vertex 2.33339 3.49217 0.799999
      vertex 2.1 3.63731 0.799999
    endloop
  endfacet
  facet normal -0.528091 -0.849188 -0
    outer loop
      vertex 2.33339 3.49217 0.799999
      vertex 2.1 3.63731 0
      vertex 2.33339 3.49217 0
    endloop
  endfacet
  facet normal 0.812852 0.58247 0
    outer loop
      vertex -3.33208 -2.5568 0.799999
      vertex -3.49217 -2.33339 0
      vertex -3.49217 -2.33339 0.799999
    endloop
  endfacet
  facet normal 0.812852 0.58247 0
    outer loop
      vertex -3.49217 -2.33339 0
      vertex -3.33208 -2.5568 0.799999
      vertex -3.33208 -2.5568 0
    endloop
  endfacet
  facet normal -0.227077 0.973877 0
    outer loop
      vertex 1.08704 -4.05689 0
      vertex 0.819379 -4.1193 0.799999
      vertex 1.08704 -4.05689 0.799999
    endloop
  endfacet
  facet normal -0.227077 0.973877 0
    outer loop
      vertex 0.819379 -4.1193 0.799999
      vertex 1.08704 -4.05689 0
      vertex 0.819379 -4.1193 0
    endloop
  endfacet
  facet normal 0.995184 0.0980208 0
    outer loop
      vertex -4.16407 -0.548209 0.799999
      vertex -4.19101 -0.274693 0
      vertex -4.19101 -0.274693 0.799999
    endloop
  endfacet
  facet normal 0.995184 0.0980208 0
    outer loop
      vertex -4.19101 -0.274693 0
      vertex -4.16407 -0.548209 0.799999
      vertex -4.16407 -0.548209 0
    endloop
  endfacet
  facet normal 0.849188 0.528091 0
    outer loop
      vertex -3.49217 -2.33339 0.799999
      vertex -3.63731 -2.1 0
      vertex -3.63731 -2.1 0.799999
    endloop
  endfacet
  facet normal 0.849188 0.528091 0
    outer loop
      vertex -3.63731 -2.1 0
      vertex -3.49217 -2.33339 0.799999
      vertex -3.49217 -2.33339 0
    endloop
  endfacet
  facet normal -0.773016 0.634386 0
    outer loop
      vertex 3.15773 -2.76925 0
      vertex 3.33208 -2.5568 0.799999
      vertex 3.33208 -2.5568 0
    endloop
  endfacet
  facet normal -0.773016 0.634386 0
    outer loop
      vertex 3.33208 -2.5568 0.799999
      vertex 3.15773 -2.76925 0
      vertex 3.15773 -2.76925 0.799999
    endloop
  endfacet
  facet normal 0.528091 0.849188 -0
    outer loop
      vertex -2.1 -3.63731 0
      vertex -2.33339 -3.49217 0.799999
      vertex -2.1 -3.63731 0.799999
    endloop
  endfacet
  facet normal 0.528091 0.849188 0
    outer loop
      vertex -2.33339 -3.49217 0.799999
      vertex -2.1 -3.63731 0
      vertex -2.33339 -3.49217 0
    endloop
  endfacet
  facet normal 0.986644 -0.162894 0
    outer loop
      vertex -4.16407 0.548209 0.799999
      vertex -4.1193 0.819379 0
      vertex -4.1193 0.819379 0.799999
    endloop
  endfacet
  facet normal 0.986644 -0.162894 0
    outer loop
      vertex -4.1193 0.819379 0
      vertex -4.16407 0.548209 0.799999
      vertex -4.16407 0.548209 0
    endloop
  endfacet
  facet normal -0.0327099 0.999465 0
    outer loop
      vertex 0.274693 -4.19101 0
      vertex 0 -4.2 0.799999
      vertex 0.274693 -4.19101 0.799999
    endloop
  endfacet
  facet normal -0.0327099 0.999465 0
    outer loop
      vertex 0 -4.2 0.799999
      vertex 0.274693 -4.19101 0
      vertex 0 -4.2 0
    endloop
  endfacet
  facet normal 0.162894 -0.986644 0
    outer loop
      vertex -0.819379 4.1193 0
      vertex -0.548209 4.16407 0.799999
      vertex -0.819379 4.1193 0.799999
    endloop
  endfacet
  facet normal 0.162894 -0.986644 0
    outer loop
      vertex -0.548209 4.16407 0.799999
      vertex -0.819379 4.1193 0
      vertex -0.548209 4.16407 0
    endloop
  endfacet
  facet normal -0.58247 -0.812852 0
    outer loop
      vertex 2.33339 3.49217 0
      vertex 2.5568 3.33208 0.799999
      vertex 2.33339 3.49217 0.799999
    endloop
  endfacet
  facet normal -0.58247 -0.812852 -0
    outer loop
      vertex 2.5568 3.33208 0.799999
      vertex 2.33339 3.49217 0
      vertex 2.5568 3.33208 0
    endloop
  endfacet
  facet normal 0.528091 -0.849188 0
    outer loop
      vertex -2.33339 3.49217 0
      vertex -2.1 3.63731 0.799999
      vertex -2.33339 3.49217 0.799999
    endloop
  endfacet
  facet normal 0.528091 -0.849188 0
    outer loop
      vertex -2.1 3.63731 0.799999
      vertex -2.33339 3.49217 0
      vertex -2.1 3.63731 0
    endloop
  endfacet
  facet normal -0.910861 -0.412714 0
    outer loop
      vertex 3.88029 1.60727 0
      vertex 3.76686 1.85761 0.799999
      vertex 3.76686 1.85761 0
    endloop
  endfacet
  facet normal -0.910861 -0.412714 0
    outer loop
      vertex 3.76686 1.85761 0.799999
      vertex 3.88029 1.60727 0
      vertex 3.88029 1.60727 0.799999
    endloop
  endfacet
  facet normal 0.935895 0.35228 0
    outer loop
      vertex -3.88029 -1.60727 0.799999
      vertex -3.97711 -1.35005 0
      vertex -3.97711 -1.35005 0.799999
    endloop
  endfacet
  facet normal 0.935895 0.35228 0
    outer loop
      vertex -3.97711 -1.35005 0
      vertex -3.88029 -1.60727 0.799999
      vertex -3.88029 -1.60727 0
    endloop
  endfacet
  facet normal -0.634386 -0.773016 0
    outer loop
      vertex 2.5568 3.33208 0
      vertex 2.76925 3.15773 0.799999
      vertex 2.5568 3.33208 0.799999
    endloop
  endfacet
  facet normal -0.634386 -0.773016 -0
    outer loop
      vertex 2.76925 3.15773 0.799999
      vertex 2.5568 3.33208 0
      vertex 2.76925 3.15773 0
    endloop
  endfacet
  facet normal -0.528091 0.849188 0
    outer loop
      vertex 2.33339 -3.49217 0
      vertex 2.1 -3.63731 0.799999
      vertex 2.33339 -3.49217 0.799999
    endloop
  endfacet
  facet normal -0.528091 0.849188 0
    outer loop
      vertex 2.1 -3.63731 0.799999
      vertex 2.33339 -3.49217 0
      vertex 2.1 -3.63731 0
    endloop
  endfacet
  facet normal -0.412714 0.910861 0
    outer loop
      vertex 1.85761 -3.76686 0
      vertex 1.60727 -3.88029 0.799999
      vertex 1.85761 -3.76686 0.799999
    endloop
  endfacet
  facet normal -0.412714 0.910861 0
    outer loop
      vertex 1.60727 -3.88029 0.799999
      vertex 1.85761 -3.76686 0
      vertex 1.60727 -3.88029 0
    endloop
  endfacet
  facet normal 0.773016 -0.634386 0
    outer loop
      vertex -3.33208 2.5568 0.799999
      vertex -3.15773 2.76925 0
      vertex -3.15773 2.76925 0.799999
    endloop
  endfacet
  facet normal 0.773016 -0.634386 0
    outer loop
      vertex -3.15773 2.76925 0
      vertex -3.33208 2.5568 0.799999
      vertex -3.33208 2.5568 0
    endloop
  endfacet
  facet normal -0.812852 -0.58247 0
    outer loop
      vertex 3.49217 2.33339 0
      vertex 3.33208 2.5568 0.799999
      vertex 3.33208 2.5568 0
    endloop
  endfacet
  facet normal -0.812852 -0.58247 0
    outer loop
      vertex 3.33208 2.5568 0.799999
      vertex 3.49217 2.33339 0
      vertex 3.49217 2.33339 0.799999
    endloop
  endfacet
  facet normal 0.999465 0.0327099 0
    outer loop
      vertex -4.19101 -0.274693 0.799999
      vertex -4.2 0 0
      vertex -4.2 0 0.799999
    endloop
  endfacet
  facet normal 0.999465 0.0327099 0
    outer loop
      vertex -4.2 0 0
      vertex -4.19101 -0.274693 0.799999
      vertex -4.19101 -0.274693 0
    endloop
  endfacet
  facet normal -0.35228 -0.935895 0
    outer loop
      vertex 1.35005 3.97711 0
      vertex 1.60727 3.88029 0.799999
      vertex 1.35005 3.97711 0.799999
    endloop
  endfacet
  facet normal -0.35228 -0.935895 -0
    outer loop
      vertex 1.60727 3.88029 0.799999
      vertex 1.35005 3.97711 0
      vertex 1.60727 3.88029 0
    endloop
  endfacet
  facet normal -0.162894 0.986644 0
    outer loop
      vertex 0.819379 -4.1193 0
      vertex 0.548209 -4.16407 0.799999
      vertex 0.819379 -4.1193 0.799999
    endloop
  endfacet
  facet normal -0.162894 0.986644 0
    outer loop
      vertex 0.548209 -4.16407 0.799999
      vertex 0.819379 -4.1193 0
      vertex 0.548209 -4.16407 0
    endloop
  endfacet
  facet normal 0.986644 0.162894 0
    outer loop
      vertex -4.1193 -0.819379 0.799999
      vertex -4.16407 -0.548209 0
      vertex -4.16407 -0.548209 0.799999
    endloop
  endfacet
  facet normal 0.986644 0.162894 0
    outer loop
      vertex -4.16407 -0.548209 0
      vertex -4.1193 -0.819379 0.799999
      vertex -4.1193 -0.819379 0
    endloop
  endfacet
  facet normal 0.995184 -0.0980208 0
    outer loop
      vertex -4.19101 0.274693 0.799999
      vertex -4.16407 0.548209 0
      vertex -4.16407 0.548209 0.799999
    endloop
  endfacet
  facet normal 0.995184 -0.0980208 0
    outer loop
      vertex -4.16407 0.548209 0
      vertex -4.19101 0.274693 0.799999
      vertex -4.19101 0.274693 0
    endloop
  endfacet
  facet normal -0.35228 0.935895 0
    outer loop
      vertex 1.60727 -3.88029 0
      vertex 1.35005 -3.97711 0.799999
      vertex 1.60727 -3.88029 0.799999
    endloop
  endfacet
  facet normal -0.35228 0.935895 0
    outer loop
      vertex 1.35005 -3.97711 0.799999
      vertex 1.60727 -3.88029 0
      vertex 1.35005 -3.97711 0
    endloop
  endfacet
  facet normal -0.683588 -0.729868 0
    outer loop
      vertex 2.76925 3.15773 0
      vertex 2.96985 2.96985 0.799999
      vertex 2.76925 3.15773 0.799999
    endloop
  endfacet
  facet normal -0.683588 -0.729868 -0
    outer loop
      vertex 2.96985 2.96985 0.799999
      vertex 2.76925 3.15773 0
      vertex 2.96985 2.96985 0
    endloop
  endfacet
  facet normal 0.162894 0.986644 -0
    outer loop
      vertex -0.548209 -4.16407 0
      vertex -0.819379 -4.1193 0.799999
      vertex -0.548209 -4.16407 0.799999
    endloop
  endfacet
  facet normal 0.162894 0.986644 0
    outer loop
      vertex -0.819379 -4.1193 0.799999
      vertex -0.548209 -4.16407 0
      vertex -0.819379 -4.1193 0
    endloop
  endfacet
  facet normal -0.729868 -0.683588 0
    outer loop
      vertex 3.15773 2.76925 0
      vertex 2.96985 2.96985 0.799999
      vertex 2.96985 2.96985 0
    endloop
  endfacet
  facet normal -0.729868 -0.683588 0
    outer loop
      vertex 2.96985 2.96985 0.799999
      vertex 3.15773 2.76925 0
      vertex 3.15773 2.76925 0.799999
    endloop
  endfacet
  facet normal 0.58247 -0.812852 0
    outer loop
      vertex -2.5568 3.33208 0
      vertex -2.33339 3.49217 0.799999
      vertex -2.5568 3.33208 0.799999
    endloop
  endfacet
  facet normal 0.58247 -0.812852 0
    outer loop
      vertex -2.33339 3.49217 0.799999
      vertex -2.5568 3.33208 0
      vertex -2.33339 3.49217 0
    endloop
  endfacet
  facet normal -0.881937 -0.471368 0
    outer loop
      vertex 3.76686 1.85761 0
      vertex 3.63731 2.1 0.799999
      vertex 3.63731 2.1 0
    endloop
  endfacet
  facet normal -0.881937 -0.471368 0
    outer loop
      vertex 3.63731 2.1 0.799999
      vertex 3.76686 1.85761 0
      vertex 3.76686 1.85761 0.799999
    endloop
  endfacet
  facet normal -0.471368 -0.881937 0
    outer loop
      vertex 1.85761 3.76686 0
      vertex 2.1 3.63731 0.799999
      vertex 1.85761 3.76686 0.799999
    endloop
  endfacet
  facet normal -0.471368 -0.881937 -0
    outer loop
      vertex 2.1 3.63731 0.799999
      vertex 1.85761 3.76686 0
      vertex 2.1 3.63731 0
    endloop
  endfacet
  facet normal -0.935895 0.35228 0
    outer loop
      vertex 3.88029 -1.60727 0
      vertex 3.97711 -1.35005 0.799999
      vertex 3.97711 -1.35005 0
    endloop
  endfacet
  facet normal -0.935895 0.35228 0
    outer loop
      vertex 3.97711 -1.35005 0.799999
      vertex 3.88029 -1.60727 0
      vertex 3.88029 -1.60727 0.799999
    endloop
  endfacet
  facet normal -0.849188 -0.528091 0
    outer loop
      vertex 3.63731 2.1 0
      vertex 3.49217 2.33339 0.799999
      vertex 3.49217 2.33339 0
    endloop
  endfacet
  facet normal -0.849188 -0.528091 0
    outer loop
      vertex 3.49217 2.33339 0.799999
      vertex 3.63731 2.1 0
      vertex 3.63731 2.1 0.799999
    endloop
  endfacet
  facet normal -0.881937 0.471368 0
    outer loop
      vertex 3.63731 -2.1 0
      vertex 3.76686 -1.85761 0.799999
      vertex 3.76686 -1.85761 0
    endloop
  endfacet
  facet normal -0.881937 0.471368 0
    outer loop
      vertex 3.76686 -1.85761 0.799999
      vertex 3.63731 -2.1 0
      vertex 3.63731 -2.1 0.799999
    endloop
  endfacet
  facet normal 0.290274 0.956944 -0
    outer loop
      vertex -1.08704 -4.05689 0
      vertex -1.35005 -3.97711 0.799999
      vertex -1.08704 -4.05689 0.799999
    endloop
  endfacet
  facet normal 0.290274 0.956944 0
    outer loop
      vertex -1.35005 -3.97711 0.799999
      vertex -1.08704 -4.05689 0
      vertex -1.35005 -3.97711 0
    endloop
  endfacet
  facet normal -0.290274 -0.956944 0
    outer loop
      vertex 1.08704 4.05689 0
      vertex 1.35005 3.97711 0.799999
      vertex 1.08704 4.05689 0.799999
    endloop
  endfacet
  facet normal -0.290274 -0.956944 -0
    outer loop
      vertex 1.35005 3.97711 0.799999
      vertex 1.08704 4.05689 0
      vertex 1.35005 3.97711 0
    endloop
  endfacet
  facet normal 0.910861 0.412714 0
    outer loop
      vertex -3.76686 -1.85761 0.799999
      vertex -3.88029 -1.60727 0
      vertex -3.88029 -1.60727 0.799999
    endloop
  endfacet
  facet normal 0.910861 0.412714 0
    outer loop
      vertex -3.88029 -1.60727 0
      vertex -3.76686 -1.85761 0.799999
      vertex -3.76686 -1.85761 0
    endloop
  endfacet
  facet normal 0.881937 -0.471368 0
    outer loop
      vertex -3.76686 1.85761 0.799999
      vertex -3.63731 2.1 0
      vertex -3.63731 2.1 0.799999
    endloop
  endfacet
  facet normal 0.881937 -0.471368 0
    outer loop
      vertex -3.63731 2.1 0
      vertex -3.76686 1.85761 0.799999
      vertex -3.76686 1.85761 0
    endloop
  endfacet
  facet normal 0.0980208 0.995184 -0
    outer loop
      vertex -0.274693 -4.19101 0
      vertex -0.548209 -4.16407 0.799999
      vertex -0.274693 -4.19101 0.799999
    endloop
  endfacet
  facet normal 0.0980208 0.995184 0
    outer loop
      vertex -0.548209 -4.16407 0.799999
      vertex -0.274693 -4.19101 0
      vertex -0.548209 -4.16407 0
    endloop
  endfacet
  facet normal 0.729868 0.683588 0
    outer loop
      vertex -2.96985 -2.96985 0.799999
      vertex -3.15773 -2.76925 0
      vertex -3.15773 -2.76925 0.799999
    endloop
  endfacet
  facet normal 0.729868 0.683588 0
    outer loop
      vertex -3.15773 -2.76925 0
      vertex -2.96985 -2.96985 0.799999
      vertex -2.96985 -2.96985 0
    endloop
  endfacet
  facet normal 0.35228 -0.935895 0
    outer loop
      vertex -1.60727 3.88029 0
      vertex -1.35005 3.97711 0.799999
      vertex -1.60727 3.88029 0.799999
    endloop
  endfacet
  facet normal 0.35228 -0.935895 0
    outer loop
      vertex -1.35005 3.97711 0.799999
      vertex -1.60727 3.88029 0
      vertex -1.35005 3.97711 0
    endloop
  endfacet
  facet normal -0.634386 0.773016 0
    outer loop
      vertex 2.76925 -3.15773 0
      vertex 2.5568 -3.33208 0.799999
      vertex 2.76925 -3.15773 0.799999
    endloop
  endfacet
  facet normal -0.634386 0.773016 0
    outer loop
      vertex 2.5568 -3.33208 0.799999
      vertex 2.76925 -3.15773 0
      vertex 2.5568 -3.33208 0
    endloop
  endfacet
  facet normal 0.58247 0.812852 -0
    outer loop
      vertex -2.33339 -3.49217 0
      vertex -2.5568 -3.33208 0.799999
      vertex -2.33339 -3.49217 0.799999
    endloop
  endfacet
  facet normal 0.58247 0.812852 0
    outer loop
      vertex -2.5568 -3.33208 0.799999
      vertex -2.33339 -3.49217 0
      vertex -2.5568 -3.33208 0
    endloop
  endfacet
  facet normal 0.999465 -0.0327099 0
    outer loop
      vertex -4.2 0 0.799999
      vertex -4.19101 0.274693 0
      vertex -4.19101 0.274693 0.799999
    endloop
  endfacet
  facet normal 0.999465 -0.0327099 0
    outer loop
      vertex -4.19101 0.274693 0
      vertex -4.2 0 0.799999
      vertex -4.2 0 0
    endloop
  endfacet
  facet normal 0.0980208 -0.995184 0
    outer loop
      vertex -0.548209 4.16407 0
      vertex -0.274693 4.19101 0.799999
      vertex -0.548209 4.16407 0.799999
    endloop
  endfacet
  facet normal 0.0980208 -0.995184 0
    outer loop
      vertex -0.274693 4.19101 0.799999
      vertex -0.548209 4.16407 0
      vertex -0.274693 4.19101 0
    endloop
  endfacet
  facet normal 0.729868 -0.683588 0
    outer loop
      vertex -3.15773 2.76925 0.799999
      vertex -2.96985 2.96985 0
      vertex -2.96985 2.96985 0.799999
    endloop
  endfacet
  facet normal 0.729868 -0.683588 0
    outer loop
      vertex -2.96985 2.96985 0
      vertex -3.15773 2.76925 0.799999
      vertex -3.15773 2.76925 0
    endloop
  endfacet
  facet normal -0.995184 0.0980208 0
    outer loop
      vertex 4.16407 -0.548209 0
      vertex 4.19101 -0.274693 0.799999
      vertex 4.19101 -0.274693 0
    endloop
  endfacet
  facet normal -0.995184 0.0980208 0
    outer loop
      vertex 4.19101 -0.274693 0.799999
      vertex 4.16407 -0.548209 0
      vertex 4.16407 -0.548209 0.799999
    endloop
  endfacet
  facet normal -0.0980208 0.995184 0
    outer loop
      vertex 0.548209 -4.16407 0
      vertex 0.274693 -4.19101 0.799999
      vertex 0.548209 -4.16407 0.799999
    endloop
  endfacet
  facet normal -0.0980208 0.995184 0
    outer loop
      vertex 0.274693 -4.19101 0.799999
      vertex 0.548209 -4.16407 0
      vertex 0.274693 -4.19101 0
    endloop
  endfacet
  facet normal 0.973877 -0.227077 0
    outer loop
      vertex -4.1193 0.819379 0.799999
      vertex -4.05689 1.08704 0
      vertex -4.05689 1.08704 0.799999
    endloop
  endfacet
  facet normal 0.973877 -0.227077 0
    outer loop
      vertex -4.05689 1.08704 0
      vertex -4.1193 0.819379 0.799999
      vertex -4.1193 0.819379 0
    endloop
  endfacet
  facet normal -0.973877 0.227077 0
    outer loop
      vertex 4.05689 -1.08704 0
      vertex 4.1193 -0.819379 0.799999
      vertex 4.1193 -0.819379 0
    endloop
  endfacet
  facet normal -0.973877 0.227077 0
    outer loop
      vertex 4.1193 -0.819379 0.799999
      vertex 4.05689 -1.08704 0
      vertex 4.05689 -1.08704 0.799999
    endloop
  endfacet
  facet normal -0.290274 0.956944 0
    outer loop
      vertex 1.35005 -3.97711 0
      vertex 1.08704 -4.05689 0.799999
      vertex 1.35005 -3.97711 0.799999
    endloop
  endfacet
  facet normal -0.290274 0.956944 0
    outer loop
      vertex 1.08704 -4.05689 0.799999
      vertex 1.35005 -3.97711 0
      vertex 1.08704 -4.05689 0
    endloop
  endfacet
  facet normal 0.634386 -0.773016 0
    outer loop
      vertex -2.76925 3.15773 0
      vertex -2.5568 3.33208 0.799999
      vertex -2.76925 3.15773 0.799999
    endloop
  endfacet
  facet normal 0.634386 -0.773016 0
    outer loop
      vertex -2.5568 3.33208 0.799999
      vertex -2.76925 3.15773 0
      vertex -2.5568 3.33208 0
    endloop
  endfacet
  facet normal 0.412714 -0.910861 0
    outer loop
      vertex -1.85761 3.76686 0
      vertex -1.60727 3.88029 0.799999
      vertex -1.85761 3.76686 0.799999
    endloop
  endfacet
  facet normal 0.412714 -0.910861 0
    outer loop
      vertex -1.60727 3.88029 0.799999
      vertex -1.85761 3.76686 0
      vertex -1.60727 3.88029 0
    endloop
  endfacet
  facet normal -0.956944 -0.290274 0
    outer loop
      vertex 4.05689 1.08704 0
      vertex 3.97711 1.35005 0.799999
      vertex 3.97711 1.35005 0
    endloop
  endfacet
  facet normal -0.956944 -0.290274 0
    outer loop
      vertex 3.97711 1.35005 0.799999
      vertex 4.05689 1.08704 0
      vertex 4.05689 1.08704 0.799999
    endloop
  endfacet
  facet normal -0.412714 -0.910861 0
    outer loop
      vertex 1.60727 3.88029 0
      vertex 1.85761 3.76686 0.799999
      vertex 1.60727 3.88029 0.799999
    endloop
  endfacet
  facet normal -0.412714 -0.910861 -0
    outer loop
      vertex 1.85761 3.76686 0.799999
      vertex 1.60727 3.88029 0
      vertex 1.85761 3.76686 0
    endloop
  endfacet
  facet normal -0.986644 0.162894 0
    outer loop
      vertex 4.1193 -0.819379 0
      vertex 4.16407 -0.548209 0.799999
      vertex 4.16407 -0.548209 0
    endloop
  endfacet
  facet normal -0.986644 0.162894 0
    outer loop
      vertex 4.16407 -0.548209 0.799999
      vertex 4.1193 -0.819379 0
      vertex 4.1193 -0.819379 0.799999
    endloop
  endfacet
  facet normal 0.812852 -0.58247 0
    outer loop
      vertex -3.49217 2.33339 0.799999
      vertex -3.33208 2.5568 0
      vertex -3.33208 2.5568 0.799999
    endloop
  endfacet
  facet normal 0.812852 -0.58247 0
    outer loop
      vertex -3.33208 2.5568 0
      vertex -3.49217 2.33339 0.799999
      vertex -3.49217 2.33339 0
    endloop
  endfacet
  facet normal 0.935895 -0.35228 0
    outer loop
      vertex -3.97711 1.35005 0.799999
      vertex -3.88029 1.60727 0
      vertex -3.88029 1.60727 0.799999
    endloop
  endfacet
  facet normal 0.935895 -0.35228 0
    outer loop
      vertex -3.88029 1.60727 0
      vertex -3.97711 1.35005 0.799999
      vertex -3.97711 1.35005 0
    endloop
  endfacet
  facet normal -0.935895 -0.35228 0
    outer loop
      vertex 3.97711 1.35005 0
      vertex 3.88029 1.60727 0.799999
      vertex 3.88029 1.60727 0
    endloop
  endfacet
  facet normal -0.935895 -0.35228 0
    outer loop
      vertex 3.88029 1.60727 0.799999
      vertex 3.97711 1.35005 0
      vertex 3.97711 1.35005 0.799999
    endloop
  endfacet
  facet normal 0.290274 -0.956944 0
    outer loop
      vertex -1.35005 3.97711 0
      vertex -1.08704 4.05689 0.799999
      vertex -1.35005 3.97711 0.799999
    endloop
  endfacet
  facet normal 0.290274 -0.956944 0
    outer loop
      vertex -1.08704 4.05689 0.799999
      vertex -1.35005 3.97711 0
      vertex -1.08704 4.05689 0
    endloop
  endfacet
  facet normal 0.973877 0.227077 0
    outer loop
      vertex -4.05689 -1.08704 0.799999
      vertex -4.1193 -0.819379 0
      vertex -4.1193 -0.819379 0.799999
    endloop
  endfacet
  facet normal 0.973877 0.227077 0
    outer loop
      vertex -4.1193 -0.819379 0
      vertex -4.05689 -1.08704 0.799999
      vertex -4.05689 -1.08704 0
    endloop
  endfacet
  facet normal 0.227077 -0.973877 0
    outer loop
      vertex -1.08704 4.05689 0
      vertex -0.819379 4.1193 0.799999
      vertex -1.08704 4.05689 0.799999
    endloop
  endfacet
  facet normal 0.227077 -0.973877 0
    outer loop
      vertex -0.819379 4.1193 0.799999
      vertex -1.08704 4.05689 0
      vertex -0.819379 4.1193 0
    endloop
  endfacet
  facet normal 0.683588 -0.729868 0
    outer loop
      vertex -2.96985 2.96985 0
      vertex -2.76925 3.15773 0.799999
      vertex -2.96985 2.96985 0.799999
    endloop
  endfacet
  facet normal 0.683588 -0.729868 0
    outer loop
      vertex -2.76925 3.15773 0.799999
      vertex -2.96985 2.96985 0
      vertex -2.76925 3.15773 0
    endloop
  endfacet
  facet normal -0.471368 0.881937 0
    outer loop
      vertex 2.1 -3.63731 0
      vertex 1.85761 -3.76686 0.799999
      vertex 2.1 -3.63731 0.799999
    endloop
  endfacet
  facet normal -0.471368 0.881937 0
    outer loop
      vertex 1.85761 -3.76686 0.799999
      vertex 2.1 -3.63731 0
      vertex 1.85761 -3.76686 0
    endloop
  endfacet
  facet normal 0.956944 -0.290274 0
    outer loop
      vertex -4.05689 1.08704 0.799999
      vertex -3.97711 1.35005 0
      vertex -3.97711 1.35005 0.799999
    endloop
  endfacet
  facet normal 0.956944 -0.290274 0
    outer loop
      vertex -3.97711 1.35005 0
      vertex -4.05689 1.08704 0.799999
      vertex -4.05689 1.08704 0
    endloop
  endfacet
  facet normal -0.0327099 -0.999465 0
    outer loop
      vertex 0 4.2 0
      vertex 0.274693 4.19101 0.799999
      vertex 0 4.2 0.799999
    endloop
  endfacet
  facet normal -0.0327099 -0.999465 -0
    outer loop
      vertex 0.274693 4.19101 0.799999
      vertex 0 4.2 0
      vertex 0.274693 4.19101 0
    endloop
  endfacet
  facet normal 0.0327099 -0.999465 0
    outer loop
      vertex -0.274693 4.19101 0
      vertex 0 4.2 0.799999
      vertex -0.274693 4.19101 0.799999
    endloop
  endfacet
  facet normal 0.0327099 -0.999465 0
    outer loop
      vertex 0 4.2 0.799999
      vertex -0.274693 4.19101 0
      vertex 0 4.2 0
    endloop
  endfacet
  facet normal 0.0327099 0.999465 -0
    outer loop
      vertex 0 -4.2 0
      vertex -0.274693 -4.19101 0.799999
      vertex 0 -4.2 0.799999
    endloop
  endfacet
  facet normal 0.0327099 0.999465 0
    outer loop
      vertex -0.274693 -4.19101 0.799999
      vertex 0 -4.2 0
      vertex -0.274693 -4.19101 0
    endloop
  endfacet
  facet normal 0.849188 -0.528091 0
    outer loop
      vertex -3.63731 2.1 0.799999
      vertex -3.49217 2.33339 0
      vertex -3.49217 2.33339 0.799999
    endloop
  endfacet
  facet normal 0.849188 -0.528091 0
    outer loop
      vertex -3.49217 2.33339 0
      vertex -3.63731 2.1 0.799999
      vertex -3.63731 2.1 0
    endloop
  endfacet
  facet normal -0.773016 -0.634386 0
    outer loop
      vertex 3.33208 2.5568 0
      vertex 3.15773 2.76925 0.799999
      vertex 3.15773 2.76925 0
    endloop
  endfacet
  facet normal -0.773016 -0.634386 0
    outer loop
      vertex 3.15773 2.76925 0.799999
      vertex 3.33208 2.5568 0
      vertex 3.33208 2.5568 0.799999
    endloop
  endfacet
  facet normal 0.35228 0.935895 -0
    outer loop
      vertex -1.35005 -3.97711 0
      vertex -1.60727 -3.88029 0.799999
      vertex -1.35005 -3.97711 0.799999
    endloop
  endfacet
  facet normal 0.35228 0.935895 0
    outer loop
      vertex -1.60727 -3.88029 0.799999
      vertex -1.35005 -3.97711 0
      vertex -1.60727 -3.88029 0
    endloop
  endfacet
  facet normal -0.956944 0.290274 0
    outer loop
      vertex 3.97711 -1.35005 0
      vertex 4.05689 -1.08704 0.799999
      vertex 4.05689 -1.08704 0
    endloop
  endfacet
  facet normal -0.956944 0.290274 0
    outer loop
      vertex 4.05689 -1.08704 0.799999
      vertex 3.97711 -1.35005 0
      vertex 3.97711 -1.35005 0.799999
    endloop
  endfacet
  facet normal -0.729868 0.683588 0
    outer loop
      vertex 2.96985 -2.96985 0
      vertex 3.15773 -2.76925 0.799999
      vertex 3.15773 -2.76925 0
    endloop
  endfacet
  facet normal -0.729868 0.683588 0
    outer loop
      vertex 3.15773 -2.76925 0.799999
      vertex 2.96985 -2.96985 0
      vertex 2.96985 -2.96985 0.799999
    endloop
  endfacet
  facet normal 0.910861 -0.412714 0
    outer loop
      vertex -3.88029 1.60727 0.799999
      vertex -3.76686 1.85761 0
      vertex -3.76686 1.85761 0.799999
    endloop
  endfacet
  facet normal 0.910861 -0.412714 0
    outer loop
      vertex -3.76686 1.85761 0
      vertex -3.88029 1.60727 0.799999
      vertex -3.88029 1.60727 0
    endloop
  endfacet
  facet normal 0.773016 0.634386 0
    outer loop
      vertex -3.15773 -2.76925 0.799999
      vertex -3.33208 -2.5568 0
      vertex -3.33208 -2.5568 0.799999
    endloop
  endfacet
  facet normal 0.773016 0.634386 0
    outer loop
      vertex -3.33208 -2.5568 0
      vertex -3.15773 -2.76925 0.799999
      vertex -3.15773 -2.76925 0
    endloop
  endfacet
  facet normal -0.999465 0.0327099 0
    outer loop
      vertex 4.19101 -0.274693 0
      vertex 4.2 0 0.799999
      vertex 4.2 0 0
    endloop
  endfacet
  facet normal -0.999465 0.0327099 0
    outer loop
      vertex 4.2 0 0.799999
      vertex 4.19101 -0.274693 0
      vertex 4.19101 -0.274693 0.799999
    endloop
  endfacet
  facet normal -0.58247 0.812852 0
    outer loop
      vertex 2.5568 -3.33208 0
      vertex 2.33339 -3.49217 0.799999
      vertex 2.5568 -3.33208 0.799999
    endloop
  endfacet
  facet normal -0.58247 0.812852 0
    outer loop
      vertex 2.33339 -3.49217 0.799999
      vertex 2.5568 -3.33208 0
      vertex 2.33339 -3.49217 0
    endloop
  endfacet
  facet normal 0.956944 0.290274 0
    outer loop
      vertex -3.97711 -1.35005 0.799999
      vertex -4.05689 -1.08704 0
      vertex -4.05689 -1.08704 0.799999
    endloop
  endfacet
  facet normal 0.956944 0.290274 0
    outer loop
      vertex -4.05689 -1.08704 0
      vertex -3.97711 -1.35005 0.799999
      vertex -3.97711 -1.35005 0
    endloop
  endfacet
  facet normal -0.849188 0.528091 0
    outer loop
      vertex 3.49217 -2.33339 0
      vertex 3.63731 -2.1 0.799999
      vertex 3.63731 -2.1 0
    endloop
  endfacet
  facet normal -0.849188 0.528091 0
    outer loop
      vertex 3.63731 -2.1 0.799999
      vertex 3.49217 -2.33339 0
      vertex 3.49217 -2.33339 0.799999
    endloop
  endfacet
  facet normal -0.812852 0.58247 0
    outer loop
      vertex 3.33208 -2.5568 0
      vertex 3.49217 -2.33339 0.799999
      vertex 3.49217 -2.33339 0
    endloop
  endfacet
  facet normal -0.812852 0.58247 0
    outer loop
      vertex 3.49217 -2.33339 0.799999
      vertex 3.33208 -2.5568 0
      vertex 3.33208 -2.5568 0.799999
    endloop
  endfacet
  facet normal -0.683588 0.729868 0
    outer loop
      vertex 2.96985 -2.96985 0
      vertex 2.76925 -3.15773 0.799999
      vertex 2.96985 -2.96985 0.799999
    endloop
  endfacet
  facet normal -0.683588 0.729868 0
    outer loop
      vertex 2.76925 -3.15773 0.799999
      vertex 2.96985 -2.96985 0
      vertex 2.76925 -3.15773 0
    endloop
  endfacet
  facet normal -0.0980208 -0.995184 0
    outer loop
      vertex 0.274693 4.19101 0
      vertex 0.548209 4.16407 0.799999
      vertex 0.274693 4.19101 0.799999
    endloop
  endfacet
  facet normal -0.0980208 -0.995184 -0
    outer loop
      vertex 0.548209 4.16407 0.799999
      vertex 0.274693 4.19101 0
      vertex 0.548209 4.16407 0
    endloop
  endfacet
  facet normal -0.227077 -0.973877 0
    outer loop
      vertex 0.819379 4.1193 0
      vertex 1.08704 4.05689 0.799999
      vertex 0.819379 4.1193 0.799999
    endloop
  endfacet
  facet normal -0.227077 -0.973877 -0
    outer loop
      vertex 1.08704 4.05689 0.799999
      vertex 0.819379 4.1193 0
      vertex 1.08704 4.05689 0
    endloop
  endfacet
  facet normal 0.227077 0.973877 -0
    outer loop
      vertex -0.819379 -4.1193 0
      vertex -1.08704 -4.05689 0.799999
      vertex -0.819379 -4.1193 0.799999
    endloop
  endfacet
  facet normal 0.227077 0.973877 0
    outer loop
      vertex -1.08704 -4.05689 0.799999
      vertex -0.819379 -4.1193 0
      vertex -1.08704 -4.05689 0
    endloop
  endfacet
  facet normal 0.412714 0.910861 -0
    outer loop
      vertex -1.60727 -3.88029 0
      vertex -1.85761 -3.76686 0.799999
      vertex -1.60727 -3.88029 0.799999
    endloop
  endfacet
  facet normal 0.412714 0.910861 0
    outer loop
      vertex -1.85761 -3.76686 0.799999
      vertex -1.60727 -3.88029 0
      vertex -1.85761 -3.76686 0
    endloop
  endfacet
  facet normal 0.471368 -0.881937 0
    outer loop
      vertex -2.1 3.63731 0
      vertex -1.85761 3.76686 0.799999
      vertex -2.1 3.63731 0.799999
    endloop
  endfacet
  facet normal 0.471368 -0.881937 0
    outer loop
      vertex -1.85761 3.76686 0.799999
      vertex -2.1 3.63731 0
      vertex -1.85761 3.76686 0
    endloop
  endfacet
  facet normal 0.634386 0.773016 -0
    outer loop
      vertex -2.5568 -3.33208 0
      vertex -2.76925 -3.15773 0.799999
      vertex -2.5568 -3.33208 0.799999
    endloop
  endfacet
  facet normal 0.634386 0.773016 0
    outer loop
      vertex -2.76925 -3.15773 0.799999
      vertex -2.5568 -3.33208 0
      vertex -2.76925 -3.15773 0
    endloop
  endfacet
  facet normal 0.881937 0.471368 0
    outer loop
      vertex -3.63731 -2.1 0.799999
      vertex -3.76686 -1.85761 0
      vertex -3.76686 -1.85761 0.799999
    endloop
  endfacet
  facet normal 0.881937 0.471368 0
    outer loop
      vertex -3.76686 -1.85761 0
      vertex -3.63731 -2.1 0.799999
      vertex -3.63731 -2.1 0
    endloop
  endfacet
  facet normal 0.471368 0.881937 -0
    outer loop
      vertex -1.85761 -3.76686 0
      vertex -2.1 -3.63731 0.799999
      vertex -1.85761 -3.76686 0.799999
    endloop
  endfacet
  facet normal 0.471368 0.881937 0
    outer loop
      vertex -2.1 -3.63731 0.799999
      vertex -1.85761 -3.76686 0
      vertex -2.1 -3.63731 0
    endloop
  endfacet
endsolid OpenSCAD_Model
